date,102900005115168,102900005115199,102900005115250,102900005115748,102900005115762,102900005115779,102900005115786,102900005115793,102900005115823,102900005115854,102900005115878,102900005115885,102900005115908,102900005115946,102900005115960,102900005115984,102900005116219,102900005116226,102900005116233,102900005116257,102900005116509,102900005116530,102900005116547,102900005116714,102900005116790,102900005116837,102900005116899,102900005116912,102900005116943,102900005117209,102900005118817,102900005118824,102900005118831,102900005119944,102900005119968,102900005119975,102900005122654,102900005123880,102900005125808,102900005125815,102900011000328,102900011000571,102900011001219,102900011001691,102900011001806,102900011001813,102900011006948,102900011007044,102900011007969,102900011008164,102900011008522,102900011009246,102900011009277,102900011009970,102900011010891,102900011012994,102900011013274,102900011016701,102900011021842,102900011022764,102900051000463,102900051000944,102900051004294,102900051010455
2020-07-01,0,0,0,0,6.841,41.966,11.352,4.288,11.476,0,0,0,8.959,3.039,14.748,32.579,0,2.844,2.512,17.661,17.713,7.693,13.863,34.99,4.837,0,0,1.138,2.129,1.909,5.472,4.119,10,0.783,0,22.402,0,0.927,4.383,11.888,0,0,1.953,0,0,0,2.623,0,0,0,18.271,0,0,12.086,0,0,0,0,0,0,0,0.731,5.51,6.549
2020-07-02,0,0,0,0,8.112,44.873,11.556,4.55,6.806,0,0,0,14.275,3.124,11.228,27.056,0,1.667,3.297,14.432,17.767,17.345,17.208,30.109,10.625,0,0,1.539,1.679,1.825,0,4.342,13,2.254,0,22.549,0,1.679,4.148,10.164,5.844,0,1.394,0,0,0,0.857,0,0,0,13.548,0,0,13.834,0,0,0,0,0,0,0,0.258,4.721,4.811
2020-07-03,0,0,0,0,7.694,36.309,11.125,3.099,13.12,0,0,0,8.173,2.306,10.446,36.709,0,2.331,4.738,17.553,18.343,15.29,14.633,26.46,6.943,0,0,1.259,1.904,1.581,0,9.572,13,1.816,0,13.734,0,1.369,3.935,9.444,9.099,0,2.239,0,0,0,2.09,0,0,0,13.562,0,0,15.616,0,0,0,0,0,0,0,0,4.706,9.991
2020-07-04,0,0,0,0,0,51.205,20.571,7.091,28.186,0,0,0,13.034,4.099,9.638,43.33,0,3.948,4.948,33.045,24.022,14.532,16.702,42.815,5.251,0,0,1.596,1.703,0.693,0,3.107,15,1.378,0,0,0,0.618,3.421,13.054,10.682,0,0.945,0,0,0,0,0,0,0,15.843,0,0,12.847,0,0,0,0,0,0,0,2.332,8.509,18.431
2020-07-05,0,0,0,0,6.021,34.249,30.937,0,12.038,0,0,0,10.791,3.568,9.698,12.594,0,3.535,7.412,26.966,24.423,18.406,18.991,42.365,0,0,0,1.772,2.56,1.395,0,4.019,13,0,0,55.159,0,0.626,3.699,14.044,15.638,0,1.282,0,0,20,0,0,0,0,17.408,0,0,13.109,0,0,0,0,0,0,0,0,8.475,14.811
2020-07-06,0,0,0,0,5.854,36.532,14.131,6.496,13.458,0,0,0,10.162,3.539,14.098,11.053,0,3.896,4.308,8.96,16.434,13.35,11.911,24.434,0,0,0,1.103,2.014,1.273,0,3.089,10,1.202,0,15.903,0,1.127,3.064,9.012,10.36,0,1.234,0,0,4,5.682,0,0,0,40.201,0,0,18.287,0,0,0,0,0,0,0,0,5.11,8.631
2020-07-07,0,0,0,0,8.062,30.058,11.756,6.929,9.861,0,0,0,11.478,5.059,14.828,28.214,0,3.784,4.158,14.6,17.512,14.533,16.797,23.05,0,0.424,0,1.137,2.353,1.323,0,3.117,13,2.216,0,14.121,0,1.787,2.738,13.453,11.96,0,1.374,0,0,4,3.416,0,0,0,8.107,0,0,22.699,0,0,0,0,0,0,0,0,4.226,8.897
2020-07-08,0,0,0,0,9.079,21.339,7.927,5.33,12.569,0,0,0,8.835,4.429,6.81,9.732,0,5.554,4.67,18.588,21.082,14.827,14.446,24.641,6.102,0,8.239,0.908,2.697,1.08,0,2.366,12,1.639,0,18.985,0,0.985,3.165,12.148,20.043,0,1.859,0,0,0,1.146,0,0,0,15.712,0,0,20.792,0,0,0,0,0,0,0,0,3.772,13.7
2020-07-09,0,0,0,0,9.78,33.109,17.546,3.761,10.182,0,0,0,8.685,4.013,23.142,14.213,0,3.058,3.924,9.949,8.217,10.544,14.091,25.205,11.617,0,0,1.36,1.888,0.379,0,2.106,9,1.543,0,19.198,0,1.252,1.875,10.299,9.917,0,0.156,0,0,0,1.123,0,0,0,13.772,0,0,15.926,0,0,0,0,0,0,0,0,4.951,8.298
2020-07-10,0,0,0,0,7.069,13.582,19.284,7.828,12.777,0,0,0,11.507,2.378,16.759,28.278,0,2.933,2.605,15.789,15.025,10.17,12.457,27.932,2.783,0,6.45,1.465,1.841,1.052,0,2.575,14,1.858,0,17.277,0,0,3.835,11.479,21.339,0,0,0,0,0,0.835,0,0,0,13.334,0,0,34.412,0,0,0,0,0,0,0,0,3.877,11.604
2020-07-11,0,0,0,0,8.534,20.063,23.588,7.743,22.47,0,0,0,12.673,2.98,7.665,48.585,0,0,5.561,34.025,34.252,19.213,15.078,36.721,0,0,7.464,1.803,3.436,1.602,0,1.464,16,2.192,0,14.35,0,3.081,4.151,13.952,36.705,0,1.613,0,0,0,6.603,0,0,0,38.851,0,0,39.843,0,0,0,0,0,0,0,0,6.508,31.025
2020-07-12,0,0,0,0,8.131,30.038,33.063,6.829,13.802,0,0,0,19.449,5.174,17.036,66.768,0,3.524,6.251,41.141,23.87,15.752,13.172,40.69,0,0,9.317,1.78,2.571,1.771,0,1.904,15,2.108,0,13.096,0,1.185,5.121,19.148,6.255,0,1.275,0,0,0,2.376,0,0,0,30.467,0,0,30.925,0,0,0,0,0,0,0,2.773,6.22,32.834
2020-07-13,0,0,0,0,0,32.985,12.389,3.605,12.507,0,0,0,6.279,3.153,18.292,25.289,0,3.447,4.677,19.638,16.132,13.317,12.811,15.624,0,0,8.507,1.309,1.945,0.879,0,3.098,8,2.035,0,15.786,0,1.654,3.457,12.641,11.827,0,0.718,0,0,0,0,0,0,0,34.037,0,0,16.404,0,0,0,0,0,0,0,0,4.516,11.192
2020-07-14,0,0,0,0,0,25.063,11.935,4.631,10.514,0,0,0,9.826,4.07,13.62,32.024,0,2.608,2.663,13.059,15.705,12.269,13.652,27.221,0,0,7.684,1.144,1.52,0.406,0,1.323,15,1.141,0,36.337,0,2.095,2.997,10.63,21.389,0,1.385,0,0,0,0,0,0,0,16.505,0,0,30.354,0,0,0,0,0,0,0,0,3.549,6.773
2020-07-15,0,0,0,0,0,23.584,14.196,0,15.176,0,0,0,10.688,5.904,31.647,44.27,0,4.662,4.702,13.849,14.629,7.755,12.858,18.8,0,0,8.422,1.481,2.131,0.45,0,1.816,12,1.875,0,15.602,0,0.451,1.188,14.227,19.574,0,0.692,0,0,0,0,0,0,0,22.96,0,0,19.162,0,0,0,0,0,0,0,0,3.764,19.145
2020-07-16,0,0,0,0,0,25.015,18.904,6.637,13.959,0,0,0,11.277,7.31,22.319,44.285,0,2.467,4.206,7.693,10.003,15.428,15.697,23.379,0,0,8.467,0.987,1.224,0.661,0,2.887,14,1.897,0,15.77,0,0.672,2.589,10.676,19.027,0,1.934,0,4,0,0,0,0,0,15.691,0,0,16.071,0,0,0,0,0,0,0,0,5.059,17.476
2020-07-17,0,0,0,0,6.807,27.073,13.243,4.071,8.591,0,0,0,10.726,5.16,26.681,35.251,0,2.996,3.873,15.891,7.97,15.599,15.545,25.149,0,0,7.809,1.253,1.575,1.798,0,2.918,17,2.108,0,16.789,0,0.732,2.32,11.403,11.549,0,3.901,0,2,0,0,0,0,0,14.777,0,0,19.049,0,0,0,0,0,0,0,0,4.361,8.62
2020-07-18,0,0,0,0,7.208,40.398,8.314,10.548,22.741,0,0,0,20.326,7.522,15.537,51.307,0,2.706,6.696,18.058,23.755,22.662,19.481,35.15,0,0,8.575,1.58,2.202,2.237,0,1.843,15,1.953,0,43.243,0,4.04,3.644,14.208,26.28,0,2.848,0,6,0,0,0,0,0,15.412,0,0,25.938,0,0,0,0,0,0,0,0,8.258,17.709
2020-07-19,0,0,0,0,0,37.822,21.41,6.96,30.754,0,0,0,15.143,2.751,20.05,76.615,0,3.425,6.675,35.706,20.22,33.406,19.546,44.79,0,0,8.667,1.824,3.511,1.364,0,2.457,14,2.315,0,13.55,0,3.007,3.107,17.231,33.845,0,0.223,0,3,0,0,0,0,0,55.233,0,0,31.561,0,0,0,0,0,0,0,0,5.067,26.876
2020-07-20,0,0,0,0,0,30.473,13.142,5.751,13.892,0,0,0,10.991,3.512,21.031,12.579,0,4.111,2.526,14.362,6.505,13.335,14.32,16.811,0,0,7.122,1.481,1.147,1.379,0,2.426,8,1.653,0,46.066,0,0,2.612,11.828,21.283,0,0.924,0,5,0,0,0,0,0,29.727,0,0,30.62,0,0,0,0,0,0,0,0,3.532,9.833
2020-07-21,0,0,0,0,7.761,35.089,11.029,7.804,14.746,0,0,0,12.295,3.21,22.412,24.918,0,3.471,1.566,11.416,9.284,11.977,13.607,22.063,0,0,7.829,1.467,0.971,0.91,0,2.306,14,1.574,0,20.183,0,1.323,2.012,11.28,12.988,0,0.512,0,4,0,0,0,0,0,21.857,0,0,26.942,0,0,0,0,0,0,0,2.609,4.241,19.686
2020-07-22,0,0,0,0,3.895,30.681,21.383,7.93,14.116,0,0,0,9.399,5.232,24.174,15.854,0,3.016,2.829,17.583,16.543,15.095,18.855,27.233,0,0,7.395,1.474,1.339,0.46,0,2.521,15,1.774,0,38.136,0,0,3.675,18.596,34.669,0,2.593,0,4,0,0,0,0,0,20.365,0,0,26.442,0,0,0,0,0,0,0,1.134,3.222,26.618
2020-07-23,0,0,0,0,4.5,20.035,13.645,6.841,12.32,0,0,0,10.388,5.275,14.448,17.281,0,2.977,3.605,19.791,12.706,10.538,18.106,17.907,0,0,8.103,3.063,2.644,1.965,0,2.314,10,1.564,0,45.051,0,0.421,3.716,14.488,10.339,0,0.267,0,4,0,0,0,0,0,18.271,0,0,21.518,0,0,0,0,0,0,0,0,5.01,22.386
2020-07-24,0,0,0,0,0,21.268,17.563,5.39,13.722,0,0,0,10.802,1.82,0,20.215,0,2.796,2.983,20.743,3.656,12.286,10.405,18.533,0,0,8.286,1.817,1.228,0.495,0,2.228,11,2.175,0,29.818,0,0.491,3.316,12.518,7.431,0,0,0,5,0,0,0,0,0,28.481,0,0,19.751,0,0,0,0,0,0,0,1.226,3.848,16.246
2020-07-25,0,0,0,0,5.676,50.545,16.003,8.235,14.813,0,0,0,17.775,2.565,14.079,31.348,0,1.769,2.87,12.684,14.914,19.229,18.421,28.771,0,0,8.529,2.081,1.091,1.202,0,1.895,18,2.103,0,15.949,0,0.281,4.233,15.179,12.295,0,2.57,0,5,0,0,0,0,0,17.193,0,0,28.65,0,0,0,0,0,0,0,0,3.456,14.956
2020-07-26,0,0,0,0,7.278,54.457,8.375,8.055,21.854,0,0,0,21.692,2.207,12.538,23.951,0,3.815,2.748,24.757,26.711,23.106,18.969,35.36,0,0,7.672,1.581,2.121,0,0,2.746,23,2.242,0,20.887,0,1.586,2.802,15.397,13.76,0,2.714,0,5,0,0,0,0,0,15.103,0,0,28.759,0,0,0,0,0,0,0,2.57,5.779,31.428
2020-07-27,0,0,0,0,5.2,26.238,13.433,3.498,18.377,0,0,0,11.242,0,14.195,34.201,0,3.168,2.275,9.768,11.087,15.158,16.224,21.696,0,0,13.548,1.804,1.778,0.813,0,1.819,10,2.074,0,13.227,0,1.002,3.811,11.517,13.287,0,0.45,0,1,0,0,0,0,0,38.67,0,0,21.18,0,0,0,0,0,0,0,1.898,3.957,9.728
2020-07-28,0,0,0,0,6.964,18.663,9.855,8.516,10.28,0,0,0,11.58,1.605,14.305,31.664,0,3.707,2.435,17.651,9.582,12.207,14.589,17.191,0,0,11.93,1.451,1.239,0.879,0,2.029,10,1.607,0,11.775,0,0.514,2.047,6.874,8.986,0,0.623,0,5,0,0,0,0,0,6.442,0,0,17.746,0,0,0,0,0,0,0,0,4.376,23.794
2020-07-29,0,0,0,0,0,18.297,15.43,7.555,14.113,0,0,0,20.644,1.676,15.784,21.706,0,1.794,2.072,18.252,8.412,14.093,16.674,25.701,0,0,16.53,1.767,1.758,0.915,0,2.067,9,1.487,0,14.818,0,0.426,2.188,14.294,13.134,0,1.536,0,3,0,0,0,0,0,35.346,0,0,16.519,0,0,0,0,0,0,0,0,2.429,19.36
2020-07-30,0,0,0,0,0,28.595,13.677,7.021,11.695,0,0,0,11.667,0,19.804,14.35,2.263,3.142,0.97,18.286,13.815,11.704,15.161,15.361,0,0,10.008,1.23,1.608,0,0,0.637,11,1.524,0,32.574,0,0.688,1.802,11.155,23.952,0,0.228,0,4,0,0,0,0,0,34.776,0,0,22.837,0,0,0,0,0,0,0,0,2.955,16.584
2020-07-31,0,0,0,0,3.271,19.111,16.986,8.154,12.084,0,0,0,43.609,1.434,28.859,20,0,3.576,2.795,14.177,10.903,10.265,11.524,15.867,0,0,17.846,2.153,1.871,0.232,0,1.216,12,0.846,0,14.017,0,0.539,1.533,11.799,15.704,0,0.234,0,4,0,0,0,0,0,5.902,0,0,21.682,0,0,0,0,0,0,0,0,4.399,11.739
2020-08-01,0,0,0,0,11.704,29.587,15.156,4.619,34.027,0,0,0,37.297,3.146,20.029,15.867,1.533,3.512,3.106,15.69,16.976,16.685,13.6,29.784,0,0,19.736,1.601,1.16,0.601,0,1.696,10,1.129,0,14.399,0,1.695,3.178,12.782,12.079,0,1.747,0,3,0,0,0,0,0,10.603,0,0,24.578,0,0,0,0,0,0,0,0,4.178,14.51
2020-08-02,0,0,0,0,7.237,22.288,14.726,6.247,21.77,0,0,0,46.236,6.037,15.756,24.955,1.464,2.692,2.286,25.3,14.451,10.957,17.546,27.125,4.274,0,54.01,1.165,1.043,0.505,6.237,1.28,11,1.124,0,15.019,0,0.391,2.938,14.169,11.218,0,1.135,0,3,0,3.793,0,0,0,22.007,0,0,22.094,0,0,0,0,0,0,0,0.864,6.363,10.706
2020-08-03,0,0,0,0,8.029,13.315,17.678,4.5,12.754,0,0,0,8.511,1.616,13.576,36.056,1.972,3.233,1.601,16.565,21.005,14.529,13.178,22.77,0.614,0,12.736,1.759,0.941,0.525,5.856,1.917,12,1.475,0,44.662,0,1.304,3.535,9.634,8.646,0,1.185,0,2,0,3.244,0,0,0,9.351,0,0,21.656,0,0,0,0,0,0,0,0.902,2.381,16.081
2020-08-04,0,0,0,0,5.99,17.016,16.946,1.427,13.107,0,0,0,11.114,0.873,28.185,9.555,0,2.217,0,11.428,8.046,12.721,14.069,21.353,2.356,0,23.401,0.893,0.987,0.234,0,1.524,9,1.261,0,32.173,0,0,2.44,11.357,6.23,0,1.527,0,1,0,1.642,0,0,0,13.811,0,0,23.181,0,0,0,0,0,0,0,1.283,5.267,8.898
2020-08-05,0,0,0,0,9.663,20.015,25.766,7.616,8.62,0,0,0,38.751,3.743,26.624,11.962,2.203,0,1.999,17.772,13.563,18.094,15.041,16.227,4.849,0,18.915,1.344,1.209,0,1.263,1.552,9,2.104,0,28.113,0,0,3.178,13.257,18.929,0,0,0,0,0,1.414,0,0,0,15.59,0,0,27.404,0,0,0,0,0,0,0,0.985,4.141,13.72
2020-08-06,0,0,0,0,7.152,20.564,12.577,3.428,13.476,0,0,0,30.934,0.441,34.693,34.155,1.242,3.383,2.691,20.692,0,13.599,13.491,11.31,1.541,0,18.206,1.453,0.622,0.528,0,0.418,13,1.212,0,19.672,0,0.434,2.754,11.856,11.781,0,0.119,0,1,0,2.302,0,0,0,10.138,0,0,29.517,0,0,0,0,0,0,0,0.491,4.617,14.012
2020-08-07,0,0,0,0,4.928,20.897,7.352,4.274,14.446,0,0,0,12.474,0,26.791,10.67,0,2.456,2.698,34.299,5.518,17.867,7.366,19.416,2.908,0,21.13,0,2.012,0.629,6.356,2.103,7,1.635,0,30.177,0,0.241,1.855,12.902,9.788,0,1.765,0,3,7,3.565,0,0.662,0,13.547,0.407,0,20.856,0,5,4,0,0,0,0,1.52,4.115,26.299
2020-08-08,0,0,0,0,8.902,34.302,12.393,6.603,42.264,0,0,0,21.556,0,20.506,35.347,0,0,2.335,40.254,12.96,15.141,16.216,25.77,7.718,0,22.267,1.438,2.249,0,1.469,1.586,9,1.968,0,31.605,0,0.632,3.054,14.157,13.76,0,1.083,0,1,18,2.964,0,1.963,0,19.787,2.224,0,32.386,0,5,7,0,0,0,0,1.645,3.165,46.43
2020-08-09,0,0,0,0,10.24,20.969,10.904,7.63,35.806,0,0,0,16.772,0,18.101,12.808,0.111,3.728,2.821,25.63,9.197,30.26,11.976,36.037,19.086,0,22.408,1.367,2.227,0,4.833,2.312,14,3.498,0,14.111,0,1.366,3.274,10.972,18.588,0,0.707,0,1,1,3.338,0,0,0,19.023,0,0,18.839,0,5,0,0,0,0,0,1.18,4.286,32.815
2020-08-10,0,0,0,0,13.423,24.445,9.816,8.138,12.456,0,0,0,22.181,0,7.263,30.025,0,3.371,0,24.399,8.546,11.581,12.167,28.181,6.267,0,23.61,1.624,1.941,0.65,0,1.62,11,2.048,0,12.609,0,1.028,3.36,8.674,11.481,0,0.519,4.837,0,0,2.344,0,0,0,15.337,0,0,22.519,0,0,0,0,0,0,0,0.616,4.134,25.261
2020-08-11,0,0,0,0,9.7,18.624,10.483,5.811,38.566,0,0,0,17.788,3.076,13.072,11.094,2.636,2.369,0,19.899,5.76,11.182,14.982,27.357,0,0,16.016,0.765,1.299,0.334,0,1.043,13,2.118,0,12.668,0,0.514,2.418,10.97,11.882,0,2.234,1.735,0,0,1.727,0,0,0,16.955,0,0,28.922,0,0,0,0,0,0,0,1.664,5.165,35.505
2020-08-12,0,0,0,0,0,27.011,11.962,6.71,31.04,0,0,0,15.439,0,21.456,26.84,3.01,2.795,0,13.66,10.585,10.717,6.396,26.143,0.915,0,22.016,1.251,1.754,1.681,0,0.718,9,2.253,0,13.694,0,1.09,2.442,11.578,16.493,0,1.232,3.583,0,0,1.211,0,0,0,15.676,0,0,23.922,0,0,0,0,0,0,0,1.038,6.18,16.945
2020-08-13,0,0,0,0,8.675,17.69,22.219,5.559,14.345,0,0,0,25.285,2.257,8.939,23.087,0,2.005,1.747,13.735,9.378,10.53,11.838,23.005,5.752,0,16.416,1.452,1.126,0.261,0,1.135,9,1.947,0,11.77,0,0,2.941,9.883,14.251,0,1.547,0,0,0,0,0,0,0,10.124,0,0,24.463,0,0,0,0,0,0,0,1.773,4.16,14.674
2020-08-14,0,0,0,0,5.121,29.789,10.384,8.341,13.882,0,0,0,17.145,2.893,20.98,22.522,0,3.233,4.412,23.571,6.145,10.48,13.069,25.977,5.213,0,20.886,1.41,1.481,0.473,0,0.702,11,2.003,0,38.198,0,0.313,2.392,11.595,16.879,0,1.44,0,2,8,3.971,0,0,0,14.36,1.238,0,32.605,0,0,0,0,0,0,0,0.403,4.851,13.959
2020-08-15,0,0,0,0,10.02,42.174,9.13,8.964,11.651,0,0,0,16.804,0,17.962,34.728,0,4.061,3.352,24.802,8.932,14.662,14.029,9.16,5.828,0,22.39,2.339,2.154,0.801,0,1.403,11,1.567,0,12.293,0,1.717,4.173,10.046,11.655,0,0.832,0,2,5,4.105,0,0,0,18.409,0.372,0,70.22,0,0,0,0,0,0,0,1.849,5.353,42.068
2020-08-16,0,0,0,0,6.106,14.431,9.329,7.933,24.443,0,0,0,12.458,0,16.357,50.786,0,3.861,3.227,14.376,11.122,16.106,13.418,32.071,9.85,0,22.007,0.98,1.728,0.551,0,1.51,13,2.203,0,14.193,0,0,3.742,12.184,17.973,0,0.169,0,2,0,0,0,0,0,17.045,1.202,0,28.16,0,0,0,0,0,0,0,0.937,7.144,45.549
2020-08-17,0,0,0,0,9.419,47.839,9.75,7.582,11.204,0,0,0,11.655,0,17.592,13.454,0,3.572,3.938,20.339,6.391,8.489,12.346,24.231,3.634,0,13.327,1.273,1.219,0.275,0,1.516,5,3.817,0,51.062,0,0,3.803,10.784,13.371,0,0.816,0,2,0,0,0,0,0,14.99,0.709,0,27.518,0,0,0,0,0,0,0,1.073,5.382,12.452
2020-08-18,0,0,0,0,5.442,34.041,11.228,6.981,13.849,0,0,0,23.136,0,13.069,29.157,0,4.233,4.709,15.303,9.314,10.522,12.435,26.065,4.335,0,20.255,1.839,1.525,0.1,0,0.901,15,0,0,15.756,0,0.451,4.654,11.247,17.148,0,0.601,0,2,0,0,0,0,0,9.65,0.673,0,29.855,0,0,0,0,0,0,0,0.597,4.939,43.469
2020-08-19,0,0,0,0,8.291,37.437,11.394,4.514,12.727,0,0,0,11.293,0,18.442,20.554,0,4.817,2.756,13.664,7.141,13.837,12.596,39.409,2.908,0,15.9,1.558,1.31,1.23,0,0.852,10,1.301,0,12.616,0,0.376,3.061,11.94,13.295,0,0,0,2,0,0,0,0,0,19.024,0.894,0,24.652,0,0,2,0,0,0,0,1.198,4.925,44.973
2020-08-20,0,0,0,0,8.514,29.877,10.778,5.028,14.262,0,0,0,36.769,0,20.126,23.769,0,3.98,5.841,20.103,9.887,13.159,9.561,36.802,8.27,0,20.891,0.616,0.902,1.037,0,1.269,11,2.041,0,13.896,0,1.442,3.083,11.896,6.872,0,0.793,0,2,8,0,0,0,0,14.348,1.138,0,32.785,0,0,2,0,0,0,0,0.806,5.227,36.895
2020-08-21,0,0,0,0,8.336,15.854,9.422,7.6,33.883,0,0,0,16.873,0,19.949,34.656,0,4.275,3.577,10.844,11.592,12.851,12.738,26.791,5.503,0,22.791,1.572,1.018,0.258,0,1.227,10,1.974,0,12.239,0,1.591,4.25,11.865,14.639,0,1.173,0,3,0,0,0,0,0,17.844,0,0,23.271,0,0,2,0,0,0,0,0.58,6.667,14.917
2020-08-22,0,0,0,0,8.212,31.245,9.574,5.815,31.614,0,0,0,18.033,8.699,18.644,40.661,0,5.118,6.121,14.206,4.873,11.61,13.14,29.167,9.926,0,21.992,0.926,2.02,0.572,0,0,15,3.428,0,14.353,0,0,5.595,11.789,15.62,0,0.21,0,3,0,0,0,0,0,15.94,2.002,0,26.719,0,0,2,0,0,0,0,1.78,5.113,45.365
2020-08-23,0,0,0,0,6.385,31.328,17.869,8.081,40.567,0,0,0,11.961,0,18.872,28.008,0,4.917,6.052,20.956,7.824,14.952,12.98,40.565,13.319,0,25.755,1.627,1.746,0,0,1.127,9,1.741,0,12.208,0,1.215,4.663,10.926,15.187,0,1.142,0,3,0,0,0,0,0,19.979,0,0,30.991,0,0,2,0,0,0,0,1.175,4.949,43.975
2020-08-24,0,0,0,0,4.958,28.15,8.193,7.469,31.723,0,0,0,8.873,8.455,10.522,18.497,0,3.713,7.707,12.245,6.333,9.491,8.498,20.983,7.996,0,18.214,1.264,1.042,0.887,0,1.202,9,1.77,0,14.677,0,0.451,3.052,9.553,13.031,0,0.972,0,3,0,0,0,0,9.772,17.831,0,0,20.801,0,0,2,0,0,0,0,0.889,6.256,74.578
2020-08-25,0,0,0,0,8.962,27.859,18.358,6.823,17.641,0,0,0,8.986,0,13.515,7.228,0,4.099,8.023,11.879,5.015,12.489,14.581,24.418,5.777,0,16.698,1.319,1.551,0.515,0,1.904,11,2.092,0,12.466,0,0,3.724,11.007,10.201,0,0.982,0,3,0,0,0,0,0,10.729,0,0,23.343,0,0,2,0,0,0,0,1.46,7.533,187.729
2020-08-26,0,0,0,0,7.676,35.816,8.828,5.268,16.816,0,0,0,8.612,0,23.375,21.384,0,4.786,5.814,14.982,6.807,12.263,9.941,58.757,4.663,0,16.631,1.896,0.931,0.415,0,1.093,12,1.257,0,49.081,0,1.779,2.451,12.03,9.929,0,0.752,0,0,0,0,0,0,0,13.546,1.424,0,23.787,0,0,1,0,0,0,0,1.226,4.448,26.025
2020-08-27,0,0,0,0,7.073,33.578,9.935,6.147,25.568,0,0,0,7.082,0,10.323,15.723,0,3.626,4.16,6.84,10.778,9.396,14.031,72.452,6.478,0,14.24,0.976,1.823,0.665,0,1.845,6,1.641,0,11.583,0,1.228,3.342,11.414,11.819,0,0.912,0,6,0,0,0,0,9.783,36.842,0,0,20.054,2.216,0,3,0,0,0,0.426,1.186,5.188,12.892
2020-08-28,0,0,0,0,4.834,31.005,0,6.174,21.288,0,0,0,8.548,0,15.101,20.281,0,1.247,4.087,10.944,9.813,11.118,11.185,16.904,8.134,0,14.733,2.009,1.561,0.229,0,4.225,13,1.748,0,12.69,0,0,3.623,9.441,6.655,0,0.612,0,4,4,0,0,0,0,10.627,1.158,0,23.026,0.451,0,2,0,0,0,3.84,1.588,4.487,42.261
2020-08-29,0,0,0,0,8.93,52.538,6.366,8.217,37.526,0,0,0,11.393,0,18.496,33.73,0,3.597,7.456,15.544,13.471,12.337,14.88,32.329,8.158,0,65.118,2.567,1.572,0.644,0,0,11,1.564,0,12.865,0,0.389,2.061,10.145,12.898,0,1.212,0,3,5,0,0,0,0,13.546,0.938,0,24.474,0,0,1,0,0,0,1.66,0.696,1.14,44.266
2020-08-30,0,0,0,0,7.743,43.843,16.759,7.141,31.011,0,0,0,0,0,14.237,34.727,0,6.492,6.517,8.16,8.122,13.612,14.039,42.367,9.047,0,26.934,1.209,2.33,0.243,0,1.511,14,1.814,0,13.771,0,1.053,4.032,11.598,9.999,0,0.821,0,3,16,0,0,0,0,44.427,0.923,0,38.412,0,0,3,0,0,0,5.359,1.56,5.992,29.681
2020-08-31,0,0,0,0,4.515,52.387,15.772,7.436,20.376,0,0,0,8.198,2.908,16.408,12.899,0,1.663,10.108,7.447,4.223,11.158,12.997,27.289,1.73,0,50.933,1.401,1.228,0,0,1.176,9,3.241,0,7.361,0,0.639,5.965,11.58,11.325,0,0.983,0,1,0,0,0,0,0,20.79,0,0,27.433,0,0,1,0,0,0,4.273,0.84,2.566,45.102
2020-09-01,0,0,0,0,6.254,31.896,16.117,6.37,15.103,0,0,0,11.905,0,5.762,21.151,0,4.328,5.936,10.577,12.557,9.87,13.2,29.952,0,0,45.554,1.77,1.261,1.338,0,1.11,8,1.269,0,12.714,0,1.065,3.948,11.173,4.467,0,2.115,0,1,0,0,0,0,0,17.116,0,0,25.906,0,0,1,0,0,0,3.195,0.994,1.925,39.267
2020-09-02,0,0,0,0,5.843,24.402,10.469,5.371,25.209,0,0,0,9.732,3.544,13.82,9.075,0,2.092,5.848,5.462,5.892,9.589,10.02,21.057,7.064,0,16.304,1.692,1.002,0.544,0,1.427,7,1.891,0,10.427,0,0.89,2.946,7.431,5.167,0,0.361,0,1,9,0,0,0,0,17.995,1.388,0,17.659,0,0,2,0,0,0,2.519,0.21,2.87,29.868
2020-09-03,0,0,0,0,5.328,23.558,9.198,5.152,11.881,0,0,0,13.361,0,18.316,6.56,0,2.707,6.492,4.673,6.63,9.921,9.62,18.804,9.683,0,14.702,1.025,1.028,0,0,1.294,7,1.251,0,29.485,0,0.476,2.823,7.946,5.427,0,0.721,0,0,12,0,0,0,0,25.311,0.4,0,20.089,0,0,2,0,0,0,2.869,0,5.769,28.63
2020-09-04,0,0,0,0,5.809,23.118,6.806,3.112,21.985,0,0,0,7.585,0,18.218,7.372,0,0.751,3.113,6.134,9.061,11.174,12.858,21.798,5.286,0,13.171,1.058,0.576,0.408,0,3.464,9,2.609,0,13.013,0,0.288,3.443,11.002,6.595,0,0.742,0,3,0,0,0,0,6.489,27.785,0.729,0,24.814,0,0,2,0,0,0,5.038,0,5.104,20.738
2020-09-05,0,0,0,0,10.926,27.428,4.966,7.105,35.959,0,0,0,15.366,3.885,13.801,15.87,0,3.532,5.438,11.052,14.311,14.957,12.857,29.959,8.497,0,40.809,1.834,2.09,1.239,0,1.745,16,2.554,3.697,12.764,0,0,3.358,8.689,3.728,0,0,0,3,5,0,0,0,8.352,26.808,1.703,0,27.869,0,0,3,0,0,0,6.428,0,5.667,41.832
2020-09-06,0,0,0,0,7.1,56.537,5.787,7.738,20.795,0,0,0,25.23,1.943,29.983,17.964,0,3.247,6.046,12.774,11.067,15.295,14.713,30.149,4.248,0,46.129,1.669,1.428,0,0,0.834,12,3.656,1.463,14.451,0,0,3.654,12.567,18.454,0,0.329,0,3,15,0,0,0,8.712,29.922,0.572,0,23.053,0,0,2,0,0,0,7.33,0,4.084,33.701
2020-09-07,0,0,0,0,3.058,20.516,4.184,5.228,22.491,0,0,0,9.189,2.018,4.277,9.294,0,2.071,5.467,6.051,6.166,8.362,13.047,15.392,6.804,0,37.507,0.902,0.672,0.156,0,1.419,7,0.683,0.241,10.582,0,0.772,2.67,9.316,5.781,0,0,0,2,0,0,0,0,8.955,10.791,0.494,0,10.865,0,0,1,0,0,0,4.611,0,1.973,23.834
2020-09-08,0,0,0,0,3.145,13.052,0.803,5.318,17.161,0,0,0,6.604,4.312,13.032,8.238,0,2.538,4.155,7.321,7.155,10.857,5.571,19.63,5.477,0,19.127,0.538,0.215,0.737,0,0,4,2.23,0.2,10,0,0,1.511,9.193,4.41,0,0.382,0,0,3,0,0,0,5.562,31.128,0,0,13.609,0,0,0,0,0,0,5.339,0,4.828,19.615
2020-09-09,0,0,0,0,6.442,22.562,6.137,2.955,16.726,0,0,0,3.919,4.51,8.394,6.376,0,3.173,3.464,2.622,4.828,9.715,3.89,18.17,6.554,0,11.303,1.434,0.73,0,0,0.858,2,1.04,0.27,9.122,0,0.526,1.729,6.863,3.477,0,0.482,0,5,0,0,0,0,7.791,14.977,0.508,0,14.56,0,0,0,0,0,0,3.01,0,0,13.027
2020-09-10,0,0,0,0,4.499,11.118,10.846,2.96,16.195,0,0,0,5.693,0,12.65,6.705,0,3.072,4.633,7.347,6.822,9.273,8.572,48.941,5.114,0,13.712,0.256,0.215,0,0,0.78,0,0.835,0.15,4.95,0,1.002,2.021,9.424,4.828,0,1.439,0,2,1,0,0,0,8.356,9.913,0.429,0,8.378,0,0,0,0,0,0,2.49,0,2.82,20.92
2020-09-11,0,0,0,0,5.089,41.772,6.734,4.415,6.491,0,0,0,6.118,0,18.916,6.971,0,3.047,6.692,3.824,14.515,11.877,8.621,9.841,2.135,3.266,12.72,0,0.172,0.808,0,0.644,3,3.087,0.55,10.882,0,0,2.17,6.972,5.55,0,0,0,3,1,0,0,0,8.093,12.795,0.644,0,21.697,0,0,4,0,0,0,3.68,0,3.647,18.546
2020-09-12,0,0,0,0,6.551,22.96,11.185,8.479,16.544,0,0,0,10.352,0,19.36,23.418,0,1.377,9.045,8.448,8.096,15.645,14.265,30.741,9.828,0,16.957,1.514,2.438,0.333,0,0,9,1.637,0.831,9.451,0,0.434,3.306,12.432,9.764,0,0,0,1,13,0,0,0,7.185,22.445,0.68,0,12.596,0,0,3,13.668,0,0,4.398,0,4.735,48.303
2020-09-13,0,0,0,0,6.311,47.847,9.526,0,13.224,0,0,5.324,11.837,0,34.456,12.428,0,0.968,5.282,17.145,7.536,25.428,15.009,28.722,19.126,0,16.165,0,2.189,0.45,0,1.052,5,1.507,0.65,13.459,0,1.444,1.998,11.697,15.404,0,2.204,0,3,2,0,0,1.522,17.789,49.892,0.193,0,12.982,0,0,3,0,0,0,4.056,0,4.047,17.126
2020-09-14,0,0,0,0,6.918,38.641,13.463,6.103,12.922,0,0,0,5.403,0,15.96,5.392,0,1.653,4.019,9.903,2.736,10.757,7.54,49.456,9.886,0,16.217,1.164,0.951,0.197,0,1.144,4,1.88,0,6.429,0,0,1.546,7.591,8.126,0,1.09,0,0,0,0,0,0,8.467,14.587,0.215,0,14.801,0,0,0,0,0,0,3.495,0,1.543,18.429
2020-09-15,0,0,0,0,4.678,21.041,8.609,5.382,22.009,0,0,0,7.053,1.779,11.681,7.205,0,0.843,4.655,3.7,5.145,11.045,9.092,18.473,5.014,3.989,14.348,0.858,1.387,0,0,4.871,1,1.758,0,7.064,0,2.012,1.612,7.629,6.34,0,0,0,4,2,0,0,0,9.649,17.944,0.207,0,11.405,0,0,0,0,0,0,4.398,0,2.563,21.29
2020-09-16,0,0,0,0,2.741,27.334,8.52,3.813,12.96,0,14.123,0,1.323,5,18.298,6.879,0,2.078,5.621,8.918,4.328,9.181,8.722,45.961,9.842,2.787,17.316,0.789,0.936,0.808,0,1.502,12,1.347,0,11.448,0,0.935,1.242,6.387,7.699,0,0.767,0,0,0,0,0,0,8.169,23.021,0.2,0,13.487,0,0,0,0,0,0,1.948,0,3.256,11.222
2020-09-17,0,0,0,0,5.338,17.259,7.487,6.051,22.976,0,6.86,0,6.167,1.823,13.885,6.549,0,1.519,7.336,10.834,3.997,6.109,4.088,18.781,6.122,3.389,17.437,1.239,1.037,0,0,0,1,1.581,0,6.312,0,0.768,1.244,5.853,6.914,0,1.023,0,2,11,0,0,0,9.175,18.308,0,0,13.867,0,0,0,0,0,0,8.093,0,4.117,8.111
2020-09-18,0,0,0.195,0,4.078,10.181,8.107,5.576,28.499,0,7.288,0,7.218,2.392,7.991,6.063,0,0.618,3.213,5.874,4.899,9.556,2.732,15.21,5.514,3.055,10.13,1.202,1.259,0.253,0,1.259,6,1.434,0,5.754,0,0.943,1.353,3.666,7.632,0,0.662,0,3,0,0,0,0,8.268,15.488,0.579,0,12.495,0,0,2,0,0,0,3.032,0,2.205,21.592
2020-09-19,0,0,0,0,4.798,27.521,13.963,6.847,35.746,0,0,0,17.101,1.472,21.763,8.486,0,2.162,12.247,12.93,12.595,11.004,13.286,57.07,9.341,4.015,38.336,1.058,1.425,0,0,1.095,6,1.885,0,15.534,0,0.367,2.632,7.272,8.015,0,0.334,0,0,19,0,0,0,8.417,25.801,0,0,25.69,0,0,0,0,0,0,4.881,0,5.85,33.084
2020-09-20,0,0,0,0,6.469,56.799,10.003,8.995,9.025,0,0,0,52.276,12.61,30.196,34.554,0,2.805,6.85,25.146,7.633,12.811,13.477,21.189,15.807,4.092,38.35,1.613,2.483,1.632,0,1.201,3,1.213,0,6.737,0,1.018,3.464,9.214,19.71,0,0.623,0,3,0,0,0,0,9.65,19.386,0,0,32.308,0,0,2,0,0,0,8.695,0,6.104,41.868
2020-09-21,0,0,0,0,5.235,4.11,25.755,8.181,28.823,0,0,0,35.874,2.108,22.788,16.696,0,1.524,4.112,5.629,8.85,9.967,7.888,18.474,7.44,4.474,16.289,1.447,0.894,0.541,0,0,1,1.62,0,6.434,0,0,2.048,7.133,10.97,0,0.901,0,4,23,0,0,0,8.444,17.57,0,0,20.717,0,0,2,0,0,0,6.389,0,5.193,22.539
2020-09-22,0,0,0,0,0,31.458,11.106,7.239,35.615,0,2.706,0,15.434,10.486,25.452,14.367,0,0.651,5.313,11.018,5.199,15.129,9.803,26.505,17.138,4.208,36.441,1.277,1.431,1.137,0,1.367,4,1.569,0,5.906,0,1.545,1.787,2.741,12.34,0,0.723,0,3,0,0,0,0,7.565,18.746,0.737,0,14.4,0,0,4,0,0,0,9.602,0,3.899,14.801
2020-09-23,0,0,0,0,5.636,28.981,11.183,4.956,22.611,0,4.066,0,12.856,1.806,23.542,7.016,0,1.646,3.228,10.726,3.033,7.709,8.926,18.153,0,7.313,17.283,1.339,1.188,0.516,0,1.346,7,1.741,0,5.228,0,0,1.744,4.446,7.932,0,0.929,0,3,10,0,0,0,8.166,16.729,0.622,0,13.819,0,0,5,0,0,0,8.756,0,4.116,19.486
2020-09-24,0,0,0,0,3.919,41.111,5.503,3.974,5.96,0,5.476,0,9.783,4.668,19.221,7.615,0,0.407,3.549,10.702,1.992,13.37,16.225,22.639,11.592,4.392,51.106,1.53,0.835,0.839,0,0.78,6,1.045,0,6.533,0,0.236,1.713,5.394,7.84,0,0.306,0,6,0,0,0,0,7.011,11.017,0.2,0,16.313,0,0,5,0,0,0,6.206,0,3.726,10.701
2020-09-25,0,0,0,0,2.519,36.687,4.676,2.309,5.725,0,5.92,0,7.19,2.336,31.307,7.028,0,1.646,3.4,10.177,2.636,12.095,10.455,32.512,4.148,3.698,20.343,0.836,2.363,1.066,8.54,2.389,4,1.247,0,3.937,0,0.093,1.738,4.902,7.697,0,0.751,0,3,9,0,0,0,7.011,22.066,0.444,0,9.049,0,3,8,0,0,0,13.716,0,4.636,4.786
2020-09-26,0,0,0,0,3.512,47.512,7.691,6.672,14.41,0,6.664,0,11.137,1.003,39.118,13.552,0,1.22,5.29,12.308,9.34,17.196,16.535,52.138,7.633,4.007,62.839,0.701,1.755,0.374,8.928,2.905,9,3.278,0,6.926,0,0,1.486,6.681,4.734,0,1.307,0,15,11,0,0,0,7.99,18.56,2.01,0,34.505,0,2,8,0,0,0,11.869,0,4.262,13.434
2020-09-27,0,0,1.308,0,0,30.446,8.894,3.566,10.791,0,6.678,0,26.219,0,48.923,6.926,0,1.076,4.176,10.266,6.39,12.636,11.507,15.171,5.651,2.94,27.116,1.174,2.762,0.152,7.329,1.173,4,1.352,0,0,0,0.494,1.612,5.344,4.675,0,0.373,0,6,7,0,0,0,8.367,12.38,0.973,0,20.793,0,2,8,0,0,0,3.876,0,4.085,9.627
2020-09-28,0,0,0.163,0,0,8.958,5.518,2.178,6.837,0,7.647,0,2.157,0,20.702,4.58,0,1.724,3.291,6.979,3.067,11.822,10.571,12.792,6.003,3.316,10.966,1.658,1.18,0.469,11.587,0.895,2,0.595,0,0,0,0.676,0.538,4.25,4.589,0,0.639,0,4,2,0,0,0,8.162,12.356,0.279,0,11.784,0,0,5,0,0,0,8.355,0,2.338,6.078
2020-09-29,0,0,0,0,6.912,32.413,4.812,1.189,4.075,0,8.403,0,10.928,0,11.23,7.789,0,1.873,6.341,6.808,9.917,10.186,7.861,15.13,6.304,4.068,23.334,1.681,1.108,0,4.982,0.801,8,2.953,0,0,0,0.313,3.322,1.796,3.865,0,0.334,0,5,2,0,1,0,5.896,9.6,0,0,12.975,0,1,3,0,0,0,7.994,0,3.715,26.042
2020-09-30,0,0,0,0,0,29.74,4.816,3.573,10.28,0,5.911,0,17.949,7.993,27.01,6.937,0,2.182,5.194,8.971,6.872,35.064,14.438,40.032,9.312,1.803,35.629,1.413,1.431,0.844,8.646,1.21,9,0.25,0,0,0,0.846,3.256,6.123,5.492,0,1.169,0,10,14,0,0,0,7.614,11.579,1.344,0,20.739,0,3,7,0,0,0,10.022,0,5.127,8.171
2020-10-01,0,0,0,0,0,43.121,10.871,7.553,8.565,0,7.44,0,32.852,0,30.653,16.56,0,1.732,8.202,14.987,6.488,38.695,16.932,66.058,10.358,9.33,53.561,1.648,2.019,0.136,17.921,1.795,10,2.337,0,0,0,2.984,3.254,6.772,9.509,0,0.584,0,5,5,0,0,0,18.817,16.166,0.215,0,27.87,0,2,7,0,0,0,11.007,0,4.627,9.412
2020-10-02,0,0,0,0,0,28.147,12.529,6.752,15.682,0,9.633,0,10.968,9.401,32.464,12.642,0,2.217,6.191,18.716,8.764,16.372,12.392,46.429,20.586,4.175,18.385,1.04,2.236,0.996,28.799,3.546,6,2.92,0,0,0,3.242,2.398,4.591,11.323,0,1.563,0,12,5,0,0,0,5.262,17.593,0.959,0,20.716,0,7,13,0,0,0,11.282,0,5.976,18.785
2020-10-03,0,0,0,0,0,19.879,0,5.696,25.367,0,6.044,0,15.033,0,54.244,17.67,0,1.854,4.55,20.591,7.419,15.799,12.396,29.203,12.177,4.685,17.645,1.613,3.644,0,28.093,0.852,7,2.286,0,0,0,0.3,3.632,4.86,9.525,0,0.245,0,5,0,0,0,0,8.713,71.582,1.56,0,15.29,0,4,5,0,0,0,18.819,0,5.245,18.061
2020-10-04,0,0,0,0,0,31.357,0,0,15.103,0,16.8,0,4.616,0,48.186,13.972,0,1.731,4.649,19.766,8.403,9.716,58.852,20.193,16.519,4.568,18.41,1.346,2.755,0.535,27.109,0.844,15,2.051,0,0,0,0,3.5,6.493,6.677,0,0.984,0,8,3,0,0,0,7.739,17.995,1.697,0,14.298,0,5,10,0,0,0,15.68,0,4.501,11.154
2020-10-05,0,0,0,0,0,49.638,0,3.812,27.219,0,10.704,0,5.82,0,90.763,12.586,0,0.408,4.25,11.69,9.237,21.463,36.841,39.814,14.686,4.482,76.672,1.273,1.37,0.813,8.273,3.08,6,1.442,0,0,0,0,1.923,5.927,10.645,0,0.562,0,11,14,0,0,0,6.936,28.996,2.174,0,52.465,0,6,11,0,0,0,10.201,0,4.694,17.215
2020-10-06,0,0,0,0,0,30.877,0,6.333,6.957,0,13.291,0,7.058,0,83.416,11.554,0,0.737,3.977,19.484,2.445,17.258,48.136,19.649,12.608,4.675,25.241,1.508,3.343,0.222,28.11,0.543,6,1.919,0,0,0,0,1.964,5.46,7.705,0,0.745,0,4,13,0,0,0,4.015,25.102,1.073,0,88.508,0,6,9,0,0,0,5.477,0,4.393,15.535
2020-10-07,0,0,0,0,0,17.47,0,0.839,5.801,0,9.941,0,7.126,0,60.156,20.543,0,2.369,3.738,8.251,4.838,23.477,17.997,28.536,65.557,7.181,52.156,1.474,0.98,1.248,9.161,0.751,5,1.741,0,0,0,0,3.966,2.128,3.858,0,2.326,0,4,8,0,0,0,8.751,12.118,0.872,0,27.73,0,3,6,0,0,0,4.321,0,4.491,6.574
2020-10-08,0,0,0,0,0,26.538,0,4.831,8.289,0,12.248,0,10.47,0,43.945,5.845,0,1.481,4.716,7.091,8.785,14.098,5.875,19.808,4.872,7.381,30.566,1.03,2.108,0.354,9.215,1.386,6,2.079,0,0,0,0,2.82,6.328,7.523,0,1.282,0,1,279,0,0,0,6.868,38.662,0.207,0,29.772,0,6,3,0,0,0,13.141,0,6.147,8.948
2020-10-09,0,0,0,0,0,12.515,0,0,6.97,0,9.155,0,5.57,2.564,22.965,15.975,0,0.859,4,12.208,4.586,8.826,8.52,37.091,6.253,7.539,50.825,1.008,0.964,0.298,9.076,0.651,8,1.84,0,0,0,0,2.286,3.547,8.966,0,0.328,0,3,14,0,0,0,6.305,24.45,0.393,0,18.754,0,1,1,0,0,0,3.635,0,3.626,8.337
2020-10-10,0,0,0,0,0,19.008,0,3.449,3.909,0,6.054,0,8.211,2.79,21.611,14.503,0,0.43,2.692,7.164,2.958,21.722,6.896,16.919,52.008,3.43,21.803,0.685,0.876,0.919,8.29,0.267,4,1.825,0,0,0,0,2.037,3.59,5.134,0,0.283,0,2,21,0,0,0,5.844,7.255,0.981,0,20.474,0,3,4,0,0,0,9.762,0,5.491,6.023
2020-10-11,0,0,0,0,0,33.757,0,4.626,6.56,0,13.958,0,7.649,0,53.964,13.084,0,1.304,2.132,9.471,8.321,6.873,20.68,36.23,8.772,3.991,56.572,0.969,0.782,1.949,26.352,0.651,4,1.596,0,0,0,0,1.981,5.052,6.077,0,2.287,0,2,0,0,0,0,7.25,16.466,1.503,0,24.24,0,111,8,0,0,0,7.31,0,6.261,7.657
2020-10-12,0,0,0,0,0,11.98,0,3.805,4.131,0,14.965,0,6.634,0,37.42,5.249,0,0.741,1.474,7.32,1.905,7.061,7.068,13.295,6.807,5.311,36.496,0.878,0.557,0.298,22.194,1.837,7,0.813,0,0,0,0,1.738,1.821,5.443,0,0.389,0,0,8,0,0,0,0,8.535,1.094,0,21.52,0,66,0,0,0,0,5.167,0,3.617,9.399
2020-10-13,0,0,0,0,0,14.805,0,1.195,4.131,0,10.567,0,3.438,0,36.007,3.084,0,1.293,2.677,7.694,3.07,8.959,9.684,17.385,11.794,6.905,49.701,0.851,0.463,0,13.862,0.818,6,1.648,0,3.856,0,0,3.272,4.167,3.807,0,0.591,0,2,5,0,0,0,7.551,15.2,0.995,0,29.936,0,5,0,0,0,0,3.78,0,3.373,6.835
2020-10-14,0,0,0,0,0,29.043,0,0,3.998,0,6.854,0,3.482,0,37.553,8.434,0,0.31,1.838,2.809,4.099,13.565,13.976,24.161,5.463,4.06,46.207,1.39,0.89,0.424,28.047,0,4,1.436,0,0,0,0,2.347,3.841,5.134,0,1.535,0,1,12,0,0,0,8.815,15.639,0.415,0,24.098,0,11,2,0,0,0,2.124,0,3.545,10.524
2020-10-15,0,0,0,0,0,32.872,0,0,7.27,6.558,8.432,0,7.951,0,41.682,10.44,0,1.633,2.082,5.819,3.86,11.563,9.214,36.058,6.442,9.113,42.162,1.647,1.233,0,9.566,0,7,1.847,0,0,0,0,1.738,4.183,2.769,0,0.828,0,2,12,0,0,0,9.483,15.121,0.343,0,23.566,0,14,5,0,0,0,4.332,0,4.678,10.71
2020-10-16,0,0,0,0,0,14.604,0,0,11.744,4.296,11.669,0,4.355,0,34.868,5.627,0,1.914,3.131,9.346,1.19,19.952,17.021,44.818,11.104,6.835,58.973,1.882,0.808,0.775,10.561,0,5,1.96,0,0,0,0,1.275,2.155,3.225,0,0.248,0,2,5,0,0,0,7.426,8.658,0,0,43.543,0,2,3,0,0,0,3.93,0,5.821,7.102
2020-10-17,0,0,0,0,0,21.671,0,1.889,8.584,7.563,9.952,3.404,7.187,0,56.38,13.774,0,2.666,5.026,17.712,4.849,38.144,22.702,83.038,7.883,7.189,87.12,1.123,1.245,0,35.069,0,9,2.136,0,0,0,0,2.249,5.601,7.088,0,0.794,0,4,13,0,0,0,10.135,10.171,1.001,0,26.273,0,6,2,0,0,0,2.133,0,4.859,5.265
2020-10-18,0,0,0,0,0,28.461,0,2.712,7.97,7.512,13.452,2.573,8.39,0,43.258,13.911,0,0.15,1.338,15.151,4.198,45.805,16.708,67.181,10.553,7.507,79.338,1.84,1.546,0.736,14.506,0,6,2.045,0,0,0,0.985,3.446,5.384,6.453,0,0,0,6,8,0,0,0,8.094,9.548,0.836,0,24.416,0,3,4,0,0,0,7.025,0,6.331,14.637
2020-10-19,0,0,0,0,0,10.443,0,1.831,6.179,0,6.894,2.228,28.391,0,38.996,4.287,0,0.882,2.99,7.107,0.827,10.913,12.647,36.458,0.639,4.551,40.6,0.14,2.016,0.501,9.03,0,5,0.406,0,0,0,0.351,0.707,4.681,2.911,0,0.663,0,0,6,0,0,0,6.471,3.567,0,0,20.954,0,4,3,0,0,0,4.015,0,4.369,7.795
2020-10-20,0,0,0,0,0,20.583,0,2.638,9.624,0,8.322,2.841,10.88,0,26.41,3.058,0,1.373,3.191,8.296,2.281,9.234,10.151,14.263,2.644,5.415,49.434,0.489,0.713,0.221,7.509,0,59,1.212,0,0,0,0.884,2.183,1.029,3.892,0,0,0,3,3,0,0,0,6.338,1.713,0,0,16.636,0,3,0,0,0,0,1.738,0,2.915,0.835
2020-10-21,0,0,0,0,0,17.138,0,0.916,6.755,0,4.132,0,9.761,0,34.612,6.116,0,0.34,1.991,6.348,0.878,11.996,11.685,24.362,2.055,4.883,21.201,0,0.245,0,10.871,0,43,0,0,0,0,0.359,2.82,3.55,5.523,0,0.468,0,1,7,0,0,0,4.531,6.562,0,0,16.193,0,6,4,0,0,0,4.857,0,3.672,4.758
2020-10-22,0,0,0,0,0,18.891,0,0.644,7.295,0,6.744,2.053,9.837,0,26.394,3.145,0,2.044,3.23,9.2,0.652,34.885,7.147,13.3,1.541,8.869,35.917,0,0.963,0.159,9.727,0,8,0,0,0,0,0.326,1.538,2.787,3.363,0,0,0,4,10,0,0,0,4.685,2.695,0,0,12.866,0,4,1,0,0,0,1.577,0,3.542,0.651
2020-10-23,0,0,0,0,0,12.69,0,4.937,5.361,0,9.234,3.892,23.868,0,74.05,10.489,0,0.621,3.349,8.964,1.141,35.652,10.857,13.635,5.469,6.792,30.567,0,0.494,0.741,9.315,0.234,35,0,0,0,0,1.052,1.77,7.005,2.898,0,0.503,0,10,16,0,0,0,8.078,2.656,0,0,10.219,0,11,6,0,0,0,1.189,0,2.247,3.423
2020-10-24,0,0,0,0,0,23.833,0,0,8.385,0,11.581,1.063,21.709,0,73.495,12.748,0,2.616,3.224,8.931,2.606,21.246,21.899,15.137,6.674,11.172,67.932,0,0.768,0,31.296,0,56,0,0,0,0,1.077,2.327,3.851,3.547,0,0.632,0,4,9,0,0,0,8.278,5.761,0.222,0,15.976,0,10,2,0,0,0,5.521,0,7.715,2.046
2020-10-25,0,0,0,0,0,27.242,0,2.626,6.103,5.579,13.961,1.614,9.192,0,54.702,11.919,0,3.199,2.885,15.656,4.663,19.511,20.222,20.423,3.931,8.741,71.16,0,1.012,0.814,37.713,0,14,0,0,0,0,0.551,2.206,4.999,6.138,0,0.443,0,3,9,0,0,0,6.94,3.747,0.687,0,22.691,0,6,6,0,0,0,4.05,0,5.829,2.538
2020-10-26,0,0,0,0,0,15.336,0,1.681,5.352,11.585,11.737,1.152,7.674,0,43.492,7.232,0,2.346,1.842,6.439,0,12.406,9.464,14.19,2.459,2.256,20.666,0,0.379,0.564,6.368,0,2,0,0,0,1.425,0.426,1.446,3.987,0.673,0,0.57,0,2,9,0,0,0,6.589,6.925,0.25,0,8.181,0,8,3,0,0,0,1.075,0,2.164,1.394
2020-10-27,0,0,0,0,0,16.552,0,2.138,4.147,5.554,8.798,1.497,6.24,0,59.504,13.111,0,1.263,1.797,4.24,3.093,11.326,6.219,21.929,2.258,6.655,21.273,0,0.968,0,8.782,0,4,0,0,0,0.955,0.401,1.158,2.308,3.696,0,0.275,0,2,5,0,0,0,7.71,2.374,0,0,1.376,0,5,4,0,0,0,1.9,0,3.341,2.495
2020-10-28,0,0,0,0,0,9.121,0,2.038,4.665,3.995,10.002,3.163,6.455,0,52.582,4.524,0,1.062,0.84,3.397,2.638,13.792,14.867,15.998,6.691,6.439,32.418,0,0.475,0,17.557,0,7,0,0,0,1.258,0.401,2.131,2.713,2.421,0,0,0,3,15,0,0,0,5.084,5.832,0.4,0,14.299,0,2,5,0,0,0,1.56,0,3.978,2.345
2020-10-29,0,0,0,0,0,14.62,0,1.036,2.894,5.124,6.22,2.282,5.682,0,34.397,3.12,0,1.453,1.875,7.767,2.926,12.781,13.266,13.9,4.539,6.856,15.828,0,1.162,0.346,13.478,0,3,0,0,0,0.209,0.794,1.054,3.741,2.909,0,0.13,0,8,4,0,0,0,7.124,2.406,0.407,0,11.002,0,12,7,0,0,0,3.012,0,2.638,2.396
2020-10-30,6.427,0,0,0,0,13.231,0,2.775,4.465,7.788,8.912,2.175,3.675,0,45.71,4.95,0,2.244,1.239,2.675,3.367,17.127,6.138,18.452,5.022,6.857,18.769,0,0.624,0.364,3.823,0,2,0,0,0,2.408,0.301,2.112,2.396,2.179,0,0.657,0,5,13,0,0,0,2.425,5.963,0.458,0,10.487,0,5,5,0,0,0,2.026,0,2.232,0.792
2020-10-31,7.251,0,0,0,0,24.305,0,0,7.265,6.281,14.956,4.859,13.968,0,63.291,37.496,0,2.054,3.828,8.794,3.724,39.348,20.587,60.735,3.998,8.914,79.265,0,1.899,0.764,10.141,0,8,0,0,0,8.149,0.877,2.454,4.371,7.411,0,0.298,0,4,12,0,0,0,10.386,10.502,1.554,0,21.966,0,11,10,0,0,0,3.567,0,3.934,5.292
2020-11-01,13.126,0,0,0,0,13.43,0,2.213,3.383,4.798,7.564,3.533,11.35,0,60.06,28.835,0,2.586,0.862,4.714,4.17,36.332,20.068,53.91,6.304,7.358,71.332,0,2.002,1.322,8.901,0,5,0,0,0,1.905,1.343,2.694,4.209,3.761,0,0.601,0,1,12,0,0,0,9.145,6.705,0,0,15.152,0,10,8,0,0,0,4.856,0,2.706,4.572
2020-11-02,0,0,0,0,0,11.262,0,0.718,5.903,4.735,11.632,0,7.743,0,50.463,4.249,0,2.928,3.244,2.924,4.799,14.778,9.734,20.803,2.219,7.743,15.053,0,2.256,0.173,9.084,0,4,0,0,0,3.234,0,2.064,2.515,5.139,0,0,0,4,7,0,0,0,15.039,1.73,0.551,0,11.923,0,4,6,0,0,0,2.527,0,2.569,1.373
2020-11-03,0,0,0,0,0,4.832,0,0.359,5.229,1.645,14.171,0,4.096,0,38.391,3.998,0,1.163,1.35,4.7,1.99,11.695,10.067,40.612,1.867,10.938,15.727,0,1.302,0.579,14.295,0,4,0,0,0,4.022,1.052,1.725,1.183,2.572,0,0,0,4,9,0,0,0,9.566,4.311,0.458,0,11.758,0,2,5,0,0,0,2.903,0,1.416,1.343
2020-11-04,0,0,0,0,0,9.032,0,0,4.042,1.779,8.52,0,3.227,0,47.332,9.186,0,0.751,1.46,5.776,2.977,10.114,9.566,52.705,2.192,4.146,18.183,0,0.612,0,3.433,0,1,0,0,0,3.899,2.288,2.084,1.713,2.936,0,0,0,4,145,0,0,0,4.256,8.359,0.801,0,14.822,0,2,6,0,0,0,1.237,0,0.717,0.882
2020-11-05,0,0,0,0,0,15.806,0,0.359,2.966,0,21.581,0,4.374,0,39.855,5.072,0,2.014,2.137,5.301,2.709,13.285,8.679,43.779,0.702,5.537,8.347,0,0.268,1.097,6.679,0,6,0,0,0,2.205,0.276,1.638,2.395,2.635,0,0.802,0,3,81,0,0,0,12.952,5.729,0.193,0,13.575,0,4,7,0,0,0,1.057,0,2.668,1.444
2020-11-06,0,0,0,0,0,7.115,0,0,1.591,1.175,11.012,2.203,8.769,0,42.533,6.506,0,1.502,2.093,3.946,0.652,12.051,10.488,21.562,0.964,9.267,13.443,0,0.869,0.508,13.613,0,5,0,0,0,3.797,1.669,1.512,3.037,1.679,0,0.345,0,6,24,0,0,0,2.412,6.052,0.745,0,73.574,0,0,4,0,0,0,1.183,0,1.612,1.524
2020-11-07,0,0,0,0,0,13.267,0,0,14.518,3.96,16.816,2.741,5.734,0,44.955,7.822,0,3.297,5.613,5.335,2.96,38.902,19.447,60.544,64.226,8.446,71.413,0,0.391,1.013,8.924,0,5,0,0,0,6.041,1.027,2.665,2.706,6.077,0,0.977,0,4,13,0,0,0,4.359,2.331,1.395,0,60.909,0,8,11,0,0,0,0.591,0,3.87,3.528
2020-11-08,0,0,0,0,0,22.87,0,1.32,7.051,0,17.686,2.74,3.838,0,70.971,10.751,0,1.764,3.885,10.352,1.924,43.403,17.817,67.648,8.172,7.727,58.207,0,0.807,0.376,6.178,0,6,0,0,0,7.193,0.685,2.918,3.837,5.082,0,0.669,0,4,12,0,0,0,8.381,6.881,0.708,0,57.943,0,3,10,0,0,0,2.347,0,4.986,4.616
2020-11-09,0,0,0,0,0,14.384,0,1.102,2.235,0,10.974,2.025,15.596,0,43.591,7.654,0,1.813,2.21,3.244,2.576,11.328,9.037,39.625,0.803,7.693,14.579,0,0.893,0.61,2.795,0,3,0,0,0,5.126,0.292,1.288,1.504,2.678,0,0.825,0,3,4,0,0,0,8.102,3.722,0.658,0,17.967,0,6,4,0,0,0,2.672,0,2.597,2.51
2020-11-10,0,0,0,0,0,9.034,0,1.595,2.966,0,14.773,1.002,16.632,0,58.695,6.624,0,2.084,2.297,4.164,1.688,11.671,8.756,10.578,1.706,7.776,12.103,0,0.438,0.56,7.205,0,4,0,0,0,4.337,0.742,1.314,2.748,1.897,0,0.188,0,3,10,0,0,0,0,2.782,0.229,0,15.12,0,5,4,0,0,0,1.254,0,2.431,0.853
2020-11-11,0,0.491,0,0,0,7.561,0,1.261,3.783,0,10.676,1.238,0.915,0,50.219,4.265,0,1.052,3.083,8.445,1.606,6.531,8.555,55.636,2.844,9.353,14.727,0,1.039,0.326,5.017,0,2,0,0,0,6.227,0.572,1.308,2.647,3.093,0,1.714,0,0,13,0,0,0,19.162,3.409,0.436,0,7.614,0,4,8,0,0,0,3.728,0,5.538,1.856
2020-11-12,0,0.286,0,0,0,5.044,0,0,2.676,0,8.427,1.644,12.712,0,53.841,6.071,0,0.521,3.612,3.579,4.749,4.777,7.09,12.075,2.844,7.675,14.211,0,1.307,0.925,5.552,0,3,0,0,0,4.387,1.001,1.198,2.587,2.735,0,0.422,0,4,12,0,0,0,13.354,5.151,0.243,0,1.331,0,4,2,0,0,0,3.118,0,2.697,2.024
2020-11-13,0,0,0,0,0,7.329,0,0,6.024,0,12.097,1.116,6.415,0,59.93,5.117,0,0,3.749,5.017,2.543,9.366,12.01,45.656,0.97,4.75,13.053,0,0.711,0.242,10.369,0,4,0,0,0,4.55,0.582,1.229,2.085,2.047,0,0.667,0,0,12,0,0,0,0.391,0.358,0.465,0,14.65,0,2,3,0,0,0,0.484,0,3.557,2.458
2020-11-14,0,1.627,0,0,0,16.206,0,1.945,3.957,0,15.809,2.946,7.007,0,74.135,10.284,0,1.935,5.835,15.26,1.405,17.113,18.539,75.861,4.215,12.425,58.127,0,1.128,0.774,8.178,0,5,0,0,0,8.736,0.762,3.057,2.086,4.882,0,0.914,0,3,13,0,0,0,6.205,9.899,0.63,0,8.14,0,1,3,0,0,0,1.022,0,6.295,3.863
2020-11-15,0,0.908,0,0,0,22.477,0,1.837,7.49,0,18.322,3.013,7.063,0,71.229,14.802,0,0.33,3.575,11.501,3.228,5.158,19.521,70.059,4.917,7.358,45.353,0,2.108,0.607,8.58,0,15,0,0,0,7.12,1.944,1.846,1.613,4.112,0,1.403,0,4,10,0,0,0,7.99,6.075,0.458,0,7.739,0,5,4,0,0,0,1.111,0,4.099,4.433
2020-11-16,0,0.384,0,0,0,8.172,0,2.387,5.382,0,10.877,1.624,6.739,0,36.303,14.132,0,1.202,3.908,9.296,2.725,3.932,7.631,41.351,5.754,6.238,14.45,0,0.141,0.581,6.789,0,2,0,0,0,12.049,0.51,1.711,2.004,2.798,0,0.389,0,2,12,0,0,0,0,4.424,0.558,0,7.289,0,1,5,0,0,0,1.058,0,1.91,5.72
2020-11-17,0,0.795,0,0,0,5.781,0,0.543,3.695,0,15.006,0,6.741,0,85.255,18.312,0,0.738,4.316,6.143,2.308,2.629,7.652,40.078,3.428,5.318,24.762,0,0.315,0,28.297,0,8,0,0,0,8.877,0,0.716,2.065,2.442,0,0.343,0,4,92,0,0,0,8.072,6.617,0.315,0,3.543,0,4,3,0,0,0,1.452,0,2.053,2.324
2020-11-18,0,0.278,0,0,0,10.428,0,1.268,5.562,0,15.339,2.205,11.69,0,36.273,6.809,0,2.45,3.183,10.134,3.295,5.526,6.769,38.98,2.609,7.16,19.171,0,0.316,0.475,8.932,0,5,0,0,0,9.055,0,2.292,3.348,2.66,0,0.844,0,3,55,0,0,0,8.392,15.337,0.286,0,11.458,0,2,3,0,0,0,0.968,0,2.253,4.132
2020-11-19,0,0.358,0,0,0,13.2,0,2.085,4.319,0,11.143,0.744,4.799,0,94.497,16.046,0,1.849,3.554,8.383,2.658,8.478,9.598,60.347,3.178,6.072,16.766,0,0.215,0.182,9.6,0,5,0,0,0,6.083,0.471,1.164,4.149,5.819,0,0.975,0,3,26,0,0,0,4.109,7.069,0,0,16.818,0,7,9,0,0,0,0.376,0,1.459,4.833
2020-11-20,0,0,0,0,0,12.284,0,0.417,5.582,0,13.256,2.517,5.822,0,114.708,8.543,0,2.26,3.85,5.073,1.639,2.663,8.816,37.8,2.911,8.346,20.751,0,1.443,0.187,21.187,0,6,0,0,0,7.79,0.793,1.862,1.534,2.436,0,0.783,0,3,25,0,0,0,5.544,6.743,0.529,0,14.901,0,3,6,0,0,0,0.77,0,3.29,5.904
2020-11-21,0,0.342,0,0,0,22.371,0,1.787,5.745,0,24.041,5.079,6.425,0,217.458,18.817,0,2.04,7.677,13.052,7.425,11.103,25.102,72.819,6.255,17.46,91.611,0,1.494,0,47.819,0,15,0,0,0,18.24,0.18,2.483,3.93,4.649,0,0.525,0,11,45,0,0,0,6.354,10.566,0.787,0,41.247,0,8,12,0,0,0,2.617,0,4.464,9.432
2020-11-22,0,0.284,44.844,0,0,26.226,0,1.87,11.867,0,23.399,2.96,11.124,0,178.271,16.708,0,0.776,7.525,14.301,5.534,0.465,22.069,82.152,7.725,18.045,67.538,0,1.693,0.505,8.345,0,14,0,0,0,15.233,0.231,1.972,4.731,4.569,0,1.536,0,8,0,0,0,0,6.591,5.364,0,0,37.444,0,17,16,0,0,0,2.688,0,3.836,9.365
2020-11-23,0,0,17.55,5.203,0,26.255,0,3.256,5.281,0,19.1,3.146,6.666,0,121.434,3.375,0,1.026,3.716,10.199,0,5.701,14.329,46.209,17.376,13.128,34.987,0,0.366,0.308,0,0,9,0,0,0,11.638,0,1.096,3.907,3.556,0,1.243,0,5,49,0,0,0,9.033,5.188,1.173,0,28.414,0,11,8,0,0,0,1.505,0,2.51,15.635
2020-11-24,0,0,14.653,0,0,8.599,0,0,5.805,0,19.666,2.011,5.621,0,67.471,4.297,0,1.554,3.88,6.673,5.202,6.729,13.113,36.545,0.669,11.58,44.692,0,0.594,0.222,23.167,0,11,0,0,0,6.677,0,1.225,3.606,3.306,0,0.546,0,4,38,0,0,0,4.64,13.986,0.98,0,24.382,0,2,7,0,0,0,1.075,0,2.39,0
2020-11-25,0,0,17.311,3.433,0,6.85,0,0.292,6.667,0,12.965,1.037,2.972,0,94.998,4.677,0,0.509,2.823,8.346,0.815,5.745,12.944,15.184,0,11.936,38.697,0,1.134,0.222,18.133,0,4,0,0,0,5.078,0,1.036,1.592,3.304,0,0.581,0,5,18,0,0,0,4.968,8.938,0.93,0,21.953,0,2,6,0,0,0,2.223,0,2.826,0
2020-11-26,0,0,8.325,3.212,0,4.616,0,0,2.349,0,21.374,2.175,1.828,0,174.597,9.398,0,1.044,4.299,8.114,1.654,6.023,14.55,20.303,1.806,16.747,24.099,0,0.239,0.434,14.022,0,8,0,0,0,2.427,0,1.467,1.792,3.248,0,0.162,0,4,12,0,0,0,4.032,0,0,0,14.463,0,4,33,0,0,0,1.254,0,2.404,3.896
2020-11-27,0,0,11.599,2.228,0,20.762,0,0.309,1.405,0,10.729,1.545,2.779,0,115.725,11.147,0,0.985,4.61,7.191,2.218,9.808,19.099,14.464,3.73,13.683,23.178,0,0.447,0,5.488,0,6,0,0,0,2.957,0.562,1.423,1.993,4.919,0,0.354,0,5,25,0,0,0,3.635,0,0.215,0,14.47,0,2,7,0,0,0,1.219,0,2.576,3.68
2020-11-28,0,0.298,21.584,4.96,0,15.933,0,0,6.347,0,22.757,3.762,4.645,0,244.4,17.47,0,0.735,6.918,10.653,2.846,8.758,17.852,55.646,3.228,18.223,30.289,0,0.834,0.3,9.137,0,9,0,0,0,5.645,0.983,1.056,2.857,4.831,0,0.889,0,4,67,0,0,0,10.401,3.245,0.802,0,23.795,0,4,15,0,0,0,2.221,0,3.463,4.163
2020-11-29,0,0.125,27.072,2.542,0,7.05,0,0,4.088,0,22.125,1.959,2.42,0,137.562,45.007,0,1.328,6.014,10.603,4.188,7.661,18.039,56.877,3.546,16.681,31.494,0,0.695,0.388,3.784,0,9,0,0,0,5.134,0.983,2.524,4.7,2.584,0,0,0,3,43,0,0,0,0,1.73,1.252,0,20.458,0,2,21,0,0,0,3.124,0,4.419,7.108
2020-11-30,0,0,0.743,1.372,0,7.395,0,0,4.157,0,11.278,0.845,0.43,0,97.967,4.138,0,2.103,5.362,6.321,0.958,4.843,11.408,20.152,4.449,7.08,18.481,0,0.198,0.607,17.516,0,9,0,0,0,3.44,0.602,1.378,1.416,3.455,0,0.35,0,1,8,0,0,0,4.494,3.684,0.308,0,21.004,0,4,48,0,0,0,2.809,0,3.377,7.944
2020-12-01,0,0,0.17,0.502,0,11.393,0,0,5.221,0,9.599,0,4.267,0,155.423,9.147,0,1.001,3.977,3.912,2.149,11.57,10.33,12.352,3.93,14.9,25.029,0,0.947,0.319,4.114,0,9,0,0,0,3.278,0.582,0,1.692,2.842,0,0.313,0,1,25,0,0,0,4.914,5.451,0.815,0,13.468,0,3,7,0,0,0,0.514,0,3.218,18.796
2020-12-02,0,0,0.395,0,0,14.029,0,0,2.972,0,10.551,0.356,4.17,0,113.984,5.529,0,1.016,3.724,4.558,1.303,30.014,6.079,12.224,6.088,12.607,20.197,0,0.637,0.344,11.991,0,4,0,0,0,5.57,0.632,1.163,1.717,1.853,0,0.576,0,5,88,0,0,0,6.047,3.98,0.329,2.782,12.236,0,5,19,0,0,0,1.967,0,2.77,5.075
2020-12-03,0,0,0,1.305,0,14.3,0,0,2.772,0,5.427,1.413,2.752,0,167.255,3.693,0,0.973,3.783,4.756,2.117,26.492,8.234,15.288,0.619,8.119,22.818,0,1.19,0.938,2.96,0,6,0,0,0,5.043,0,1.548,1.971,4.899,8.476,0,0,4,21,0,0,0,3.141,6.438,0.579,12.53,12.054,0,4,6,0,0,0,0.451,0,2.997,2.035
2020-12-04,5.972,0,0,1.488,0,4.643,0,0,2.349,0,11.861,0.298,3.094,0,115.929,23.721,0,0.593,2.532,7.508,0.702,22.295,8.914,15.891,0.719,11.004,23.924,0,0.243,0.257,20.449,0,6,0,0,0,6.472,0,1.204,1.404,2.824,0,0.419,0,3,25,0,0,0,4.496,7.342,1.281,63.326,11.566,0,3,2,0,0,0,1.165,0,3.49,3.19
2020-12-05,0,0,0,2.343,0,8.569,0,0,4.539,0,11.757,1.849,3.082,0,175.524,8.417,0,1.078,3.789,11.434,1.949,32.901,17.188,55.108,2.543,16.621,34.801,0,0.945,2.296,28.713,0,9,0,0,0,9.525,1.485,1.959,2.094,5.162,2.225,0.826,0,10,34,0,0,0,6.783,3.613,1.302,8.717,17.008,0,4,11,0,0,0,2.018,0,3.198,4.096
2020-12-06,0,0,0,2.024,0,28.313,0,0,2.793,0,19.578,1.439,2.837,0,228.887,8.568,0,2.088,2.698,14.136,0,44.006,21.367,39.488,2.091,18.433,64.56,0,1.007,0.783,5.042,0,10,0,0,0,7.823,1.234,1.917,4.422,6.922,4.121,1.327,0,6,69,0,0,0,4.845,5.067,1.472,29.201,28.48,0,9,8,0,0,0,2.03,0,3.954,7.13
2020-12-07,0,0,0,1.004,0,6.188,0,1.158,4.798,0,4.582,1.465,1.39,0,106.64,22.744,0,1.136,5.446,8.333,0.792,17.505,9.439,11.439,5.405,13.242,45.368,0.193,0.855,0.363,4.7,0,8,0,0,0,3.448,0,1.437,2.406,2.831,3.92,0.745,0,1,16,0,1,0,3.372,2.676,0.501,14.759,17.578,0,2,4,0,0,0,1.178,0,2.146,4.299
2020-12-08,0,0,0,1.089,0,13.395,0,1.116,4.959,0,3.045,0,2.193,0,88.986,7.613,0,0.769,2.102,7.37,2.015,20.565,7.094,16.642,1.913,10.586,40.159,0.344,0.646,0.707,4.018,0,10,1.001,0,0,3.169,1.324,1.641,2.863,1.176,2.438,0.476,0,3,15,0,0,0,3.14,2.943,0,33.457,13.044,0,1,3,0,0,0,0.439,0,2.669,3.595
2020-12-09,0,0,0,0,0,6.439,0,1.309,0,0,9,0,0,0,93.782,18.168,0,1.945,2.947,7.194,1.092,23.836,5.465,10.841,1.713,10.264,36.39,0.308,0.179,0.232,12.843,0,3,0.271,0,0,6.595,0.271,1.424,1.237,2.534,1.381,0.688,0,2,17,0,1,0,5.815,1.254,0.665,2.055,9.984,0,1,1,0,0,0,1.604,0,2.133,5.565
2020-12-10,0,0,0,0,0,6.857,0,0,2.007,0,5.729,0,1.262,0,85.616,25.328,0,0.426,2.711,9.162,0.561,22.108,7.056,7.51,6.311,12.469,43.065,0.372,0.376,0,15.828,0,10,0.673,0,0,3.69,0.883,1.812,4.08,3.938,0.771,1.339,0,3,12,0,0,0,6.667,2.258,0.501,4.639,12.895,0,1,5,0,0,0,1.354,0,2.662,2.329
2020-12-11,0,0,0,0,0,17.86,0,0.272,5.503,0,3.821,0,1.605,0,118.274,17.995,0,0.225,2.711,11.417,1.564,14.902,7.837,18.301,1.779,12.433,44.021,0.308,0.175,2.353,5.987,0,11,1.631,0,0,2.515,1.636,1.198,3.058,2.648,3.297,1.526,0,2,12,0,1,0,4.42,2.575,0.379,8.886,12.343,0,5,8,0,0,0,0.426,0,3.193,2.812
2020-12-12,0,0,0,0,0,7.927,0,1.66,5.542,0,10.698,1.99,2.933,0,156.841,12.915,0,0.927,3.432,8.008,1.353,35.408,18.788,45.187,7.717,19.702,57.082,0.93,0.727,0.576,19.383,0,10,1.63,0,0,8.577,1.386,2.961,2.605,4.317,1.093,0,0,3,39,0,2,0,4.224,2.442,0.729,12.235,20.605,0,2,12,0,0,0,2.02,0,3.268,2.189
2020-12-13,0,0,0,0,0,18.9,0,1.224,11.206,0,13.5,1.087,2.531,0,221.55,18.495,0,0.916,3.328,17.457,1.761,33.804,22.164,44.4,9.291,16.129,51.712,1.343,0.628,1.195,20.789,0,13,1.484,0,0,6.695,0,2.05,2.537,9.161,1.38,1.527,0,6,14,0,4,0,7.714,5.015,0.894,15.729,34.27,0,4,7,0,0,0,0.735,0,3.613,5.341
2020-12-14,0,0,0,0,0,17.194,0,1.259,1.828,0,7.99,0.596,1.654,0,103.679,14.297,0,0.995,3.693,9.851,0,19.4,8.071,14.111,3.492,8.742,51.695,0.329,0.326,0,6.858,0,6,1.487,0,0,6.251,0,2.808,3.931,0,0,0,0,3,0,0,0,0,0.969,0.616,0.729,13.822,19.265,0,2,1,0,0,0,0.659,0,3.647,8.535
2020-12-15,0,0,0,0,0,15.426,0,0,3.474,0,9.959,0.253,1.228,0,102.046,23.773,0,1.059,2.726,5.778,1.592,23.134,8.951,11.404,3.936,14.1,36.313,0.944,0.179,1.183,6.021,3.022,8,1.481,0,0,7.205,0.276,1.796,2.787,1.208,0,1.252,0,2,2,0,0,0,0,1.217,0.472,12.269,22.026,0,2,3,0,0,0,1.381,0,2.856,2.812
2020-12-16,0,0,0,0,0,4.636,0,0,3.032,0,2.508,1.212,1.365,0,74.393,6.568,0,0,3.699,7.759,1.554,15.921,7.659,16.882,4.319,10.547,32.948,0.15,0.155,1.177,19.99,0,5,0.58,0,0,11.803,0.225,1.719,2.856,2.623,0,1.02,0,3,3,0,2,0,1.744,0.587,1.08,11.064,9.183,0,2,4,0,0,0,0,0,2.659,2.209
2020-12-17,0,0,0,0,0,6.868,0,0,4.358,0,6.592,0.586,3.007,0,87.351,7.248,0,1.088,0,7.518,1.805,25.43,7.368,11.228,2.723,11.414,34.981,0.859,0.738,0.802,8.229,0,2,2.504,0,0,4.6,0.627,1.369,3.228,2.26,0,1.264,0,3,6,0,1,0,3.257,4.455,0.25,12.948,19.87,0,3,3,0,0,0,1.548,0,1.224,2.531
2020-12-18,0,0,0,0,0,17.321,0,0.286,5.684,0,4.316,0.945,3.822,0,63.877,5.541,0,2.561,2.252,15.802,2.781,26.287,8.292,13.861,2.485,9.312,38.543,0.456,0.278,1.753,7.209,0,4,0.88,0,0,6.554,0.843,1.547,1.763,3.336,0,1.22,0,1,0,0,1,0,2.093,4.012,0.286,7.819,12.593,0,3,4,0,17,0,0.457,0,2.38,4.037
2020-12-19,0,0,0,0,0,29.112,0,0,8.815,0,10.203,1.718,4.36,0,134.189,20.401,0,1.375,4.97,12.82,0.451,41.546,17.374,35.406,4.558,16.944,48.441,0.482,0.479,0.676,7.659,0,6,0.822,0,0,7.054,1.085,2.597,3.628,2.279,2.993,0.782,0,0,0,0,0,0,1.395,2.006,0.68,8.384,24.884,0,2,9,0,30,0,1.253,0,3.74,2.711
2020-12-20,0,0,0,0,0,12.308,0,1.867,7.01,0,8.518,2.874,2.695,0,141.838,15.782,0,1.294,3.059,10.126,2.757,36.251,22.75,54.913,7.545,17.282,45.703,0.3,0.418,0.908,19.217,0,5,0.779,0,0,5.625,0.342,2.678,3.458,6.685,4.175,0.959,0,2,0,0,0,0,7.211,6.805,0.687,17.61,34.938,0,5,5,0,14,0,1.503,0,3.641,7.572
2020-12-21,0,0,0,0,0,8.749,0,0,3.977,0,2.057,1.657,2.757,0,58.98,17.331,0,1.602,1.54,10.102,2.394,28.482,0,21.605,2.573,6.88,36.636,0.701,0.533,1.538,2.356,0,5,0.88,0,0,2.972,0,1.366,0.872,3.029,0,0.794,0,5,0,0,2,0,0,4.097,0,9.832,15.452,0,0,5,0,2,0,0,0,0.667,6.367
2020-12-22,0,0,0,0,0,5.124,0,0,5.181,0,4.966,0.343,2.042,0,71.121,9.779,0,0.114,2.672,9.312,0.344,18.902,6.298,17.612,2.811,10.778,30.202,0.444,0.418,0.945,5.688,0,5,0.343,0,0,5.609,0.693,0.986,1.382,4.076,0,0.802,0,2,0,0,1,0,0,2.063,0.687,8.496,9.734,0,1,6,0,0,0,1.142,0,1.576,6.043
2020-12-23,0,0,0,0,0,6.753,0,0,3.696,0,3.662,2.55,2.432,0,62.14,16.426,0,1.045,3.856,6.716,1.289,14.246,7.1,31.771,4.971,8.24,33.509,1.627,0.144,1.667,12.605,0,1,1.037,0,0,6.791,0.652,1.603,2.284,3.955,4.391,1.659,0,1,0,0,1,0,0,2.149,0.444,10.321,8.052,0,0,5,0,0,0,1.144,0,0.851,3.335
2020-12-24,0,0,0,0,0,16.382,0,0,8.294,0,2.595,1.282,2.934,0,130.716,10.663,0,0.77,3.066,7.681,1.018,14.253,9.28,13.75,4.321,11.305,47.608,0.825,0.713,0.726,4.042,0,1,0.987,0,0,5.293,0.292,1.306,3.319,1.391,1.219,1.603,0,2,0,0,4,0,0,0.946,0.179,14.215,25.543,0,1,1,0,0,0,0,0,2.268,2.208
2020-12-25,0,0,0,0,0,13.585,0,0,3.213,0,6.609,0.338,2.331,0,65.106,18.14,0,1.646,4.057,9.222,1.106,53.037,9.944,17.345,10.298,11.542,32.717,0.764,0.303,1.596,7.009,0,9,0.823,0,0,6.678,1.42,1.618,2.324,2.707,1.433,2.166,0,2,0,0,3,0,0,1.06,0.708,15.267,16.366,0,5,7,0,18,0,0,0,3.216,2.992
2020-12-26,0,0,0,0,0,15.807,0,0,6.446,0,8.784,1.47,4.987,0,170.622,13.675,0,5.368,5.28,10.792,3.98,32.9,14.586,33.59,5.563,12.676,46.044,0.951,0.748,1.817,10.4,1.645,8,0.844,0,0,6.961,0,3.54,4.249,3.36,0,1.684,0,1,0,0,2,0,0,5.515,0.88,29.216,29.127,0,3,12,0,27,0,1.418,0,2.677,5.522
2020-12-27,0,0,0,0,0,14.12,0,0,10.263,0,6.822,1.515,3.296,0,181.735,12.834,0,1.202,3.851,9.466,2.408,41.518,15.898,24.308,0,13.446,48.028,1.113,0.654,0.859,8.111,0,8,0.415,0,0,9.475,0.451,2.131,4.051,6.895,0,1.759,0,2,0,0,0,0,0,5.373,0.48,30.204,26.708,0,3,8,0,15,0,0,0,2.098,4.458
2020-12-28,0,0,0,0,0,5.947,0,0,4.38,0,7.194,0.929,2.481,0,136.846,22.429,0,2.353,2.493,10.94,0.516,17.289,5.925,13.36,10.267,13.902,40.015,0.445,0.529,1.233,5.23,0,0,0,0,0,4.708,1.216,1.588,3.109,1.657,0,1.264,0,3,0,0,0,0,0,6.991,0.63,13.247,20.589,0,2,2,0,10,0,1.81,0,2.718,7.49
2020-12-29,0,0,0,0,0,14.144,0,0,7.17,0,6.821,0.687,5.889,0,144.505,5.361,0,1.596,2.309,10.444,0.917,15.989,9.914,17.855,2.929,10.475,35.654,1.183,0,0.532,4.127,0,6,1.081,0,0,6.244,0,1.854,2.245,2.842,0,0,0,4,0,0,0,0,0,2.163,0.659,9.048,15.859,0,1,5,0,10,0,0,0,1.872,3.555
2020-12-30,0,0,0,0,0,10.825,0,0,3.571,0,5.753,0.743,3.009,0,77.827,5.52,0,0.387,3.57,12.995,2.808,14.453,6.235,16.43,4.704,9.531,38.003,0.169,0.451,0,5.327,0,6,0.944,0,0,4.107,0.344,1.27,2.526,2.539,0,0.976,0,1,0,0,0,0,0,1.719,0.414,16.541,17.008,0,5,3,0,18,0,0,0,2.681,4.056
2020-12-31,0,0,0,0,0,15.642,0,0,7.77,0,6.918,1.885,4.636,0,71.16,12.625,0,1.852,3.716,18.877,1.354,23.186,10.195,11.987,3.286,12.844,51.652,1.434,1.155,1.402,7.483,0,13,1.667,0,0,10.121,0,2.326,3.578,3.59,0,2.003,0,6,0,0,0,0,0,3.896,0.737,12.208,11.105,0,2,6,0,8,0,0,0,3.598,2.37
2021-01-01,0,0,0,0,0,11.224,0,0,3.747,0,7.407,0.585,4.887,0,76.38,22.291,0,2.926,4.399,14.953,3.084,30.684,12.38,27.724,8.551,16.873,66.895,1.515,0.547,3.071,8.962,0,11,1.673,0,0,29.401,0.52,2.239,2.505,5.573,0,1.845,0,7,0,0,0,0,0,6.203,1.303,21.674,28.261,0,4,9,0,3,0,0,0,2.616,4.821
2021-01-02,0,0,0,0,0,17.057,0,0,6.405,0,6.456,2.562,3.984,0,86.453,16.726,0,1.446,3.549,15.358,2.944,24.013,12.145,10.226,6.893,16.187,60.253,0.745,0.479,1.607,7.369,0,6,0.579,0,0,19.9,0,1.304,3.027,5.952,0,1.565,0,3,0,0,0,0,0,5.101,0.258,17.961,21.607,0,2,7,0,24,0,0,0,2.909,7.148
2021-01-03,0,0,0,0,0,16.855,0,0,12.408,0,9.75,2.087,4.336,0,100.875,9.567,0,1.631,4.478,11.994,1.391,24.028,13.558,31.641,3.789,10.404,48.053,0.645,1.048,0.5,4.875,0,14,1.517,0,0,17.395,0,1.415,3.517,6.686,0,1.652,0,4,0,0,1,0,0,3.027,0.938,19.452,18.449,0,2,6,0,9,0,0,0,2.618,5.021
2021-01-04,0,0,0,0,0,11.598,0,0,12.042,0,5.153,0.338,2.882,0,75.438,7.795,0,2.16,3.406,8.965,0.902,17.813,10.562,13.05,7.513,12.222,28.703,0.933,0,0.54,8.647,0,5,0.322,0,0,8.422,0,1.873,1.833,4.681,0,0.45,0,4,0,0,0,0,0,1.288,0.265,11.44,11.678,0,6,4,0,25,0,0,0,3.163,5.462
2021-01-05,0,0,0,0,0,10.714,0,0,4.148,0,4.262,1.183,2.194,0,61.382,16.99,0,0.652,1.708,13.474,0.965,21.113,7.087,22.343,5.856,10.032,33.833,0.626,0.521,0.697,8.109,0,6,1.194,0,0,10.341,0.175,1.188,2.596,2.677,0,0.857,0,2,0,0,0,0,0,8.278,1.145,27.752,26.706,0,1,6,0,26,0,0,0,1.79,3.213
2021-01-06,0,0,0,0,0,11.175,0,0,7.94,0,6.392,1.148,2.017,0,84.567,7.474,0,0.778,2.363,11.885,1.804,22.354,7.989,28.363,6.98,11.304,26.38,1.333,0.175,1.112,7.984,0,4,0.313,0,0,10.631,0.519,0.979,4.13,2.14,0,0.951,0,1,0,0,0,0,0,2.96,0.78,12.093,23.348,0,2,3,0,11,0,0,0,3.075,4.8
2021-01-07,0,0,0,0,0,9.824,0,0,14.049,0,3.999,1.315,1.016,0,56.522,16.724,0,0.95,1.814,11.294,1.266,31.837,7.709,20.105,12.384,14.384,37.841,0.582,0.368,0.767,5.889,0,8,0.863,0,0,8.546,0.988,1.384,3.267,1.614,0,1.076,0,5,0,0,0,0,0,1.974,0.729,2.882,22.322,0,2,4,0,14,0,0,0,1.384,7.61
2021-01-08,0,0,0,0,0,20.245,0,0,7.206,0,2.257,0.523,3.07,0,113.548,31.357,0,0.853,1.767,10.946,1.103,24.013,9.244,9.911,1.107,4.727,20.534,0.751,1.612,1.061,8.586,0,11,0.401,0,0,9.688,0.751,0.72,3.007,3.809,0,1.277,0,3,0,0,1,0,0,2.776,0.272,15.37,19.792,0,2,7,0,18,0,0,0,4.809,7.391
2021-01-09,0,0,0,0,0,29.967,0,0,6.443,0,7.393,2.245,4.123,0,97.918,12.309,0,1.388,4.988,17.319,0.646,33.55,14.611,27.024,10.84,11.965,39.814,1.245,1.631,1.848,7.271,0,9,1.458,0,0,25.511,0,0.878,4.542,6.773,0,2.935,0,3,0,0,2,0,0,0,2.462,12.676,20.164,0,6,7,0,38,0,0,0,4.831,2.23
2021-01-10,0,0,0,0,0,20.141,0,0,8.737,0,7.405,1.046,2.583,0,127.47,25.423,0,1.685,3.7,21.238,2.517,39.233,14.079,36.409,3.971,11.65,39.867,1.265,0.595,2.773,8.221,0,9,1.564,0,0,12.959,1.008,2.091,3.358,5.99,0,0.595,0,9,0,0,1,0,0,0,1.853,13.696,21.287,0,5,8,0,26,0,0,0,3.05,9.558
2021-01-11,0,0,0,0,0,9.189,0,0,3.91,0,3.553,0,2.733,0,92.407,17.24,0,2.37,2.403,14.059,1.782,20.015,7.036,10.772,4.046,11.005,28.683,0.394,0.854,0.54,6.167,0,8,0.595,0,0,16.065,0.313,1.867,4.352,3.904,0,1.96,0,5,0,0,0,0,0,0.577,0,6.228,18.09,0,4,9,0,13,0,0,0,3.276,3.83
2021-01-12,0,0,0,0,0,8.095,0,0,3.735,0,2.505,0,2.356,0,98.387,13.613,0,1.011,1.568,6.304,0,20.751,11.047,9.723,5.526,6.906,30.226,0.87,0.914,1.363,6.086,0,14,0.764,0,0,12.678,0,1.143,3.78,2.295,0,0,0,1,0,0,1,0,0,0,0.165,12.369,9.124,0,2,3,0,13,0,0,0,4.49,0
2021-01-13,0,0,0,0,0,7.372,0,0,7.995,0,1.314,0,3.621,0,90.564,8.523,0,0.833,0.717,0,0,23.714,6.294,17.456,2.236,9.883,26.666,0.508,0.43,0.692,9.911,0,6,0.3,0,0,9.959,0.382,1.376,3.498,2.072,0,1.896,0,1,0,0,0,0,11.291,0,0.487,4.95,7.845,0,3,4,0,9,0,0,0,2.157,5.771
2021-01-14,0,0,0,0,0,10.679,0,0,15.565,0,1.996,0,4.524,0,76.323,6.39,0,0.526,1.318,15.256,3.387,27.805,8.729,23.224,0,3.628,23.585,0.657,1.194,1.49,4.121,0,6,0.413,0,0,10.671,0.776,1.869,2.187,2.589,0,0.757,0,2,0,0,0,0,3.059,0,0.544,4.925,10.895,0,3,6,0,15,0,0,0,2.362,4.667
2021-01-15,0,0,0,0,0,15.387,0,0,14.951,0,2.679,0,3.721,0,93.194,4.844,0,0.885,2.664,12.686,1.958,32.044,9.353,14.912,4.76,9.224,30.471,0.777,1.409,1.55,6.514,0,6,0.281,0,0,8.822,0,1.033,4.931,1.572,0,0.432,0,5,0,0,2,0,3.447,0,0.773,7.957,16.067,0,9,10,0,13,0,0,0,1.021,1.02
2021-01-16,0,0,0,0,0,19.276,0,0,9.15,0,3.75,0,2.884,0,122.787,21.52,0,3.156,2.66,18.888,1.221,39.637,18.177,25.33,6.227,15.053,41.605,1.32,2.226,1.758,11.349,0,16,1.17,0,0,14.461,0.432,2.051,2.415,2.746,0,2.181,0,5,0,0,1,0,2.733,0,0.243,13.019,20.477,0,7,3,0,28,0,0,0,4.612,14.668
2021-01-17,0,0,0,0,0,8.999,0,0,13.787,0,4.691,0,4.086,0,120.421,20.2,0,1.268,4.034,21.808,2.805,28.837,13.29,19.61,7.44,11.363,31.654,1.177,2.169,1.879,6.684,0,10,0.8,0,0,10.365,1.02,2.492,4.42,11.142,0,2.242,0,5,0,0,2,0,11.544,0,0.787,5.828,24.231,0,9,12,0,30,0,0,0,2.298,8.161
2021-01-18,0,0,1.17,0,2.01,7.899,2.459,0,7.387,0,5.077,1.81,4.261,0,68.993,11.402,0,3.956,1.975,9.09,1.176,15.404,7.558,13.203,4.164,3.795,23.469,0,1.012,1.52,8.738,0,4,0.614,0,0,26.081,1.496,1.58,4.151,2.544,0,2.771,0,5,0,0,0,0,0,0,1.688,10.626,19.967,0,7,4,0,14,0,0,0,6.242,4.9
2021-01-19,0,0,3.216,0,0.494,6.47,3.147,0,4.344,0,3.723,0,0,0,129.71,4.288,0,3.061,2.798,8.119,1.185,11.349,8.199,20.779,6.789,7.317,23.031,0.401,2.017,1.151,5.231,0,3,0.175,0,0,30.405,0,1.338,3.538,3.432,0,2.408,0,2,0,0,0,0,5.239,0,0.236,9.234,11.703,0,1,8,0,10,0,0,0,5.205,2.966
2021-01-20,0,0,3.643,0,0,8.173,1.908,0,7.367,0,7.329,0,4.612,0,84.858,7.739,0,3.938,2.727,16.125,3.196,18.13,10.795,16.121,2.96,7.173,27.318,0.551,0.566,2.068,6.034,0,10,0.833,0,0,29.099,0,2.082,3.969,0.576,0,1.692,0,3,0,0,0,0,10.288,0,1.037,6.228,16.663,0,7,7,0,11,0,0,0,4.999,0.426
2021-01-21,0,0,3.174,0,0,4.883,1.898,0,4.409,0,6.41,0,4.256,0,102.839,6.695,0,1.823,3.144,16.736,6.675,9.835,7.195,13.007,2.725,9.245,28.117,0.131,2.182,1.245,7.335,0,11,0.539,0,0,46.113,0.744,1.656,2.628,5.65,0,1.613,0,1,0,0,1,0,4.95,0,1.266,7.972,14.053,0,3,6,0,12,0,0,0,6.905,4.888
2021-01-22,0,0,19.915,0,4.106,15.602,2.141,0,7.295,0,6.018,1.813,0,1.054,94.451,28.71,0,3.006,4.056,11.45,0.883,0.511,11.623,17.629,3.614,5.064,24.242,1.278,0.809,0,4.221,0,7,1.315,0,0,26.708,0,1.156,2.916,5.961,0,0,0,7,0,0,0,0,6.855,0,0,9.486,15.007,0,2,3,0,15,0,0,0,4.585,4.411
2021-01-23,0,0,30.122,0,0,13.243,0.76,0,5.586,0,7.269,0.586,5.284,0,112.596,13.029,0,2.607,1.873,17.173,3.16,0,11.033,33.826,6.323,9.9,35.446,0.682,1.126,0,7.876,0,8,1.302,0,0,13.596,0,2.472,5.261,3.028,8.572,0,0,3,0,0,1,0,0,0,1.453,3.447,12.814,0,6,5,0,28,0,0,0,3.2,11.042
2021-01-24,0,0,29.017,0,0,19.347,5.415,0,5.111,0,6.593,0,6.105,0,146.376,30.187,0,2.283,4,21.138,2.669,4.067,9.149,27.291,7.87,12.132,40.665,1.083,1.191,0,9.17,0,11,0.163,0,0,69.01,0,2.439,4.479,3.706,7.255,0,0,1,0,0,0,0,8.584,0,1.844,8.999,27.226,0,7,14,0,39,0,0,0,7.325,3.885
2021-01-25,0,0,19.002,0,1.586,8.83,2.433,0,6.478,0,7.535,0,4.732,0,100.313,10.995,0,3.404,2.538,17.027,3.014,4.137,6.524,15.407,9.35,11.38,42.278,0.876,0.918,0,7.727,0,9,1.521,0,0,33.27,0,1.693,3.781,7.419,0,0,0,8,0,0,0,0,6.705,0,0.895,5.614,19.147,0,2,3,0,39,0,0,0,4.752,5.189
2021-01-26,0,0,0,0,0.693,7.872,1.524,0,6.403,0,4.511,0,3.086,0.98,76.321,12.775,0,2.076,2.435,13.532,2.546,36.048,8.358,14.251,10.536,5.864,34.542,0.951,0.855,0,6.214,0,12,0,0,0,50.64,0,2.399,3.739,5.143,10.728,0,0,1,0,0,1,0,5.112,0,0.25,11.68,22.022,0,2,3,0,13,0,0,0,3.346,4.375
2021-01-27,0,0,5.628,0,0,8.917,2.285,0,10.045,0,3.68,0,5.088,0,33.954,15.645,0,1.177,3.547,9.733,2.204,35.615,12.076,16.635,7.694,10.479,34.14,0,0.839,0,8.139,0,6,0.97,0,0,89.525,0,2.631,2.908,6.894,3.934,0,0,2,0,0,2,0,6.865,0,1.08,3.935,33.007,0,3,7,0,12,0,0,0,2.581,2.92
2021-01-28,0,0,16.274,0,0,7.998,1.539,0,16.335,0,4.702,0,0,0,63.604,17.945,0,2.314,4.04,14.171,3.621,0.215,11.229,23.103,8.461,10.627,42.278,0.72,1.252,0,6.385,0,8,0.063,0,0,8.645,0,2.417,2.841,3.871,7.87,0,0,4,0,0,0,0,4.612,0,1.094,0.902,24.685,0,4,4,0,15,0,0,0,3.554,2.181
2021-01-29,0,0,20.616,0,2.685,6.279,2.747,0,6.696,0,2.948,0,5.482,0,65.549,17.359,0,1.691,4.671,13.068,2.004,0,7.095,33.88,6.685,8.786,28.599,0.758,1.009,0,4.631,0,1,1.184,0,0,18.82,0,1.428,3.331,4.977,3.923,0,0,2,0,0,0,0,1.441,0,0.329,8.773,22.099,0,5,3,0,11,0,0,0,2.256,3.094
2021-01-30,0,0,22.342,0,4.911,12.022,1.587,0,6.495,0,8.853,0,7.276,0,70.472,12.206,0,3.372,8.057,14.604,0.526,0,12.075,48.741,4.556,11.865,29.941,1.588,1.077,0.248,7.334,0,9,1.283,0.651,0,80.512,0,2.378,3.581,4.343,5.637,0.193,0,0,0,0,1,0,0,0,0.543,3.997,14.383,0,3,3,0,6,7.954,0,0,2.524,3.609
2021-01-31,0,0,28.34,0,0,16.788,2.145,0,9.75,7.553,13.551,0,6.68,0,82.136,25.803,0,4.088,5.742,18.073,2.138,0,9.45,17.22,6.184,9.301,28.81,1.258,0.672,0,13.1,0,10,0.307,1.034,0,29.827,0,2.291,3.039,3.38,15.14,0,0,6,0,0,0,0,0,0,0.751,9.763,20.687,0,4,6,0,9,4.399,0,0,3.643,8.763
2021-02-01,0,0,18.91,0,0.751,9.767,1.087,0,4.69,0,10.287,0,4.284,0,43.743,7.932,0,1.975,3.234,8.039,2.405,0,10.335,13.63,6.446,6.205,26.781,0.35,1.145,0,5.374,0,8,0.665,0.623,0,68.083,0,2.148,2.715,4.277,0,0,0,2,0,0,0,0,5.265,0,1.023,3.559,11.514,0,2,4,0,20,2.183,1.037,0,1.544,3.634
2021-02-02,0,0,18.576,0,2.654,4.774,1.932,0,5.023,1.68,8.5,0,3.584,0,92.99,20.202,0,0.702,5.135,11.345,2.462,0.05,11.197,21.184,6.166,16.757,32.206,0.807,2.357,0,4.12,0,8,1.317,0.579,0,21.302,0,0.948,2.771,4.257,1.327,0,0,0,0,0,0,0,5.101,0,0.573,6.117,20.144,0,5,7,0,9,6.871,3.455,0,2.329,4.185
2021-02-03,0,0,24.234,0,0,6.336,0,0,6.351,0,9.567,6.514,6.863,0,115.415,16.934,0,1.738,5.628,9.834,0.993,0,6.277,63.618,2.29,9.3,24.454,0.814,1.259,0,7.468,0,5,0.179,1.28,0,31.247,0.374,2.573,4.118,2.794,1.065,0,0,2,0,0,0,0,5.952,0,1.309,4.637,20.997,0,2,4,0,7,3.36,0.751,0,2.041,1.441
2021-02-04,0,0,29.841,0,4.866,13.832,0,0,7.327,0,7.876,0,5.026,0,100.063,20.414,0,2.731,5.455,18.214,2.254,0.239,8.961,48.979,3.876,12.811,33.076,1.184,1.712,0,6.207,0,4,1.201,0.815,0,3.962,0,2.687,2.204,7.929,0.764,0,0,3,0,0,0,0,10.33,0,0,14.324,21.004,0,1,6,0,14,6.833,0.415,0,2.183,5.163
2021-02-05,0,0,30.669,0,1.561,13.264,0,0,3.147,0,8.677,5.977,3.145,0,74.35,11.518,0,0.753,11.324,10.487,2.829,0.345,12.543,41.029,3.394,10.369,35.416,1.496,2.714,0,8.73,0,8,0,0,0,20.241,0,4.531,2.78,10.358,6.365,0,0,0,0,0,0,0,9.477,0,3.02,8.974,17.14,0,0,9,0,12,8.605,2.532,0,2.638,4.636
2021-02-06,0,0,32.56,0,0.579,11.342,0,0,4.459,0.714,7.825,6.461,4.299,0,97.431,7.893,0,5.218,19.109,18.57,4.007,0,15.021,47.722,5.822,14.717,39.892,0.788,1.863,0,10.419,0,6,0.572,0,0,16.682,0,3.412,4.516,7.548,3.409,0,0,1,0,0,0,0,9.891,0,0.522,1.58,27.775,0,5,10,0,14,8.055,2.246,0,3.642,8.058
2021-02-07,0,0,37.856,0,1.137,9.676,0,0,5.173,1.279,6.371,4.699,3.32,0,95.764,10.241,0,3.838,18.038,21.568,2.781,0,15.065,33.692,6.687,22.679,36.685,1.082,3.011,0,7.058,0,7,1.374,0,0,21.679,0,5.647,3.782,8.544,6.672,0,0,3,0,0,0,0,3.046,0,0.279,11.842,19.99,0,3,3,0,53,11.208,4.865,0,6.038,2.067
2021-02-08,0,0,61.175,0,0,10.877,0.376,0,6.975,2.094,9.547,6.627,3.471,0,79.857,13.486,0,5.285,22.05,30.967,7.345,0,32.752,57.126,0.763,21.356,72.632,1.532,0,0,7.796,0,16,0.959,0,0,45.105,0,11.002,7.38,27.899,7.058,0,0,0,0,0,0,0,2.758,0,1.051,1.918,65.089,0,7,23,147.665,50,12.475,0.401,0,4.967,9.425
2021-02-09,0,0,98.563,0,3.878,19.295,2.465,0,22.485,4.236,20.706,0,4.962,0,57.217,23.95,0,3.747,92.732,83.613,0,0,61.431,56.296,5.964,17.744,77.825,0,18.426,0,11.115,0,25,2.341,0,0,52.755,0,15.943,4.342,12.37,0,0,0,6,0,0,0,0,4.463,0,1.302,17.606,81.299,0,19,3,219.734,116,4.299,0,0,17.224,8.021
2021-02-10,0,0,125.417,0,3.799,48.202,3.691,0,43.597,1.731,43.262,18.8,19.137,0,124,50.077,0,8.395,113.844,109.43,8.658,0,71.463,85.909,0,45.035,147.342,0,15.828,10.524,16.796,0.87,10,2.354,0,0,67.724,1.151,30.453,42.436,30.512,0,7.187,0,5,0,0,0,0,14.408,0,1.967,17.58,81.146,0,22,16,249.974,131,0.843,0,0,29.197,7.431
2021-02-11,0,0,0,0,0,0,0,0,0,0,0,0,0,0,0,0,0,0,0,0,0,0,0,0,0,0,0,0,0,0,0,0,0,0,0,0,0,0,0,0,0,0,0,0,0,0,0,0,0,0,0,0,0,0,0,0,0,0,0,0,0,0,0,0
2021-02-12,0,0,0,0,0,0,0,0,0,0,0,0,0,0,0,0,0,0,0,0,0,0,0,0,0,0,0,0,0,0,0,0,0,0,0,0,0,0,0,0,0,0,0,0,0,0,0,0,0,0,0,0,0,0,0,0,0,0,0,0,0,0,0,0
2021-02-13,0,0,25.402,0,1.509,22.607,12.325,0,18.029,0,0,4.547,8.585,0,42.718,41.224,0,3.344,23.698,28.967,0,0,28.633,0,0,0,0,0,3.39,0.343,10.215,0,16,0,0,0,41.384,0.601,8.035,3.998,8.663,0,1.275,0,0,0,0,0,0,8.688,0,0.486,0,22.759,0,1,12,50.97,50,0,0,0,3.907,15.654
2021-02-14,0,0,21.042,0,0,31.032,0,0,17.99,3.259,7.33,2.009,8.546,0,30.622,29.167,0,3.979,29.552,25.06,0,0.485,27.583,10.626,0,14.013,52.733,1.518,4.615,0.101,9.238,0,11,1.101,0,0,21.108,4.233,11.063,0,11.566,6.156,0.553,0,7,0,0,0,0,8.346,0,0.844,5.34,5.981,0,4,14,50.27,7,0,0,0,0.456,4.725
2021-02-15,0,0,34.226,0,0,29.963,0,0,22.662,0,29.518,0,16.229,0,67.075,53.835,0,3.873,31.143,39.655,0,0,18.567,19.976,0,9.751,52.821,1.557,2.837,0,15.512,4,9,1.464,0,0,34.639,1.771,8.775,7.396,17.25,0,0,0,7,0,0,1,0,2.82,0,3.067,1.573,21.147,0,5,18,85.206,10,0,0,0,0,9.323
2021-02-16,0,0,24.503,0,0,44.202,0,0,23.392,0,7.895,10.505,13.246,0,54.7,34.648,0,7.784,23.259,31.647,0,0,0.401,31.462,0,14.185,67.819,1.492,4.546,0,6.627,0,8,2.229,0,0,31.413,0,7.788,4.858,16.608,0,0,0,3,0,0,0,0,9.706,0,5.429,0,9.031,0,1,24,80.675,0,0,0,0,7.989,2.543
2021-02-17,0,0,24.259,0,0,16.635,0,0,11.326,1.002,16.437,3.656,0.501,0,45.407,19.683,0,1.854,18.632,30.358,0,0,16.989,21.962,7.751,10.466,53.632,1.136,6.141,0.211,9.16,0,3,1.665,0,0,21.884,0,6.48,5.512,4.958,0,0,0,0,0,0,0,0,3.291,0,1.895,0,11.627,0,1,11,79.221,0,0,0,0,7.149,5.803
2021-02-18,0,0,3.688,0,1.696,32.862,3.711,0,12.694,0,20.782,9.156,2.581,0,37.284,41.406,0,1.614,16.562,18.17,0,25.094,16.832,30.75,4.302,9.081,62.327,0.533,2.9,0,3.359,0,7,1.358,0,0,31.676,0,4.855,6.085,5.271,0,1.021,0,4,0,0,0,0,4.666,0,0.343,0,25.251,0,1,4,62.014,0,0,0,0,7.46,4.224
2021-02-19,0,0,15.572,4.243,2.254,19.868,2.203,0,10.569,0,15.853,11.466,2.681,0,32.363,15.753,0,0,11.109,11.405,0,0,0.2,24.622,0,7.091,62.583,0.701,1.393,0,4.297,0,6,0.714,0,0,24.805,0,1.877,4.817,13.118,0,0,0,0,0,0,0,0,6.043,0,2.232,10.461,22.575,0,5,2,78.806,0,2.364,0,0,3.767,5.576
2021-02-20,0,0,16.333,0,2.145,27.657,2.132,0,14.047,0,20.23,11.597,3.107,0,22.696,16.121,0,0.949,11.185,15.966,2.205,0.234,9.956,29.141,0.586,3.662,42.79,1.158,3.237,0,7.035,0,7,0.401,0,0,15.257,0,2.258,3.056,6.551,0,0,0,0,0,0,0,0,2.619,0,0.994,5.822,10.304,0,4,5,84.219,12,1.966,1.661,0,5.651,7.82
2021-02-21,0,0,13.512,3.488,0,22.194,0,0,16.473,0,11.934,13.787,3.76,0,8.765,19.134,0,1.91,6.057,25.173,3.397,0,7.267,23.559,0,3.177,26.828,0.59,0.864,0,4.799,0,9,1.208,0,0,17.024,0,2.954,4.991,5.347,0.953,0,0,0,0,0,0,0,6.243,0,0.658,2.726,11.689,0,1,5,54.828,9,3.38,1.853,0,2.463,1.178
2021-02-22,0,0,10.32,2.98,0,15.893,0,0,13.028,0,7.59,5.614,1.428,0,22.473,31.975,0,0,5.726,11.662,2.139,0,6.523,17.647,0,1.674,29.742,0,1.004,0,3.859,0,9,0,0,0,6.416,0,2.58,3.415,6.382,0,0,0,2,0,0,0,0,8.226,0,0.622,5.702,13.166,0,3,6,44.965,5,1.193,0.476,0,3.177,0
2021-02-23,0,0.457,9.269,3.101,0,14.325,0,0,18.058,0,14.648,8.83,5.814,0,22.173,34.168,0.13,0,4.104,12.581,3.509,0,6.546,13.952,0,3.569,18.409,0,1.004,0,0,0,1,0,0,0,4.042,0,1.542,4.358,4.527,0,0,0,1,0,0,0,0,0,0,0.844,2.675,10.504,0,1,7,61.144,23,2.204,0,0,2.974,2.124
2021-02-24,0,0.234,15.442,20.502,0,22.367,0,0,17.74,2.463,10.908,0,6.29,0,49.297,31.588,1.568,3.246,4.126,12.151,2.368,0,9.933,21.386,6.901,3.769,37.166,0,1.087,0.269,6.052,0,7,0,0,1.202,0,0,0.765,4.824,10.87,0,0.623,0,0,0,0,0,0,0.806,0,0.265,2.216,16.024,0,4,2,33.346,15,0,1.253,0,4.143,6.574
2021-02-25,0,0,11.155,21.126,0,8.961,0,0,17.439,0,7.589,0,5.375,0,16.114,27.714,0.912,3.049,5.94,25.743,3.595,0,8.578,26.306,7.097,8.921,37.611,0,1.501,0,7.645,1.678,11,0,0,1.496,0,0,0,5.201,22.129,0,0,0,0,0,0,0,0,0,0,1.345,3.738,13.579,0,2,4,59.275,31,0,1.115,0,5.312,5.184
2021-02-26,0,0.206,20.508,9.496,0,32.708,0,0,37.054,0,8.52,0,11.893,0,58.031,58.6,0.237,4.078,7.797,15.152,2.594,0,8.057,35.142,17.126,6.467,33.812,0,0.728,0,9.013,0,15,0,0,0,0,0,2.945,4.817,44.189,0,0,0,3,0,0,0,0,8.527,0,1.246,2.696,34.922,0,7,29,67.95,36,0,6.103,0,2.853,9.047
2021-02-27,0,2.795,13.47,19.76,0,19.814,0,0,20.261,0,10.082,8.331,0,0,75.052,50.507,0,2.872,7.307,15.378,4.224,3.98,17.044,42.927,0,9.518,31.688,0,0,0,0,0,6,0,0,0,0,0,2.794,4.923,25.639,0,0,0,2,0,0,0,0,5.204,0,0.879,0.963,31.777,0,1,6,78.375,13,0,1.541,0,2.335,0.234
2021-02-28,0,0,3.993,6.31,5.902,30.254,3.382,0,28.966,3.094,10.098,0,4.386,0,109.499,64.697,0,0.894,2.814,16.493,2.03,16.038,14.914,31.679,4.498,8.374,29.552,0,1.383,0,7.811,0,18,0,0,0,0,0,3.21,3.958,57.701,0,0,0,3,0,0,0,0,5.137,0,0.487,1.153,22.994,0,0,5,34.436,19,0,1.529,0,4.239,5.203
2021-03-01,0,2.236,1.266,10.955,3.059,56.205,2.53,0,13.096,3.05,11.507,2.986,5.978,0,63.74,32.73,0.435,0.885,3.06,18.348,3.132,17.563,8.397,14.699,6.452,8.192,24.048,1.119,1.055,0.352,9.229,0,7,0,0,0,0,0.595,2.137,1.836,47.495,0,0,0,0,0,0,0,0,3.659,0,1.031,0,13.88,0,0,3,37.047,5,0,3.522,0,3.007,4.147
2021-03-02,0,4.105,0.174,7.438,1.22,16.923,0,0,20.254,1.706,6.322,3.886,6.003,0,38.638,28.313,0,0.826,5.466,13.285,2.744,16.808,7.571,28.836,3.884,8.175,21.406,0.951,1.497,0,7.752,0,8,0,0,0,0,0,1.164,2.155,36.663,7.727,0,0,2,0,0,0,0,1.577,0,1.21,0,11.774,0,2,1,31.58,25,0,0.512,0,1.167,16.02
2021-03-03,11.568,3.763,0,6.835,0,36.257,5.358,0,9.517,1.186,7.324,4.615,3.854,0,37.175,26.066,0,0,4.3,10.367,4.511,10.535,5.928,12.581,4.691,8.692,7.757,0.59,0.418,0,4.959,0,10,0,0,0,0,0,4.64,5.102,43.467,0,0,0,2,0,0,0,0,3.39,0,1.18,0,9.429,0,1,4,22.575,13,0,1.37,0,1.349,6.807
2021-03-04,22.605,3.078,0,14.056,2.63,16.123,0,0,10.901,3.012,0,2.527,3.812,0,28.436,19.193,0,0.584,2.832,14.565,1.917,9.932,7.063,9.439,0.838,8.764,18.177,0.422,0.325,0,5.043,0,2,0,0,0,0,0,2.212,3.639,10.25,0,0.21,0,0,0,0,0,0,1.914,0,1.645,0,9.513,0,2,4,72.44,10,0,0.991,0,1.223,6.137
2021-03-05,21.036,3.056,0,11.866,1.17,12.779,0,0,6.605,3.074,5.335,3.6,6.22,0,66.469,27.812,0,1.844,4.462,20.454,2.532,16.959,6.534,19.505,1.907,5.017,18.138,0,0.892,0,5.688,0,8,0,0,0,0,0,3.981,4.86,23.397,7.417,0,0,1,0,0,0,0,0,0,0.215,0,22.45,0,6,12,63.547,17,0,0,0,2.375,6.354
2021-03-06,18.964,3.503,0,16.924,7.347,3.779,1.313,0,19.868,2.893,10.27,1.69,5.374,0,78.998,58.891,0,3.297,7.744,33.851,4.325,33.633,9.558,29.662,11.773,11.709,26.735,0,0.427,0,7.953,0,5,0,0,0,0,0,5.676,9.512,41.931,16.039,0.194,0,3,0,0,0,0,1.007,0,1.802,0,34.67,0,6,7,97.965,35,0,0,0,1.349,7.826
2021-03-07,21.69,1.325,0,22.691,0,0.686,1.113,0,13.647,4.339,10.989,4.858,5.025,0,74.65,42.801,0,2.781,1.75,22.096,3.784,24.545,12.526,34.448,7.01,12.41,26.889,0,1.823,0.141,10.415,0,8,0,0,0,0,0,7.54,2.417,15.099,8.658,0.414,0,2,0,0,0,0,0,0,0.53,0,50.138,0,4,8,84.667,10,0,0.868,0,2.353,9.381
2021-03-08,0,1.655,0,16.687,5.281,23.447,3.811,0,13.751,1.927,6.605,2.418,6.166,0,71.416,23.347,0,1.11,4.321,17.239,0.928,20.482,9.142,13.754,5.467,10.553,23.921,0,1.001,0,8.882,0,0,0,0,0,0,0,1.786,4.578,22.542,8.422,0,0,1,0,0,0,0,6.646,0,0.966,0,31.896,0,1,9,47.093,3,0,1.648,0,1.546,4.332
2021-03-09,7.072,1.199,0,13.441,0.325,22.308,1.351,0,8.362,0.442,11.139,2.318,4.757,0,43.386,15.135,0,2.621,5.294,16.002,4.836,17.194,6.78,12.398,2.24,6.59,32.608,0,0.162,0,4.299,0,10,0,0,0,0,0,4.333,3.167,17.411,6.915,0,0,0,0,0,0,0,6.377,0,0.78,0,21.675,0,0,5,34.903,10,0,0,0,1.171,4.111
2021-03-10,0,0.268,0,10.646,0,15.269,0.35,0,12.594,0,4.031,1.48,3.709,0,20.555,20.889,0,1.294,2.269,14.012,0.338,13.865,9.129,10.802,3.262,2.391,24.891,0,0.859,0,1.448,0,6,0,0,0,0,0,3.376,4.351,18.385,8.392,0,0,1,0,0,0,0,0,0,0.258,0,14.299,0,3,2,30.263,0,0,0,0,1.102,4.749
2021-03-11,0,1.79,12.051,12.715,0,26.574,2.214,0,14.632,0,4.549,1.939,3.919,0,31.467,20.822,0,1.719,4.167,12.295,2.181,0.332,4.173,11.851,10.352,4.767,26.204,0,0.854,0,2.925,0.597,5,0,0,0,0,0,1.687,3.489,14.532,9.465,0,0,1,0,0,0,0,0,0,0.665,0,18.898,0,3,3,27.87,5,0,1.894,0,1.528,7.018
2021-03-12,0,1.958,12.899,13.718,3.391,30.769,3.505,0,10.585,0.241,1.79,4.592,3.699,0,33.083,15.286,0,3.874,6.607,19.835,2.017,0.507,8.272,17.348,4.198,3.344,19.764,1.358,1.27,0,0,0,6,0,0,0,0,0,1.938,5.252,12.555,10.136,0,0,2,0,0,0,0,0,0,0.6,0,13.934,0,1,1,72.119,2,0,1.984,0,2.768,6.692
2021-03-13,0,1.786,0,21.684,2.153,19.754,3.176,0,10.75,0,1.572,3.892,3.517,0,17.931,29.603,0,4.517,9.418,22.085,3.497,18.924,9.599,18.476,10.42,10.87,31.086,0.746,3.283,0.183,4.242,0,12,0,0,2.246,0,0,2.338,0.531,11.972,7.08,0,0,1,0,0,0,0,7.676,0,1.195,0,24.541,0,8,2,66.488,16,0,0.852,0,2.89,3.785
2021-03-14,5.208,2.466,0,23.17,6.154,31.426,1.535,0,14.198,0,13.161,2.931,2.006,0,15.001,22.041,0,2.855,3.763,14.122,1.554,12.856,12.227,23.658,6.591,0,21.295,1.352,0.708,0,0,0,8,0,0,1.27,0,0,2.409,0,14.288,4.794,0,0,0,0,0,0,0,9.867,0,0.515,0,17.472,0,2,10,89.007,9,0,2.045,0,2.059,3.183
2021-03-15,0,1.373,0,7.388,2.204,14.264,2.145,0,7.108,0,1.856,1.637,0.281,0,13.357,12.192,0,0.401,1.98,12.079,1.579,5.546,5.333,16.439,5.068,5.652,17.597,0.156,0.678,0,5.674,0,6,0,0,1.34,0,0,1.314,0,11.053,4.439,0,0,2,0,0,0,0,0,0,0.615,0,12.164,0,3,1,66.587,5,0,0,0,0.643,4.286
2021-03-16,0,0.934,0,9.624,0.601,13.83,1.056,0,6.255,0,7.475,1.335,4.84,0,15.303,11.608,0,1.052,2.667,11.655,1.404,7.963,3.962,10.865,3.328,3.345,15.772,0,0.859,0,1.72,0,7,0,0,0.332,0,0,0.693,2.396,8.723,3.758,0,0,1,0,0,0,0,8.194,0,0.687,0,8.927,0,0,1,56.788,4,0,0.518,0,1.344,1.692
2021-03-17,0,0.797,0,9.725,7.977,14.2,1.419,1.244,10.47,0,3.711,2.146,4.83,0,11.914,13.372,0,2.346,5.34,17.232,2.081,11.204,7.444,20.628,5.888,3.567,14.53,0,0.576,0,2.241,0.963,3,0,0,0.644,0,0,3.305,1.344,13.589,4.555,0,0,2,0,0,0,0,0,0,0.758,0,8.698,0,3,2,50.584,4,0,0,0,3.015,2.907
2021-03-18,0,2.1,0,8.946,5.987,7.124,2.692,0,12.674,0,5.635,1.573,2.607,0,24.801,18.211,0,1.845,2.794,10.767,0.732,10.341,6.606,12.03,4.532,6.66,15.852,0,0.834,0,5.469,0,2,0,0,1.29,0,0,1.654,1.835,12.309,8.226,0,0,5,0,0,0,0,2.125,0,1.059,0,17.051,0,1,6,50.86,5,0,0.367,0,1.437,7.92
2021-03-19,0,0.286,0,11.458,9.668,22.86,0.958,0.551,13.329,0,4.198,0,5.34,0,13.77,20.025,0,2.215,2.771,14.775,1.093,20.484,6.053,14.57,5.085,3.947,23.292,0,0.87,0,3.195,0,10,0,0,1.915,0,0,4.218,3.106,10.277,6.598,0,0,3,0,0,0,0,5.569,0,0.722,0,28.332,0,1,5,41.273,16,0,0.367,0,0.885,2.995
2021-03-20,0,4.545,0,15.743,11.557,40.037,11.913,0,16.556,0,7.057,0,11.38,0,31.158,44.341,0,2.186,3.567,14.713,3.96,16.621,9.551,20.814,13.648,7.49,25.584,0,1.536,0,14.232,2.4,10,0,0,0.714,0,0,3.544,3.739,14.584,6.805,0,0,1,0,0,0,0,9.934,0,2.41,0,13.563,0,4,2,81.981,12,0,2.804,0,3.492,15.177
2021-03-21,0,2.095,0,8.152,7.952,22.475,0,7.783,15.838,0,8.931,0,3.497,0,46.462,32.805,0,4.64,5.199,14.586,2.545,14.685,9.517,16.303,3.997,8.677,29.423,0,2.179,0.192,1.188,2.282,12,0,0,1.703,0,0,1.542,3.267,10.503,7.013,0,0,1,0,0,0,0,9.599,0,0.293,0,35.11,0,3,11,83.79,10,0,0.818,0,3.131,4.448
2021-03-22,0,1.029,0,2.21,2.694,18.013,0,0,8.329,0,3.528,3.843,4.512,0,17.739,13.192,0,1.072,3.361,9.626,1.935,11.204,6.205,13.896,4.682,5.021,6.352,1.102,0.167,0,7.223,1.761,8,0,0,2.175,0,0,0,1.224,8.727,0,0,0,0,0,0,0,0,4.432,0,0.566,0,16.729,0,2,3,51.26,2,0,0,0,1.102,6.466
2021-03-23,0,0.273,0,5.102,3.955,25.102,0,0,15.836,0,3.479,1.467,0.414,0,33.292,19.465,0,1.824,3.624,16.342,2.135,10.554,4.498,14.774,2.291,2.71,10.069,0.301,1.09,0,0,1.28,9,0,0,1.491,0,0,0,1.834,11.333,0,0,0,1,0,0,0,0,5.586,0,1.853,0,13.86,0,1,1,44.415,2,0,0.835,0,1.645,4.235
2021-03-24,0,1.105,0,5.041,4.733,16.338,0,0.636,8.747,0,5.266,3.262,4.148,0,18.118,12.601,0,0.922,2.216,12.718,2.395,8.91,4.265,10.667,2.341,3.134,10.682,0,1.337,0,2.592,1.331,8,0,0,2.396,0,0,0,1.791,5.338,0,0,0,2,0,0,0,0,3.695,0,0.351,0,16.664,0,2,2,28.033,2,0,0,0,2.638,2.418
2021-03-25,0,0,0,7.01,8.131,24.35,0,3.169,8.646,0,2.193,2.132,2.807,0,2.663,6.385,0,0.834,3.243,9.45,4.069,9.37,4.951,10.587,3.461,2.669,11.403,1.403,1.439,0,4.264,1.424,2,0,0,3.982,0,0,0,2.545,9.27,0,0,0,1,0,0,0,0,0.852,0,1.317,0,14.587,0,2,4,30.723,3,0,1.102,0,2.289,1.792
2021-03-26,0,3.344,0,15.198,9.155,22.897,0,3.749,18.946,0,0,0,6.983,0,16.774,24.862,0,1.545,2.842,17.447,1.905,13.383,9.08,20.66,3.629,3.296,26.647,0.384,1.576,0,7.509,1.531,12,0,0,7.929,0,0,0.111,1.266,6.164,0,0,0,2,0,0,0,0,5.468,0,0.902,0,28.296,0,3,7,42.361,12,0,1.961,0,2.338,8.621
2021-03-27,0,2.679,0,16.507,15.81,36.411,0,0.565,14.566,0,0,1.954,10.515,0,21.053,15.838,0,3.582,4.224,22.372,1.624,15.061,11.672,26.456,8.512,5.89,23.569,0,1.644,0.161,11.054,0.622,12,0,0,5.287,0,0,2.226,1.529,8.324,0,0,0,1,0,0,0,0,11.958,0,0,0,25.349,0,2,3,48.114,19,0,2.115,0,4.519,12.03
2021-03-28,0,2.672,0,8.271,5.975,28.676,5.675,1.28,13.896,0,3.426,4.104,4.612,0,27.164,20.119,0,2.898,3.268,16.33,1.152,10.408,10.037,27.124,10.687,3.54,24.58,0,1.485,0,0,1.13,7,2.003,0,5.157,0,0,1.14,2.143,9.767,0,0.202,0,2,0,0,0,0,0,0,1.045,0,22.995,0,2,2,53.165,5,0,2.146,0,3.485,7.532
2021-03-29,0,0.782,0,0,10.385,8.599,1.702,1.731,14.469,0,0,3.128,3.347,0,9.874,23.126,0,2.255,2.252,12.771,2.927,10.886,4.03,25.371,0.904,1.347,8.999,0,0.682,0,8.068,0.501,9,1.877,0,6.369,0,0,0.447,3.535,4.758,0,0,0,1,0,0,0,0,4.565,0,0.652,0,35.063,0,4,3,44.902,6,0,0.441,0,2.858,1.929
2021-03-30,0,1.955,0,0,9.375,20.653,0,4.765,11.791,0,0,3.468,2.827,0,27.993,18.567,0,2.397,3.005,17.599,3.357,10.966,4.178,17.846,0,2.492,8.619,0,1.468,0.279,6.118,0.286,6,1.036,0,4.233,0,0,1.934,2.944,6.935,0,0.222,0,0,0,0,0,0,6.003,0,0.529,0,9.078,0,1,3,38.765,6,0,0.451,0,2.568,2.883
2021-03-31,0,1.266,0,0,0,18.454,5.363,2.704,17.293,0,1.232,1.223,5.553,0,43.147,16.792,0,1.203,1.277,14.665,1.523,9.11,5.101,14.42,7.65,2.96,6.494,0,0.41,0.225,0,1.009,9,0,0,5.552,0,0,1.693,3.295,5.312,0,0,0,0,0,0,0,0,0,0,1.623,0,14.32,0,2,3,43.48,12,0,2.646,0,1.655,5.715
2021-04-01,0,1.845,0,0,11.063,19.341,6.129,0,15.033,0,2.049,4.406,9.922,0,28.184,20.971,0,1.403,0.959,11.957,3.788,11.47,6.025,18.791,10.417,4.385,7.125,0,0.9,0,6.893,1.837,4,2.454,0,4.217,0,0,1.602,3.182,6.467,0,0,0,3,0,0,0,0,5.285,0,1.023,0,20.318,4.781,0,3,36.656,7,0,0,0,3.007,7.721
2021-04-02,0,2.857,0,0,12.386,26.238,12.595,0.193,16.258,0,0,2.663,6.815,0,27.173,16.69,0,0.751,1.732,16.734,0.571,16.922,8.716,19.319,10.175,3.996,14.721,0,2.073,0,9.186,2.453,10,2.271,0,4.443,0,0,3.127,3.507,6.404,0,0,0,3,0,0,0,0,8.077,0,0.279,0,50.211,1.59,3,1,51.559,19,0,1.092,0,2.081,7.189
2021-04-03,0,5.395,0,0,11.106,43.831,9.72,0,15.704,3.227,1.132,9.75,10.928,0,26.124,13.054,0,4.41,5.787,24.58,3.286,19.481,15.184,38.639,14.916,4.636,24.128,0,2.403,0,9.361,4.658,11,2.429,0,4.973,0,0,4.344,2.419,11.895,0,0,0,0,0,0,0,0,6.472,0,1.547,0,29.954,0,0,5,62.915,10,0,0,0,6.569,9.901
2021-04-04,0,2.504,0,0,20.182,27.255,6.688,0,15.751,0,3.779,7.652,8.661,0,40.739,12.432,0,2.756,4.215,15.766,1.867,14.863,14.685,34.189,6.906,4.512,20.461,0,2.078,0,0,1.489,11,3.808,0,4.671,0,0,2.027,3.134,7.608,0,0,0,0,0,0,0,0,8.645,0,0.537,0,37.267,0,1,4,66.277,12,0,2.906,0,3.283,6.071
2021-04-05,0,5.179,0,0,23.925,16.394,3.729,0,21.558,0,0,1.486,6.078,0,30.003,21.879,0,3.629,5.266,11.856,2.356,14.772,14.442,50.109,8.74,8.372,21.845,0,1.28,0,5.532,1.396,12,1.561,0,3.606,0,0,1.789,2.693,9.963,0,0,0,0,0,0,0,0,5.97,0,1.209,0,26.592,0,2,4,85.561,1,0,0,0,5.089,5.051
2021-04-06,0,0.918,0,0,6.71,3.153,1.678,0,2.641,0,0,0.893,4.749,0,18.8,2.579,0,2.075,0.677,2.407,0.439,4.222,2.05,6.156,3.339,1.003,3.457,0,0.388,0,1.289,0.165,2,0.693,0,1.231,0,0,1.14,0.138,3.196,0,0,0,0,0,0,0,0,1.488,0,0.565,0,6.974,0,0,0,26.808,0,0,0,0,0.791,1.103
2021-04-07,0,4.946,0,0,11.649,22.739,8.735,6.272,27.897,0,0,3.572,11.292,0,45.816,11.934,0,4.259,3.974,11.805,1.253,7.432,6.27,15.592,9.024,4.674,16.416,0,0.622,0,0,1.319,14,4.258,0,3.641,0,0,2.235,1.128,7.18,0,0,0,3,0,0,0,0,0,0,0.293,0,11.347,0,3,2,39.233,0,0,0,0,3.397,9.482
2021-04-08,0,2.249,0,0,8.36,8.498,4.041,0,12.109,1.254,0.843,3.315,1.074,0,40.053,12.892,0,1.824,2.238,19.405,0.914,8.431,0,14.066,6.175,3.247,7.355,0,1.309,0,8.642,2.227,4,0,0,1.673,0,0,2.321,2.933,12.151,0,0,0,1,0,0,0,0,9.381,0,0.88,0,8.228,0,0,2,28.051,0,0,0,0,1.702,6.406
2021-04-09,0,4.97,0,0,10.114,22.555,4.134,0,12.642,0,2.286,1.236,8.11,0,27.225,11.176,0,1.613,1.766,12.007,3.985,11.128,5.343,35.317,4.855,2.144,19.838,0,0.82,0,7.393,0.866,5,0,0,4.652,0,0,1.751,1.542,12.227,0,0,0,2,0,0,0,0,4.731,0,1.244,0,16.661,0,0,2,26.78,9,0,1.459,0,4.317,7.844
2021-04-10,0,2.287,0,0,8.901,20.448,4.141,0,37.796,0,0,5.544,3.167,0,45.255,21.417,0,2.236,4.732,15.385,3.295,17.048,12.171,28.438,5.618,6.514,17.415,0,0.616,0,9.415,1.338,11,0,0,4.656,0,0,2.051,1.554,13.351,0,0,0,3,0,0,0,0,0,0,0,0,21.748,0,0,4,58.05,4,0,0.824,0,3.804,19.113
2021-04-11,0,5.921,0,0,13.722,21.082,6.494,0,30.422,0,0,4.632,3.955,0,42.428,11.454,0,2.785,2.685,20.714,1.041,13.088,11.148,21.373,7.25,3.638,15.993,0,1.316,0,9.033,2.203,14,0,0,4.135,0,0,1.503,4.173,12.744,0,0,0,4,0,0,0,0,6.488,0,0.243,0,25.739,0,0,4,66.878,4,0,0,0,3.415,22.024
2021-04-12,0,3.779,0,0,8.511,16.767,3.626,0,17.727,0,0,3.098,4.128,0,43.651,15.888,0,2.663,2.378,7.518,0,4.951,6.728,16.374,5.63,3.579,3.056,0,0.394,0,5.136,1.122,4,0,0,4.876,0,0,1.617,1.379,10.447,0,0,0,2,0,0,0,0,4.315,0,0.693,0,15.653,0,4,5,15.82,0,0,0,0,3.437,4.565
2021-04-13,0,2.5,0,0,15.114,8.916,4.242,0,15.437,0,0,1.912,0,0,23.203,6.214,0,1.47,0.814,8.547,1.88,5.784,5.201,16.204,6.002,1.565,4.519,0,1.199,0,4.968,1.034,8,0,0.418,2.829,0,0,0.774,2.155,11.736,0,0,0,1,0,0,0,0,1.906,0,1.336,0,12.389,0,6,3,32.195,0,0,1.258,0,1.874,9.065
2021-04-14,0,2.164,0,0,9.114,15.964,3.762,0,14.95,0,0,2.298,4.069,1.607,49.102,5.778,0,3.452,2.096,12.971,1.153,6.654,8.394,17.995,1.633,2.917,11.253,0,1.156,0,9.599,0.944,9,0,0,3.267,0,0,1.28,2.105,6.767,0,0,0,0,0,0,0,0,7.527,0,1.311,0,12.125,0,3,1,28.417,7,0,0,0,2.884,9.247
2021-04-15,0,2.529,0,0,9.63,13.644,1.148,0,16.457,1.606,0,1.603,3.138,0,37.303,7.932,0,3.23,2.566,4.049,1.09,8.043,6.325,13.81,3.21,2.545,11.104,0,0.627,0,6.956,0.994,7,0,0,2.823,0,0,1.976,2.882,6.605,0,0,0,3,0,0,0,0,2.861,0,1.678,0,13.24,0,3,4,26.874,5,0,0.827,0,2.535,9.72
2021-04-16,0,1.983,0,0,10.302,13.741,5.138,0,10.334,5.168,0,1.453,3.655,1.223,37.531,8.697,0,2.706,3.398,6.894,2.139,8.185,11.468,13.521,5.888,1.665,10.531,0,0.531,0.197,3.473,1.487,2,0,0,0.726,0,0,1.749,3.885,14.516,0,0,0,0,0,0,0,0,3.494,0,0.292,0,26.711,0,2,6,29.198,7,0,0.326,0,4.902,9.844
2021-04-17,0,2.647,0,0,15.125,31.493,7.532,0,21.943,3.317,0,3.315,5.101,0,41.63,11.707,0,4.187,1.645,11.493,4.934,17.188,15.765,35.618,4.972,4.661,14.89,0.5,1.118,0,7.51,2.412,8,0,0,3.962,0,0,2.657,3.421,9.416,0,0,0,1,0,0,0,0,5.46,0,0.267,0,42.018,0,2,4,48.989,18,0,1.955,0,3.254,13.898
2021-04-18,0,2.559,0,0,15.83,29.202,4.449,0,9.617,8.064,0,0.192,7.237,0,31.577,20.762,0,4.255,4.226,9.226,1.648,11.905,13.259,23.343,7.209,1.303,11.093,1.739,0.955,0,3.599,1.144,17,0,0,4.149,0,0,0.979,3.384,19.012,0,0,0,1,0,0,0,0,7.739,0,1.017,0,24.972,0,4,4,79.583,10,0,4.375,0,3.053,12.559
2021-04-19,0,1.308,0,0,12.212,14.201,6.457,0,12.425,0.503,0,6.944,4.756,0,24.045,7.064,0,1.06,1.675,10.277,0.568,10.859,9.484,10.014,7.522,1.793,6.655,0.622,0.45,0,5.889,1.003,6,0,0,2.279,0,0,1.625,2.207,8.256,0,0,0,0,0,0,0,0,4.9,0,1.061,0,15.078,0,2,1,42.657,5,0,1.229,0,2.292,5.954
2021-04-20,0,1.367,0,0,17.811,17.238,15.219,0,7.408,2.689,0,5.079,7.491,0,20.9,10.218,0,1.734,1.361,5.229,3.184,10.962,6.227,16.655,4.411,2.757,10.332,0,1.142,0,3.284,0.835,4,0,0,5.67,0,0,1.38,2.576,10.362,0,0,0,0,0,0,0,0,10.407,0,0.225,0,13.683,0,2,2,42.696,1,0,1.93,0,4.387,11.488
2021-04-21,0,0.988,0,0,16.568,19.044,11.571,0,9.248,1.231,0,5.583,3.296,0,41.235,10.988,0,1.146,1.945,17.128,2.828,6.741,4.781,19.398,6.405,2.546,12.076,0,0.248,0,6.444,1.002,7,0,0,0,0,0,1.911,1.672,7.996,0,0,0,2,0,0,0,0,17.381,0,1.044,0,30.35,0,1,2,34.1,0,0,0,0,3.338,14.6
2021-04-22,0,0,0,0,22.427,16.037,10.233,0,9.348,0.528,0,6.072,2.164,0,20.507,10.601,0,1.863,1.151,3.98,2.561,5.295,8.475,12.096,5.301,1.993,10.311,0,0.308,0,5.027,1.329,7,0,0,4.344,0,0,1.614,2.425,13.046,0,0,0,1,0,0,0,0,12.077,0,0.852,0,22.519,0,4,2,25.972,0,0,4.149,0,0.951,9.182
2021-04-23,0,0,0,0,11.747,20.348,17.092,0,6.84,2.187,0,5.072,5.947,0,26.742,5.374,0,3.108,2.417,15.976,3.453,9.455,6.166,27.577,5.158,4.411,9.17,0,0.253,0.293,7.507,1.243,8,0,0,6.216,0,0,2.297,3.68,11.216,0,0,0,2,0,0,0,0,33.47,0,1.261,0,19.458,0,2,5,26.595,0,0,2.37,0,4.218,3.346
2021-04-24,0,1.998,0,0,35.954,21.953,30.026,0,8.815,3.041,0,3.578,10.793,0,35.113,10.358,0,3.211,7.1,20.487,4.556,18.148,15.728,72.387,4.271,4.231,15.544,0,1.301,0,15.505,1.634,13,0,0,6.404,0,0,2.659,4.983,29.035,0,0,0,5,0,0,0,0,12.281,0,1.403,0,34.922,0,3,10,54.921,0,0,0.821,0,3.274,8.145
2021-04-25,0,1.131,0,0,22.966,19.117,26.288,0,12.657,5.981,0,3.137,9.399,0,48.879,10.963,0,4.385,3.937,12.978,2.757,6.926,11.274,65.618,4.37,3.178,10.923,0,1.087,0,6.858,0.531,11,0,0,7.26,0,0,2.699,2.895,16.116,0,0,0,0,0,0,0,0,7.325,0,0,0,28.646,0,0,4,35.924,0,0,1.109,0,4.899,9.081
2021-04-26,0,0.484,0,0,16.483,12.941,21.104,0,13.061,4.473,0,1.633,4.213,0,21.517,6.361,0,1.132,2.642,6.547,0.99,6.525,9.125,28.466,3.51,0.552,9.751,0,1.674,0,3.579,2.12,5,0,0,3.412,0,0,2.115,2.608,8.31,0,0,0,2,0,0,0,0,8.639,0,0,0,14.652,0,3,3,40.089,0,0,0.882,0,3.754,8.012
2021-04-27,0,0.156,0,0,9.899,12.627,13.027,0,3.509,4.65,0,2.124,9.113,0,35.956,8.081,0,1.763,1.434,24.045,0.414,6.564,5.828,19.977,2.163,2.079,8.81,0,0.828,0,4.682,0.317,0,0,0,2.053,0,0,1.794,1.979,6.993,0,0,0,0,0,0,0,0,4.093,0,0,0,6.513,0,2,0,33.231,0,0,3.284,0,3.107,11.155
2021-04-28,0,0.803,0,0,2.223,13.426,18.312,0,3.02,3.243,0,1.773,3.144,0,23.091,9.071,0,0,3.304,14.567,3.085,8.253,2.611,14.877,7.23,2.265,5.982,0,0.687,0,4.6,1.377,2,0,0,1.96,0,0,1.196,1.83,7.421,0,0,0,4,0,0,0,0,8.438,0,0,0,14.528,0,0,3,30.578,0,0,0.866,0,2.003,6.321
2021-04-29,0,1.142,0,0,7.974,19.366,5.516,0,1.404,4.196,0,2.374,5.218,0,27.976,6.061,0,0.917,2.81,7.056,1.843,6.146,5.988,16.221,1.968,2.394,6.564,0,0.784,0,3.595,2.254,2,0,0,2.372,0,0,1.753,3.071,8.332,0,0,0,0,0,0,0,0,9.601,0,0.902,0,17.637,0,2,2,36.559,0,0,0.502,0,1.388,8.78
2021-04-30,0,1.359,0,0,6.529,23.345,9.449,0,1.388,4.849,0,0.792,6.071,0,17.659,5.23,0,1.92,4.44,16.841,1.369,7.355,0,21.342,0.642,3.062,12.828,0,0.819,0,1.439,2.028,4,0,0,6.186,0,0,1.375,2.707,11.417,0,0,0,1,0,0,0,0,20.461,0,0,0,16.783,0,1,4,28.011,0,0,0.851,0,2.883,8.078
2021-05-01,0,0,0,0,12.303,20.018,15.24,0,4.232,7.211,0,0,1.305,2.73,22.026,12.08,0,0.845,4.957,12.004,2.155,14.534,0,35.273,6.125,2.438,16.864,0,0.902,0,6.238,1.211,8,0,0,5.852,0,0,3.182,1.929,9.26,0,0,0,2,0,0,0,0,7.729,0,0,0,22.17,0,0,2,51.77,0,0,0.775,0,5.48,11.07
2021-05-02,0,1.421,0,0,15.746,17.809,19.446,0,9.483,4.774,0,0,5.618,4.766,33.418,17.409,0,3.397,6.31,14.016,1.854,13.765,0,25.303,3.875,2.357,15.502,0,0.635,0,6.506,1.937,5,0,0,7.012,0,0,3.488,1.492,7.396,0,0,0,0,0,0,0,0,8.893,0,0,0,11.163,0,5,6,48.895,0,0,0.578,0,6.299,11.739
2021-05-03,0,1.175,0,0,8.262,26.792,21.567,0,12.39,9.323,0,1.281,2.776,0,40,16.853,0,5.629,5.767,13.046,2.09,10.95,13.037,26.405,7.911,4.008,17.666,0,1.845,0,8.931,1.077,8,0,0.502,4.984,0,0,0.106,0,9.375,0,0,0,0,0,0,0,0,22.537,0,0,0,11.208,0,4,8,53.554,0,0,1.247,0,3.641,20.054
2021-05-04,0,1.078,0,0,10.764,25.771,22.395,0,9.56,5.077,0,1.905,4.164,0,29.05,17.214,0,2.269,3.523,9.112,1.556,10.866,6.87,19.199,9.218,1.479,7.656,0,0.292,0,7.894,1.143,5,0,0,12.234,0,0,1.904,4.725,10.632,0,0,0,0,0,0,0,0,7.467,0,0,0,18.639,0,0,3,22.129,0,0,2.903,0,2.097,13.244
2021-05-05,11.395,0.624,0,0,23.987,18.865,15.703,0,17.128,6.383,0,2.406,1.756,0,23.483,11.593,0,5.351,3.74,8.771,2.609,28.895,5.906,18.227,3.579,0.376,12.587,0,0.669,0,8.787,2.765,6,0,0,10.767,0,0,2.923,2.418,12.076,0,0,0,0,0,0,0,0,8.483,0,0,0,15.929,0,4,3,37.902,0,0,2.491,0,4.419,10.202
2021-05-06,6.231,1.476,0,0,9.592,15.988,17.742,0,9.679,2.161,0,1.815,7.326,0,15.632,5.989,0,1.454,2.805,11.805,4.816,9.94,2.31,20.42,1.822,2.878,4.789,0,0.209,0,7.894,1.203,7,0,0,11.514,0,0,1.822,3.234,6.955,0,0,0,0,0,0,0,0,7.47,0,0,0,0.779,0,2,3,52.619,0,0,2.442,0,4.142,5.335
2021-05-07,7.029,0,0,0,13.977,15.002,13.647,0,6.347,6.86,0,0.411,2.208,0,22.912,10.119,0,0.421,3.723,10.347,5.77,5.443,6.127,14.717,2.006,1.333,4.399,0,0.468,0,3.625,2.037,5,0,0,5.975,0,0,1.412,2.771,7.37,0,0,0,0,0,0,0,0,10.001,0,0,0,11.329,0,1,3,53.632,0,0,2.041,0,1.936,8.646
2021-05-08,6.771,0,0,0,22.311,17.93,16.165,0,5.341,3.241,0,0,3.897,0,20.569,11.996,0,1.684,6.778,17.271,2.737,8.228,5.804,14.666,2.91,1.202,8.86,0,0.868,0,6.994,2.597,6,0,0,9.909,0,0.16,1.21,2.719,11.304,0,0,0,1,0,0,0,0,4.496,0,0,0,13.456,0,0,2,42.365,0,0,0.462,0,4.16,5.653
2021-05-09,11.368,0,0,0,31.448,24.548,19.992,6.1,11.465,1.206,0,0,10.519,0,23.103,12.526,0,1.163,3.298,16.763,6.219,11.757,3.736,22.037,5.034,3.969,11.465,0,1.195,0,6.091,2.68,4,1.827,0,8.114,0,0,3.405,3.583,10.452,0,0,0,3,0,0,0,0,7.528,0,0,0,15.406,0,1,2,66.127,0,0,4.84,0,5.435,18.863
2021-05-10,17.331,0,0,0,15.654,20.207,13.797,0,4.077,2.814,0,0,2.611,3.108,19.751,7.021,0,2.365,2.182,14.227,5.804,8.621,0,15.603,0,0.501,3.507,0,0.514,0.191,0,1.553,3,1.697,0,12.861,0,0,2.584,3.608,8.296,0,0,0,0,0,0,0,0,8.033,0,0,0,15.263,0,1,1,41.488,0,0,2.309,0,2.205,5.953
2021-05-11,16.672,0,0,0,11.911,10.905,20.545,0,5.421,0,0,0,7.288,0,32.61,5.446,0,2.746,4.15,14.778,4.046,5.439,6.387,15.537,2.258,1.893,4.199,0,1.279,0,3.384,1.764,5,1.12,0,18.41,0,0,0.814,3.597,8.259,0,0,0,0,0,0,0,0,13.59,0,0,0,12.231,0,2,0,23.618,0,0,1.846,0,4.658,10.571
2021-05-12,19.955,0.204,0,0,15.356,18.364,16.771,7.363,2.308,1.659,0,0,6.283,2.456,20.508,8.698,0,0.411,4.368,13.654,0.964,5.741,3.83,12.443,2.825,0.983,3.327,0,1.48,0,2.679,1.754,3,1.953,0,6.026,0,0,3.403,4.513,10.013,0,0,0,0,0,0,0,0,6.871,0,0,0,6.809,0,3,4,20.502,0,0,2.525,0,2.439,7.593
2021-05-13,6.871,0,0,0,14.548,14.28,33.938,11.058,1.727,1.257,0,0,5.1,0,14.638,6.505,2.265,1.804,2.042,10.12,4.651,10.01,3.98,18.011,3.596,1.344,6.685,0,0.2,0,1.361,5.264,7,1.419,0,7.757,0,0,1.938,3.784,15.176,0,0,0,0,0,0,0,0,6.72,0,0,0,6.084,0,2,2,19.599,0,0,1.556,0,3.925,2.776
2021-05-14,7.376,0,0,0,6.936,21.808,36.764,5.327,9.015,3.014,0,0,7.047,0,21.448,7.539,1.321,1.182,4.02,23.454,5.982,7.37,7.009,20.553,4.082,2.956,8.277,0,0.429,0.177,5.344,2.135,2,1.354,0,6.996,0,0,2.335,3.897,12.07,0,0,0,0,0,0,0,0,6.468,0,0,0,20.444,0,0,2,26.736,0,0,1.454,0,3.639,11.976
2021-05-15,12.833,0,0,0,9.325,45.538,23.189,9.171,3.334,3.243,0,0,5.68,0,53.985,15.263,2.46,5.29,3.688,17.349,6.558,13.864,7.441,23.772,8.913,1.112,10.153,0,0.723,0,6.435,2.246,7,1.878,0,12.195,0,0,1.867,3.258,31.904,0,0,0,1,0,0,0,0,6.773,0,0,0,13.575,0,1,2,34.525,0,0,6.957,0,6.18,15.363
2021-05-16,6.125,0,0,0,9.7,29.216,7.614,7.678,9.779,1.584,0,0,4.577,0,43.769,32.269,0.451,2.68,5.11,15.383,1.179,12.649,7.528,31.318,9.783,1.874,5.063,0,0.722,0,0,1.323,5,0,0,14.063,0,0,4.477,4.426,34.519,0,0,0,5,0,0,0,0,8.739,0,0,0,21.064,0,8,4,100.877,0,0,1.104,0,3.573,17.354
2021-05-17,27.251,0,0,0,10.001,19.083,17.744,7.071,2.028,3.041,0,0,3.052,0,32.32,6.091,0,1.027,2.699,16.001,3.866,6.022,7.458,12.345,4.817,1.864,3.778,0,0.386,0.283,8.771,1.233,3,0,0,7.072,0,0,0.194,4.074,5.971,0,0,0,0,0,0,0,0,6.773,0,0,0,15.242,0,1,0,61.15,0,0,2.558,0,3.389,7.529
2021-05-18,17.712,0,0,0,11.981,11.856,20.307,9.834,3.896,2.69,0,0,4.196,3.845,21.524,7.052,0,0.789,3.835,14.116,6.835,7.475,5.837,21.519,3.93,1.083,6.492,0,0.729,0,4.285,2.817,8,0.551,0,7.031,0,0,1.865,3.624,19.215,0,0,0,0,0,0,0,0,10.105,0,0,0,9.579,0,4,0,55.477,0,0,2.341,0,2.954,6.867
2021-05-19,12.582,0,0,0,10.71,12.56,15.894,2.681,3.736,2.739,0,0,3.052,0,26.015,7.626,0,0.539,5.24,10.021,5.305,7.394,7.141,23.154,2.893,1.875,6.382,0,0.594,0,3.585,5.817,7,2.063,0,11.882,0,0,1.788,2.769,11.693,0,0,0,1,1,0,0,0,4.397,0,0,0,10.747,0,0,0,50.797,0,0,0,0,5.202,5.021
2021-05-20,13.337,0,0,0,9.549,19.451,19.444,2.738,5.663,2.186,0,0,2.148,3.495,24.132,8.648,0,1.353,1.712,14.238,4.338,7.64,5.636,8.171,4.046,2.27,2.938,0,1.244,0,3.535,6.468,4,1.512,0,7.259,0,0,1.97,2.58,9.088,0,0,0,0,1,0,0,0,3.941,0,0,0,9.018,0,3,0,40.383,0,0,0.97,0,4.818,3.83
2021-05-21,6.466,0,0,0,0,17.124,10.261,0.376,2.691,1.156,0,0,3.635,0,14.131,9.213,0,2.282,1.994,15.636,5.423,13.343,7.193,22.825,3.696,2.555,3.016,0,0.815,0,0,1.162,8,1.336,0,6.556,0,0,2.288,2.356,18.619,0,0,0,0,2,0,0,0,7.163,0,0,0,11.154,0,5,0,4.119,0,0,0,0,4.377,5.537
2021-05-22,7.287,0,0,0,9.562,22.741,17.262,7.121,10.282,0,0,0,3.313,0,22.136,24.301,0,1.103,5.751,13.584,5.985,12.468,9.552,27.996,3.043,0,7.766,0,0.965,0.288,6.467,1.414,9,2.179,0,7.539,0,0,2.562,3.67,16.188,0,0,0,0,0,0,0,0,9.247,0,0,0,6.966,0,0,0,67.247,0,0,2.037,0,3.832,21.643
2021-05-23,5.388,0,0,0,13.11,44.555,18.964,0,17.771,0,0,0,9.055,0,26.12,17.827,2.214,3.183,3.548,17.878,11.626,12.906,9.55,45.695,11.707,0,7.196,0,0.271,0,0,5.033,5,1.929,0,7.252,0,0,1.738,4.55,16.799,0,0.263,0,0,1,0,0,0,8.438,0,0,0,18.536,0,8,0,103.061,0,0,4.349,5,5.408,28.749
2021-05-24,5.309,0,0,0,8.066,25.771,17.679,5.494,9.818,0,0,0,7.061,3.573,19.158,13.111,0.541,3.41,1.775,15.618,0.502,8.031,4.666,16.294,4.23,0,3.057,0,0.371,0,7.144,1.223,5,1.737,0,10.892,0,0,1.397,4.05,10.76,0,0.275,0,0,3,0,0,0,5.053,0,0,0,24.63,0,1,0,32.455,0,0,0.441,0,2.788,1.136
2021-05-25,0,0,0,0,11.71,14.952,15.335,5.852,8.996,0,0,0,13.845,0,8.652,8.615,0.42,2.655,3.99,12.141,0.823,7.118,8.563,17.861,3.462,0,3.979,0,0.744,0.278,0,1.433,6,1.803,0,8.147,0,0,2.178,4.761,12.66,0,0,0,1,0,0,0,0,8.588,0,0,0,11.693,0,3,0,31.145,0,0,1.368,0,3.449,7.526
2021-05-26,7.053,0,0,0,17.898,13.864,14.583,7.73,3.895,0,0,0,11.126,2.571,18.934,11.666,0,2.494,3.465,9.431,3.856,2.911,6.053,21.801,1.572,0,2.174,0,0.415,0,8.186,1.834,7,1.369,0,11.267,0,0,1.946,4.363,15.486,0,0,0,1,3,0,0,0,9.074,0,0,0,24.746,0,2,0,37.237,0,0,1.551,0,3.373,9.917
2021-05-27,7.442,0,0,0,15.858,1.722,13.511,3.708,4.599,0,0,0,14.136,8.375,22.476,5.604,1.382,1.152,2.212,12.273,1.884,0,5.437,27.75,3.779,0,6.424,0,1.087,0,3.741,1.895,7,0.225,0,7.721,0,0,1.836,3.873,20.184,0,0,0,1,0,0,0,0,8.893,0,0,0,16.202,0,1,3,4.303,0,0,0.365,0,1.922,6.672
2021-05-28,5.619,0,0,0,12.108,2.458,17.126,1.903,8.529,0,0,0,8.734,2.89,14.344,8.734,0.24,0.789,4.894,11.708,2.99,4.569,6.424,28.335,1.789,0,3.528,0,0.852,0,0,2.677,7,0.969,0,9.164,0,0,1.75,6.317,7.05,0,0,0,0,1,0,0,0,7.427,0,0,0,13.854,0,1,0,46.071,0,0,0.973,0,3.364,6.756
2021-05-29,6.898,0,0,0,15.854,3.697,20.069,8.155,16.737,0,0,0,6.847,0,26.217,23.096,2.857,0.552,2.69,13.598,0.93,3.804,8.174,39.801,7.527,0,6.422,0,2.688,0,5.152,3.148,6,2.121,0,7.919,0,0,3.288,5.569,18.839,0,0,0,1,2,0,0,0,7.932,0,0.584,0,12.978,0,0,0,78.189,0,0,0.897,0,4.742,7.458
2021-05-30,7.209,0,0,0,16.709,12.359,21.303,3.014,11.134,0,0,0,15.058,0,31.416,24.035,3.598,1.365,3.936,20.317,2.436,11.177,9.581,7.842,4.599,0,2.825,0,1.821,0.232,6.284,1.894,3,1.277,0,11.657,0,0,1.866,3.674,19.858,0,0,0,0,2,0,0,0,7.833,0,0,0,13.454,0,0,0,70.004,0,0,2.912,0,2.935,9.014
2021-05-31,13.181,0,0,0,8.621,30.804,18.411,6.736,5.735,0,0,0,4.129,0,23.387,19.602,1.012,0.886,1.243,7.894,11.844,9.546,5.623,26.674,5.771,1.954,1.974,0.622,0.68,0,6.318,3.43,8,0.617,0,13.149,0,0,0.955,2.973,14.699,0,0,0,0,0,0,0,0,8.537,0,0,0,12.491,0,2,2,35.271,0,0,2.208,0,1.372,7.659
2021-06-01,6.55,0,0,0,17.539,18.984,19.842,2.547,4.249,0,0,0,10.085,0,12.071,17.51,0.64,0.626,1.765,7.91,16.32,9.285,3.254,26.07,4.181,0.966,3.208,1.389,1.311,0,6.215,4.009,3,1.352,0,7.898,0,0,1.242,2.138,10.427,0,0,0,0,0,0,0,0,7.208,0,0.25,0,15.523,0,2,3,52.295,0,0,1.546,0,1.342,5.001
2021-06-02,6.281,0,0,0,11.538,30.339,33.647,5.509,3.512,0,0,0,7.979,1.084,22.376,12.589,0.22,0.416,2.936,12.579,8.793,10.655,7.171,18.009,3.296,2.441,2.245,0,1.385,0,5.224,6.436,3,1.553,0,8.597,0,0,1.378,5.3,6.734,0,0,0,1,0,0,0,0,0,0,0.417,0,25.405,0,3,4,72.251,0,0,4.08,0,4.066,7.993
2021-06-03,8.741,0,0,0,13.241,15.673,23.671,1.56,2.091,0,0,0,8.413,1.165,17.475,6.183,0.55,0.416,3.556,5.535,2.618,9.961,5.001,22.216,3.713,0.117,4.641,0,1.838,0,6.301,6.378,5,1.053,0,7.904,0,0,2.114,3.448,6.399,0,0,0,1,0,0,0,0,6.145,0,1.193,0,14.068,0,2,4,57.1,0,0,1.372,0,3.233,5.568
2021-06-04,12.429,0,0,0,7.485,19.898,6.417,2.913,4.716,0,0,0,8.261,0,9.85,6.646,2.235,0.731,2.866,8.446,4.161,14.239,5.122,20.347,3.077,1.154,8.048,0.772,1.004,0,6.768,5.413,7,1.804,0,8.177,0,0,1.815,2.267,17.19,0,0,0,1,0,0,0,0,6.957,0,0.209,0,11.069,0,1,5,31.67,0,0,1.991,0,2.192,3.562
2021-06-05,0,0,0,0,17.076,42.412,29.823,5.677,2.643,0,0,0,7.513,0,13.792,15.302,1.656,0.1,3.633,22.26,4.651,0.351,9.581,43.422,4.582,0,10.562,0.78,2.805,0.181,7.394,8.933,11,2.89,0,18.972,0,0,2.803,3.929,21.457,0,0,0,1,0,0,0,0,7.403,0,0.443,0,18.064,0,2,5,50.281,0,0,4.565,0,4.034,2.96
2021-06-06,0,0,0,0,26.891,21.54,28.699,7.862,14.3,0,0,0,13.32,0,34.496,22.39,1.516,1.147,3.767,22.071,2.132,1.558,4.7,24.717,0.686,0,5.709,0.865,1.77,0,0,1.473,4,3.69,0,14.434,0,0,2.743,3.228,23.915,0,0,0,2,0,0,0,0,8.847,0,2.128,0,17.426,0,1,1,46.398,0,0,2.292,0,1.415,13.093
2021-06-07,4.699,0,0,0,8.712,23.442,14.675,6.487,10.956,0,0,0,4.696,0,22.317,14.016,0.552,0,1.592,10.725,16.201,7.639,4.659,16.038,6.833,0,3.385,0.437,0.36,0,6.656,5.372,3,1.069,0,6.72,0,0,2.942,3.068,17.528,0,0,0,1,0,0,0,0,6.656,0,0,0,8.781,0,1,2,37.447,0,0,1.271,0,2.544,7.392
2021-06-08,11.471,0,0,0,7.673,21.926,21.45,4.166,9.465,0,0,0,6.705,0,10.872,9.097,0,0.746,2.305,16.959,4.331,8.731,5.72,11.66,3.883,0,2.109,0,0.192,0,4.136,5.285,6,1.504,0,6.578,0,0.12,2.387,1.896,17.228,0,0,0,1,0,0,0,0,6.658,0,0,0,13.446,0,0,2,30.431,0,0,1.94,0,1.692,2.368
2021-06-09,0,0,0,0,7.989,18.78,20.501,4.049,10.955,0,0,0,7.729,0.923,8.457,3.714,1.955,0.458,3.378,9.548,7.404,9.301,4.379,15.913,1.175,0.619,3.662,0.63,0.567,0,6.015,3.746,2,1.352,0,13.351,0,0,2.406,2.105,15.756,0,0,0,0,0,5.001,0,0,7.042,0,1.144,0,10.932,0,0,3,24.07,0,0,1.588,0.535,1.503,3.709
2021-06-10,0,0,0,0,5.42,17.071,20.319,3.188,5.551,0,0,0,6.335,0.518,10.202,7.791,1.315,0.244,2.353,13.947,9.226,6.105,0,3.33,1.677,2.04,2.339,0.3,0.919,0,2.795,6.303,4,0.91,0,9.128,0,0,1.45,3.811,18.898,0,0,0,2,0,5.694,0,0,4.764,0,0,0,10.517,0,0,6,29.559,0,0,0.552,1.698,1.353,5.264
2021-06-11,0,0,0,0,4.136,24.94,20.569,5.344,7.408,0,0,0,10.44,1.187,12.585,0.843,1.567,0.416,3.076,2.074,12.832,10.376,4.019,9.66,1.361,0.669,2.197,0.179,0.46,0.268,4.952,3.261,5,1.253,0,10.243,0,0,2.421,1.213,18.714,0,0,0,0,0,4.665,0,0,4.732,0,0.742,0,11.388,0,0,1,39.864,0,0,1.138,1.286,3.087,7.996
2021-06-12,0,0,0,0,10.225,35.363,32.457,6.202,16.524,0,0,0,8.999,11.356,29.231,11.043,3.323,0.602,3.636,32.627,7.528,32.429,2.692,36.725,1.39,1.623,14.351,0.666,0.81,0,6.783,5.689,5,2.03,0,14.296,0,0,4.415,4.51,27.827,0,0,0,5,0,8.241,0,0,5.089,0,0.276,0,15.737,0,0,3,30.849,0,1.668,2.409,2.307,3.174,4.022
2021-06-13,12.175,0,0,0,10.437,26.483,41.035,7.405,9.801,0,0,0,6.528,8.01,21.816,13.795,4.148,0.816,4.408,13.895,15.055,46.743,7.472,51.436,4.842,0,4.364,1.172,2.522,0.44,9.212,4.613,8,2.179,0,15.577,0,0,3.352,7.036,24.768,0,0,0,0,0,0,0,0,5.888,0,0,0,10.888,0,0,2,44.308,0,3.477,3.663,2.454,2.114,7.407
2021-06-14,0,0,0,0,10.47,27.023,27.461,7.354,5.175,0,0,0,14.108,3.33,20,13.414,0,0.272,3.888,15.434,7.728,28.331,6.508,54.423,0,2.827,7.313,1.058,0.96,0,0,4.849,5,2.155,0,14.145,0,0,5.143,5.162,17.273,0,0,0,1,0,0,0,0,7.1,0,0.844,0,18.614,0,0,2,38.334,0,8.996,0.468,1.887,2.827,8.445
2021-06-15,0,0,0,0,9.868,16.845,11.379,3.331,4.701,0,0,0,5.788,0,16.51,7.129,2.358,0.588,2.385,12.375,5.002,7.959,5.402,26.961,3.925,1.372,3.537,1.094,0.176,0,2.982,4.386,5,1.478,0,20.003,0,0,3.776,2.428,19.533,0,0,0,1,0,0.902,0,0,6.806,0,0.284,0,18.365,0,3,5,24.872,0,0,1.49,2.075,3.499,3.961
2021-06-16,0,0,0,0,6.646,11.78,12.385,4.274,4.242,0,0,0,6.559,0,8.557,5.541,0.92,0.358,3.335,8.847,7.527,6.748,6.908,8.256,4.784,0,0.828,1.553,0.61,0,6.255,3.909,4,1.686,0,16.203,0,0,3.179,1.664,9.095,0,0,0,2,0,0,0,0,0,0,0.267,0,4.734,0,0,1,26.134,0,0,1.488,0.45,2.064,4.713
2021-06-17,0,0,0,0,8.893,12.421,19.264,2.713,2.064,0,0,0,9.851,0,15.573,4.137,2.424,0.215,2.053,19.633,5.861,9.607,3.717,37.907,6.218,0,2.439,0.222,1.826,0,6.227,6.114,2,0.944,0,14.551,0,0,0.109,2.345,11.182,0,0,0,0,0,0,0,0,3.049,0,0,0,10.57,0,2,1,26.314,0,0,2.743,0.856,1.722,1.692
2021-06-18,0,0,0,0,8.054,20.504,21.513,4.164,10.404,0,0,0,6.56,0,25.035,12.229,1.806,0.115,2.352,22.343,4.092,9.642,4.52,17.662,0,0,3.187,1.36,0.944,0,5.714,3.284,9,0.81,0,7.511,0,0,0,2.667,15.486,0,0,0,2,0,0,0,0,5.77,0,0.868,0,17.309,0,1,1,22.607,0,0,0.904,1.431,2.444,12.633
2021-06-19,0,0,0,0,9.363,38.849,25.071,7.706,8.425,0,0,0,9.021,0,27.216,22.752,1.02,0.473,3.28,17.696,9.347,7.961,6.751,26.944,10.759,0,3.413,1.366,1.712,0,6.661,4.612,2,0.793,0,22.159,0,0.251,3.672,6.988,19.583,0,0,0,2,0,4.056,0,0,4.792,0,0.759,0,17.567,0,1,2,49.81,0,0,3.445,2.288,2.832,3.081
2021-06-20,0,0,0,0,7.441,15.001,26.783,7.396,9.349,0,0,0,9.095,0,24.13,27.913,1.522,0.602,3.676,45.989,12.932,12.599,5.869,23.225,4.412,0,3.551,1.303,1.074,0,6.917,4.022,12,1.419,0,28.801,0,0,2.507,4.302,21.429,0,0.17,0,2,0,4.862,0,0,5.799,0,0,0,20.389,0,0,2,47.558,0,0,2.96,2.428,2.596,10.448
2021-06-21,0,0,0,0,9.665,27.224,24.025,5.275,5.854,0,0,0,9.349,0,13.659,10.344,0.685,0.072,3.198,10.301,7.73,9.138,5.427,29.768,3.926,0,3.651,1.116,0.473,0,6.972,5.176,9,0.826,0,13.469,0,0,2.111,1.122,17.693,0,0,0,0,0,0,0,0,5.532,0,0,0,24.302,0,0,0,31.343,0,0,0.535,1.073,2.118,4.771
2021-06-22,0,0,0,0,10.034,18.737,18.411,5.001,7.025,0,0,0,4.299,0,8.726,6.667,1.455,0.788,2.814,21.121,9.448,6.46,6.231,13.192,5.1,0,3.742,0.708,2.124,0,3.198,8.698,7,0.768,0,14.422,0,0,3.864,1.533,12.348,0,0,0,1,0,2.742,0,0,2.84,0,0,0,12.97,0,0,3,25.917,0,0,0.351,1.47,4.825,9.598
2021-06-23,0,0,0,0,9.965,12.771,17.135,4.75,6.335,0,0,0,3.266,0,10.639,4.398,4.735,0.97,1.783,12.593,10.811,10.219,6.914,25.053,4.615,0,2.126,1.024,0.443,0,4.523,7.898,4,0.426,0,14.928,0,0,3.056,3.195,6.387,0,0,0,1,0,3.848,0,0,4.408,0,0.86,0,32.67,0,0,1,27.017,0,0,1.455,0.907,3.51,9.499
2021-06-24,0,0,0,0,7.651,19.673,16.513,2.541,3.756,0,0,0,8.611,0,15.068,10.685,1.941,1.539,2.294,12.025,7.518,6.479,6.022,17.365,1.762,0,2.484,0.737,0.637,0,5.526,2.607,2,1.16,0,14.22,0,0,2.996,3.498,10.383,0,0,0,1,0,2.173,0,0,4.763,0,0.718,0,17.52,0,0,1,16.324,0,0,0,1.028,3.472,2.694
2021-06-25,0,0,0,0,10.74,26.109,15.117,5.79,5.689,0,0,0,10.885,0,16.078,8.415,2.14,0.602,1.222,7.422,5.039,9.943,6.271,18.97,2.708,0,2.283,0.622,0.766,0,3.46,7.471,5,0.526,0,14.475,0,0,1.843,3.572,8.374,0,0,0,0,0,3.205,0,0,5.089,0,0,0,21.467,0,0,4,18.716,0,0,0.435,1.162,1.868,11.322
2021-06-26,0,0,0,0,14.398,46.539,14.068,0,12.471,0,0,0,12.508,0,26.913,26.29,4.348,0.803,1.622,17.437,13.178,15.975,8.44,52.509,4.212,0,8.106,1.375,0.916,0,6.275,10.501,4,1.536,2.732,0.98,0,0,4.837,6.274,16.35,0,0,0,1,0,4.625,0,0,7.16,0,0.534,0,19.312,0,0,4,43.285,0,0,4.834,2.346,3.546,17.022
2021-06-27,0,0,0,0,7.162,35.765,14.999,8.198,10.748,0,0,0,12.328,0,32.889,18.922,2.91,0.753,3.097,25.737,3.063,22.564,5.064,35.765,10.63,0,9.301,1.309,1.289,0,7.588,7.144,9,0.526,0.125,21.86,0,0,3.218,3.72,14.117,0,0,0,0,0,4.537,0,0,5.769,0,0.459,0,20.777,0,1,3,46.928,0,0,2.976,3.537,3.684,12.474
2021-06-28,0,0,0,0,8.217,25.758,11.81,2.76,5.101,0,0,0,8.995,0,10.907,6.305,3.645,0.368,0.439,13.068,5.077,9.801,6.139,21.07,2.81,0,3.637,1.153,0.665,0,8.589,5.176,2,1.454,0.301,12.989,0,0,2.313,3.137,6.026,0,0,0,1,0,4.794,0,0,6.093,0,0.618,0,14.714,0,0,3,24.703,0,0,2.943,1.12,2.35,7.625
2021-06-29,0,0,0,0,5.857,21.634,10.006,3.032,4.888,0,0,0,7.269,0,13.792,7.074,1.263,1.271,1.767,9.901,7.328,6.717,3.98,22.756,2.693,0,2.291,1.231,3.298,0,2.149,6.694,1,0,1.503,13.342,0,0,2.955,1.843,6.44,0,0,0,0,0,4.462,0,0,5.593,0,0.785,0,11.627,0,0,1,17.987,0,0,2.492,0.535,2.837,6.021
2021-06-30,0,0,0,0,9.02,27.733,10.38,3.87,7.25,0,0,0,8.964,0,5.001,7.007,0.927,0,1.692,13.325,10.003,10.309,8.445,16.439,1.923,0,2.098,1.838,0.379,0,4.158,3.497,4,1.228,1.968,17.014,0,0,4.223,4.42,9.036,0,0,0,2,0,2.26,0,0,5.562,0,0.635,0,10.613,0,3,3,16.176,0,0,4.097,1.869,3.713,11.273
2021-07-01,0,0,0,0,4.247,40.607,15.129,4.078,7.609,0,0,0,11.254,2.129,9.9,11.761,2.179,1.037,1.641,11.809,10.356,8.782,6.723,20.769,3.043,0,3.292,0.965,1.131,0,6.463,4.162,2,1.862,4.814,14.022,0,0,3.17,1.263,9.826,0,0,0,0,0,3.111,0,0,6.688,0,0,0,12.951,0,1,2,28.081,0,0,4.113,1.058,0.688,2.876
2021-07-02,0,0,0,0,5.285,22.208,16.634,0,6.564,0,0,0,5.519,2.007,7.55,13.161,2.281,2.141,3.17,9.264,7.376,8.162,4.851,18.956,7.494,0,3.286,0.908,1.702,0,8.513,6.043,6,0.944,2.08,12.893,0,0,3.324,3.75,16.482,0,0,0,2,0,0,0,0,4.764,0,0.543,0,6.016,0,0,2,12.265,0,9.249,2.676,1.461,3.34,11.155
2021-07-03,0,0,0,0,9.216,34.916,18.015,5.194,5.804,0,0,0,5.672,2.169,18.591,16.471,1.955,0.317,2.256,27.547,14.854,25.644,9.032,34.266,7.125,0,7.869,1.631,0.486,0,12.541,8.935,9,2.496,3.133,27.824,0,0,4.775,4.411,20.293,0,0,0,1,0,4.387,0,0,11.985,0,0.81,0,14.231,0,0,5,35.583,0,0,4.884,3.853,1.891,4.8
2021-07-04,0,0,0,0,7.424,37.546,14.857,4.864,11.008,0,0,0,8.746,9.821,21.913,10.989,1.931,1.606,2.594,26.443,10.307,13.892,9.668,30.895,14.015,0,6.839,1.023,1.667,0,6.868,5.026,7,0.429,1.342,19.274,0,0,3.133,3.007,16.969,0,0,0,1,0,3.349,0,0,6.688,0,0.209,0,14.784,0,2,3,25.103,0,0,2.491,2.349,0.878,11.749
2021-07-05,0,0,0,0,7.838,31.182,11.913,5.632,6.35,0,0,0,8.38,2.53,17.619,17.058,1.754,0.886,4.225,16.489,9.952,10.983,6.94,33.858,16.657,0,3.704,1.696,0.751,0,7.995,4.374,5,0.766,1.892,10.329,0,0,3.74,2.497,16.219,0,0,0,1,0,3.386,0,0,6.419,0,0.25,0,32.497,0,2,5,17.064,0,15.003,8.144,0.869,4.6,14.841
2021-07-06,0,0,0,0,6.206,35.031,12.085,3.568,6.291,0,0,0,8.059,6.76,16.814,10.203,3.471,4.098,3.485,24.751,9.852,11.983,7.475,31.157,13.416,0,1.747,0.687,0,0,10.656,5.427,5,0.851,0.702,17.112,0,0,3.199,2.516,11.416,0,0,0,0,0,3.017,0,0,5.414,0,1.085,0,13.744,0,2,1,15.028,0,13.465,0.937,0.687,2.244,10.765
2021-07-07,0,0,0,0,3.521,32.175,8.519,0.538,11.492,0,0,0,8.312,4.097,15.067,14.524,1.291,0.151,1.418,14.925,6.317,7.079,6.355,26.155,7.431,0,4.587,1.674,0.114,0,3.93,2.957,5,1.123,0.363,10.631,0,0,3.018,2.406,15.543,0,0,0,0,0,3.242,0,0,2.93,0,0,0,14.333,0,0,3,14.549,0,9.573,0.937,0.86,1.121,8.274
2021-07-08,0,0,0,0,3.255,28.447,9.426,6.203,5.504,0,0,0,9.365,8.796,21.378,7.939,1.743,1.471,3.984,10.786,8.538,5.093,7.357,27.963,3.293,0,3.993,1.531,0.615,0,4.773,2.481,10,0.966,1.241,10.251,0,0,2.705,4.493,10.289,0,0,0,0,0,3.844,0,0,1.193,0,0,0,33.398,0,0,3,19.599,0,12.966,0.788,1.735,1.254,7.249
2021-07-09,0,0,0,0,5.858,21.354,9.478,5.332,6.606,0,0,0,5.384,7.666,7.014,12.429,2.82,1.338,3.473,7.859,3.839,5.693,5.904,16.805,5.904,0,3.216,1.439,0.852,0.222,8.319,1.291,5,0.401,0.238,3.945,0,0,2.613,2.796,8.347,0,0,0,0,0,2.21,0,0,1.005,0,0,0,11.671,0,2,3,11.39,0,10.276,0.836,0,2.693,6.948
2021-07-10,0,0,0,0,3.897,32.393,17.617,5.575,9.172,0,0,0,5.386,8.066,20.874,10.543,2.219,1.591,2.915,25.902,4.395,7.841,0.485,49.113,5.101,0,8.899,2.226,2.775,0.192,8.902,4.612,6,0.808,0.075,16.937,0,0,3.027,10.336,6.468,0,0,0,1,0,3.861,0,0,3.519,0,0,0,21.477,0,1,7,29.496,0,18.746,0.886,1.327,4.013,8.615
2021-07-11,0,0,0,0,10.337,59.906,12.918,6.171,8.969,0,0,0,4.815,2.336,19.33,11.648,0.971,0.527,1.251,13.242,3.302,5.948,12.012,29.428,10.523,0,7.69,1.905,0.243,0,13.373,3.61,7,1.587,0.651,16.712,0,0,2.957,1.873,11.305,0,0,0,0,0,3.681,0,0,3.493,0,0,0,46.206,0,3,0,18.538,0,23.821,0,2.799,0.752,21.444
2021-07-12,0,0,0,0,8.797,30.169,10.531,5.801,1.906,0,0,0,4.28,2.283,7.476,15.445,0.301,0.614,4.901,15.085,5.472,0,2.057,22.989,17.05,0,3.381,0.207,0.175,0.242,7.088,1.491,5,1.459,0,6.431,0,0,2.61,2.418,5.029,0,0,2.374,0,0,1.095,0,0,0,0,0,0,1.491,0,4,0,28.381,0,3.468,0,0.313,0,14.618
2021-07-13,0,0,0,0,0,29.039,14.553,6.935,11.161,0,0,0,8.663,2.752,6.871,7.793,0,0,3.572,19.233,3.239,0,6.137,35.768,15.401,0,2.93,1.524,0.393,0,9.104,1.091,2,1.517,0.628,7.614,0,0,3.698,3.172,10.517,0,0,1.061,0,0,6.92,0,0,6.23,0,0,0,11.49,0,0,2,2.276,0,5.653,0,2.041,1.12,14.736
2021-07-14,0,0,0,0,3.661,40.014,17.966,0,8.626,0,0,0,7.458,3.156,17.581,13.916,0,0,0,7.158,1.181,6.773,9.515,18.288,5.642,0,3.542,1.389,0.451,0.227,9.143,2.671,2,1.931,0.514,12.415,0,0,1.903,5.415,25.256,0,0,1.449,4,2,2.496,0,0,8.091,0,0,0,31.839,0,1,2,19.414,0,11.232,0,1.52,2.09,11.322
2021-07-15,0,0,0,0,5.302,32.758,9.647,4.92,6.047,0,0,0,7.86,3.322,14.445,11.148,1.482,0.412,3.297,5.602,0,7.045,7.859,16.427,4.82,0,3.191,0.479,1.354,0,5.484,2.28,5,0.451,0.601,11.462,0,0,2.028,1.68,9.445,0,0,0,1,0,3.333,0,0,4.939,0,0,0,11.205,0,2,4,21.641,0,8.715,0,0.309,2.743,10.203
2021-07-16,0,0,0,0,7.565,47.401,29.1,5.721,25.581,0,0,0,6.207,6.176,24.449,20.784,2.412,2.173,2.487,31.006,9.472,7.616,4.901,24.502,12.029,0,7.924,1.338,0.122,0,7.319,1.954,7,1.295,1.071,14.499,0,0,3.716,3.975,0.574,0,0,3.75,2,0,0,0,0,9.9,0,0,0,14.572,0,6,5,40.907,0,8.536,0,2.008,1.071,11.672
2021-07-17,0,0,0,0,7.045,54.115,22.725,6.534,13.53,0,0,0,11.373,3.457,20.052,21.19,1.884,0.691,4.667,12.408,3.97,12.101,10.703,37.447,3.033,0,13.548,1.302,0.429,0,10.37,3.107,8,2.59,2.961,12.618,0,0,3.95,8.762,1.676,0,0,1.84,0,0,3.944,0,0,7.94,0,0,0,41.906,0,2,4,37.842,0,8.777,0,2.62,3.945,16.526
2021-07-18,0,0,0,0,7.233,43.301,13.774,3.717,13.327,0,0,0,10.77,16.849,22.679,15.322,2.823,2.951,0,13.471,4.246,11.532,7.477,33.172,15.141,0,14.795,0.488,0.558,0,8.02,1.466,1,1.36,2.391,13.693,0,0,4.087,7.594,7.24,0,0.258,4.19,0,3,4.333,0,0,5.954,0,0,0,27.638,0,0,4,43.381,0,9.738,2.826,1.687,0,27.765
2021-07-19,0,0,0,0,4.624,40.79,15.977,6.478,12.783,0,0,0,9.064,2.149,15.507,12.688,2.185,0,0,4.913,3.316,10.549,3.864,25.794,1.948,0,9.793,0.995,0.436,0,6.856,2.732,7,1.237,1.103,14.242,0,0,1.26,2.343,0,0,0,0,3,0,2.167,0,0,8.094,0,0,0,9.141,0,0,0,22.758,0,9.399,2.358,2.229,1.672,11.138
2021-07-20,0,0,0,0,10.753,41.697,7.52,6.018,7.424,0,0,0,8.47,4.664,19.8,1.607,2.212,0,2.293,7.87,2.865,8.112,6.206,38.166,4.317,0,8.781,2.153,2.21,0,6.757,1.968,5,1.072,0.935,5.151,0,0,0.1,2.644,3.64,0,0.272,0,1,0,2.111,0,0,4.515,0,0,0,8.295,0,0,0,24.951,0,6.125,2.023,1.763,0.603,14.23
2021-07-21,0,0,0,0,5.631,43.856,11.446,2.175,5.315,0,0,0,2.736,3.927,16.769,6.146,1.362,0.351,3.464,11.917,1.508,9.734,7.008,41.321,3.816,0,10.75,1.066,0.48,0,7.282,1.328,7,0.637,1.288,4.799,0,0,2.527,2.769,5.375,0,0,0,0,3,3.131,0,0,6.66,3.796,0,0,11.662,0,2,3,35.874,0,7.791,1.338,2.979,2.712,11.974
2021-07-22,0,0,0,0,0,43.705,11.355,1.268,12.036,0,0,0,4.228,3.156,14.548,9.316,2.345,0.614,1.51,13.299,4.172,7.069,7.509,26.591,2.491,0,14.568,0,1.094,0,4.776,2.131,7,1.124,1.755,12.338,0,0,1.302,3.897,2.593,0,0,0,0,3,4.48,0,0,4.298,3.429,0,0,7.632,0,1,0,41.893,0,5.603,3.562,1.144,0.702,7.944
2021-07-23,0,0,0,0,8.68,43.756,17.074,3.309,6.406,0,0,0,5.23,0,11.264,6.686,1.554,0.276,2.475,11.135,0,8.748,6.98,19.468,2.389,0,11.554,1.717,0.907,0,3.298,1.843,6,0.529,1.471,7.085,0,0,2.026,1.928,9.998,0,0,0,1,0,2.081,0,0,8.011,3.613,0,0,19.041,0,2,0,23.846,0,7.037,0.928,0.447,1.07,6.105
2021-07-24,0,0,0,0,6.792,57.214,6.858,0,13.613,0,0,0,5.645,0,19.902,24.469,4.398,0.351,0.701,15.704,3.138,8.561,6.576,30.113,5.481,0,26.355,1.488,0.48,0,8.636,3.522,8,1.675,1.322,13.366,0,0,3.112,4.499,11.923,0,0,0,0,2,4.544,0,0,9.532,5.904,0.267,0,20.861,0,2,2,53.437,0,15.818,2.369,2.345,3.68,15.036
2021-07-25,0,0,0,0,9.045,58.523,20.677,6.992,24.782,0,0,0,9.671,0,29.387,10.268,2.089,0,0.28,18.164,4.814,14.635,5.926,45.1,5,0,21.671,1.483,0.323,0,8.33,2.463,7,1.746,3.027,18.07,0,0,3.005,6.421,13.258,0,0,0,0,0,3.959,0,0,7.72,0,0,0,15.129,0,1,1,41.309,0,4.295,2.463,0,2.583,24.468
2021-07-26,0,0,0,0,6.384,42.729,13.65,4.113,2.719,0,0,0,8.649,0,3.111,13.31,0,0,1.738,12.088,3.909,10.652,7.016,10.898,4.8,0,13.166,2.329,0.544,0,0,1.67,5,0.695,0,12.202,0,0,2.474,2.6,10.436,0,0,0,1,0,0,0,0,9.38,13.321,0,0,14.168,0,0,2,31.341,0,0,0.389,1.608,0,12.486
2021-07-27,0,0,0,0,10.783,36.592,20.674,2.174,12.653,0,0,0,6.134,1.082,7.959,12.552,0.603,0.54,2.864,7.581,4.473,8.817,5.925,37.602,5.856,0,26.208,1.604,1.31,0,6.612,3.493,8,1.039,1.224,20.714,0,0,3.284,4.347,7.032,0,0,0,1,0,0,0,0,4.281,19.868,0,0,16.076,0,1,0,31.935,0,7.415,1.458,4.19,1.761,12.25
2021-07-28,0,0,0,0,12.906,48.187,12.499,2.797,12.115,0,0,0,9.025,2.973,22.346,12.501,0.783,0.49,1.526,8.694,3.165,8.15,7.164,42.486,3.859,0,26.498,1.39,0.918,0,6.856,1.897,10,0.617,3.172,6.104,0,0,3.151,4.534,6.664,0,0,0,2,0,3.153,0,0,3.995,17.62,0,0,15.817,0,1,2,40.612,0,1.38,2.312,4.023,0.787,11.746
2021-07-29,0,0,0,0,8.134,54.444,20.409,3.597,11.109,0,0,0,7.838,1.115,7.143,19.633,0.264,1.132,1.376,4.95,3.405,6.5,6.983,20.37,2.745,0,14.468,1.67,0.544,0,2.834,2.639,6,1.031,1.024,4.195,0,0.191,2.919,2.136,6.862,0,0,0,1,0,3.984,0,0,9.168,13.86,0,0,11.006,0,1,1,15.506,0,50.208,0.959,0,1.057,17.405
2021-07-30,0,0,0,0,7.803,56.211,9.552,0.975,8.492,0,0,0,8.49,9.733,13.824,7.703,1.082,0.905,2.812,11.91,5.14,8.534,1.611,31.871,5.128,0,16.534,1.396,0.51,0,9.7,3.317,8,0.136,0.755,7.905,0,0,2.351,5.012,5.504,0,0,0,1,0,1.137,0,0,12.286,27.761,0,0,11.76,0,2,3,32.3,0,16.795,0,0.869,1.628,13.388
2021-07-31,0,0,0,0,9.674,67.144,10.029,5.542,10.658,0,0,0,0,2.94,19.541,15.492,1.647,4.572,2.329,13.355,0.792,6.704,9.064,37.355,7.587,0,15.472,1.862,0.602,0,8.511,5.742,13,1.79,0.654,13.308,0,0,4.454,7.515,3.607,0,0,0,1,0,3.832,0,0,3.765,23.776,0,0,10.504,0,0,4,32.234,0,9.608,0.781,2.068,2.114,32.888
2021-08-01,0,0,0,0,10.938,51.095,11.636,8.439,21.263,0,0,0,9.725,2.636,22.496,28.649,0.653,1.256,1.748,12.81,0,10.571,9.784,66.798,3.534,0,32.243,2.098,2.571,0.251,7.782,1.332,6,0.859,2.213,15.51,0,0,3.509,10.982,10.688,0,0,0,0,0,2.225,0,0,8.95,17.515,0,0,0,0,0,3,50.329,0,6.209,1.517,2.653,1.88,22.452
2021-08-02,0,0,0,0,7.173,76.379,8.868,11.493,23.413,0,0,0,11.171,1.994,26.579,25.696,0.176,2.099,2.443,14.952,2.449,11.32,6.593,24.162,10.029,0,20.946,1.978,1.325,0,2.086,1.997,8,1.011,0.503,12.4,0,0,2.075,5.213,10.756,0,0,0,9,0,0,0,0,11.939,17.5,0,0,0,0,2,2,50.687,0,13.343,4.833,0,2.03,28.395
2021-08-03,0,0,0,0,7.754,0.804,12.767,3.261,13.674,0,0,0,4.498,1.588,23.116,37.106,1.696,2.652,2.434,35.605,5.114,15.325,6.631,20.34,30.878,0,23.8,1.547,0.666,0,8.993,2.575,19,1.375,1.081,12.98,0,0,4.042,3.091,5.085,0,0,0,6,0,4.235,0,0,11.427,28.592,0,0,0.301,0,1,4,28.374,0,6.445,1.28,1.174,2.871,33.764
2021-08-04,0,0,0,0,0,53.85,15.18,0,32.672,0,0,0,10.24,1.69,10.938,54.465,1.997,2.852,2.56,10.511,5.226,12.724,10.002,13.865,5.648,0,21.12,1.139,2.902,0.188,4.017,1.497,12,1.411,2.689,14.397,0,0,2.76,6.959,0,0,0,0,0,0,2.603,0,0,17.289,50.726,0,0,0.413,0,1,3,59.703,0,15.721,1.689,0,5.101,27.554
2021-08-05,0,0,0,0,7.476,43.381,22.26,4.847,24.371,0,0,0,6.923,2.668,22.735,35.993,1.156,1.947,1.036,9.02,3.882,11.931,14.699,22.028,4.929,0,14.319,2.394,0.615,0,8.519,1.315,10,0.479,0,11.064,0,0,1.874,6.033,8.711,0,0,0,10,0,1.255,0,0,3.156,0,0,0,4.61,0,1,1,38.821,0,13.341,2.877,0,4.833,36.367
2021-08-06,0,0,0,0,9.068,29.968,15.116,3.769,14.671,0,0,0,9.46,4.932,12.463,26.008,0.942,1.017,1.687,6.24,2.085,12.529,11.161,26.727,6.365,0,18.553,1.538,1.189,0,2.167,2.189,15,1.161,1.596,4.875,0,0,2.537,7.047,9.434,0,0,0,5,0,3.903,0,0,8.446,13.561,0,0,2.221,0,1,3,23.612,0,11.329,0.677,1.634,6.883,9.984
2021-08-07,0,0,0,0,7.629,44.442,15.089,0,13.695,0,0,0,7.512,3.751,27.423,35.108,0,2.713,1.958,8.487,4.36,12.463,12.98,40.416,6.923,0,24.206,1.24,1.343,0,7.523,2.54,11,2.006,2.524,7.123,0,0,3.731,8.443,4.262,0,0,0,1,0,4.293,0,0,12.387,17.802,0,0,0,0,2,3,42.926,0,9.315,1.622,1.881,5.925,10.389
2021-08-08,0,0,0,0,10.86,47.191,7.141,3.713,10.58,0,0,0,8.894,4.359,18.282,34.72,0,3.981,2.74,20.635,0,12.668,6.596,50.406,34.682,0,21.095,2.187,1.241,0,6.287,1.486,8,1.949,2.326,7.45,0,0,1.483,9.951,5.622,0,0,0,4,0,4.806,0,0,4.714,30.655,0,0,0,0,1,5,33.754,0,9.434,2.123,1.692,1.963,23.441
2021-08-09,0,0,0,0,6.946,8.821,8.542,8.253,18.17,0,0,0,9.584,3.346,16.161,40.591,0,2.156,1.214,6.226,4.774,12.084,4.725,56.607,10.542,0,17.391,1.424,1.455,0,4.381,2.32,3,1.455,1.67,6.541,0,0,1.584,5.389,6.796,0,0,0,1,0,2.962,0,0,9.347,37.421,0,0,0,0,6,1,36.92,0,18.126,1.889,0,3.088,39.736
2021-08-10,0,0,0,0,5.946,31.937,20.154,6.329,14.31,0,0,0,8.82,2.552,9.205,11.682,0,3.996,2.19,9.416,4.084,10.799,4.939,9.983,7.701,0,20.024,1.038,2.145,0,5.116,3.269,7,1.377,5.815,14.322,0,0,0,7.174,0,0,0,0,2,0,4.204,0,0,9.298,20.115,0,0,1.25,0,0,3,42.506,0,7.298,1.563,1.239,1.543,14.498
2021-08-11,0,0,0,0,6.465,21.407,16.468,7.489,22.151,0,0,0,11.524,3.032,8.587,37.624,0,2.5,2.692,13.303,3.983,10.765,7.462,1.054,8.342,0,18.739,1.39,0.238,0,0,1.999,8,0.688,4.52,7.224,0,0,2.709,6.547,7.028,0,0,0,1,0,3.013,0,0,9.097,37.961,0,0,0,0,1,5,35.612,0,6.715,1.756,0,2.367,17.066
2021-08-12,0,0,0,0,6.694,21.256,16.794,3.221,16.837,0,0,0,7.641,2.55,24.022,54.259,0,1.869,2.677,9.549,5.972,14.868,6.396,3.012,7.374,0,26.478,1.519,0.796,0.201,6.45,2.058,9,1.755,2.048,11.47,0,0,2.05,7.612,5.717,0,0,0,6,0,3.586,0,0,6.326,50.81,0,0,9.858,0,2,2,58.938,0,19.7,1.954,0,5.287,27.586
2021-08-13,0,0,0,0,12.552,64.263,7.603,3.791,13.467,0,0,0,11.146,3.94,23.417,18.868,0,1.064,4.625,17.67,12.386,10.073,10.011,3.504,8.884,0,37.722,1.37,0.413,0.226,7.669,0,4,1.897,0.779,13.559,0,0.893,3.941,9.46,10.13,0,0.773,0,6,0,5.517,0,0,29.753,19.037,0,0,0,0,2,3,53.085,0,17.247,1.776,0,6.677,26.614
2021-08-14,0,0,0,0,7.4,59.84,8.563,1.823,17.123,0,0,0,12.124,11.389,18.578,20.559,0,4.396,2.408,10.764,5.29,29.351,12.025,16.528,6.195,0,27.112,1.762,1.58,0,8.015,0,10,3.51,1.977,14.474,0,0.351,5.195,10.211,2.903,0,0,0,2,0,5.981,0,0,18.259,35.936,0,0,0,0,1,3,70.933,0,16.19,2.846,0,6.276,24.871
2021-08-15,0,0,0,0,0,44.929,11.545,0,31.624,0,0,0,9.425,5.052,20.697,35.107,0,2.212,2.76,12.683,0.647,11.291,11.067,8.103,2.262,0,46.018,1.455,1.179,0,8.665,3.453,12,1.691,1.939,12.932,0,0,5.688,10.121,5.865,0,0,0,5,0,5.1,0,0,18.344,65.388,0,0,0,0,1,5,49.406,0,16.543,1.372,0,4.848,14.757
2021-08-16,0,0,0,0,7.4,28.316,10.229,5.334,17.002,0,0,0,6.872,2.147,5.791,16.254,0,2.831,5.16,10.253,0,9.039,2.876,6.045,6.183,0,48.033,1.798,1.805,0,5.887,2.5,11,1.226,1.647,8.841,0,0,2.041,6.957,7.471,0,0,0,0,0,3.275,0,0,16.43,32.288,0,0,0,0,0,6,27.723,0,11.898,2.512,0,2.438,7.268
2021-08-17,0,0,0,0,0,38.184,0,5.351,14.109,0,0,0,7.386,0,9.873,33.898,0,1.868,2.61,14.311,0.77,12.463,7.967,9.498,11.307,0,52.568,2.134,0.802,0.89,7.283,3.577,16,1.548,1.386,10.885,0,0,2.326,6.265,9.744,0,0,0,2,0,1.798,0,0,10.273,9.137,0,0,0,0,4,5,37.682,0,11.676,1.808,0,2.552,7.732
2021-08-18,0,0,0,0,8.666,25.695,11.432,5.801,20.381,0,0,0,5.727,2.371,14.809,26.346,0,4.787,2.861,11.116,1.339,10.957,0,7.078,5.916,0,50.778,4.185,0.782,0,7.944,3.772,5,1.16,2.168,12.226,0,0,2.879,4.107,3.877,0,0,0,1,0,2.049,0,0,9.431,11.436,0,0,1.567,0,5,0,32.368,0,10.605,1.975,0,2.688,10.36
2021-08-19,0,0,0,0,8.002,33.81,6.07,5.121,19.892,0,0,0,1.306,2.48,15.19,9.656,0,0.834,2.4,9.951,6.659,8.826,0.49,8.906,2.425,0,26.026,3.139,0.563,0,6.975,2.543,6,0.961,1.838,6.109,0,0,1.982,8.285,4.867,0,0,0,1,0,3.39,0,0,8.943,35.272,0,0,0,0,0,4,33.514,0,12.401,2.467,0,2.99,12.604
2021-08-20,0,0,0,0,7.575,37.459,5.603,1.597,19.99,0,0,0,4.8,2.247,17.31,20.276,0,1.955,2.485,16.651,3.373,11.326,0,4.709,3.895,0,24.038,1.004,0.727,0.608,6.083,3.252,13,1.167,2.71,9.927,0,0.518,3.286,6.177,0.117,0,0.234,0,4,0,1.626,0,0,8.624,23.636,0,0,42.565,0,2,4,31.483,0,1.242,4.486,0,2.613,11.394
2021-08-21,0,0,0,0,12.312,52.672,6.426,3.076,10.579,0,0,0,13.782,2.68,20.951,16.051,0,5.013,5.333,4.748,3.144,34.37,0,6.334,13.016,0,33.284,2.049,1.31,0.821,9.012,4.408,10,4.55,1.898,17.531,0,2.091,4.828,9.699,8.751,0,0.996,0,6,0,2.266,0,0,13.048,14.053,0,0,28.566,0,1,0,32.592,0,23.897,2.098,0,1.996,24.501
2021-08-22,0,0,0,0,20.809,39.065,19.072,0,17.012,0,0,0,6.332,4.701,20,38.151,0,6.856,2.219,10.365,1.546,30.446,0,1.546,8.708,0,46.269,3.913,2.132,0.915,7.7,5.044,13,2.471,1.233,9.017,0,2.525,0.942,7.992,12.603,0,1.138,0,1,0,5.002,0,0,11.582,29.169,0,0,0,0,0,5,60.347,0,9.515,0.435,0,2.537,31.836
2021-08-23,0,0,0,0,16.85,15.984,5.317,7.85,10.881,0,0,0,7.942,3.646,7.466,29.284,0,2.401,2.801,16.867,4.222,9.215,0,4.509,0,0,37.492,2.922,0.614,0,5.086,1.296,12,2.163,1.344,7.804,0,0,2.842,6.557,1.407,0,0,0,1,0,0,0,0,2.917,23.233,0,0,0,0,2,4,2.014,0,6.38,2.244,0,2.35,22.114
2021-08-24,0,0,0,0,7.115,18.709,8.019,4.494,18.568,0,0,0,3.229,3.272,2.973,22.615,0,0.633,3.003,12.399,1.671,9.232,0,9.207,6.72,0,28.054,1.604,0.57,1.998,4.73,3.562,15,1.664,0.263,6.39,0,0.652,2.988,6.596,6.668,0,0.226,0,2,0,4.009,0,0,8.018,28.719,0,0,0,0,4,4,35.236,0,5.991,2.634,0,0.69,5.432
2021-08-25,0,0,0,0,6.954,32.981,14.876,3.479,14.007,0,0,0,3.053,5.582,0,18.794,0,1.624,3.072,14.685,4.072,7.959,0,1.486,0,0,33.156,1.447,0.402,1.146,5.35,2.207,8,1.685,0,3.72,0,0.192,2.106,3.666,4.412,0,0,0,3,0,6.65,0,0,5.747,9.441,0,0,0.733,0,2,3,36.323,0,6.942,1.44,0,2.668,6.582
2021-08-26,0,0,0,0,6.584,45.471,31.304,7.357,13.695,0,0,0,8.492,2.451,26.926,29.013,0,4.396,3.423,18.435,5.113,11.372,0.427,4.789,4.813,0,60.592,1.698,0.952,2.147,7.154,2.534,7,4.57,0,6.713,0,0.211,2.968,8.181,4.464,0,0.402,0,2,0,5.506,0,0,6.222,19.356,0,0,0.663,0,1,5,36.27,0,11.294,0,0,2.198,27.448
2021-08-27,0,0,0,0,7.888,30.729,11.508,8.844,15.265,0,0,0,12.601,3.115,26.182,35.579,0,2.686,4.513,21.884,3.242,11.186,10.039,2.842,18.731,0,54.271,1.304,2.139,0,11.992,2.125,12,2.364,0,7.184,0,0.794,1.332,9.448,1.93,0,0,0,3,0,0,0,0,16.311,26.969,0,0,16.726,0,1,5,44.934,0,6.016,2.239,0,3.254,14.155
2021-08-28,0,0,0,0,6.954,21.623,15.708,5.03,15.415,0,0,0,7.337,1.898,21.319,29.515,0,1.61,7.367,17.454,3.166,12.308,10.026,16.154,6.747,0,45.476,3.29,1.44,0.859,7.567,4.098,14,4.564,1.618,5.015,0,1.064,3.87,9.006,10.657,0,1.204,0,3,5,0,0,0,20.162,50.546,0,0,19.348,0,3,2,41.349,0,10.927,2.531,0,4.812,8.218
2021-08-29,0,0,0,0,5.854,35.831,10.261,6.906,16.723,0,0,0,7.852,1.346,15.068,15.227,0,1.495,3.976,14.885,5.641,14.71,12.554,13.585,11.763,0,52.591,1.693,0.847,0,7.123,2.784,13,4.779,2.129,7.402,0,1.436,1.633,5.27,7.618,0,0.56,0,4,5,4.935,0,0,13.765,22.719,0,0,42.596,0,2,4,57.434,0,17.995,1.396,0,2.299,33.307
2021-08-30,0,0,0,0,1.518,37.605,6.526,8.245,12.296,0,0,0,1.627,2.491,7.399,11.131,0,2.788,2.703,28.11,2.4,8.817,9.648,7.59,6.512,0,39.724,1.129,1.035,2.093,5.749,1.229,11,3.468,2.038,3.044,0,0.793,1.954,4.991,5,0,0.803,0,2,0,0,0,0,17.528,31.182,0,0,40.697,0,3,3,41.602,0,8.428,2.27,0,3.806,6.481
2021-08-31,0,0,0,0,2.902,35.63,11.965,2.762,5.265,0,0,0,4.068,0,14.292,13.309,0,2.374,1.493,27.659,3.028,6.936,8.617,1.125,1.88,0,29.864,0.916,2.106,1.008,4.105,1.471,7,1.77,3.763,6.833,0,0.863,3.426,6.448,7.452,0,1.412,0,2,0,3.576,0,0,13.918,23.465,0,0,41.754,0,2,1,39.277,0,6.235,2.51,0,2.966,6.81
2021-09-01,0,0,0,0,2.961,39.709,6.377,5.329,19.465,0,0,0,5.803,2.584,21.284,8.051,0,1.294,2.476,16.144,0.982,7.875,10.263,8.003,13.44,0,45.309,2.087,1.128,0.871,3.833,2.14,4,0,1.171,6.453,0,0.945,0.698,6.025,6.723,0,0.744,0,5,0,3.114,0,0,8.159,11.235,0,0,0,0,2,8,26.445,0,7.509,2.629,0,2.274,7.794
2021-09-02,0,0,0,0,8.163,27.791,6.326,3.853,6.431,0,0,0,0.984,2.484,17.199,18.584,0,0.842,4.16,9.374,0.458,8.285,6.521,27.869,10.058,0,44.626,1.027,1.066,0.928,5.56,1.012,7,1.204,1.414,4.093,0,0.623,2.138,4.117,6.973,0,0.243,0,2,0,4.348,0,0,12.09,14.241,0,0,0,0,1,3,24.285,0,7.911,6.768,0,1.456,8.743
2021-09-03,0,0,0,0,6.021,24.421,6.164,2.64,4.789,0,0,0,2.188,1.948,17.232,19.8,0,0.515,5.199,7.877,4.197,8.683,6.717,24.967,2.385,0,52.492,1.085,1.247,0.689,4.937,2.342,10,1.66,0.836,3.205,0,1.166,1.366,5.062,2.359,0,0.718,0,1,0,5.362,1,0,12.926,13.633,0,0,0,0,1,5,21.919,0,5.363,3.248,0,1.185,5.294
2021-09-04,0,0,0,0,4.943,40.596,6.828,4.806,5.302,0,0,0,4.347,3.13,30.37,26.588,0,1.709,7.689,10.931,5.141,21.935,11.63,32.878,6.237,0,65.33,2.293,1.722,0.42,9.234,1.079,12,4.21,1.396,5.846,0,1.467,2.965,10.413,5.486,0,0.653,0,6,0,5.221,1,0,22.38,15.818,0,0,0,0,4,5,59.793,0,8.414,2.337,0,3.314,9.972
2021-09-05,0,0,0,0,7.302,41.359,8.693,5.628,6.421,0,0,0,11.312,5.41,42.602,30.427,0,2.921,3.816,15.744,3.529,25.725,9.172,50.366,4.801,0,57.516,0.796,2.204,1.185,6.284,1.43,9,2.07,1.294,5.788,0,1.165,2.909,11.176,7.72,0,0.343,0,5,0,4.492,0,0,19.006,17.429,0,0,0.763,0,0,5,34.059,0,7.191,4.359,0,1.486,5.81
2021-09-06,0,0,0,0,4.571,36.297,6.748,5.865,7.947,0,0,0,8.362,2.688,22.536,8.355,0.188,2.21,2.42,9.923,4.187,6.056,6.218,34.751,4.555,0,32.852,1.411,0.54,0,8.591,0.619,11,0.589,0.562,5.604,0,0.271,1.218,6.444,4.133,0,0,0,2,0,2.415,2,0,14.409,27.27,0,0,0,0,0,1,28.018,0,5.262,1.344,0,1.317,5.493
2021-09-07,0,0,0,0,4.411,26.833,1.407,6.983,4.866,0,0,0,4.125,1.648,12.128,11.596,0,1.154,4.902,11.446,3.093,8.383,7.197,23.172,12.815,0,33.657,0.834,0.384,0,4.722,0.485,8,1.236,0.121,5.766,0,0,1.786,6.044,3.757,0,0,0,3,0,4.681,0,0,6.753,22.86,0,0,0,0,2,2,28.579,0,1.043,3.593,0,2.211,16.079
2021-09-08,0,0,0,0,5.102,28.509,1.432,3.034,7.633,0,0,0,3.553,3.526,21.455,18.91,0,1.597,3.841,10.841,1.246,5.512,7.901,15.183,0,0,37.852,0.79,0.223,0.188,3.64,0.719,3,1.359,1.376,6.17,0,0.653,1.183,5.773,3.012,0,0.602,0,3,0,0.844,0,0,9.825,18.218,0,0,0,0,1,3,20.324,0,3.003,1.23,0,1.486,18.292
2021-09-09,0,0,0,0,2.873,10.534,2.455,3.776,9.811,0,0,0,3.896,2.42,13.615,25.809,0,0,2.307,6.847,2.35,7.022,5.124,13.592,2.097,0,30.618,0.884,0.523,0.276,2.171,0.41,3,0.701,0.552,4.88,0,0.211,2.308,3.756,2.985,0,0.359,0,1,0,3.248,0,0,4.733,6.064,0,0,0.663,0,1,4,26.335,8,1.948,1.659,0,2.42,12.114
2021-09-10,0,0,0,0,5.185,16.465,0.726,2.233,3.997,0,0,0,3.203,2.075,13.143,16.358,0,0.472,6.358,4.749,2.55,8.632,4.246,24.651,1.596,0,34.614,0.747,0.446,0.821,6.333,1.237,3,1.985,0.632,7.42,0,0.763,1.736,4.839,5.455,0,0.535,0,2,0,1.965,0,0,20.205,19.845,0,0,0,0,0,1,17.725,8,5.702,0.49,0,1.533,6.106
2021-09-11,0,0,0,0,6.624,42.296,9.141,6.826,13.195,0,0,0,5.955,2.041,43.924,19.021,0,1.427,8.156,16.671,3.363,11.874,12.349,17.337,4.209,0,53.462,2.249,1.297,0.282,8.59,1.07,9,2.978,0.321,6.736,0,0.171,2.56,5.963,1.687,0,0.774,0,2,0,3.223,0,0,16.206,30.488,0,0,0.723,0,2,6,34.222,13,4.761,1.231,0,2.983,20.758
2021-09-12,0,0,0,0,5.849,72.618,14.12,6.414,7.97,0,0,0,9.521,2.837,21.556,21.989,0,4.369,4.349,21.835,1.838,11.223,10.665,32.063,7.227,0,48.443,1.905,0.624,1.071,8.831,1.765,7,1.416,0,0,0,0.181,2.001,10.464,5.682,0,0,0,2,0,5.201,0,0,18.161,32.786,0,0,0,0,2,4,32.012,7,10.253,0.98,0,2.1,16.887
2021-09-13,0,0,0,0,4.928,11.861,5.218,3.392,7.557,0,0,0,1.154,2.58,37.298,7.467,0,1.898,4.066,11.436,2.44,10.33,4.071,11.356,10.33,0,29.502,1.417,0.803,0,5.986,0.435,4,1.224,0,5.973,0,0,1.469,4.97,4.818,0,0,0,0,0,1.364,0,0,14.768,8.476,0,0,0,0,0,4,30.819,0,12.188,0.364,0,2.141,13.584
2021-09-14,0,0,0,0,4.028,16.862,7.139,2.851,6.855,0,0,4.156,2.349,1.606,31.856,13.865,0,1.576,3.862,12.416,2.42,10.097,4.158,10.777,1.767,0,33.377,0.52,0.368,0,6.756,1.054,3,1.36,0,6.05,0,0,2.55,6.065,3.455,0,0,0,1,0,4.935,0,0,18.428,15.528,0,0,0,0,0,4,20.169,7,8.77,0.805,0,2.618,6.677
2021-09-15,0,0,0,0,3.777,36.865,5.1,2.022,6.082,0,0,4.146,0.753,2.274,24.664,11.518,0,3.003,5.112,8.894,0.482,9.215,4.661,12.702,2.485,0,25.03,0.27,0.429,0,5.631,0.811,4,0.808,0,4.94,0,0,1.39,6.416,6.974,0,0,0,0,0,2.605,0,0,15.003,7.325,0,0,0,0,3,1,15.272,7,10.088,1.423,0,1.473,6.73
2021-09-16,0,0,0,0,3.171,8.882,5.153,3.9,2.177,0,0,2.008,3.786,3.054,0,22.611,0,2.138,4.925,15.102,2.863,6.583,4.234,9.283,2.803,0,28.371,1.335,0.552,0,5.203,0.594,3,1.98,0,6.24,0,0,2.437,3.816,6.286,0,0,0,3,0,1.653,0,0,8.024,6.659,0,0,0,0,0,2,12.133,7,10.843,0,0,2.877,5.803
2021-09-17,0,0,0,0,5.303,27.759,5.306,3.095,4.778,0,0,2.35,7.649,2.718,0,4.085,0,1.577,4.473,14.626,2.174,7.663,2.827,13.163,1.734,0,25.992,0.545,0.488,0,5.386,0.284,6,0.72,0,6.717,0,0,2.486,6.157,4.81,0,0,0,1,0,3.811,0,0,9.149,9.498,0,0,0,0,1,1,13.005,5,3.993,1.896,0,2.627,16.015
2021-09-18,0,0,0,0,9.961,24.371,12.478,2.529,7.559,0,2.359,4.198,5.053,1.561,0,11.953,0,2.018,6.773,15.996,4.008,8.73,6.031,35.325,0,0,28.292,0.175,0.451,0,0.559,0.535,7,2.037,0,5.402,0,0,3.478,3.998,6.328,0,0,0,1,0,2.098,0,0,3.844,10.265,0,0,0,0,0,3,20.74,6,5.931,0,0,2.726,14.253
2021-09-19,0,0,0,0,4.154,38.119,10.86,0,6.584,0,6.648,5.834,1.938,6.457,6.789,24.144,0,0.773,9.725,34.684,2.361,42.702,11.511,51.647,0,0,57.488,1.856,1.141,0.831,8.209,2.282,16,3.114,0,6.88,0,2.141,2.983,8.473,6.397,0,1.48,0,9,0,5.505,0,0,10.507,28.457,0,0,0,0,1,8,43.134,34,9.287,0.503,0,4.865,11.897
2021-09-20,0,0,0,0,7.743,52.504,6.009,4.241,11.808,4.719,4.55,5.016,4.649,3.024,5.169,13.608,0,4.217,9.486,19.873,5.955,38.093,11.353,69.96,0,0,64.293,1.761,2.557,0.288,9.809,1.589,10,2.409,0,6.331,0,3.597,4.922,8.574,8.765,0,1.623,0,2,0,0,0,0,8.561,28.605,0,0,0.466,0,3,6,48.36,29,14.236,0.805,0,4.641,20.704
2021-09-21,0,0,0,0,7.238,38.67,6.936,5.519,14.12,4.154,8.279,3.933,9.266,4.878,0,28.06,0,4.064,8.969,12.918,2.475,31.631,10.639,56.3,0,0,79.259,0.451,2.113,1.789,6.784,0.896,10,2.558,0,6.894,0,1.706,2.766,8.313,14.058,0,2.5,0,3,0,0,0,0,36.049,15.427,0,0,0,0,2,6,56.051,14,14.436,2.644,0,6.43,15.269
2021-09-22,0,0,0,0,4.718,31.066,1.875,2.49,4.299,0,7.1,1.835,3.645,2.731,0,10.928,0,0,5.722,15.935,2.965,6.523,4.66,39.227,0,0,24.944,0.971,0.502,0.515,6.734,0.276,6,1.643,0,6.441,0,0.317,2.121,4.842,7.22,0,0.62,0,2,0,0,0,0,12.419,13.193,0,0,0,0,1,1,29.899,5,9.839,2.27,0,2.835,9.211
2021-09-23,0,0,0,0,2.742,15.961,5.524,2.737,1.395,0,3.112,2.422,1.435,4.158,0,7.476,0,2.541,4.255,13.881,1.381,8.818,0,27.567,0,0,12.172,0.577,0.313,0.182,5.167,1.044,8,0.808,0,5.33,0,0.46,2.127,3.936,4.868,0,0.476,0,2,0,0,0,0,9.365,15.381,0,0,0,0,1,3,27.009,6,5.025,2.558,0,3.27,10.134
2021-09-24,0,0,0,0,2.439,26.949,3.916,2.419,3.543,0,3.203,2.75,3.183,4.674,0,6.143,0,0.964,3.083,7.229,0.54,7.693,5.026,8.431,0,0,22.144,0.771,0.696,1.853,4.967,1.17,7,1.579,0,3.429,0,1.175,3.041,5.12,6.244,0,1.147,0,2,0,0,0,0,10.464,5.93,0,0,0,0,2,5,17.804,9,7.541,0,0,4.14,2.88
2021-09-25,0,0,0,0,3.104,42.575,10.858,5.052,7.287,0,3.563,2.049,9.066,6.557,0,10.339,0,0.592,7.73,22.737,4.071,7.553,4.586,48.621,0,0,42.555,0.433,1.805,0.794,11.077,0.889,7,1.99,0,8.149,0,1.604,1.932,5.636,5.691,0,1.49,0,0,0,0,0,0,10.874,18.96,0,0,0,0,0,0,52.619,0,9.235,0,0,3.019,17.146
2021-09-26,0,0,0,0,4.296,32.484,9.295,2.242,4.461,0,3.797,2.178,3.865,3.657,0,15.163,0,1.897,7.401,13.333,3.229,9.212,3.829,2.299,0,0,47.356,0,0.609,0,5.485,1.512,10,0,0,6.263,0,0.38,3.334,0.151,4.789,0,0,0,0,0,0,0,0,9.885,15.548,0,0,0,0,0,0,24.486,0,10.53,1.658,0,1.527,11.611
2021-09-27,0,0,0,0,1.88,21.557,9.749,1.147,4.134,0,1.797,1.533,2.391,2.965,0,8.657,0,0.251,1.131,7.664,0.503,5.762,0,4.863,0,0,42.001,0,0.157,0.693,6.105,0.394,6,0,0,3.562,0,0.781,1.096,0,1.641,0,0.967,0,0,0,0,0,0,5.622,3.974,0,0,0,0,0,0,19.135,0,2.274,0.892,0,2.019,3.177
2021-09-28,0,0,0,0,5.438,15.932,4.522,1.733,8.778,0,3.262,1.418,2.74,4.95,0,12.389,0,2.401,1.534,9.046,1.998,6.671,0,11.987,0,0,33.224,0,0.063,0.794,6.856,0.473,0,0,0,5.836,0,0.179,1.473,0,2.73,0,0.854,0,0,7,0,0,0,8.209,6.763,0,0,0.682,0,0,0,20.721,0,6.077,2.575,0,2.961,5.388
2021-09-29,0,0,0,0,2.785,19.563,6.136,2.595,3.473,0,4.92,1.799,4.727,4.008,0,15.68,0,0.652,4.397,6.519,2.726,8.119,0,23.336,0,0,35.829,0,1.585,0.222,4.235,1.734,2,0,0,3.714,0,0.279,3.068,0,5.589,0,0.376,0,0,0,0,0,0,9.55,11.854,0,0,0,0,0,0,30.537,2,4.34,1.231,0,3.124,7.155
2021-09-30,0,0,0,0,4.296,10.906,4.799,1.274,5.857,0,7.101,2.901,3.814,2.123,0,14.662,0,1.897,3.92,9.85,2.802,9.234,0,34.511,5.302,0,37.14,0,1.33,0,6.31,1.311,0,0,0,7.301,0,0,2.767,0,3.216,0,0,0,0,0,0,0,0,7.92,3.94,0,0,0,0,0,0,21.736,0,5.791,0.314,0,1.677,7.5
2021-10-01,0,0,0,0,7.803,46.271,14.194,3.253,17.353,0,10.393,5.716,9.335,5.856,0,27.066,0,3.976,10.062,16.144,10.906,33.217,0,57.402,0,0,66.835,0,2.207,0.177,9.707,0.974,0,0,0,6.566,0,0,3.135,0,7.665,0,0,0,0,0,0,0,0,9.048,9.731,0,0,0,0,0,0,46.809,2,7.716,1.708,0,5.783,7.142
2021-10-02,0,0,0,0,5.387,31.059,10.379,1.817,10.958,0,8.403,1.469,7.277,3.18,0,30.778,0,0.336,6.192,13.107,6.723,21.088,0,40.743,0,0,57.212,0,0.902,0,10.09,4.034,0,0,0,6.114,0,0,2.184,0,6.671,0,0,0,0,0,0,0,0,9.599,9.322,0,0,0,0,0,0,45.825,0,9.9,2.244,0,3.996,13.895
2021-10-03,0,0,0,0,4.612,16.297,11.514,1.191,13.61,0,10.867,2.313,5.992,3.806,0,28.706,0,0,6.898,10.538,5.264,18.27,0,41.993,0,0,51.579,0,0.833,0.273,7.569,1.118,1,0,0,5.102,0,0.125,1.605,0,3.079,0,0.172,0,0,0,0,0,0,9.476,24.136,0,0,0,0,0,0,19.903,0,9.543,1.72,0,4.424,10.949
2021-10-04,0,0,0,0,8.65,12.085,17.073,4.491,12.065,0,6.749,2.335,3.443,0,0,18.941,5.171,1.427,3.474,8.465,2.675,16.497,0,40.928,0,0,37.775,0,1.303,0,5.959,1.305,1,0,0,7.024,0,0,2.149,0,5.624,0,0,0,0,0,0,0,0,12.097,21.219,0,0,0,0,0,0,43.795,1,8.242,1.25,0,2.902,29.166
2021-10-05,0,0,0,0,8.076,31.94,5.936,2.743,11.377,0,6.132,0,3.032,0,0,16.496,2.994,1.577,6.688,21.414,4.272,9.17,0,51.957,0,0,48.897,0,0.207,0,9.722,4.916,0,0,0,5.959,0,0,2.225,0,6.394,0,0,0,0,0,0,0,0,10.888,33.094,0,0,0,0,0,0,43.292,0,7.614,3.123,0,3.769,21.482
2021-10-06,0,0,0,0,4.801,45.571,5.911,5.118,13.658,0,14.878,4.286,3.693,7.374,26.876,18.568,2.895,0,3.384,9.22,4.861,30.381,0.151,42.165,0,0,49.927,0,0.514,0,8.691,0.925,0,0,0,7.654,0,0,2.238,0.191,7.676,0,0,0,0,0,0,0,0,21.639,39.738,0,0,0,0,0,0,54.424,0,8.529,1.485,0,3.857,19.395
2021-10-07,0,0,0,0,3.87,42.879,4.723,0.879,7.418,0,11.252,2.249,1.787,2.11,26.341,16.164,0.457,1.83,2.583,11.034,2.55,22.794,0,23.278,0,0,50.918,0,0.213,0,5.12,0.652,0,0,0,6.137,0,0,2.326,0,3.535,0,0,0,0,0,0,0,0,15.408,9.747,0,0,0,0,0,0,45.664,0,5.352,1.407,0,2.944,6.697
2021-10-08,0,0,0,0,2.51,26.773,8.741,1.505,5.675,0,8.511,0.279,3.293,3.054,23.601,12.63,1.363,0,3.169,11.808,1.947,26.073,0,19.823,0,0,36.344,0,0.038,0,3.663,0.351,0,0,0,5.456,0,0,1.816,0,4.658,0,0,0,0,0,0,0,0,15.523,0,0,0,0,0,0,0,49.103,13,7.868,1.418,0,2.568,0
2021-10-09,0,0,0,0,1.949,29.237,4.848,2.233,3.09,0,11.758,2.708,3.114,4.334,20.836,9.831,1.916,0,1.797,9.511,1.52,12.34,0,22.222,0,0,38.754,0,0.878,0,3.185,0.444,0,0,0,5.48,4.721,0,2.341,0,4.298,0,0,0,0,0,0,0,0,8.997,0,0,0,0,0,0,0,46.116,2,4.536,1.225,0,2.926,0.546
2021-10-10,0,0,0,0,3.515,63.61,16.47,2.238,8.177,0,19.231,5.983,10.208,7.853,33.156,36.007,1.044,8.595,2.995,11.379,1.168,26.234,0,41.877,0,0,57.264,0,0.733,0,9.365,1.44,0,0,0,7.098,5.316,0,3.312,0,7.14,0,0,0,3,0,0,0,0,19.255,0,0,0,0,0,0,0,80.322,0,10.832,0.894,0,3.611,0
2021-10-11,0,0,0,0,2.37,14.299,6.871,1.611,4.245,0,9.986,1.849,2.76,1.545,0,9.613,1.212,4.438,3.838,6.055,2.877,3.96,0,4.407,0,0,43.296,0,0,0,3.074,2.055,0,0,0,2.4,1.942,0,0,0,6.477,0,0,0,0,0,0,0,0,7.837,0,0,0,0,0,0,0,41.774,0,3.932,1.696,0,3.762,0.632
2021-10-12,0,0,0,0,2.078,23.336,7.828,2.05,3.706,0,8.983,3.073,2.7,4.121,0,6.469,1.061,2.703,3.496,5.049,2.47,10.428,0,18.627,0,0,29.286,0,0,0.177,2.112,0.667,0,0,0,3.612,3.61,0,0,0.341,5.033,0,0,0,0,0,0,0,0,12.789,0,0,0,0,0,0,0,39.552,0,4.858,0.422,0,2.508,1.221
2021-10-13,0,0,0,0,2.349,18.242,3.611,0.46,3.651,0,7.357,1.053,1.515,2.786,0,10.227,1.663,1.527,3.822,4.972,1.186,14.51,0,16.528,0,0,36.526,0,0,0,2.203,0,0,0,0,6.441,0.997,0,0.172,0,1.932,0,0,0,2,0,0,0,0,12.84,0,0,0,0,0,0,0,30.462,0,3.213,1.906,0,1.397,3.766
2021-10-14,0,0,0,0,1.406,19.511,2.149,2.313,3.27,0,6.02,0.982,1.114,2.89,0,4.322,0.558,1.51,2.383,5.834,0,13.438,0,14.852,0,0,37.562,0,0,0.172,3.754,0.702,0,0,0,3.411,3.571,0,0,0,6.676,0,0,0,0,0,0,0,0,2.735,0,0,0,0,0,0,0,22.217,0,4.357,0,0,1.673,3.707
2021-10-15,0,0,0,0,1.436,36.035,1.67,2.523,1.976,0,13.278,0.745,11.857,1.316,0,12.714,2.261,4.229,4.976,8.586,1.029,41.89,0,17.495,0,0,62.258,0,0.489,0.177,16.303,0.401,0,0,0,5.483,4.116,0,0,0,5.996,0,0.15,0,0,0,0,0,0,8.272,0,0,0,6.496,0,0,0,28.463,3,0.315,0.881,0,3.933,4.713
2021-10-16,0,0,0,0,4.508,63.425,2.171,2.559,12.369,0,12.007,6.247,5.461,0,1.34,23.446,3.296,3.506,7.576,10.387,2.902,22.514,0,36.28,68.96,0,49.105,0,1.31,0.171,11.697,2.716,0,0,0,7.047,1.994,0,0.319,0,7.929,0,0,0,0,0,0,0,0,10.389,0,0,0,0,0,0,0,56.756,3,1.483,0,0,5.11,7.572
2021-10-17,0,0,0,0,4.308,23.382,2.838,6.59,7.845,0,10.64,0.953,6.144,0,0,16.672,0.429,0.816,2.994,10.285,1.062,33.816,0,26.795,15.994,0,53.601,0,0.232,0.415,4.122,1.419,0,0,0,6.844,1.888,0,0,0,4.139,0,0,0,0,0,3.068,0,0,13.359,0,0,0,0,0,0,0,50.592,1,1.949,0.343,0,2.014,8.737
2021-10-18,0,0,0,0,0.512,25.255,0,1.791,5.781,0,5.518,0.618,0.733,0,0,8.919,1.603,1.998,1.484,5.669,0.485,10.066,0,19.808,0,0,43.402,0,0.289,0,4.293,1.111,0,0,0,4.016,1.27,0,0.05,0,3.837,0,0,0,0,0,0.958,0,0,5.842,0,0,0,0,0,0,0,26.567,0,3.052,1.296,0,2.401,2.573
2021-10-19,0,0,0,0,2.9,23.143,0,0.788,3.95,3.641,2.275,1.56,2.328,0,0,1.495,0.434,0.54,1.175,6.073,0.493,12.2,0,16.958,0,0,41.287,0,0.326,0,2.069,0.451,0,0,0,5.177,1.269,0,0,0,4.049,0,0,0,0,0,0,0,0,3.85,0,0,0,0,0,0,0,31.366,1,2.2,0,0,0.686,5.002
2021-10-20,0,0,0,0,0.845,24.335,0,2.413,6.217,0,10.528,0.963,1.874,0,0,13.742,0.708,1.545,2.572,5.402,0.912,12.873,0,25.154,0,0,39.837,0,0.344,0,5.281,1.411,0,0,0,5.253,0.667,0,0,0,4.968,0,0,0,0,0,0,0,0,4.621,0,0,0,0,0,0,0,29.213,0,1.987,0.677,0,3.097,16.309
2021-10-21,0,0,0,0,1.957,18.494,0,1.657,4.642,0,6.478,2.001,2.024,0,0,6.33,0,2.689,2.65,5.46,0.569,8.753,0,11.947,0,0,46.91,0,0.413,0,2.716,0,0,0,0,4.648,1.945,0,0.084,0,4.282,0,0,0,0,0,0,0,0,5.905,0,0,0,0,0,0,0,13.594,0,3.302,1.931,0,2.784,7.675
2021-10-22,0,0,0,0,3.73,23.13,0,1.431,5.671,0,6.722,0,2.208,0,0,3.55,0.68,0.332,2.271,3.446,0,12.039,0,16.412,0,0,43.969,0,0.569,0,1.157,1.346,0,0,0,2.931,2.257,0,0.045,0,5.86,0,0,0,0,0,0.222,0,0,5.037,0,0,0,0,0,0,0,18.106,0,1.616,0,0,1.839,3.783
2021-10-23,0,0,0,0,3.018,24.549,0,1.7,4.307,0,10.273,2.941,0.719,0,0,5.135,0.178,2.803,2.76,6.506,0,30.828,0,18.086,0,0,58.754,0,0.295,0,2.964,0.52,0,0,0,3.739,2.001,0,0.05,0,5.426,0,0,0,0,0,0,0,0,7.802,0,0,0,0,0,0,0,35.077,2,2.84,0,0,2.199,3.543
2021-10-24,0,0,0,0,3.888,28.522,0,2.811,4.535,0,6.634,1.485,1.555,0,0,5.357,0.574,2.36,1.439,3.989,4.715,19.632,0,9.108,0,0,47.259,0,0.134,0,2.127,0.658,0,0,0,2.121,2.197,0,0,0,6.586,0,0,0,0,0,0,0,0,14.849,0,0,0,0,0,0,0,25.83,0,2.317,0.368,0,1.572,2.474
2021-10-25,0,0,0,0,1.313,16.976,0,1.231,2.747,0,3.68,0.737,1.355,0,0,2.232,1.27,0.171,1.547,4.181,0,16.731,0,8.749,0,0,33.276,0,0.145,0,1.41,0.42,0,0,0,3.132,0.379,0,0.278,0,2.661,0,0,0,0,0,0,0,0,2.374,0,0,0,0,0,0,0,18.786,0,1.676,1.422,0,1.548,1.286
2021-10-26,0,0,0,0,1.488,18.22,0,0.56,2.291,0,9.097,0.859,1.831,0,0,3.984,1.114,1.566,3.002,4.868,0.778,18.637,0,12.041,0,0,37.059,0,1.28,0,3.913,0.157,0,0,0,4.066,1.659,0,0,0,4.875,0,0,0,0,0,0,0,0,3.267,0,0,0,0,0,0,0,20.516,0,1.921,1.113,0,0,1.617
2021-10-27,0,0,0,0,1.914,13.295,0,0,0.948,0,6.849,0,1.916,0,0,4.053,0.378,1.315,0.981,4.189,0,15.369,0,15.305,38.456,0,36.161,0,0.218,0,1.598,0,0,0,0,4.092,0.473,0,0,0,2.931,0,0,0,0,0,0,0,0,3.481,0,0,0,0,0,0,0,23.173,0,1.708,0.939,0,1.881,1.587
2021-10-28,0,0,0,0,2.443,11.434,0,1.491,1.214,0,4.434,0,2.752,0,0,3.471,0.278,1.015,0.846,1.824,0,16.659,0,6.449,29.848,0,37.949,0,0.409,0,1.438,0,0,0,0,2.627,0.809,0.251,0,0,3.241,0,0,0,0,0,0,0,0,3.253,0,0,0,0,0,0,0,15.323,0,0.818,0.48,0,1.982,3.927
2021-10-29,0,0,0,0,2.65,15.253,0,0.959,3.842,0,9.171,2.507,1.923,0,0,4.354,0,0.809,1.575,8.421,0,21.926,0,13.574,19.824,0,40.045,0,0.308,0,4.289,0,0,0,0,0.909,0,0,0.05,0,2.644,0,0,0,0,0,0,0,0,3.837,0,0,0,0,0,0,0,15.218,0,1.542,1.161,0,2.877,4.629
2021-10-30,0,0,0,0,3.483,19.219,0,1.147,5.977,0,9.636,1.798,1.839,0,0,8.035,0.836,0.508,1.632,7.902,1.045,36.731,0,17.279,41.266,0,56.756,0,0,0,3.884,0,0,0,0,2.401,0.422,0,0.934,0,3.308,0,0,0,0,0,0,0,0,4.525,0,0,0,0,0,0,0,14.9,3,3.186,0,0,3.261,6.598
2021-10-31,0,0,0,0,2.029,19.081,0,1.535,3.661,0,10.907,0,2.341,0,0,6.532,0.338,1.29,1.755,2.922,1.547,33.72,0,28.424,0,0,55.961,0,0,0,5.256,0,0,0,0,2.021,4.239,0,1.648,0,3.956,0,0,0,0,0,3.604,0,0,5.905,0,0,0,0,0,0,1,22.327,0,3.661,0.509,0,1.865,9.798
2021-11-01,0,0,0,0,1.346,9.811,0,3.512,1.004,0,10.439,1.013,1.431,0,0,3.576,0,0.946,1.181,6.547,1.697,19.358,0,26.24,0,0,44.316,0,0,0,6.303,0,0,0,0,0.833,1.457,0,0.707,0,1.43,0,0,0,0,0,0,0,0,5.805,0,0,0,0,0,0,0,16.132,0,2.049,0,0,2.332,0.462
2021-11-02,0,0,0,0,1.024,5.375,0,1.106,4.38,0,13.946,1.86,2.868,0,0,5.182,1.176,0,2.235,8.816,1.096,18.811,0,25.844,0,0,39.893,0,0,0,0.686,0,0,0,0,1.642,1.456,0,1.104,0,0.752,2.399,0,0,0,0,1.606,0,0,2.287,0,0,0,0,0,0,0,18.231,0,1.44,2.199,0,0.762,0.633
2021-11-03,0,0,0,0,3.129,6.748,0,2.027,2.647,0,2.501,0,3.628,0,0,1.937,0.768,0,0,1.195,1.037,40.332,0,27.868,0,8.625,39.941,0,0,0,2.969,0,0,0,0,0.708,1.395,0,0.489,0,1.569,1.27,0,0,0,0,0.291,0,0,7.805,0,0,0,0,0,0,0,19.697,0,2.528,0.416,0,0.937,1.335
2021-11-04,0,0,0,0,0,6.548,0,0,1.715,0,9.701,1.804,2.21,0,0,6.817,0.907,1.068,1.731,9.147,1.095,48.9,0,23.879,0,0,39.366,0,0,0,4.793,0,0,0,0,2.072,4.295,0,0.965,0,1.64,1.775,0,0,0,0,0,0,0,2.55,0,0,0,0,0,0,0,15.044,3,1.985,0,0,2.384,1.135
2021-11-05,0,0,0,0,0,9.447,0,1.191,3.413,0,12.333,1.497,3.846,0,0.774,6.495,0.891,0.487,1.605,5.07,1.246,65.608,0,36.777,0,0,58.696,0,0,0,4.242,0,0,0,0,1.818,0.862,0,0.288,0,5.302,1.553,0,0,0,0,0,0,0,7.298,0,0,0,0.702,0,0,0,26.707,0,0.208,0,0,1.605,1.807
2021-11-06,0,0,0,0,0,21.863,0,2.878,2.163,0,15.353,1.491,2.928,0,0,8.443,0,0.393,2.011,8.483,0,75.892,0,28.063,0,0,63.573,0,0,0,11.799,0.354,0,0,0,4.015,2.224,0,0.803,0,2.843,4.376,0,0,0,0,0,0,0,4.32,0,0,0,0,0,0,0,27.121,0,0.215,0.96,0,1.783,5.674
2021-11-07,0,0,0,0,0,19.809,0,3.493,8.56,0,29.539,2.783,6.42,0,0,15.32,0,0.861,1.641,9.577,1.765,79.166,0,35.638,0,0,64.445,0,0,0,15.529,0.177,0,0,0,0,4.158,0,1.996,0,3.174,8.367,0,0,0,0,0,0,0,7.072,0,0,0,0,0,0,0,37.328,0,0.866,1.977,0,1.669,7.481
2021-11-08,0,0,0,0,0,11.858,0,0.958,2.054,0,5.238,1.347,1.683,0,0,2.972,0,0.1,2.063,10.193,0.326,33.032,0,28.296,0,8.526,55.78,0,0,0,4.723,1.031,0,0,0,1.187,2.324,0,0.357,0,2.543,2.601,0,0,0,0,0.577,0,0,5.759,0,0,0,0,0,0,0,18.308,2,0.143,0,0,1.404,3.546
2021-11-09,0,0,0,0,0,5.938,0,0,2.336,0,6.042,0.827,1.206,0,0,3.253,0,0.229,1.196,3.419,0,33.49,0,27.933,0,4.798,43.289,0,0,0,3.05,0.328,0,0,0,0.354,2.732,0,0.163,0,2.752,1.23,0,0,0,0,0.358,0,0,1.035,0.522,0,0,0,0,0,0,17.034,0,0,0,0,0.737,1.325
2021-11-10,0,0,0,0,0,4.664,0,0.897,0.521,0,5.489,0,2.337,0,0,2.912,0,0.817,1.067,2.634,0.41,24.62,0,27.656,0,1.476,49.502,0,0,0,4.275,0.349,0,0,0,0.656,0.318,0,0.333,0,2.626,1.895,0,0,0,0,0,0,0,3.334,0,0,0,0,0,0,0,20.674,0,0,0,0,1.923,0.613
2021-11-11,0,0,0,0,0,7.292,0,1.208,1.624,0,3.358,0.389,4.347,0,0,2.089,0,0.494,3.274,2.409,0.376,20.628,0,13.156,0,1.628,34.403,0,0,0,3.077,0.5,0,0,0,0.429,2.751,0,1.051,0,1.447,1.029,0,0,0,0,1.74,0,0,4.193,0,0,0,0,0,0,0,14.808,1,0.817,0,0,0.878,0.843
2021-11-12,0,0,0,0,0,5.636,0,0,1.561,0,6.477,0.539,3.238,0,0,3.064,0,0,2.845,6.062,0.334,26.802,0,18.935,0,7.334,50.347,0,0,0,3.378,0.349,0,0,0,0,1.805,0,0.379,0,3.571,1.715,0,0,0,0,0.736,0,0,3.487,0,0,0,0,0,0,0,17.595,0,3.941,0,0,0.558,0.883
2021-11-13,0,0,0,0,0,7.493,0,0.657,1.451,0,10.707,0,4.816,0,0,2.631,0,0,1.194,7.782,0.466,27.797,0,20.049,0,7.524,52.476,0,0,0,8.192,1.232,0,0,0,0,4.096,0,0.526,0,3.802,0.706,0,0,0,0,1.188,0,0,5.405,0,0,0,0,0,0,0,20.74,2,2.135,0,0,1.55,1.155
2021-11-14,0,0,0,0,0,18.163,0,0.835,2.856,0,17.437,0.282,3.207,0,0,2.149,0,0.344,2.995,7.37,0.63,40.69,0,30.582,0,4.382,51.299,0,0,0,13.448,0.248,0,0,0,0,5.723,0,0.552,0,3.684,2.318,0,0,0,0,0.343,0,0,6.82,0,0,0,0,0,0,0,29.229,2,6.612,0,0,1.692,2.567
2021-11-15,0,0,0,0,0,5.779,0,0,2.848,0,1.595,0.345,2.921,0,0,2.129,0,0.867,1.572,5.001,0.43,15.938,0,12.677,0,3.352,28.879,0,0,0,3.371,0,0,0,0,0,3.881,0,1.364,0,1.141,1.775,0,0,0,0,0,0,0,6.263,0,0,0,0,0,0,0,23.385,0,1.763,0,0,0.747,2.752
2021-11-16,0,0,0,0,0,10.748,0,0,1.689,0,5.772,0,4.379,0,0,1.044,0,0.443,2.19,0.994,0,17.022,0,12.525,0,4.096,19.63,0,0,0,4.919,0,0,0,0,0,3.605,0,1.857,0,3.71,1.21,0,0,0,0,0.694,0,0,1.591,0,0,0,0,0,0,0,15.864,0,1.397,0.443,0,1.668,3.507
2021-11-17,0,0,0,0,0,7.677,0,0,4.554,0,5.102,0.752,3.922,0,0,5.072,0,0.201,1.422,4.939,0.365,18.105,0,15.791,0,3.931,33.26,0,0.136,0,2.362,0,0,0,0,0,0.592,0,0.907,0,3.472,0.665,0,0,0,0,0.523,0,0,3.762,0,0,0,0,0,0,0,15.332,1,1.899,0,0,1.115,2.4
2021-11-18,0,0,0,0,0,4.208,0,0.34,1.851,0,3.152,2.461,2.285,0,0,2.118,0,1.053,2.107,1.877,0.38,15.923,0,6.018,0,2.259,21.426,0,0,0,2.356,0,0,0,0,0,3.314,0,0.574,0,2.187,0.403,0,0,0,0,0.265,0,0,2.018,0,0,0,0,0,0,0,8.934,0,0.989,0,0,0.921,1.854
2021-11-19,0,0,0,0,0,5.646,0,0.362,3.249,0,4.788,0,1.265,0,0,1.075,0,0,0.628,4.276,0.487,17.318,0,8.768,0,3.856,28.706,0,0,0,2.866,0,0,0,0,0,2.079,0,0.786,0,2.462,1.371,0,0,0,0,0.265,0,0,3.398,0,0,0,0,0,0,0,13.934,0,2.013,0,0,0.433,0
2021-11-20,0,0,0,0,0,14.76,0,1.002,4.299,0,7.388,1.28,2.371,0,5.256,5.33,0,2.228,2.961,4.809,0.802,26.926,0,14.406,0,6.785,51.035,0,0.263,0,1.347,0,0,0,0,0,12.196,0,1.095,0,2.613,3.132,0,0,0,0,0.896,0,0,5.768,0,0,4.549,0,0,0,0,22.621,0,3.44,0,0,2.163,2.787
2021-11-21,0,0,0,0,0,6.189,0,0.412,2.3,0,6.97,4.004,2.988,0,0,2.841,0,1.096,2.828,13.986,1.153,28.431,0,19.739,0,8.936,44.486,0,0,0,5.531,0,0,0,0,0,5.954,0,0.463,0,7.245,4.748,0,0,0,0,1.361,0,0,9.125,0,0,3.105,0,0,0,0,17.085,0,2.851,0,0,1.543,1.307
2021-11-22,0,0,0,0,0,7.66,0,0,1.762,0,4.597,0.652,1.48,0,0,7.351,0,1.855,2.267,6.64,0.38,13.087,0,9.756,0,3.329,29.73,0,0,0,1.899,0,0,0,0,0,2.589,0,0.464,0,0.781,2.278,0,0,0,0,0.595,0,0,0.461,0,0,3.02,0,0,0,0,15.301,0,2.155,0,0,1.368,2.488
2021-11-23,0,0,0,0,0,6.789,0,0,0,0,3.205,0.576,1.121,0,0,2.04,0,0.365,1.463,2.14,0,8.705,0,9.495,2.763,0,30.631,0,0.48,0,1.876,0,0,0,0,0,11.964,0,0.302,0,1.16,1.169,0,0,0,0,0.638,0,0,2.632,0,0,0.772,0,0,0,0,13.112,0,2.135,0.888,0,1.122,2.374
2021-11-24,0,0,0,0,0,3.328,0,0.445,1.515,0,4.11,0,0,0,0,2.61,0,0.681,3.144,3.363,1.239,3.259,0,12.559,0,0,26.466,0,0,0,1.215,0,0,0,0,0,8.373,0,1.131,0,2.872,0.686,0,0,0,0,0,0,0,3.355,0,0,2.48,0,4.369,0,0,13.125,0,4.099,0.516,0,0.727,2.551
2021-11-25,0,0,0,0,0,5.394,0,1.264,2.582,0,2.702,0,1.495,0,0,0.51,0,0.673,1.631,1.858,0,1.266,0,10.217,0,0,26.912,0,0,0,2.3,0,0,0,0,0,11.727,0,1.283,0,3.86,1.311,0,0,0,0,0,0,0,1.03,0,0,3.005,0,0.382,0,0,12.127,0,3.308,0,0,0.839,0.472
2021-11-26,0,0,0,0,0,13.105,0,0.368,1.98,0,4.329,0,1.812,0,0,2.708,0,0.537,1.446,3.685,1.178,0.313,0,17.511,0,4.331,37.648,0,0.061,0,3.474,0,0,0,0,0,5.571,0,1.273,0,1.496,0,0,0,0,0,0.432,0,0,3.637,0,0,0.161,0,3.425,0,0,8.971,0,1.197,0,0,1.071,3.243
2021-11-27,0,0,0,0,0,8.046,0,0,1.752,0,7.972,0,4.355,0,0,2.668,0,1.247,5.216,9.088,1.095,0.533,0,23.115,0,8.113,56.466,0,0,0,7.863,0,0,0,0,0,9.079,0,0.754,0,2.342,2.601,0,0,0,0,0,0,0,1.844,0,0,0.839,0,1.375,0,0,26.175,0,0.773,0.666,0,1.857,4.105
2021-11-28,0,0,0,0,0,11.806,0,0.975,1.934,0,18.58,0,2.904,0,0,2.249,0,0.244,1.979,6.943,0,17.957,0,21.817,0,10.003,47.269,0,0,0,7.624,0,0,0,0,0,4.883,0,0.935,0,2.988,2.963,0,0,0,0,0,0,0,5.481,0,0,1.947,0,0.33,0,0,18.257,0,1.884,0.867,0,0.746,1.014
2021-11-29,0,0,0,0,0,7.811,0,0.412,1.022,0,1.897,0,2.319,0,0,4.499,0,1.469,0.365,2.67,0.819,0,0,9.182,0,6.934,26.496,0,0,0,2.097,0,0,0,0,0,9.181,0,1.079,0,1.519,0,0,0,0,0,0,0,0,5.608,0,0,3.424,0,0,0,0,14.365,0,1.899,0.408,0,1.015,0.592
2021-11-30,0,0,0,0,0,8.856,0,0,1.706,0,3.877,0,2.199,0,0,3.681,0,0.516,1.282,4.447,1.171,0,0,25.737,0,6.467,27.918,0,0,0,4.135,0,0,0,0,0,0.3,0,0.617,0,2.528,3.328,0,0,0,0,0,0,0,1.818,0,0,2.451,0,0,0,0,26.219,0,0.724,0.761,0,1.31,1.285
2021-12-01,9.718,0,0,0,0,8.605,0,0,1.597,0,4.951,0,1.342,0,0,3.533,0,0.136,0.652,3.897,1.154,0.201,0,18.93,0,3.663,26.523,0,0,0,8.356,0,0,0,0,0,14.143,0,0.328,0,0.824,3.133,0,0,0,0,0,0,0,3.363,0,0,1.342,0,2.15,0,0,20.724,0,0.201,0,0,0.965,1.486
2021-12-02,4.274,0,0,0,0,2.199,0,0.841,1.786,0,5.503,0,2.401,0,0,2.034,0,1.791,1.118,2.941,1.146,0.05,0,18.263,0,10.035,18.364,0,0,0,4.057,0,0,0,0,0,14.117,0,0.936,0,2.085,2.93,0,0,0,0,0,0,0,2.679,0,0,6.596,0,0.444,0,0,15.584,0,0.387,0,0,0.96,0.763
2021-12-03,6.024,0,0,0,0,5.543,0,0.852,0.311,0,4.566,0,3.744,0,0,3.523,0,0.487,1.829,4.859,0,30.682,0,20.739,0,4.816,18.09,0,0.076,0,2.349,0,0,0,0,0,24.096,0,0.968,0,4.081,3.207,0,0,0,0,0,0,0,1.905,0,0,0.369,0,0.466,0,0,17.576,0,0.824,0,0,0.914,0.964
2021-12-04,3.357,0,0,0,0,9.409,0,0,1.961,0,11.16,0,1.209,0,0,8.766,0,2.602,0.86,7.2,0.895,43.53,0,22.865,0,13.165,56.198,0,0,0,7.611,0,0,0,0,0,21.782,0,1.786,0,2.558,0,0,0,0,0,0,0,0,7.591,0,0,6.061,0,0,0,0,26.95,0,1.11,0,0,1.504,0.492
2021-12-05,11.193,0,0,0,0,7.942,0,0.323,2.462,0,19.732,0,2.4,0,0,4.237,0,1.539,1.883,7.249,1.723,43.026,0,25.795,0,8.218,46.011,0,0.025,0,11.92,0,0,0,0,0,22.206,0,1.475,0,4.959,0,0,0,0,0,0,0,0,6.847,0,0,4.983,0,0,0,0,24.75,0,1.678,0,0,2.269,1.044
2021-12-06,10.068,0,0,0,0,4.017,0,0.768,3.309,0,7.268,0,3.073,0,0,2.943,0,1.197,1.955,6.805,0,12.276,0,14.424,0,6.235,11.266,0,0,0,6.949,0,0,0,0,0,9.816,0,1.204,0,2.839,0,0,0,0,0,0,0,0,0,0,0,1.578,0,0,0,0,27.765,0,1.505,0.552,0,1.905,2.862
2021-12-07,8.558,0,0,0,0,4.7,0,1.971,2.383,0,6.532,0,1.191,0,0,0.382,0,1.225,3.017,3.252,0.945,16.664,0,16.639,0,6.957,25.907,0,0,0,6.357,0,0,0,0,0,13.423,0,0.736,0,2.664,0,0,0,0,0,0,0,0,2.232,0,0,5.924,0,0,0,0,19.398,0,1.556,0.895,0,2.514,0.452
2021-12-08,7.669,0,0,0.892,0,1.737,0,0.624,3.707,0,4.236,0,2.668,0,0,3.303,0,0.365,0.874,4.88,1.897,17.61,0,15.059,0,7.636,22.516,0,0,0,8.39,0,0,0,0,0,16.396,0,0.895,0,2.156,0,0,0,0,0,0,0,0,2.589,0,0,2.803,0,0,0,0,18.784,0,1.183,0,0,0.626,0.763
2021-12-09,5.202,0,0,1.056,0,3.906,0,0,3.833,0,5.161,0,1.426,0,0,0.764,0,1.139,1.848,5.04,0,21.969,0,12.175,0,5.759,19.842,0,0,0,11.533,0,0,0,0,0,8.826,0,0.658,0,3.489,0,0,0,0,0,0,0,0,3.48,0,0,5.42,0,0,0,0,15.443,0,2.214,0,0,0.401,0.864
2021-12-10,10.674,0,0,0,0,4.622,0,0,3.304,0,7.643,0,2.987,0,0,2.612,0.131,0.445,2.895,6.777,1.215,21.895,0,14.231,0,7.368,29.168,0,0,0,6.424,0,0,0,0,0,9.265,0,0.066,0,1.154,1.673,0,0,0,0,0,0,0,2.231,0,0,3.624,0,0,0,0,18.371,0,0.936,0,0,0.788,1.455
2021-12-11,11.883,0,0,0,0,13.358,0,0.251,4.675,0,17.239,0,5.622,0,0,7.279,1.218,2.05,1.045,8.363,0,50.839,0,30.45,0,15.796,80.848,0,0,0,15.274,0,0,0,0,0,30.677,0,0,0,6.562,0.524,0,0,0,0,0,0,0,8.412,0,0,43.392,0,0,0,0,29.256,0,1.532,0.819,0,1.685,3.142
2021-12-12,19.365,0,0,0,0,10.717,0,0.602,4.875,0,22.279,0,2.031,0,0,6.346,0.89,0.201,1.197,8.652,0.422,36.637,0,15.656,0,4.665,56.884,0,0,0,8.526,0,0,0,0,0,14.011,0,0,0,4.191,0,0,0,1,0,0,0,0,4.697,0,0,4.314,0,0,0,0,32.78,0,0.967,0.385,0,1.913,1.406
2021-12-13,9.465,0,0,0,0,0.352,0,0.674,1.081,0,9.191,0,3.977,0,0,2.38,0.495,0.817,1.974,0.492,0,12.819,0,12.444,0,7.065,21.245,0,0.41,0,5.989,0,0,0,0,0,12.788,0,0,0,1.218,0,0,0,0,0,0,0,0,1.993,0,0,0.587,15.481,0,0,0,27.989,0,1.045,0,0,0.323,0
2021-12-14,9.01,0,0,0,0,4.423,0,0,2.739,0,8.346,0,2.317,0,0,6.196,1.06,1.834,2.025,1.265,1.807,16.517,0,13.141,0,6.999,29.013,0,0.219,0,4.75,0,0,0,0,0,10.236,0,0.128,0,4.264,0,0,0,0,0,0,0,0,2.364,0,0,4.162,0,0,0,0,18.416,0,2.04,0.36,0,1.876,1.687
2021-12-15,6.429,0,0,0,0,5.063,0,0.568,3.544,0,4.959,0,3.389,0,0,8.114,0.167,0.609,0.508,3.473,1.054,25.97,0,18.179,0,3.406,0,0,0.273,0,2.316,0,34,0,0,0,14.522,0,0,0,1.619,0,0,0,0,0,0,0,0,3.513,0,0,2.602,0,0,0,0,23.307,0,1.362,0.41,0,1.626,2.159
2021-12-16,12.908,0,0,0,0,5.062,0,0.479,2.223,0,11.332,0,1.275,0,1.25,1.597,0.076,1.372,0.809,2.79,0.512,29.296,0,25.768,0,6.56,35.708,0,0.226,0,5.153,0,0,0,0,0,12.55,0,0,0,4.536,0,0,0,0,0,0,0,0,2.703,0,0,3.861,0,0,0,0,24.769,0,0.51,0.694,0,0.81,0
2021-12-17,9.113,0,0,0,0,6.082,0,0,3.19,0,13.729,0,0.47,0,0,2.018,0.162,1.335,2.111,4.199,1.225,28.974,0,34.299,0,10.755,34.952,0,0.879,0,10.655,0,0,0,0,0,8.031,0,0,0,1.892,0,0,0,0,0,0,0,0,5.507,0,0,5.202,0,0,0,0,24.426,0,4.749,0,0,1.462,1.727
2021-12-18,13.659,0,0,0,0,6.556,0,0,5.774,0,16.168,0,5.554,0,0,2.801,0.723,2.183,2.069,7,0.612,46.493,0,42.242,0,8.524,49.03,0,0.625,0,12.971,0,0,0,0,0,18.748,0,0,0,29.323,0,0,0,0,0,0,0,0,7.231,0,0,11.089,0,0,0,0,21.33,0,4.384,0,0,1.153,1.035
2021-12-19,9.669,0,0,0,0,10.554,0,0.552,6.529,0,12.68,0,4.648,0,0,7.15,0,0.928,1.573,6.054,0.653,27.857,0,51.133,0,8.979,56.482,0,0,0,15.692,0,0,0,0,0,43.152,0,0,0,0.716,0,0,0,0,0,0,0,0,6.959,0,0,10.708,0,0,0,0,46.598,0,2.744,0,0,2.306,1.927
2021-12-20,8.556,0,0,0,0,0.187,0,0,3.105,0,3.145,0,1.729,0,0,4.823,0,0.627,1.949,3.263,1.455,17.473,0,25.78,0,7.399,31.448,0,0.223,0,8.323,0,0,0,0,0,22.441,0,0.098,0,22.253,0,0,0,0,0,0,0,0,3.583,0,0,6.835,0,0,0,0,21.321,0,1.397,0,0,0.678,0
2021-12-21,4.413,0,0,0,0,3.75,0,0,3.825,0,7.016,0,4.11,0,0,1.658,0,1.28,2.069,2.661,1.235,31.545,0,18.202,0,4.716,47.2,0,0.527,0,6.546,0,0,0,0,0,21.676,0,0.108,0,4.047,0,0,0,0,0,0,0,0,5.068,0,0,1.169,0,0,0,0,20.035,0,2.143,0.392,0,1.79,0.402
2021-12-22,12.737,0,0,0,0,6.076,0,0,5.303,0,1.438,0,4.263,0,0,3.678,0,0.284,0.772,1.897,0,20.365,0,14.458,0,6.898,27.033,0,0.754,0,7.131,0,0,0,0,0,15.873,0,0,0,6.767,0,0,0,0,0,0,0,0,1.791,0,0,4.436,0,0,0,0,12.258,0,2.558,0,0,0.888,0.792
2021-12-23,9.366,0,0,0,0,8.275,0,0,3.24,0,9.851,0,0,0,0,4.384,0,0.987,1.128,5.02,0.482,30.325,0,23.368,0,3.105,28.376,0,0.684,0,9.348,0,0,0,0,0,12.353,0,0,0,10.523,0,0,0,0,0,0,0,0,4.425,0,0,1.645,0.705,0,0,0,12.814,0,1.061,0,0,1.383,1.758
2021-12-24,9.38,0,0,0,0,0,1.425,0,4.576,0,10.71,0,1.829,0,0,3.205,0,1.045,1.191,7.259,0.713,34.617,0,30.135,0,6.855,35.441,0,0.496,0.167,7.938,0,0,0,0,0,10.061,0,0,0,5.863,0,0,0,0,0,0,0,0,4.358,0,0,0,0,0,0,0,33.907,0,0.652,0,0,2.5,1.264
2021-12-25,8.946,0,0,0,0,16.985,1.446,0,2.864,0,18.109,0,0.637,0,0,1.049,0,1.767,3.75,10.304,1.114,63.826,0,33.162,10.767,13.696,62.761,0,1.621,0,24.891,0,0,0,0,0,14.701,0,0.076,0,6.91,0,0,0,0,0,0,0,0,8.466,0,0,4.078,0,0,0,0,39.512,0,2.178,0,0,2.751,0.474
2021-12-26,9.296,0,0,0,0,13.697,0,0,0,0,14.015,0,5.354,0,0,13.51,0,1.324,2.927,5.562,0,46.711,0,28.498,0,9.611,90.012,0,0.359,0,31.148,0,0,0,0,0,23.363,0,0,0,0,0,0.158,0,0,0,0,0,0,13.362,0,0,5.572,0,0,0,0,43.32,0,3.561,0,0,3.874,2.587
2021-12-27,14.735,0,0,0,0,0.23,0,0,0,0,3.334,0,2.853,0,0,2.328,0,1.225,0.914,3.544,0,5.859,0,15.213,0.645,8.783,37.892,0,0.106,0,4.516,0,0,0,0,0,7.198,0,0,0,0,0,0,0,0,0,0,0,0,1.237,0,0,4.263,0,0,0,0,24.108,0,1.806,0,0,0.781,0.46
2021-12-28,7.889,0,0,0,0,2.726,0,0,2.097,0,5.584,0,1.477,0,1.282,3.536,0,2.257,1.002,3.292,0.628,0,0,24.145,0,8.004,31.748,0,0.957,0,6.796,0,0,0,0,0,5.431,0,0,0,5.946,0,0,0,0,0,0,0,0,3.234,0,0,3.306,0,0,0,0,22.869,0,1.397,0,0,1.412,1.25
2021-12-29,11.456,0,0,0,0,4.298,0,0,1.694,0,11.972,0,2.786,0,0,3.162,0,2.29,0.826,2.449,0.578,0.236,0,24.749,0,4.159,30.789,0,0.074,0,6.295,0,0,0,0,0,4.522,0,0,0,6.656,0,0,0,0,0,0,0,0,1.464,0,0,4.093,0,0,0,0,14.901,0,0,0,0,1.613,0.89
2021-12-30,8.915,0,0,0,0,0.719,0,0,2.158,0,5.102,0,1.98,0,0,2.011,0,0.643,1.184,7.39,0.578,0,0,17.651,0,3.745,30.64,0,1.049,0,8.191,0,0,0,0,0,8.234,0,0,0,6.296,0,0,0,0,0,0,0,0,0.53,0,0,6.73,0,0,0,0,14.334,0,3.304,0,0,0.595,0
2021-12-31,5.385,0,0,0,0,13.537,0,0,2.782,0,10.76,0,6.209,0,1.859,4.799,0,2.189,1.929,8.454,1.03,33.937,0,29.186,0,11.017,57.659,0,0.847,0,11.868,0,0,0,0,0,13.965,0,0,0,13.26,0,0,0,0,0,0,0,0,3.413,0,0,3.054,40.607,0,0,0,25.494,0,3.513,0,0,2.66,1.092
2022-01-01,4.456,0,0,0,0,17.459,0,0,5.021,0,7.248,0,1.56,0,0,3.564,1.506,1.446,2.126,8.594,3.455,37.056,0,38.272,0,14.6,74.168,0,0.7,0,14.122,0,0,0,0,0,7.474,0,0,0,6.097,0,0,0,0,0,0,0,0,3.244,0,0,8.49,0,0,0,0,28.522,0,6.379,0,0,0.954,1.897
2022-01-02,5.143,0,0,0,0,7.157,0,0,1.835,0,7.502,0,1.728,0,0,1.379,1.051,3.193,2.123,9.097,1.985,0.115,0,26.605,0,12.803,23.006,0,0.438,0,10.869,0,0,0,0,0,8.293,0,0,0,5.887,0,0,0,0,0,0,0,0,1.825,0,0,4.432,0,0,0,1,19.704,0,2.267,0,0,2.1,2.182
2022-01-03,1.45,0,0,0,0,13.119,0,0,0.403,0,1.44,0,0,0,0,4.814,2.071,0.984,2.383,8.607,1.207,21.125,0,38.027,0,10.92,58.589,0,0.334,0,4.071,0,0,0,0,0,6.382,0,0,0,8.79,0,0,0,0,0,3.455,0,0,0.744,0,0,0.42,0,0,0,0,45.429,0,2.968,0,0,2.249,1.947
2022-01-04,4.943,0,0,0,0,2.327,0,0,2.552,0,1.718,0,2.417,0,0,1.824,1.625,1.636,1.811,3.946,2.438,25.897,0,45.257,0,6.583,46.229,0,0.118,0,5.428,0,0,0,0,0,1.902,0,0,0,2.96,0,0,0,0,0,0,0,0,0.878,0,0,0.369,0,0,0,0,34.406,0,1.79,0,0,1.087,1.175
2022-01-05,2.137,0,0,0,0,2.931,0,0,2.199,0,4.167,0,0.604,0,0,2.974,0.635,2.45,1.354,7.761,0,15.802,0,39.688,0,7.635,31.197,0,1.109,0,4.148,0,0,0,0,0,3.451,0,0,0,3.824,0,0,0,0,0,0,0,0,2.397,0,0,2.953,0,0,0,0,40.488,0,2.066,0,0,0.778,0.565
2022-01-06,4.698,0,0,0,0,0.201,0,0,1.712,0,3.712,0,1.846,0,0,1.38,1.756,1.085,1.572,3.284,1.131,16.33,0,35.897,0,6.948,31.345,0,0.484,0,3.97,0,0,0,0,0,0,0,0,0,5.611,0,0,0,0,0,0,0,0,5.713,0,0,2.853,0,0,0,0,45.039,0,2.586,0,0,0.309,0
2022-01-07,2.985,0,0,0,0,6.594,0,0,2.056,0,5.153,0,1.275,0,0,3.191,1.218,1.506,1.855,10.054,1.797,45.684,0,31.834,0,8.08,42.554,0,0.462,0,3.016,0,0,0,0,0,19.27,0,0,0,6.564,0,0,0,0,0,0.452,0,0,5.763,0,0,3.491,0,0,0,0,25.769,0,2.944,1.489,0,0.451,0.484
2022-01-08,5.467,0,0,0,0,7.902,0,0,5.665,0,8.083,0,2.199,0,0,1.135,0.556,1.918,2.588,6.515,1.168,53.23,0,43.284,0,21.182,58.58,0,0.831,0,7.188,0,0,0,0,0,13.561,0,2.888,0,10.963,0,0,0,0,0,0,0,0,3.774,0,0,1.426,0,0,0,0,36.886,0,4.434,2.107,0,2.416,1.028
2022-01-09,7.179,0,0,0,0,15.031,0,0,2.219,0,8.74,0,1.963,0,0,0,0,2.399,1.776,4.147,1.576,48.208,0,113.732,0,9.596,49.012,0,0.113,0,11.548,0,0,0,0,0,23.958,0,2.663,0,11.228,0,0,0,0,0,0,1,0,5.916,0,0,1.729,0.53,0,0,0,44.05,9,4.249,1.907,0,2.09,0.888
2022-01-10,6.271,0,0,0,0,2.63,0,0,3.145,0,5.935,0,1.074,0,0,0,0,1.928,2.852,5.231,0,26.011,0,35.175,0,9.221,35.084,0,0.32,0,3.782,0,0,0,0,0,7.657,0,2.204,0,7.343,0,0,0,0,0,0,0,0,5.151,0,0,2.215,0,0,0,0,32.11,11,2.986,0.365,0,1.724,0.625
2022-01-11,3.164,0,0,0,0,3.823,0,0,4.377,0,2.526,0,0.772,0,0,3.249,0,2.198,3.268,5.202,2.236,9.934,0,54.466,0,3.555,19.652,0,0.449,0,6.609,0,0,0,0,0,6.045,0,2.067,0,12.082,0,0,0,0,0,0,0,0,2.448,0,0,3.844,0,0,0,0,52.645,6,2.141,0.994,0,2.161,0.604
2022-01-12,4.839,0,0,0,0,3.377,0,0,2.277,0,2.55,0,2.601,0,0,3.522,0,0.884,2.355,5.074,1.872,11.993,0,35.007,0,2.626,28.544,0,0.548,0.192,8.544,0,0,0,0,0,4.274,0,2.6,0,3.06,0,0.251,0,0,0,0,0,0,1.836,0,0,2.082,0,0,0,0,52.472,11,2.651,1.04,0,1.526,0.621
2022-01-13,1.492,0,0,0,0,5.23,0,0,1.149,0,6.871,0,0.554,0,0,1.394,1.071,2.29,3.207,5.968,1.928,11.367,0,21.816,0,3.549,16.681,0,0.496,0,3.43,0,0,0,0,0,1.615,0,2.028,0,2.86,0,0,0,0,0,0,0,0,0.969,0,0,5.504,0,0,0,1,41.841,0,4.382,0.611,0,1.416,1.573
2022-01-14,1.371,0,0,0,0,9.34,0,0,0.585,0,10.636,0,1.275,0,0,2.629,0.884,1.777,3.052,2.966,0.512,14.064,0,23.405,0,8.019,35.033,0,0.493,0.202,6.636,0,0,0,0,0,6.236,0.159,2.13,0,8.365,0,0,0,0,0,0,0,0,3.519,0,0,0.252,0,0,0,1,40.427,13,2.718,0,0,2.853,0.988
2022-01-15,1.029,0,0,0,0,14.543,0,0,4.536,0,7.177,0,3.356,0,0,2.744,1.94,2.802,2.129,7.258,0.884,6.928,0,37.538,0,6.899,47.338,0,0.696,0.44,7.588,0,0,0,0,0,12.439,0.51,3.883,0,10.564,0,0.679,0,0,0,0,0,0,2.397,0,0,0.487,0,0,1,1,55.912,9,1.004,0,0,4.689,1.593
2022-01-16,0,0,0,0,0,11.483,0,0,4.918,0,3.913,0,3.725,0,0,1.896,0.99,2.833,0.629,10.895,0.422,10.036,0,58.007,0,4.951,41.028,0,1.32,0.399,15.441,0,0,0,0,0,14.335,1.17,2.868,0,13.575,0,0,0,0,0,0,0,0,6.375,0,0,4.766,0,0,0,1,43.579,7,3.353,0,0,2.973,1.008
2022-01-17,0,0,0,1.061,0,9.412,0,0,3.449,0,6.775,0,4.145,0,0,1.954,1.903,2.27,1.899,7.479,0.612,0,0,11.755,0,4.229,40.524,0,0.142,0.31,6.495,0,0,0,0,0,12.435,0,1.672,0,9.589,0,0,0,0,0,0,0,0,0,0,0,0.788,0,0,1,0,17.561,1,2.574,0,0,0.978,2.823
2022-01-18,0,0,0,0,0,9.512,0,0,2.843,0,3.912,0,1.846,0,0,2.342,0.556,3.164,3.203,5.161,0.984,13.594,0,9.211,0,4.158,29.633,0,0.841,0,2.99,0,0,0,0,0,10.855,0.636,1.283,0,8.172,0,0,0,0,0,0,0,0,5.051,0,0,2.785,0,0,1,0,31.738,0,2.333,0,0,0.645,0.585
2022-01-19,0,0,0,0.834,0,10.173,0,0,5.746,0,7.3,0,3.542,0,0,9.369,1.188,1.907,1.187,1.114,1.436,19.014,0,16.223,0,8.054,48.879,0,0.373,0.178,6.042,0,0,0,0,0,13.038,0.142,2.204,0,8.776,0,0.364,0,0,0,0,0,0,0,0,0,1.51,0,0,3,0,28.457,0,0.661,0.995,0,1.214,0.686
2022-01-20,0,0,0,0,0,12.113,0,0,1.25,0,5.968,0,1.426,0,0,13.707,0.844,1.676,1.787,12.214,0.456,21.443,0,32.318,0,5.703,53.814,0,0.326,0.771,9.933,0,0,0,0,0,19.207,0.468,1.463,0,5.084,0,0.455,0,1,0,0,0,0,8.029,0,0,1.746,0,0,2,0,45.808,0,8.879,1.363,0,1.488,3.73
2022-01-21,0,0,0,3.056,0,12.284,0,0,4.134,0,12.671,0,0.487,0,0,4.008,1.081,0.466,3.056,13.819,2.956,18.742,0,32.031,0,13.361,55.275,0,0.227,0,11.785,0,0,0,0,0,14.525,0,2.745,0,8.497,0,0.227,0,1,0,0,0,0,6.845,0,0,3.019,0,0,2,0,38.685,0,7.023,0,0,1.364,4.516
2022-01-22,0,0,0,3.309,0,24.511,0,0,11.474,1.46,14.986,1.482,5.806,0,0,15.26,4.637,0.602,0.768,5.881,2.701,22.555,0,64.541,0,14.084,60.906,0,1.489,0,25.243,0,0,0,0,0,14.118,0,2.622,0,17.678,0,0,0,5,0,3.614,0,0,7.174,0,0,3.776,0,0,6,0,46.998,0,12.012,1.998,0,2.886,4.899
2022-01-23,0,0,0,3.864,0,20.306,0,0,11.391,1.18,10.339,3.735,9.986,0,0,8.261,3.162,0.752,1.889,15.756,2.327,29.311,0,73.152,0,16.172,62.496,0,1.188,0,10.593,0,0,0,0,0,9.547,0,0,0,16.943,0,0,0,0,0,2.621,2,0,5.531,0,0,5.789,1.097,0,0,0,64.573,0,6.926,0,0,4.924,0
2022-01-24,0,0,0,7.78,0,13.898,1.426,0,4.88,2.467,3.705,0,1.948,0,0,2.255,4.102,2.32,2.657,19.759,1.039,33.837,0,22.147,0,10.606,35.996,0,1.213,0,8.508,0,0,0,0,0,23.59,0,0,0,10.753,0,0,0,0,0,1.898,1,0,3.814,0,0,2.08,0,0,0,0,53.397,0,4.781,0,0,2.614,3.267
2022-01-25,0,0,0,0,0,12.802,0.877,0,10.122,2.411,6.996,2.301,2.601,0,0,4.081,2.758,1.491,5.464,19.006,3.597,35.911,0,48.877,0,8.132,63.18,0,1.449,0,9.857,0,0,0,0,0,11.694,0,2.404,0,11.748,0,1.076,0,0,0,1.48,0,0,4.091,0,0,7.669,0,0,0,0,42.607,0,3.228,1.003,0,2.382,9.353
2022-01-26,0,0,0,0,0,14.411,1.284,0,5.733,2.221,9.037,2.425,4.129,0,0,4.466,2.44,4.124,7.536,22.215,2.193,29.326,0,32.217,0,5.768,58.393,0,0.127,0,15.351,0,0,0,0,0,14.498,0,2.333,0,12.174,0,0.364,0,0,0,0.564,0,0,2.123,0,0,6.465,0,0,10,0,44.472,0,5.928,1.539,0,5.792,1.275
2022-01-27,0,0,0,0,0,11.373,1.13,0,5.503,0,2.041,0.746,2.065,0,0,3.621,3.753,3.321,21.09,10.167,1.535,17.944,0,58.027,0,7.677,90.101,0,1.054,1.951,11.516,0,0,0,0,0,10.732,1.753,2.302,0,14.428,0,1.898,0,0,0,1.736,2,0,4.329,0,0,3.924,0,0,2,0,57.236,1,7.744,2.517,0,5.435,4.196
2022-01-28,0,0,0,0,0,29.413,0.696,0,4.957,0,2.982,0.265,4.776,0,0,2.932,7.058,5.44,37.922,39.386,3.59,41.917,0,85.253,0,4.123,112.191,0,1.689,2.486,17.29,0,2,0,0,0,11.112,1.025,0.322,0,23.295,0,4.23,0,0,0,0.551,0,0,4.716,0,0,15.743,0,0,7,0,86.352,70,8.468,3.359,0,4.829,6.174
2022-01-29,0,0,0,0,0,36.75,1.337,0,20.793,0,4.87,0,3.204,0,0,14.254,5.39,12.215,95.817,65.277,6.912,47.05,0,90.907,0,10.937,74.138,0,5.766,3.835,21.863,0,1,0,0,0,35.66,2.149,8.888,0,26.15,0,1.661,0,0,0,2.97,0,0,5.151,0,0,15.767,0,0,8,0,146.512,111,12.032,2.04,0,13.264,10.253
2022-01-30,0,0,0,0,0,31.576,1.827,0,13.737,0,14.588,0,5.548,0,0,28.35,7.756,8.704,95.705,55.111,5.452,66.092,0.426,98.07,0,7.743,108.55,0,8.746,1.074,34.385,0,1,0,0,0,51.089,0.567,21.418,0,16.136,0,0,0,0,0,4.475,0,0,6.494,0,0,24.128,4.058,0,23,0,185.982,102,25.521,1.944,0,19.097,3.138
2022-01-31,0,0,0,0,0,0,0,0,0,0,0,0,0,0,0,0,0,0,0,0,0,0,0,0,0,0,0,0,0,0,0,0,0,0,0,0,0,0,0,0,0,0,0,0,0,0,0,0,0,0,0,0,0,0,0,0,0,0,0,0,0,0,0,0
2022-02-01,0,0,0,0,0,13.705,1.504,0,7.559,0,2.189,0,2.155,0,0,3.264,4.849,1.705,11.464,10.828,0.633,9.054,0,13.968,0,3.48,20.473,0,1.946,1.617,15.574,0,0,0,0,0,0,0,2.498,0,7.213,0,0,0,0,0,1.266,0,0,1.93,0,0,4.777,0,0,3,0,21.147,13,6.086,1.313,0,0.481,4.278
2022-02-02,0,0,0,0,0,7.613,0.874,0,8.147,0,1.858,0,3.314,0,0,18.749,2.925,1.553,21.364,19.771,2.569,14.549,0,38.729,0,6.973,34.787,0,1.468,1.516,8.854,0,0,0,0,0,17.779,0,4.017,0,8.697,0,0,0,0,0,1.685,0,0,2.518,0,0,3.081,0,0,12,0,44.895,0,6.926,0,0,2.835,5.269
2022-02-03,0,0,0,0,0,0,0.301,0,18.795,0,0.532,0,8.303,0,0,32.975,1.95,2.809,40.445,43.477,2.625,20.149,0,26.229,0,1.003,3.662,0,0.985,1.575,0.853,0,0,0,0,0,0,0,11.838,0,13.197,0,0,0,0,0,1.798,0,0,1.947,0,0,3.348,0,0,9,0,52.949,0,5.113,0,0,0.204,5.335
2022-02-04,0,0,0,5.42,0,22.251,3.704,0,11.019,0,0,0,8.896,0,0,46.145,4.501,5.33,27.484,38.907,2.224,14.566,0,48.036,0,0.666,54.237,0,3.298,2.732,18.024,0,0,0,0,0,18.814,0,7.451,0,12.434,0,0,0,6,0,0,0,0,6.829,0,0,1.686,0,0,0,0,73.108,0,8.238,0.443,0,4.891,0.52
2022-02-05,0,0,0,4.999,0,23.208,0.821,0,14.18,0,11.028,0,9.655,0,0,18.257,3.305,3.481,0.465,39.175,0,13.158,0,45.665,0,8.059,0.243,0,2.58,1.655,23.911,0,0,0,0,0,14.092,0,2.695,0,16.648,0,0,0,2,0,0,2,0,0,0,0,0.96,0,0,5,0,14.64,1,4.462,0,0,4.696,3.188
2022-02-06,0,0,0,15.455,0,32.373,0,0,16.942,0,0,0,8.243,0,0,24.316,0,0,25.147,29.187,0,15.038,0,52.784,0,2.481,61.176,0,2.788,0,21.023,0,0,0,0,0,19.824,0,2.996,0,12.884,0,0,0,1,0,0,0,0,0,0,0,5.704,0,0,9,0,33.898,0,8.568,0.544,0,3.19,5.034
2022-02-07,0,0,0,4.548,0,0,0,0,11.913,0,0,0,3.009,0,0,0,2.572,4.823,15.817,19.964,0.259,9.407,0,43.144,0,6.023,40.076,0,1.025,0.53,13.481,0,0,0,0,0,19.648,0,3.084,0,7.982,0,0,0,4,0,0,1,0,7.403,0,0,1.659,0,0,8,0,20.153,0,5.495,0,0,4.797,2.651
2022-02-08,0,0,0,9.613,0,16.916,0,0,9.771,0,0,0,5.675,0,0,5.092,2.364,2.389,8.427,21.304,2.5,5.78,0,30.994,0,6.344,28.383,0,1.438,0,17.596,0,0,0,0,0,19.32,0,2.991,0,7.095,0,0,0,0,0,0,0,0,6.108,0,0,1.395,13.622,0,0,0,15.654,0,4.557,0,0,3.748,1.963
2022-02-09,0,0,0,8.691,0,10.724,0,0,5.101,0,0,0,3.359,0,0,6.803,3.238,0.663,6.568,11.07,1.684,5.514,0,25.255,0,2.884,29.227,0,2.231,0,8.231,0,0,0,0,0,14.799,0,1.484,0,9.051,0,0,0,1,0,0,0,0,4.578,0,0,0.967,0,0,0,0,17.438,0,5.073,0,0,2.186,2.316
2022-02-10,0,0,0,2.366,0,10.289,0,0,5.446,0,0,0,1.711,0,0,3.509,1.591,0.113,9.401,14.041,1.721,6.478,0,23.057,0,0,28.635,0,0.629,0,8.405,0,0,0,0,0,13.514,0,1.437,0,5.518,0,0,0,0,0,0,0,0,0,0,0,0.905,0,0,4,0,33.137,0,0,2.36,0,3.564,3.859
2022-02-11,0,0,0,3.239,0,9.643,0,0,7.601,0,0,0,0,0,0,16.067,2.556,0.514,6.585,13.568,1.181,7.35,0,24.982,0,0,34.543,0,1.033,0,8.072,0,0,0,0,0,10.128,0,1.113,0,5.745,0,0,0,0,0,1.779,0,0,7.326,0,0,3.743,0,0,0,0,21.915,0,0,1.607,0,3.035,1.41
2022-02-12,0,0,0,0.369,0,11.457,0,0,5.619,0,0,0,0,0,0,18.301,2.663,1.441,6.226,18.385,0.848,6.628,0,35.481,0,0,49.085,0,1.653,0,14.457,0,0,0,0,0,21.964,0,0.604,0,4.157,0,0,0,0,0,4.349,0,0,5.91,0,0,1.332,0,0,0,0,11.646,8,0,0,0,3.854,1.493
2022-02-13,0,0,0,5.227,0,18.053,0,0,4.081,0,0,0,0.573,0,0,21.921,4.096,1.998,6.872,16.036,2.557,7.028,0,37.882,0,0,31.197,0,1.384,0,7.976,0,0,0,0,0,12.65,0,0.261,0,5.351,0,0.254,0,0,0,4.37,2,0,0,0,0,4.56,0,0,0,0,25.47,1,0,0,0,2.695,5.035
2022-02-14,0,0,0,0,0,0,0,0,11.484,3.582,0,0,0,0,0,8.351,2.021,0.751,4.732,20.182,1.983,9.618,0,35.754,0,0,22.341,0,0.468,0.242,3.411,0,0,0,0,0,8.838,0,0.158,0,5.902,0,0,0,0,0,0,0,0,6.567,0,0,2.488,0,0,0,0,21.898,0,0,0,0,2.818,1.728
2022-02-15,0,0,0,0,0,17.008,0,0,11.381,0,7.7,0,0.318,0,0,10.084,2.151,0.445,7.865,10.172,2.083,8.996,0,30.547,0,0,47.492,0,0.626,0,9.434,0,0,0,0,0,16.848,0,0,0,6.777,0,0,0,0,0,0,0,0,6.059,0,0,1.595,0,0,0,0,11.459,0,1.075,0,0,1.238,2.768
2022-02-16,0,0,0,0,0,1.306,0,0,3.994,0,0,0,0,0,0,2.785,0.99,0,1.373,8.002,0,5.235,0,21.875,0,0,22.449,0,0.783,0,0,0,0,0,0,0,10.715,0,0,0,3.337,0,0,0,0,0,0,0,0,2.577,0,0,0.791,0,0,0,0,22.199,0,0,0,0,0.624,1.762
2022-02-17,0,0,0,0,0,0,0,0,1.947,3.136,0,0,0.46,0,0,19.215,1.241,0.389,2.069,12.723,3.535,8.335,0,20.645,0,0,34.623,0,0.765,0,0,0,0,0,0,0,9.406,0,0,0,5.444,0,0,0,0,0,0,0,0,3.989,0,0,0.917,0,0,0,0,15.236,0,0,0,0,1.175,2.97
2022-02-18,0,0,0,0,0,0,0,0,3.934,1.92,1.746,0,0,0,0,11.769,2.212,2.501,3.555,10.637,2.544,11.249,0,24.401,0,0,33.695,0,0.366,0,3.294,0,0,0,0,0,10.415,0,0,0,8.664,0,0,0,0,0,1.242,0,0,1.756,0,0,0,0,0,0,0,23.139,0,0,0,0,1.042,1.913
2022-02-19,0,0,0,0,0,19.526,0,0,10.515,3.029,2.086,0,0,0,0,13.017,1.427,0.179,6.969,18.298,0.905,9.453,0,49.665,0,0,37.763,0,0.051,0,4.925,0,0,0,0,0,14.7,0,0,0,6.277,0,0,0,0,0,1.137,0,0,1.904,0,0,0,0,0,0,0,18.24,0,0,0.401,0,0.579,4.581
2022-02-20,0,0,0,0,0,15.615,0.546,0,10.19,2.111,1.357,0,0,0,0,11.639,0.852,0.322,3.343,17.43,2.069,8.076,0,30.111,0,0,35.58,0,0,0,7.501,0,0,0,0,0,9.7,0,0.125,0,8.386,0,0,0,0,0,0,0,0,5.091,0,0,0,6.275,0,0,0,34.333,0,0,0,0,1.843,3.408
2022-02-21,0,0,0,0,0,10.903,0.349,0,5.691,0,1.093,0,0,0,0,8.795,0,0,2.356,10.632,1.71,5.197,0,28.045,0,0,26.034,0,0.11,0,0,0,0,0,0,0,5.404,0,0,0,4.766,0,0,0,0,0,0,0,0,2.589,0,0,0,0,0,0,0,20.123,0,0,0.477,0,0.611,3.071
2022-02-22,0,0,0,0,0,8.253,1.021,0,9.915,4.195,0,0,0,0,0,6.86,0.256,0.165,4.752,11.918,3.075,5.499,0,21.47,0,0,25.201,0,0.597,0,2.864,0,0,0,0,0,4.801,0,0,0,2.714,0,0,0,0,0,0,0,0,2.768,0,0,0,0,0,0,0,31.157,0,0,0,0,0.676,1.158
2022-02-23,0,0,0,0,0,7.165,0.636,0,4.525,1.03,0.352,0,0,0,0,8.529,0.824,0,3.246,7.792,0.661,3.979,0,28.796,0,0,17.076,0,0.119,0,0.918,0,1,0,0,0,2.552,0,0,0,4.459,0,0,0,0,0,1.794,0,0,2.62,0,0,0,0,0,0,0,0,0,2.099,0.435,0,0.268,1.422
2022-02-24,0,0,0,0,0,9.207,0,0,3.132,0,0,0,0.217,0,0,4.9,0.959,0,2.827,8.313,0,5.097,0,34.624,0,0,19.778,0,0.886,0,0.854,0,0,0,0,0,1.839,0,0,0,3.881,0,0,0,0,0,0,0,0,2.946,0,0,0,0,0,0,0,20.208,0,2.481,0.501,0,0.925,0.565
2022-02-25,0,0,0,0,0,11.885,0,0,7.183,3.091,0,0,0,0,0,6.362,0.793,1.827,2.238,11.746,1.48,10.498,0,25.668,0,0,23.644,0,0.979,0,8.27,0,0,0,0,0,4.397,0,0,0,3.613,0,0,0,0,0,0,0,0,1.428,0,0,0,0,0,0,0,23.868,20,1.936,0,0,1.574,1.106
2022-02-26,0,0,0,0,0,23.166,0,0,11.848,1.458,0,0,0,0,0,13.338,1.045,1.405,5.553,14.959,2.759,8.56,0,29.244,0,0,40.831,0,1.425,0,4.763,0,0,0,0,0,11.331,0,0,0,6.069,0,0,0,0,0,0,0,0,5.773,0,0,0,0,0,0,2,41.639,0,4.319,0.376,0,1.203,1.976
2022-02-27,0,0,0,0,0,13.021,0,0,9.224,2.06,0,0,0,0,0,9.242,1.758,1.826,3.687,10.724,1.89,6.748,0,34.072,0,0,33.609,0,0.318,0,5.655,0,0,0,0,0,15.543,0,0,0,10.987,0,0,0,0,0,0,0,0,7.323,0,0,0,0,0,0,0,38.889,0,4.58,0,0,1.397,2.668
2022-02-28,0,0,0,9.397,0,6.419,0,0,3.569,1.558,3.732,0,0,0,0,6.096,0.964,0.287,2.991,11.819,0.552,5.887,0,22.582,0,0,29.583,0,0.187,0,3.857,0,0,0,0,0,8.295,0,0,0,5.22,0,0,0,0,0,0,0,0,2.441,0,0,0,0,0,0,0,25.514,0,1.987,0,0,1.504,1.91
2022-03-01,0,0,0,3.473,0,10.366,0,0,5.754,0.565,0,0,0,0,0,4.357,1.474,0.351,2.437,8.846,0.309,5.112,0,22.944,0,0,5.051,0,0.442,0,4.033,0,0,0,0,0,6.649,0,0,0,3.973,0,0,0,0,0,0,0,0,2.648,0,0,0,0,0,0,1,21.862,0,3.92,0,0,0.73,0.415
2022-03-02,0,0,0,4.318,0,8.294,0,0,4.497,0.431,0.641,0,0,0,0,2.349,0.293,1.941,2.677,5.747,0.46,6.916,0,18.905,0,0,23.171,0,0.215,0,2.036,0,0,0,0,0,6.593,0,0,0,4.35,0,0,0,0,0,0,0,0,3.066,0,0,0,0,0,0,0,18.004,0,1.985,0.418,0,1.777,3.393
2022-03-03,0,0,0,6.315,0,6.68,0,0,2.839,1.662,0.251,0,0.933,0,0,3.133,1.631,1.619,2.478,9.581,0,3.525,0,21.88,0,0,27.705,0,0.577,0,5.175,0,0,0,0,0,5.909,0,0,0,3.019,0,0,0,0,0,0,0,0,3.545,0,0,0,0,0,0,1,21.329,0,4.444,0,0,0.27,1.043
2022-03-04,0,0,0,0,3.227,11.514,0,0,4.812,1.578,0,0,0,0,0,6.133,0.849,2.077,2.143,7.901,0.386,5.908,0,20.119,0,0,21.276,0,0.476,0,4.071,0,0,0,0,0,4.318,0,0,0,3.855,0,0,0,0,0,0,0,0,3.419,0,0,0,0,0,0,1,13.886,0,1.01,0,0,0,0.402
2022-03-05,0,0,0,7.225,3.209,21.105,1.614,0,4.144,1.846,5.363,0,0.268,0,0,8.794,0.354,2.372,4.633,10.452,0.322,6.725,0,29.269,0,0,44.23,0,0.778,0,3.367,0,0,0,0,0,10.92,0,0,0,4.79,0,0,0,0,0,0,0,0,11.608,0,0,0,0,0,0,4,28.874,0,3.728,0.334,0,1.691,1.722
2022-03-06,0,0,0,16.922,0,25.354,1.51,0,17.602,1.912,7.061,0,0,0,0,7.258,0.414,2.607,4.633,16.034,1.891,10.323,0,30.618,0,0,47.119,0,0.671,0,13.729,0,0,0,0,0,11.964,0,0,0,9.535,0,0,0,0,0,0,0,0,8.899,0,0,0,0.766,0,0,5,23.426,0,1.236,0,0,2.501,1.432
2022-03-07,0,0,0,8.562,2.873,13.448,0.768,0,4.486,1.107,0,0,0,0,0,7.118,1.076,2.164,1.693,10.563,0.279,3.626,0,0.632,0,0,24.482,0,0.257,0,6.131,0,0,0,0,0,2.723,0,0,0,0.94,0,0,0,0,0,0,0,0,2.197,0,0,0,0,0,0,0,14.335,0,0.606,0,0,0.798,1.395
2022-03-08,0,0,6.851,11.925,1.49,9.817,0,0,5.766,2.618,0,0,0.561,0,0,2.279,0.283,1.36,1.726,8.236,0.358,0.245,0,14.951,0,0,6.754,0,0.203,0,5.161,0,0,0,0,0,2.153,0,0,0,3.373,0,0,0,0,0,0,0,0,1.758,0,0,0,0,0,0,0,12.652,0,1,0,0,1.055,0.766
2022-03-09,0,0,5.91,9.359,0.423,8.706,0,0,2.262,0,0,0,0,0,0,7.222,0.556,1.046,2.855,6.481,0.638,0,0,15.084,0,0,17.2,0,0.17,0,4.759,0,0,0,0,0,0.791,0,0,0,4.994,0,0,0,0,0,0.869,0,0,3.176,0,0,0,0,0,0,1,25.686,0,1.282,0,0,0.836,2.977
2022-03-10,0,0,4.375,9.417,0.967,10.276,0,0,1.722,0.587,2.218,0,0,0,0,3.873,0.454,1.835,1.326,7.109,1.877,0,0,16.971,0,0,16.626,0,0.344,0,3.004,0,0,0,0,0,0,0,0,0,6.179,0,0,0,0,0,0,0,0,5.034,0,0,0,0,0,0,0,11.507,0,1.203,0,0,0.244,1.646
2022-03-11,0,0,6.525,6.605,0.459,15.304,0,0,3.129,1.359,4.839,0,0,0,0,4.677,0.13,1.097,1.331,10.813,1.226,0,0,19.027,0,0,29.63,0,0.418,0,1.392,0,0,0,0,3.169,0,0,0,0,2.162,0,0,0,0,0,0,0,0,4.225,0,0,0,0,0,0,0,18.047,0,3.223,0,0,0.332,0.666
2022-03-12,0,0,9.441,12.619,5.128,23.767,0,0,10.552,0.436,6.733,0,0,0,0,15.102,1.394,0.695,5.21,19.433,0.982,0,0,27.009,0.282,0,37.329,0,0.302,0,6.289,0,0,0,0,4.947,0,0,0,0,5.734,0,0,0,0,0,0,0,0,6.095,0,0,0,0,0,0,0,33.423,0,4.38,0,0,0.712,4.173
2022-03-13,0,0,9.966,6.526,4.132,14.049,0,0,2.186,1.074,0,0,0,0,0,3.304,0.816,0.201,3.39,16.607,1.297,1.347,0,30.393,0,0,28.204,0,0,0,8.639,0,0,0,0,0.964,0,0,0,0,6.154,0,0,0,0,0,0.51,0,0,8.112,0,0,0,0,0,0,0,29.043,0,1.566,0,0,1.222,1.457
2022-03-14,0,0,2.621,2.852,3.779,10.505,0,0,6.043,1.225,0,0,0,0,0,3.731,0,0.229,3.211,10.704,0,0,0,9.127,0,0,15.345,0,0.632,0,4.573,0,0,0,0,1.647,0,0,0,0,4.072,0,0,0,0,0,0,0,0,5.976,0,0,0,0,0,0,0,35.229,0,1.974,0,0,0.437,3.19
2022-03-15,0,1.081,7.725,5.743,3.068,9.047,0,0,6.382,0.386,7.547,2.36,0,0,0,2.989,0.069,0,2.888,9.866,2.141,0,0,7.721,0,0,14.498,0,0.051,0,0.303,0,0,0,0,1.366,0,0,0.019,0,5.645,0,0,0,0,0,1.572,0,0,6.963,0,0,0,0,0,0,0,32.397,0,0.809,0,0,0.963,2.626
2022-03-16,0,1.01,4.853,4.845,7.032,2.475,1.88,0,3.95,0.42,3.427,3.836,0,0,0,6.276,0.232,0.824,1.004,9.985,0.423,0,0,11.689,0,0,16.886,0,0.551,0,2.021,0,0,0,0,0.952,0,0,0,0,5.133,0,0,0,0,0,0.995,0,0,7.281,0,0,0,0,0,0,0,29.676,0,2.156,0,0,0.24,2.563
2022-03-17,0,0,10.615,7.502,8.29,0.741,2.263,0,4.469,1.577,4.86,10.682,0,0,0,0.336,0.611,0.581,0.489,12.218,0.587,0,0,12.813,0,0,30.16,0,0.176,0,2.703,0,0,0,0,0,0,0,0,0,9.332,0,0,0,0,0,1.02,0,0,3.862,0,0,0,0,0,0,0,21.068,0,2.578,0.451,0,0.641,0.905
2022-03-18,0,0,1.76,6.019,4.911,7.642,2.118,0,0.956,1.997,7.116,2.65,0,0,0,2.338,0.87,0,1.699,10.511,1.927,0,0,14.473,0,0,26.701,0,0,0,6.214,0,0,0,0,0,0,0,0,0,4.655,0,0.268,0,0,0,0,0,0,1.804,0,0,0,0,0,0,1,42.99,0,3.908,0,0,1.772,0.755
2022-03-19,0,9.723,9.091,13.01,16.785,18.101,0.37,0,10.285,2.819,17.382,10.011,0,0,0,3.676,0.449,0,4.088,14.926,1.311,0,0,24.298,0,0,45.815,0,0,0,4.196,0,0,0,0,3.611,0,0,0,0,11.298,0,0.222,0,0,0,0,0,0,8.832,0,0,0,0,0,0,4,48.079,0,9.187,0.587,0,1.061,4.866
2022-03-20,0,1.387,18.247,0,14.6,21.267,9.45,0,3.642,0,4.738,8.909,0.302,0,0,15.149,5.809,0,1.576,14.585,1.368,0,0,16.749,0,0,40.66,0,0,0,3.952,0,0,0,0,1.433,0,0,0,0,13.171,0,0,0,0,0,0,0,0,8.229,0,0,0,0,0,0,3,53.431,0,5.49,0,0,2.171,15
2022-03-21,0,12.849,10.734,0,8.261,15.707,1.626,0,12.82,1.141,0,8.321,0,0,0,7.133,0,0,2.518,20.808,1.318,0,0,13.613,0,0,25.391,0,0,0,8.075,0,0,0,0,4.306,0,0,0,0,11.881,0,0,0,0,0,0,0,0,8.482,0,0,0,0,0,0,0,21.56,0,3.212,0,0,1.702,3.994
2022-03-22,0,6.353,9.89,0,7.923,11.723,4.592,0,17.555,1.107,0,8.311,0,0,0,4.497,0.922,0,2.268,16.632,3.022,0,0,16.239,0,0,27.306,0,0,0,6.059,0,0,0,0,4.752,0,0,0,0,10.459,0,0,0,0,0,0,0,0,7.28,0,0,0,0,0,0,4,28.137,0,2.293,0,0,1.621,0.554
2022-03-23,0,1.273,10.484,0,7.589,8.58,0,0,10.805,2.457,0,4.709,0,0,0,10.524,0.882,0,2.019,15.245,0,0,0,7.625,0,0,13.519,0,0,0,0.889,0,0,0,0,1.813,0,0,0,0,11.958,0,0,0,0,0,1.261,0,0,8.451,0,0,0,0,0,0,1,25.636,0,2.324,0,0,1.146,7.149
2022-03-24,0,8.371,6.818,0,4.609,5.186,1.024,0,5.554,1.796,0,4.574,0,0,0,0,0.962,0,2.602,12.668,0.444,0,0,7.711,0,0,16.899,0,0,0,3.02,0,0,0,0,4.198,0,0,0,0,7.021,0,0,0,0,0,0,0,0,5.786,0,0,0,0,0,0,4,14.373,0,2,0.924,0,0.421,5.872
2022-03-25,0,5.085,5.974,0,5.894,0.314,2.837,2.628,7.451,1.35,0,4.157,0,0,0,1.645,0.442,0,0.717,10.848,1.992,0,0,13.882,0,0,30.63,0,0,0,2.047,0,0,0,0,2.813,0,0,0,0,9.386,0,0,0,0,0,0.544,0,0,4.537,0,0,0,0.646,0,0,3,20.357,11,4.288,0,0,0.596,1.04
2022-03-26,0,12.463,18.283,0,16.997,17.137,1.935,2.758,4.6,2.731,0,14.156,0,0,0,8.509,0.489,0,2.558,20.892,0,0,0,16.707,0,0,33.381,0,0,0,1.828,0,0,0,0,5.395,0,0,0,0,13.275,0,0,0,0,0,3.007,0,0,16.008,0,0,0,0,0,0,0,32.046,9,2.394,0,0,1.065,2.433
2022-03-27,0,8.834,7.091,0,9.147,14.462,0,2.007,2.169,0.431,0,9.416,3.515,0,0,7.636,1.044,0,3.605,21.248,2.5,0,0,11.68,0,0,33.214,0,0,0,2.804,0,0,0,0,1.937,0,0,0,0,7.869,0,0,0,0,0,1.831,0,0,23.478,0,0,0,0,0,0,7,33.97,8,3.229,0,0,2.445,4.245
2022-03-28,0,1.665,6.065,0,6.432,2.336,1.655,0.616,2.515,0,0,0.46,2.682,0,0,0.89,0.547,0,1.321,12.276,1.64,0,0,2.089,0,0,10.778,0,0,0,0,0,0,0,0,0,0,0,0.045,0,4.592,0,0,0,0,0,0.562,0,0,2.786,0,0,0,0,0,0,3,15.221,7,2.082,0,0,0.758,3.826
2022-03-29,0,1.345,7.906,0,9.063,8.729,1.966,0.666,2.601,0,0,3.22,3.333,0,0,2.77,0,0,0.531,10.476,0.451,0,0,0,0,0,15.065,0,0,0,1.043,0,0,0,0,0,0,0,0,0,5.378,0,0,0,0,0,0,0,0,5.268,0,0,0,0,0,0,1,20.785,3,2.257,0,0,0,1.259
2022-03-30,0,0,8.945,0,14.953,6.833,1.075,0.365,2.946,2.155,0,2.817,0.889,0,0,5.32,0,0,0.522,12.25,0.265,0,0,30.3,0,0,23.769,0,0,0,3.079,0,0,0,0,3.503,0,0,0,0,5.105,0,0,0,0,0,1.898,0,0,8.971,0,0,0,0,0,0,1,25.229,3,4.708,0,0,1.043,2.584
2022-03-31,0,2.458,7.421,0,18.894,4.978,0.713,0.602,5.173,0.331,0,0.435,0,0,0,3.431,0.391,0,1.801,5.797,1.761,0,0,25.097,0,0,18.934,0,0,0,1.332,0,1,0,0,0.694,0,0,0,0,6.241,0,0,0,0,0,2.349,0,0,2.298,0,0,0,0,0,0,4,17.442,11,2.587,0,0,0,2.5
2022-04-01,0,2.63,9.349,0,11.277,12.458,0,0,3.162,1.495,0,1.455,0,0,0,8.607,1.375,0,0.33,13.864,0,0,0,26.303,0,0,19.437,0,0,0,5.805,0,0,0,0,0.368,0,0,0,0,7.701,0,0,0,0,0,1.196,0,0,9.456,0,0,0,0,0,0,1,19.981,6,2.833,0,0,0.093,3.104
2022-04-02,0,2.028,7.805,0,11.429,9.308,2.455,2.186,7.113,1.192,0,2.141,0,0,0,8.549,0,0,1.968,14.076,1.279,0,0,26.163,0,0,26.198,0,0,0,5.252,0,3,0,0,0,0,0,0,0,3.973,0,0,0,0,0,0.874,0,0,8.392,0,0,0,0,0,0,0,20.328,7,2.661,0,0,1.693,3.323
2022-04-03,0,1.172,2.619,0,9.748,0,2.194,0.294,3.781,0.877,0,7.367,0,0,0,1.359,1.042,0,2.319,19.701,0.658,6.753,0,16.438,0,0,38.731,0,0,0,6.757,0,0,0,0,0,0,0,0,0,3.317,0,0,0,0,0,2.582,0,0,9.298,0,0,0,0,0,0,0,27.268,0,3.528,0,0,0.239,2.047
2022-04-04,0,1.346,13.056,0,17.001,15.195,3.095,0.531,3.417,0,0,5.552,0,0,0,3.272,0,0,2.051,16.617,0.407,0,0,22.224,0,0,31.759,0,0,0,7.952,0,0,0,0,0,0,0,0,0,5.929,0,0,0,0,0,4.57,0,0,8.16,0,0,0,0,0,0,8,41.33,0,6.363,0,0,1.363,9.8
2022-04-05,0,1.485,7.966,0,27.093,8.847,1.025,0,5.93,1.745,0,0,0,0,0,4.57,0.367,0,2.637,13.058,1.015,0,0,21.248,0,0,21.71,0,0,0,5.437,0,0,0,0,2.965,0,0,0,0,6.314,0,0,0,0,0,0.934,0,0,9.244,0,0,0,0,0,0,0,1.642,0,1.283,0,0,0.628,7.313
2022-04-06,0,0.516,6.438,0,15.635,5.854,3.214,0.251,5.378,1.527,0,0,0,0,0,1.868,0.332,0,0.822,5.874,1.755,0,0,10.634,0,0,3.757,0,0,0,3.076,0,0,0,0,0.244,0,0,0,0,6.682,0,0.237,0,0,0,1.446,0,0,6.238,0,0,0,6.863,0,0,1,0.594,0,4.066,0,0,0,1.149
2022-04-07,0,0.752,6.788,0,12.47,8.486,3.062,1.232,1.482,0,0,1.597,0,0,0,0,1.243,0,1.743,9.215,0.784,0,0,10.494,0,0,6.533,0,0,0,1.874,0,0,0,0,3.152,0,0,0,0,5.197,0,0,0,0,0,0.743,0,0,7.982,0,0,0,0,0,0,2,0.337,0,4.48,0,0,0.895,2.328
2022-04-08,0,0.47,5.572,0,15.223,3.887,4.833,0,3.581,1.661,0,1.396,0,0,0,2.629,0.601,0,0.545,9.137,0.326,0,0,10.629,0,0,5.163,0,0,0,0.97,0,0,0,0,0,0,0,0,0,3.732,0,0,0,0,0,1.204,0,0,6.237,0,0,0,0,0,0,2,0,0,2.908,0,0,0.442,2.155
2022-04-09,0,1.047,5.759,0,32.849,10.131,2.779,0.229,0.792,1.107,0,1.121,0,0,0,1.293,1.338,0,0.521,22.014,1.353,0,0,15.591,0,0,10.667,0,0,0,5.034,0,1,0,0,3.686,0,0,0,0,12.739,0,0,0,0,0,1.696,0,0,8.234,0,0,0,0,0,0,1,60.42,0,3.891,0,0,0.392,3.908
2022-04-10,0,1.247,7.828,0,26.139,13.155,8.809,0,9.282,2.365,0,3.922,0,0,0,5.861,0.558,0,0.158,20.175,0.238,0,0,7.757,0,0,17.627,0,0,0,3.07,0,0,0,0,0,0,0,0,0,13.007,0,0,0,0,0,0.753,0,0,8.788,0,0,0,0,0,0,4,52.31,0,4.072,0,0,1.503,14.182
2022-04-11,0,1.314,5.643,0,18.892,6.778,5.353,0,2.073,1.595,0,0.301,0,0,0,0.158,0.532,0,0.703,7.501,0.858,0,0,6.383,0,0,1.03,0,0,0,2.559,0,0,0,0,3.61,0,0,0,0,4.793,0,0,0,0,0,0,0,0,2.703,0,0,0,0,0,0,3,28.656,0,2.328,0,0,1.384,4.009
2022-04-12,0,0.557,7.284,0,20.788,13.276,5.136,1.002,6.396,0.47,0,0,0,0,0,2.183,0.992,0,1.716,17.785,1.003,0,0,6.375,0,0,7.538,0,0,0,3.461,0,0,0,0,2.422,0,0,0,0,4.717,0,0,0,0,0,1.657,0,0,7.931,0,0,0,0,0,0,1,32.696,0,1.253,0,0,1.099,2.96
2022-04-13,0,1.537,5.557,0,19.635,9.99,4.593,0.688,1.733,0,0,0,0,1.476,0,3.851,0.949,0,0.686,15.535,0.795,0,0,9.797,0,0,4.61,0,0,0,5.744,0,0,0,0,1.691,0,0,0,0,10.19,0,0,0,0,0,0.682,0,0,7.325,0,0,0,0,0,0,2,30.051,0,4.573,0,0,0.544,1.035
2022-04-14,0,11.738,8.324,0,23.359,7.583,5.253,0,0,0.621,0,0,0,0,0,2.764,0.716,0,0,16.945,0.287,0,0,6.047,0,0,5.681,0,0,0,2.508,0.814,0,0,0,3.949,0,0,0,0,3.792,0,0,0,0,0,0,0,0,5.477,0,0,0,0,0,0,1,30.63,0,4.124,0,0,1.873,5.445
2022-04-15,0,1.118,11.825,0,21.981,12.663,0,0.287,9.646,0.269,0,0,0,3.194,0,5.403,0.781,0,1.695,13.407,0.566,0.407,0,10.73,0,0,12.332,0,0,0,3.915,1.848,0,0,0,1.755,0,0,0,0,3.393,0,0,0,0,0,1.636,0,0,8.721,0,0,0,0,0,0,3,33.142,0,3.385,0,0,1.709,4.828
2022-04-16,0,1.102,9.626,0,17.85,16.163,13.567,0,2.814,1.141,0,0,0,0,0,0,1.061,0,1.445,23.573,1.633,0,0,12.666,0,0,14.577,0,0,0,0.873,0.465,0,0,0,2.644,0,0,0,0,11.049,0,0,0,0,0,0.623,0,0,8.512,0,0,0,0,0,0,1,24.512,0,6.912,0,0,0.298,4.913
2022-04-17,0,1.778,6.182,0,13.668,15.184,9.733,2.135,4.521,0,0,0,0,0,0,4.624,0.566,0,2.627,23.568,0.58,0,0,20.254,0,2.803,9.701,0,0,0,2.32,0,0,0,0,0.961,0,0,0,0,10.401,0,0,0,0,0,2.531,0,0,5.953,0,0,0,0,0,0,1,21.209,0,7.86,0,0,1.38,8.535
2022-04-18,0,0,4.692,0,9.64,7.652,7.299,0,1.506,0.906,0,0,0,0.864,0,0.452,0.414,0,1.266,20.593,0,0,0,12.087,0,1.747,3.024,0,0,0,0.699,0,0,0,0,3.123,0,0,0,0,7.829,0,0,0,0,0,0.623,0,0,6.756,0,0,0,0,0,0,2,16.708,0,2.687,0,0,1.363,0.575
2022-04-19,0,1.363,3.395,0,3.716,8.848,4.782,0.265,3.037,1.31,0,0,0,2.128,0,4.071,1.017,0,1.158,12.98,1.175,0,0,7.869,0,2.06,3.337,0,0,0,1.582,0.854,0,0,0,1.169,0,0,0,0,7.357,0,0,0,0,0,2.38,0,0,5.952,0,0,0,0,0,0,3,1.104,0,2.393,0.437,0,1.833,1.509
2022-04-20,0,1.598,4.007,0,9.224,8.856,2.89,0,0.553,0.772,0,0,0,0.472,0,0,0.352,0,1.84,15.33,0.344,0,0,11.413,0,2.373,2.12,0,0,0,1.552,0,0,0,0,3.21,0,0,0,0,5.78,0,0,0,0,0,0.372,0,0,9.584,0,0,0,0,0,0,0,15.192,0,2.357,0,0,0.986,0
2022-04-21,0,0,5.226,0,4.832,7.362,1.307,1.032,2.412,1.074,0,0,0.842,1.476,0,2.588,0.247,0,0.586,8.101,0.229,0,0,8.341,0,0.261,2.891,0,0,0,2.471,0.661,0,0,0,2.25,0,0,0,0,3.286,0,0,0,0,0,0.321,0,0,2.142,0,0,0,0,0,0,2,25.176,0,3.338,0,0,0.636,0.431
2022-04-22,0,0.472,5.077,0,14.258,10.37,6.169,0,0.98,2.534,0,0,0.44,3.062,0,2.263,0.336,0,1.152,16.573,0.301,0,0,18.726,0,3.413,6.853,0,0,0,2.323,0,0,0,0,5.08,0,0,0,0,4.58,0,0,0,0,0,0.793,0,0,10.06,0,0,0,0,0,0,3,25.818,0,3.597,0,0,0.966,2.256
2022-04-23,0,2.727,7.096,0,10.944,11.217,1.809,4.07,2.061,5.135,0,0,0,5.48,0,3.305,0.277,0,2.728,15.23,1.322,0,0,13.233,0,3.855,8.147,0,0,0,4.887,0.692,0,0,0,7.845,0,0,0,0,13.927,0,0,0,0,0,0,0,0,8.921,0,0,0,6.007,0,0,2,30.936,0,8.238,0.404,0,1.218,3.808
2022-04-24,0,0,6.936,0,15.716,9.524,4.548,0,1.02,1.443,0,0,0,1.918,0,4.359,1.071,0,1.435,12.085,0.677,0,0,15.603,0,3.754,4.52,0,0,0,3.418,0,0,0,0,4.664,0,0,0,0,10.076,0,0,0,0,0,4.65,0,0,8.988,0,0,0,0,0,0,4,34.128,0,0.917,0,0,2.089,2.701
2022-04-25,0,0,5.859,0,15.003,13.997,7.889,1.884,1.593,1.376,0,0,0,1.034,0,1.093,0.656,0,1.269,15.806,0.619,0,0,16.833,0,1.346,2.923,0,0,0,2.451,0,0,0,0,1.77,0,0,0,0,20.617,0,0,0,0,0,2.94,0,0,10.071,0,0,0,0,0,0,0,38.363,0,3.74,0.427,0,0.357,3.061
2022-04-26,0,0,5.423,0,3.204,14.291,12.796,0.831,3.121,0.94,0,0,0,2.118,0,3.423,0,0,0.758,9.547,0.527,0,0,9.338,0,2.165,3.896,0,0,0,1.168,0,0,0,0,3.848,0,0,0,0,9.943,0,0,0,0,0,0,0,0,5.923,0,0,0,0.631,0,0,0,34.12,0,4.039,0,0,0.256,3.348
2022-04-27,0,0,5.925,0,12.116,11.78,7.198,1.605,1.896,0.973,0,0,0,3.433,0,4.717,0.182,0,0.418,17.927,1.739,0,0,9.138,0,0,1.451,0,0,0,3.179,0,0,0,0,3.631,0,0,0,0,11.179,0,0,0,0,0,2.802,0,0,9.107,0,0,0,0,0,0,2,26.246,0,4.742,0.545,0,0.162,0.503
2022-04-28,0,0,5.688,0,20.163,10.349,6.695,1.203,2.535,2.517,0,0,0,3.369,0,5.321,0.652,0,1.91,14.376,0,0,0,11.202,0,0,1.105,0,0,0,3.796,0,0,0,0,5.796,0,0,0,0,17.964,0.526,0,0,0,0,1.885,0,0,7.442,0,0,0,0,0,0,1,28.428,0,7.542,0,0,1.843,0.537
2022-04-29,0,0,12.28,0,13.177,15.002,6.678,1.849,1.041,0,0,0,0,4.399,0,2.853,0.163,0,0.84,25.434,1.221,0,0,21.114,0,0,5.58,0,0,0,2.513,1.57,0,0,0,5.143,0,0,0,0,15.983,0,0,0,0,0,0.892,0,0,4.97,0,0,0,0,0,0,1,43.634,0,3.052,0,0,1.18,1.275
2022-04-30,0,0,13.764,0,14.932,23.073,17.805,0,10.708,1.175,0,0,0,8.378,0,6.865,0.307,0,0.652,24.876,2.944,0,0,28.319,0,0,9.22,0,0,0,8.155,0,0,0,0,7.519,0,0,0,0,27.174,0,0,0,0,0,7.439,0,0,7.62,0,0,0,0,0,0,0,38.112,0,7.409,0,0,1.812,7.737
2022-05-01,0,0,7.725,0,18.009,30.618,20.306,4.048,1.057,0.369,0,0,0,4.109,0,13.427,0,0,0,26.038,0.602,0,0,23.295,0,0,8.606,0,0,0,4.435,1.313,0,0,0,6.129,0,0,0,0,15.715,0,0,0,0,0,4.119,0,0,13.813,0,0,0,0,0,0,0,47.447,0,9.121,0,0.944,2.679,3.29
2022-05-02,0,0,12.191,0,10.137,19.335,20.055,2.558,7.053,0.604,0,0,0,7.008,0,11.802,2.343,0,0.818,39.977,0,0,0,13.734,0,0,7.735,0,0,0,0.49,0.768,0,0,0,2.717,0,0,0,0,18.423,0,0,0,0,0,3.556,0,0,9.136,0,0,0,0,0,0,2,34.099,0,6.055,0,0,1.781,5.268
2022-05-03,0,0,7.375,0,9.286,17.391,12.348,0,2.627,0.336,0,0,0,5.716,0,8.116,1.072,0,0.981,34.978,4.105,0,0,27.601,0,0,2.868,0,0,0,3.934,0,0,0,0,7.075,0,0,0,0,22.593,0,0,0,0,0,0,0,0,2.708,0,0,0,0,0,0,0,30.228,0,1.122,0,0,1.678,5.303
2022-05-04,0,0,7.921,0,13.453,13.005,19.3,2.823,7.263,0,0,0,0,2.048,0,9.233,1.216,0,2.039,37.798,1.405,0.15,0,26.182,0,0,5.681,0,0,0,4.423,0.717,0,0,0,5.67,0,0,0,0,16.789,0,0,0,0,0,2.549,0,0,9.671,0,0,0,0,0,0,0,26.137,0,3.771,0,0,4.013,2.131
2022-05-05,0,0,4.864,0,14.495,8.381,7.587,2.214,4.232,1.225,0,0,0,2.375,0,9.062,0.946,0,0.77,21.234,0.585,0.128,0,18.79,0,0,0.424,0,0,0,4.89,0.227,0,0,0,4.173,0,0,0.147,0,14.057,0,0,0,0,0,3.979,0,0.542,5.954,0,0,0,0,0,0,0,15.225,0,3.897,0,0,1.107,5.32
2022-05-06,0,0,7.003,0,14.186,8.824,11.434,0,10.378,0.621,0,0,0,6.923,0,4.582,0.595,0,1.945,28.078,0,0.451,0,20.488,0,0,2.578,0,0,0,4.797,0.561,0,0,0,5.756,0,0,0.05,0,17.39,0,0,0,0,0,0.803,0,0.281,7.858,0,0,0,0,0,0,0,35.006,0,2.534,0,0,1.626,4.916
2022-05-07,0,0,7.837,0,9.938,13.871,13.718,0,3.534,3.222,0,0,0,6.608,0,20.021,0.752,0,0.473,23.004,1.631,0,0,23.375,0,0,3.494,0,0,0,6.415,0.288,0,0,0,6.226,0,0,0,0,51.284,0,0,0,0,0,2.1,0,0.878,6.013,0,0,0,0,0,0,1,31.904,0,6.782,1.797,0,1.799,7.082
2022-05-08,0,0,13.067,0,7.073,22.109,17.261,0,10.475,0.99,0,0,0,5.416,0,5.233,0.934,0,1.119,24.553,1.187,0,0,42.607,0.433,0,3.226,0,0,0,0,0.581,0,0,0,6.407,0,0,0,0,35.422,0,0,0,0,0,3.939,0,0.669,9.194,0,0,0,0,0,0,3,47.67,0,5.846,0,0,1.409,8.273
2022-05-09,0,0,9.581,0,7.551,13.91,4.498,3.002,2.444,0.604,0,0,0,3.895,0,15.066,1.448,0,1.164,4.829,21.076,0,0,29.087,0,0,3.013,0,0,0,7.25,0.212,0,0,0,5.384,0,0,0,0,33.452,0,0,0,0,0,4.866,0,0,9.403,0,0,0,0,0,0,2,18.52,0,6.568,1.357,0.313,1.189,2.887
2022-05-10,0,0,6.417,0,6.061,16.833,5.472,2.707,7.04,0,0,0,0,4.486,0,8.255,1.129,0,0.735,8.532,0.537,0,0,22.638,0,0,3.672,0,0,0,5.391,0.46,0,0,0,8.425,0,0,0,0,25.507,0,0,0,0,0,0,0,0.736,9.526,0,0,0,0,0,0,0,30.447,0,1.923,0,0.313,1.476,4.248
2022-05-11,0,0,9.87,0,6.224,18.801,11.747,0,4.121,0,0,0,0,6.546,0,8.156,1.087,0,0,8.567,1.477,0,0,19.261,0,0,0.223,0,0,0,4.237,0,0,0,0,7.643,0,0,0,0,19.149,0,0,0,0,0,0,0,0.234,7.976,0,0,0,0,0,0,0,20.944,0,5.183,0,1.586,1.455,3.842
2022-05-12,0,0,5.925,0,0,11.61,21.952,0,2.305,0,0,0,0,5.013,0,5.739,1.698,0,1.55,13.354,4.08,0,0,24.59,0,0,4.298,0,0,0,4.336,0.343,0,0,0,5.894,0,0,0,0,15.647,0,0,0,0,0,6.875,0,0.167,6.815,0,0,0,0,0,0,1,17.721,0,2.808,0,0.326,0.577,3.271
2022-05-13,0,0,7.1,0,10.712,15.515,19.465,2.077,8.883,0,0,0,0,4.335,0,5.539,1.336,0,2.536,32.816,6.678,0,0,21.993,0,0,0.804,0,0,0,4.447,1.046,0,0,0,6.326,0,0,0,0,35.578,0,0,0,0,0,3.446,1,0,7.411,0,0,0,0,0,0,2,17.287,0,5.193,0.389,0.942,1.649,5.085
2022-05-14,0,0,12.586,0,8.003,26.425,14.684,5.466,14.304,0,0,0,0,8.784,0,16.362,0.496,0,0.54,31.77,7.015,0.184,0,48.521,0,0,9.031,0,0,0,10.439,1.41,0,0,0,14.651,0,0,0,0,33.927,0,0,0,0,0,10.87,0,0.577,8.574,0,0,0,0,0,0,1,37.768,0,10.33,0.854,0.323,6.511,6.057
2022-05-15,0,0,9.248,0,15.171,24.858,24.6,1.756,1.522,0,0,0,7.199,6.447,0,11.025,0.934,0,2.636,22.314,7.77,0.262,0,43.781,0,0,5.435,0,0,0,3.153,0.248,0,0,0,12.436,0,0,0,0,22.388,0,0,0,0,0,8.446,0,0,13.75,0,0,0,0,0,0,1,36.014,0,11.863,0,0.389,1.779,11.778
2022-05-16,0,0,6.527,0,4.919,15.054,11.295,3.209,1.97,0,0,0,4.866,4.046,0,3.743,1.339,0,1.492,12.449,3.222,0,0,23.633,0,0,2.946,0,0,0,3.252,0.915,0,0,0,9.854,0,0,0,0,14.753,0,0,0,0,0,2.599,0,0.301,7.026,0,0,0,0,0,0,0,21.286,0,2.938,0.427,0.475,2.811,2.819
2022-05-17,0,0,4.608,0,6.628,14.247,10.838,0,2.53,0,0,0,0,3.643,0,4.33,1.171,0,0.518,11.457,5.823,0,0,15.163,0,0.181,0.782,0,0,0,4.215,0.328,0,0,0,6.104,0,0,0,0,18.244,0,0,0,0,0,1.184,0,0.167,4.613,0,0,0,0,0,0,1,19.518,0,5.396,0,0.576,2.069,2.702
2022-05-18,0,0,7.598,0,8.523,13.392,11.568,1.527,2.333,0,0,0,0,6.155,0,5.506,1.095,0,2.431,13.204,3.507,0,0,20.24,0,0,0.926,0,0,0,5.289,0,0,0,0,8.715,0,0,0,0,6.431,0,0,0,0,0,6.246,0,0,7.023,0,0,0,0,0,0,0,29.057,0,5.083,0,0,1.7,3.474
2022-05-19,0,0,9.195,0,7.418,11.176,14.387,1.175,4.484,0,0,0,0,4.637,0,4.784,1.563,0,1.11,15.73,2.014,0,0,17.603,0,0,2.791,0,0,0,3.141,0,0,0,0,5.773,0,0,0,0,7.37,0,0,0,0,0,3.404,0,0,4.257,0,0,0,0,0,0,1,19.217,0,3.645,0,0.634,2.406,5.436
2022-05-20,0,0,6.719,0,12.571,10.454,16.133,0.903,3.646,0,0,0,0,5.316,0,5.622,1.02,0,1.64,14.248,2.668,0,0,13.908,0,0,2.21,0,0,0,2.278,0.439,0,0,0,15.33,0,0,0,0,7.491,0,0,0,0,0,1.767,0,0,6.997,0,0,0,0,0,0,0,27.085,0,4.5,0.465,0.926,0.617,4.145
2022-05-21,0,0,13.484,0,20.523,22.201,19.249,2.236,5.672,0,0,0,0,10.84,0,10.808,0.435,0,5.194,24.715,12.385,0,0,26.494,0,0,4.375,0,0,0,7.89,0,0,0,0,18.409,0,0,0,0,7.247,0,0,0,0,0,7.247,0,0,13.395,0,0,0,0,0,0,1,29.401,0,2.964,0.452,0.316,3.57,9.751
2022-05-22,0,0,8.398,0,17.334,18.964,23.877,3.553,8.058,0,0,0,0,6.383,0,10.672,1.506,1.811,1.873,14.131,9.094,0,0,23.847,0,0,2.857,0,0,0,5.743,0.222,0,0,0,14.624,0,0,0,0,11.006,0,0,0,0,0,11.003,0,0,17.591,0,0,0,0,0,0,1,22.022,0,5.696,0,1.806,2.71,14.479
2022-05-23,0,0,3.637,0,9.844,11.363,15.79,2.551,4.609,0,0,0,0,6.032,0,12.134,0.903,0.465,1.881,12.399,8.8,0,0,15.361,0,0,4.116,0,0,0,5.15,0,0,0,0,5.503,0,0,0,0,2.928,0,0,0,0,0,0,0,0,10.477,0,0,0,0,0,0,1,26.262,0,4.801,0,0.321,2.633,1.695
2022-05-24,0,0,5.041,0,10.904,20.558,31.689,1.956,6.124,0,0,0,0,4.574,0,13.19,0.543,0,1.928,17.638,7.527,0,0,27.64,0,0,2.249,0,0,0,6.034,0.212,0,0,0,7,0,0,0,0,6.797,0,0,0,0,0,2.316,0,0,7.737,0,0,0,0,0,0,0,20.545,0,3.969,0,0.9,2.259,2.182
2022-05-25,0,0,5.698,0,10.48,12.203,10.737,2.271,5.605,0,0,0,0,1.985,0,9.262,0.452,0.138,3.865,11.078,7.072,0,0,19.562,0,0,2.842,0,0,0,3.191,1.146,0,0,0,4.171,0,0,0,0,2.975,0,0,0,0,0,1.355,0,0,8.213,0,0,0,0,0,0,0,22.446,0,3.926,0,0.631,1.947,4.111
2022-05-26,0,0,5.185,0,10.632,18.425,4.168,0.709,1.779,0,0,0,0,5.113,0,9.464,0.41,0.402,2.671,13.794,8.941,0,0,25.011,0,0,2.239,0,0,0,7.719,0.732,0,0,0,6.67,0,0,0,0,5.378,0,0,0,0,0,1.27,0,0,9.228,0,0,0,0,0,0,0,27.786,0,6.215,0,1.467,2.541,5.654
2022-05-27,0,0,8.308,0,10.506,16.413,3.199,1.891,4.061,0,0,0,0,3.619,0,9.699,1.327,0.126,1.387,11.377,10.759,0,0,18.568,0,0,7.239,0,0,0,6.735,0.308,0,0,0,6.33,0,0,0,0,5.656,0,0,0,0,0,2.96,0,0.66,3.988,0,0,0,0,0,0,2,21.392,0,3.976,0,0.651,2.039,3.927
2022-05-28,0,0,14.827,0,12.651,19.433,61.519,1.963,7.957,0,0,0,0,10.062,0,10.304,1.065,0.113,3.334,35.839,18.332,0,0,35.114,0,0,5.413,0,0,0,8.231,1.273,0,0,0,14.805,0,0,0,0,8.883,0,0,0,0,0,4.04,0,0.368,10.893,0,0,0,0,0,0,1,37.383,0,0,0,1.852,4.79,8.105
2022-05-29,0,0,9.517,0,20.937,17.636,45.862,2.078,4.65,0,0,0,0,7.427,0,25.794,0.563,0,4.278,35.176,8.871,0,0,42.403,0,0,4.348,0,0,0,5.39,1.203,0,0,0,11.983,0,0,0,0,14.055,0,0,0,0,0,1.979,0,0,6.311,0,0,0,0,0,0,0,38.877,0,11.619,0,1.889,4.748,3.741
2022-05-30,0,0,6.585,0,13.988,15.99,8.247,1.197,3.155,0,0,0,0,2.602,0,11.881,0.478,0,1.131,16.965,8.126,0,0,24.336,0,0,2.456,0,0,0,5.501,2.482,0,0,0,4.431,0,0,0,0,12.237,0,0,0.692,0,0,0,0,0,12.554,0,0,0,0,0,0,1,16.242,0,0,0,1.054,0.993,4.851
2022-05-31,0,0,7.474,0,5.979,12.905,19.503,0.917,1.846,0,0,0,0,1.293,0,9.013,0.967,0,1.796,9.279,7.501,0,0,15.854,0,0,2.805,0,0,0,4.457,0.833,0,0,0,5.721,0,0,0,0,3.374,0,0,0,0,0,0.321,0,0,7.425,0,0,0,0,0,0,1,28.341,0,0.427,0,2.973,3.878,4.247
2022-06-01,0,0,9.603,0,9.888,10.959,20.988,0.997,2.282,0,0,0,0,0.678,0,5.35,0.452,0,2.072,9.65,5.609,0,0,22.234,0,0,1.954,0,0,0,5.371,0.201,0,0,0,5.287,0,0,0,0,19.653,0,0,0,0,0,1.756,0,0,14.692,0,0,0,0,0,0,1,19.524,0,5.846,0,2.929,2.017,2.618
2022-06-02,0,0,10.405,0,18.169,13.007,22.084,1.963,7.854,0,0,0,0,1.633,0,7.966,2.261,0,3.82,14.196,13.31,0,0,20.605,0,0,3.414,0,0,0,2.439,2.688,0,0,0,14.953,0,0,0,0,15.222,0,0,0.242,0,0,0.744,0,0.753,18.204,0,0,0,0,0,0,2,24.167,0,6.516,0,4.233,1.718,3.608
2022-06-03,0,0,13.149,0,26.995,25.275,37.361,2.034,9.163,0,0,0,0,4.499,0,11.515,1.91,0,3.271,43.958,6.174,0,0,29.489,0,0,5.368,0,0,0,4.206,2.13,0,0,0,36.438,0,0,0,0,25.087,0,0,1.43,0,0,3.722,0,0.883,8.597,0,0,0,0,0,0,0,35.377,0,9.651,0,4.424,4.258,8.239
2022-06-04,0,0,3.698,0,6.253,20.053,25.713,0.537,4.296,0,0,0,0,2.814,0,4.245,1.859,0,2.291,23.158,10.51,0,0,13.898,0,0,1.892,0,0,0,3.344,0.94,0,0,0,15.414,0,0,0,0,12.907,0,0,0,0,0,1.656,0,0,17.07,0,0,0,0,0,0,0,20,0,6.084,0,2.303,1.819,5.874
2022-06-05,0,0,8.369,0,15.393,24.382,13.564,0.609,3.374,0,0,0,0,1.357,0,5.952,1.596,0,2.631,14.162,19.963,0,0,21.97,0,0,4.4,0,0,0,4.99,1.166,0,0,0,18.991,0,0,0,0,16.246,0,0,0.652,0,0,0.921,0,0,4.729,0,0,0,0,0,0,0,18.78,0,8.203,0,3.891,1.748,6.829
2022-06-06,0,0,6.543,0,0.391,17.284,23.1,0,3.673,0,0,0,0,3.078,0,8.839,1.445,0,1.657,19.433,12.7,0,0,23.309,0,0,2.178,0,0,0,9.356,1.862,0,0,0,15.733,0,0,0.125,0,17.453,0,0,0,0,0,0.853,0,0,7.459,0,0,0,0,0,0,1,18.125,0,4.719,0,1.213,1.998,5.436
2022-06-07,0,0,4.139,0,10.2,17.02,22.551,2.801,2.333,0,0,0,0,2.821,0,11.359,0.742,0,1.737,9.431,6.529,0,0,20.909,0,0,3.926,0,0,0,4.628,0.62,0,0,0,14.446,0,0,0,0,18.744,0,0,0,0,0,0.231,0,0.412,5.354,0,0,0,0,0,0,2,16.427,0,6.196,0.379,1.354,1.325,4.9
2022-06-08,0,0,5.048,0,13.057,19.584,17.236,1.575,5.354,0,0,0,0,3.425,0,9.574,1.596,0,2.46,8.367,13.109,0,0,17.046,0,0,2.318,0,0,0,4.388,0.595,0,0,0,7.364,0,0,0,0,19.521,0,0,0,0,0,3.213,0,1.075,7.268,0,0,0,0,0,0,0,15.705,0,5.894,0,2.737,1.677,12.403
2022-06-09,0,0,7.768,0,14.688,17.234,29.667,0.774,6.073,0,0,0,0,2.585,0,5.583,1.031,0,1.881,21.837,11.119,0,0,21.532,0,0,2.188,0,0,0,1.506,1.147,0,0,0,19.418,0,0,0,0,19.071,0,0,0,0,0,1.345,0,0.261,10.939,0,0,0,0,0,0,0,16.796,0,1.496,0,1.645,2.872,3.809
2022-06-10,0,0,7.152,0,16.677,15.202,20.522,1.154,4.212,0,0,0,0,0.654,0,5.971,0.113,0,0.812,17.985,13.161,0,0,13.058,0,0,3.855,0,0,0,4.669,2.607,0,0,0,24.169,0,0,0,0,19.114,0,0,0,0,0,0,0,0.462,13.01,0,0,0,0,0,0,4,14.882,0,7.63,0,2.523,2.61,3.675
2022-06-11,0,0,9.533,0,20.91,22.164,54.443,1.533,5.923,0,0,0,0,3.44,0,10.371,2.45,0,4.164,27.645,11.628,0,0,34.691,0,0,1.429,0,0,0,9.176,2.744,0,0,0,24.589,0,0,0,0,18.409,0,0,0,0,0,4.209,0,0.763,17.541,0,0,0,0,0,0,0,33.551,0,9.047,0,4.273,2.48,8.389
2022-06-12,0,0,10.293,0,16.218,24.352,33.457,2.658,2.166,0,0,0,0,6.863,0,15.971,2.074,0,3.446,31.756,12.619,0,0,29.698,0,0,1.782,0,0,0,8.641,4.387,0,0,0,24.415,0,0,0,0,17.149,0,0,0.803,0,0,0.582,0,1.014,14.3,0,0,0,0,0,0,3,42.067,0,5.13,0,2.602,2.793,7.419
2022-06-13,0,0,7.014,0,11.985,18.06,15.085,1.906,5.322,0,0,0,0,3.894,0,4.303,1.168,0,1.755,13.592,14.692,0,0,23.638,0,0,0,0,0,0,6.775,0.941,0,0,0,15.037,0,0,0,0,9.985,6.213,0,0.798,0,0,0,0,0.803,6.716,0,0,0,0,0,0,2,15.067,0,3.785,1.237,1.402,1.948,13.811
2022-06-14,0,0,5.266,0,14.382,18.511,16.417,2.83,3.643,0,0,0,0,2.115,0,6.706,0.754,0,1.915,17.42,5.861,0,0,23.587,0,0,6.134,0,0,0,2.559,1.002,0,0,0,15.537,0,0,0,0,9.717,0,0,0.934,0,0,2.375,0,1.065,4.296,0,0,0,0,0,0,0,14.691,0,6.481,0,5.469,2.136,12.889
2022-06-15,0,0,7.243,0,9.895,15.826,22.782,0,3.038,0,0,0,0,0.939,0,5.185,1.281,0,2.351,18.343,6.916,0,0,18.931,0,0,0.565,0,0,0,4.758,1.686,0,0,0,12.448,0,0,0,0,13.072,7.249,0,0.586,0,0,0.452,0,1.165,9.065,0,0,0,0,0,0,0,19.084,0,7.952,0.565,1.182,0.868,6.495
2022-06-16,0,0,6.228,0,9.333,16.884,19.467,1.49,5.168,0,0,0,0,4.714,0,4.663,1.245,0,1.815,10.296,20.666,0,0,18.079,0,0,3.616,0,0,0,2.023,0.872,0,0,0,12.869,0,0,0,0,14.23,5.026,0,0,0,0,2.116,0,0.442,9.609,0,0,0,0,0,0,1,25.637,0,4.501,0,0.417,3.205,6.56
2022-06-17,0,0,7.568,0,12.852,20.975,22.744,2.085,5.874,0,0,0,0,4.446,0,8.174,0,0,3.102,21.677,9.221,0,0,27.301,0,0,3.561,0,0,0,1.235,0.226,0,0,0,19.269,0,0,0,0,14.803,3.46,0,0.404,0,0,0.853,0,1.607,7.694,0,0,0,0,0,0,1,24.339,0,5.085,0.343,0.972,3.856,4.816
2022-06-18,0,0,9.206,0,18.36,33.144,34.199,0.58,5.741,0,0,0,0,5.604,0,9.362,1.035,0,3.937,23.228,14.142,0,0,29.834,0,0,9.054,0,0,0,3.584,1.811,0,0,0,28.404,0,0,1.64,0,23.813,5.885,0,0.399,0,0,3.527,0,2.109,18.99,0,0,0,0,0,0,6,29.94,0,10.703,0,5.111,0.993,9.432
2022-06-19,0,0,9.153,0,15.24,29.518,41.929,2.858,5.354,0,0,0,0,6.361,0,11.83,1.114,0,4.369,18.282,15.51,0,0,31.956,0,0,3.951,0,0,0,2.44,2.91,0,0,0,24.7,0,0,1.635,0,26.22,6.767,0,0,0,0,2.391,0,1.436,17.852,0,0,0,0,0,0,1,30.75,0,7.066,0,7.244,4.448,12.502
2022-06-20,0,0,7.656,0,9.729,16.212,25.521,2.975,2.837,0,0,0,0,5.991,0,7.905,0.832,0,2.129,11.578,10.744,0,0,26.02,0,0,3.46,0,0,0,2.731,1.075,0,0,0,20.533,0,0,0.304,0,11.477,3.94,0,0.581,0,0,0.452,0,0,7.738,0,0,0,0,0,0,3,26.458,0,5.094,0,3.78,1.52,9.064
2022-06-21,0,0,0.661,0,11.331,15.487,12.895,2.063,4.85,0,0,0,6.798,3.607,0,6.697,0.1,0.47,1.256,13.507,7.399,4.143,0,22.014,0,0,2.506,0,0,0,3.654,0.96,0,0,0.1,12.082,0,0,0,0,11.966,4.949,0,0.637,0,0,0,0,0.814,7.149,0,0,0,0,0,0,0,13.963,0,6.246,0,1.146,1.766,8.491
2022-06-22,0,0,0.213,0,7.504,15.524,20.748,2.013,1.779,0,0,0,6.087,4.029,0,8.157,1.034,0,1.245,10.589,4.966,7.884,0,23.449,0,0,6.338,0,0,0,4.426,0.867,0,0,0,15.256,0,0,0,0,14.233,2.879,0,0,0,0,0,0,0.823,7.069,0,0,0,0,0,0,0,15.678,0,5.384,1.512,5.778,0.971,2.769
2022-06-23,0,0,0,0,4.415,16.732,11.217,0.358,4.735,0,0,0,0,2.048,0,4.532,0.602,0,1.888,8.366,7.23,4.488,0,14.583,0,0,0.426,0,0,0,0,1.684,0,0,0,13.121,0,0,0,0,8.453,3.207,0,0,0,0,0,0,0.844,8.985,0,0,0,0,0,0,0,13.463,0,1.556,0,2.448,1.398,9.13
2022-06-24,0,0,0,0,4.178,14.415,18.718,2.681,2.276,0,0,0,5.833,2.838,0,8.945,0.161,0,2.117,8.405,7.263,7.265,0,17.64,0,0,11.202,0,0,0,3.262,0.416,0,0,0,13.031,0,0,0,0,7.764,5.152,0,0,0,0,0,0,0.442,12.739,0,0,0,0,0,0,0,18.593,0,6.144,0,3.818,1.154,4.129
2022-06-25,0,0,0,0,6.614,27.683,20.596,5.288,6.719,0,0,0,6.742,2.955,0,9.358,0.632,0,1.346,16.298,6.657,7.569,0,22.426,0.934,0,11.908,0,0,0,5.633,1.705,0,0,0,27.126,0,0,0,0,8.226,8.838,0,0.874,0,0,0,0,0.201,12.154,0,0,0,0,0,0,0,25.636,0,5.021,0,4.644,1.574,8.525
2022-06-26,0,0,0,0,9.463,19.05,27.627,0,9.023,0,0,0,13.738,3.859,0,9.513,1.889,0.335,2.379,22.251,2.398,8.309,0,36.32,0,0,15.757,0,0,0,3.855,3.18,0,0,0,28.114,0,0,0,0,8.756,7.727,0,0,0,0,0,0,0.944,7.506,0,0,0,0,0,0,1,15.032,0,9.134,0,7.483,1.839,11.68
2022-06-27,0,0,0,0,6.582,19.315,16.725,2.514,5.686,0,0,0,7.728,3.792,0,6.257,0.803,0,2.16,11.873,2.23,6.887,0,21.772,0,0,6.937,0,0,0,1.838,1.735,0,0,0,15.155,0,0,0,0,8.103,2.98,0,0,0,0,0,0,1.176,8.712,0,0,0,0,0,0,1,14.774,0,5.844,0,2.811,0,5.923
2022-06-28,0,0,0,0,15.059,16.008,23.525,2.079,5.304,0,0,0,5.406,3.156,0,7.921,0.1,0,1.798,7.801,1.756,6.702,0,23.307,0,0,4.406,0,0,0,3.493,1.11,0,0,0,21.848,0,0,0,0,7.82,3.965,0,0.687,0,0,0,0,0.07,7.499,0,0,0,0,0,0,0,12.772,0,3.154,0,4.228,0,10.908
2022-06-29,0,0,0.301,0,7.152,26.638,25.561,2.701,2.131,0,0,0,10.938,6.647,0,8.548,2.109,0,2.701,9.791,5.068,9.633,0,21.079,0,0,7.789,0,0.03,0,2.489,2.121,0,0,0,20.132,0,0,0,0,10.243,3.939,0,0.608,0,0,0,0,0,5.978,0,0,0,0,0,0,1,0,0,10.265,0.505,5.6,1.477,6.444
2022-06-30,0,0,0,0,7.595,17.116,13.835,3.259,3.172,0,0,0,9.394,4.279,0,6.984,0.602,0,0.894,12.349,6.251,6.627,0,27.499,0,0,6.648,0,0,0,4.509,1.225,0,0,0,16.239,0,0,0,0,5.595,4.167,0,0.15,0,0,0,0,0,8.143,0,0,0,0,0,0,1,16.168,0,2.048,0,2.602,0,17.333
2022-07-01,0,0,0,0,7.563,17.979,30.364,4.098,5.203,0,0,0,16.038,3.994,0,7.807,0.372,0,1.053,7.096,1.183,5.953,0,23.073,0,0,8.583,0,0,0,1.989,1.319,0,0,0,7.957,0,0,0,0,5.102,5.96,0,0.771,0,0,0,0,0,6.993,0,0,0,0,0,0,0,14.972,0,8.393,0,4.413,0,5.957
2022-07-02,0,0,0,0,12.091,33.765,19.175,2.329,5.891,0,0,0,16.368,2.281,0,15.854,0.358,0,3.826,19.332,7.634,13.704,0,37.192,0,0,16.146,0,0,0,4.362,2.851,0,0,0,21.123,0,0,2.573,0,4.435,0.505,0,0,0,0,0,0,0,8.111,0,0,0,0,0,0,2,26.264,0,0,0,9.67,3.25,19.38
2022-07-03,0,0,0,0,8.796,26.508,15.254,5.473,6.966,0,0,0,16.695,4.95,0,11.55,1.831,0,3.146,32.783,0,9.18,0,36.77,0,0,28.679,0,0,0,3.095,2.348,0,0,0,18.763,0,0,1.75,0,4.574,0,0,1.222,0,0,0,0,0,9.023,0,0,0,0,0,0,1,35.887,0,8.983,0,5.624,2.319,21.343
2022-07-04,0,0,0,0,6.55,26.621,8.388,4.199,5.707,0,0,0,7.579,5.286,0,0,2.876,0,1.985,6.661,3.716,12.688,0,27.955,0,0,14.997,0,0,0,2.795,1.949,0,0,0,16.619,0,0,0.57,0,4.074,0,0,1.141,0,0,0,0,0,10.96,0,0,0,0,0,0,0,19.454,0,7.425,0,2.132,1.914,11.428
2022-07-05,0,0,0,0,3.704,21.375,16.11,3.979,4.161,0,0,0,8.182,4.314,0,18.279,1.58,1.01,1.179,8.856,5.439,7.367,0,23.267,0,0,22.459,0,0,0,0.702,1.11,0,0,0,10.204,0,0,0.391,0,3.869,0,0,0.997,0,0,0,0,0,23.41,0,0,0,0,0,0,3,21.144,0,3.229,0,5.942,2.442,3.842
2022-07-06,0,0,0,0,4.591,24.571,23.543,2.579,5.992,0,0,0,7.425,4.631,0,18.174,0.903,0,2.334,1.822,2.668,8.226,0,15.254,0,0,15.893,0,0.081,0,4.192,1.433,0,0,0,7.882,0,0,2.899,0,6.6,0,0,0,0,0,0,0,0,4.275,0,0,0,0,0,0,2,21.035,0,4.548,0,5.692,2.166,12.199
2022-07-07,0,0,0,0,6.298,16.595,17.502,4.757,4.028,0,0,0,6.314,3.694,0,20.508,1.467,0.587,1.297,8.269,3.379,6.189,0,31.65,0,0,20.036,0,0,0,2.027,2.486,0,0,0,7.58,0,0,3.671,0,5.094,0,0,0,0,0,0,0,0,5.738,0,0,0,0,0,0,0,23.647,0,2.954,0,4.544,0.821,9.095
2022-07-08,0,0,0,0,7.786,27.234,10.854,3.089,5.119,0,0,0,5.658,2.216,0,12.399,1.005,1.296,1.425,4.31,1.588,7.425,0,31.145,0,0,14.63,0,0,0,3.037,0.365,0,0,0,6.038,0,0,1.426,0,3.939,0,0,1.999,0,0,0,0,0,8.964,0,0,0,0,0,0,1,20.743,0,2.073,0,1.719,0,8.474
2022-07-09,0,0,0,0,11.234,31.836,20.729,2.651,9.58,0,0,0,8.437,2.299,0,19.315,1.755,2.53,5.08,17.567,3.954,11.333,0,44.535,0,0,23.259,0,0,0,7.301,1.189,0,0,0,4.52,0,0,0.847,0,9.611,0,0,0.558,0,0,0,0,0,8.185,0,0,0,0,0,0,6,22.201,0,4.586,0,8.41,1.689,18.059
2022-07-10,0,0,0,0,7.089,19.587,30.984,1.749,11.578,0,0,0,11.391,4.699,0,24.792,4.474,3.089,0.724,15.177,2.635,9.418,0,43.107,0,0,2.525,0,0.262,0,4.356,3.712,0,0,0,12.203,0,0,2.678,0,12.803,0,0,0.89,0,0,0,0,0,11.756,0,0,0,0,0,0,5,20.042,0,3.517,0,7.576,0.695,13.107
2022-07-11,0,0,0,0,6.455,31.334,20.127,2.451,3.089,0,0,0,6.239,4.899,0,3.073,1.088,1.835,2.622,23.432,1.959,8.108,0,23.222,0,0,28.358,0,0.335,0,0.945,2.772,0,0,0,10.154,0,0,2.17,0,1.372,0,0,0,0,0,0,0,0,8.406,0,0,0,0,0,0,3,24.44,0,4.75,0,2.973,0.96,13.841
2022-07-12,0,0,0,0,7.848,27.375,14.493,1.197,2.181,0,0,0,6.163,4.447,0,4.301,0.427,1.461,2.241,14.496,2.297,9.869,0,34.335,0,0,24.735,0,0.782,0,1.121,1.655,0,0,0,15.864,0,0,1.748,0,3.52,0,0,0,0,0,0,0,0,6.523,0,0,0,0,0,0,0,26.594,0,2.425,0,3.39,1.869,10.823
2022-07-13,0,0,0,0,6.521,27.249,8.987,0.566,4.95,0,0,0,10.332,6.177,0,4.622,0.427,1.117,1.976,5.905,1.52,7.968,0,35.203,0,0,23.956,0,1.533,0,3.628,1.906,0,0,0,17.857,0,0,0,0,1.296,0,0,0,0,0,0,0,0,8.182,0,0,0,0,0,0,4,19.424,0,4.813,0.517,6.133,1.089,16.797
2022-07-14,0,0,0,0,5.096,21.869,15.76,1.125,7.451,0,0,0,0,3.155,0,11.832,0.544,3.447,0.553,4.4,2.298,11.618,0,34.033,0,0,8.244,0,0.187,0,2.901,3.675,0,0,0,13.613,0,0,0.618,0,0.671,0,0,0.457,0,0,0,0,0,4.398,0,0,0,0,0,0,4,13.078,0,7.676,0,0,0.215,14.851
2022-07-15,0,0,0,0,6.264,21.386,19.023,0,5.035,0,0,0,0,1.057,0,8.142,0.836,1.792,1.858,7.479,3.885,9.411,0,30.18,0,0,31.33,0,0.319,0,3.428,2.509,0,0,0,8.967,0,0,1.064,0,2.776,0,0,0.777,0,0,0,0,0,9.552,0,0,0,0,0,0,2,15.019,0,0,0,4.625,1.191,13.944
2022-07-16,0,0,0,0,12.628,27.445,22.09,8.691,6.25,0,0,0,0,3.238,0,16.509,1.472,1.121,2.101,8.252,2.753,11.253,0,59.714,0,0,43.316,0,0.107,0,10.517,3.031,0,0,0,17.856,0,0,2.81,0,1.943,0,0,1.091,0,0,0,0,0,8.139,0,0,0,0,0,0,2,32.143,0,6.909,0.517,9.834,2.952,19.602
2022-07-17,0,0,0,0,16.645,28.176,21.012,7.586,5.158,0,0,0,7.791,8.559,0,15.196,0.268,0.314,1.847,9.246,3.764,18.046,0,53.089,0,0,43.005,0,0.193,0,6.54,4.421,0,0,0,19.7,0,0,1.921,0,4.684,0,0,0,0,0,0,1,0,4.131,0,0,0,0,0,0,4,28.603,0,8.062,0.862,6.874,1.64,15.288
2022-07-18,0,0,0,0,6.266,22.247,14.496,3.259,6.956,0,0,0,3.164,3.389,0,11.37,0.343,2.432,2.434,6.777,0.899,8.238,0,43.19,0,0,26.552,0,0,0,0,5.078,0,0,0,9.121,0,0,1.162,0,2.801,0,0,0.771,0,0,0,0,0,3.786,0,0,0,0,0,0,2,21.377,0,3.906,0,5.041,2.353,15.909
2022-07-19,0,0,0,0,6.042,18.433,13.075,3.462,4.326,0,0,0,3.073,4.196,0,11.788,1.079,0.928,1.129,10.458,3.567,10.92,0,32.685,0,0,35.273,0,0.208,0,3.27,0.977,0,0,0,11.719,0,0,0.495,0,0.36,0,0,1.265,0,0,0,0,0,5.852,0,0,0,0,0,0,1,19.376,0,6.484,0,2.443,1.953,14.298
2022-07-20,0,0,0,0,11.613,32.931,18.354,5.251,2.917,0,0,0,6.093,3.593,0,11.943,0,2.694,0,10.416,2.641,12.131,0,43.777,0,0,39.104,0,0.789,0,3.664,1.309,2,0,0,13.845,0,0,1.515,0,6.615,0,0,0.213,0,0,0,0,0,7.917,0,0,0,0,0,0,0,20.959,0,4.135,0,3.729,0.821,13.895
2022-07-21,0,0,0,0,8.544,24.229,15.032,0.637,2.486,0,0,0,2.328,2.031,0,14.123,0,0.432,0,8.569,8.37,6.789,0,38.147,0,0,34.529,0,0,0,3.754,3.509,0,0,0,12.831,0,0,0,0,7.307,0,0,1.084,0,0,0,0,0,3.784,0,0,0,0,0,0,0,20.422,0,1.357,0,4.798,0.58,14.901
2022-07-22,0,0,0,0,6.424,31.8,11.391,2.78,2.476,0,0,0,3.232,1.259,0,3.451,0,0.351,0,6.131,5.731,5.792,0,33.655,0,0,30.232,0,0,0,0.97,1.978,0,0,0,9.9,0,0,0,0,1.346,0,0,0.959,0,0,0,0,0,6.173,0,0,0,0,0,0,6,27.836,0,4.587,0,5.261,0.381,13.441
2022-07-23,0,0,0,0,13.069,42.274,14.175,5.432,2.802,0,0,0,1.728,4.394,0,13.184,0,2.13,0,8.656,3.315,8.246,0,45.47,0,0,50.784,0,0,0,5.462,2.333,0,0,0,9.597,0,0,0,0,7.877,0,0,0,0,0,0,0,0,4.817,0,0,0,0,0,0,6,32.473,0,8.63,0,9.278,0,13.172
2022-07-24,0,0,0.273,0,19.904,31.225,16.269,7.572,3.266,0,0,0,3.763,6.864,0,15.881,0,0.044,0,5.517,3.763,9.111,0,45.96,0,0,51.41,0,0,0,3.629,3.614,0,0,0,12.578,0,0,0,0,8.439,0,0,0,0,0,0,0,0,10.951,0,0,0,0,0,0,5,0,0,1.269,0,6.067,0,16.932
2022-07-25,0,0,0,0,9.937,21.889,11.107,4.307,5.85,0,0,0,4.004,2.197,0,12.333,0,0,0,7.222,3.689,6.207,0,46.245,0,0,34.218,0,0,0,4.582,1.921,0,0,0,9.321,0,0,0,0,5.332,0,0,2.545,0,0,0,0,0,5.531,0,0,0,0,0,0,3,3.43,0,7.061,0,1.949,0,8.926
2022-07-26,0,0,0,0,6.363,29.662,10.442,5.739,1.869,0,0,0,2.851,0.537,0,19.587,0,0,0,9.801,5.81,6.792,0,47.091,0,0,28.507,0,0,0,5.436,1.047,0,0,0,10.48,0,0,0,0,5.17,0,0,0,0,0,0,0,0,9.734,0,0,0,0,0,0,6,30.12,0,2.651,0,9.309,0,14.329
2022-07-27,0,0,0,0,10.283,22.292,19.911,3.303,5.905,0,0,0,2.49,3.525,0,11.295,0,0,0,10.131,2.051,4.781,0,37.251,0,0,33.969,0,0,0,2.173,3.118,0,0,0,9.953,0,0,0,0,4.608,0,0,0,0,0,0,0,0,5.569,0,0,0,0,0,0,6,31.688,0,2.22,0,0,0,15.371
2022-07-28,0,0,0,0,13.513,30.834,17.375,3.518,12.501,0,0,0,5.511,0,0,10.932,0,0,0,15.557,4.192,7.288,0,42.062,0,0,36.225,0,0,0,2.467,1.838,0,0,0,12.979,0,0,0,0,4.89,0,0,0,1,0,0,0,0,6.998,0,0,0,0,0,0,2,35.937,0,2.831,0,3.693,0,12.619
2022-07-29,0,0,0,0,6.964,0,0,0,0,0,0,0,0,2.215,0,0,0,0,0,8.64,5.168,7.113,0,32.206,0,0,25.417,0,0,0,0,3.307,0,0,0,0,0,0,0,0,8.757,0,0,0,2,0,0,0,0,0,0,0,0,0,0,0,3,21.172,0,1.808,0,4.201,0,15.623
2022-07-30,0,0,0,0,8.481,0.655,0,0,0,0,0,0,0.422,0,0,0,0,0,0,9.442,2.064,10.772,0,44.159,0,0,45.352,0,0,0,0,2.501,0,0,0,0,0,0,0,0,9.148,0,0,0.672,3,0,0,0,0,2.763,0,0,0,0,0,0,13,28.886,0,0.552,0,5.768,0,16.378
2022-07-31,0,0,0,0,19.052,0,0,0,9.757,0,0,0,0,0,0,4.222,0,0,0,13.984,2.501,8.079,0,48.343,0,0,39.27,0,0,0,2.09,3.669,0,0,0,0,0,0,0,0,5.076,0,0,1.787,0,0,0,0,0,0,0,0,0,0,0,0,0,46.334,0,0,0,6.865,0,15.171
2022-08-01,0,0,0,0,10.254,0,0,0,0,0,0,0,0,1.359,0,0,0,0,0,17.494,3.307,6.344,0,63.698,0,0,33.016,0,0,0,0,4.294,0,0,0,0,0,0,0,0,12.048,0,0,1.687,0,0,0,2,0,0,0,0,0,0,0,0,0,60.549,0,8.442,0,2.816,0,13.759
2022-08-02,0,0,0,0,9.492,0,0,0,0,0,0,0,0,2.736,0,0,0,0,0,4.184,9.917,6.735,0,49.663,0,0,22.666,0,0,0,0,2.228,0,0,0,0,0,0,0,0,8.406,0,0,0.924,1,0,0,0,0,0,11.295,0,0,0,0,0,10,35.269,0,0,0,2.567,0,12.217
2022-08-03,0,0,0,0,10.855,0,0,0,0.151,0,0,0,0,0.94,0,0,0,0,0,9.645,0.94,6.249,0,46.229,0,0,32.666,0,0,0,2.784,1.326,0,0,0,0,0,0,0,0,8.103,0,0,1.597,0,0,0,0,0,0,2.337,0,0,0,0,0,1,49.822,0,5,0,0,0,10.454
2022-08-04,0,0,0,0,3.702,0,0,2.199,0.138,0,0,0,0,2.87,0,0,0,0,0,9.885,2.97,5.528,0,46.759,0,0,45.556,0,0,0,0,3.921,0,0,0,0,0,0,0,0,5.366,0,0,0.543,0,0,0,0,0,1.206,0,0,0,0,0,0,6,52.045,0,3.908,0,4.151,0,17.334
2022-08-05,0,0,0,0,8.007,3.079,0,0.301,0,0,0,0,0,2.333,0,0.534,0,0,0,8.754,0.671,5.352,0,49.19,0,0,35.694,0,0,0,0,2.49,0,0,0,0,0,0,0,0,5.153,0,0,1.336,4,0,0,0,0,0,10.982,0,0,0,0,0,2,62.13,0,4.007,0,4.411,0,10.252
2022-08-06,0,0,0,0,0.475,0.579,0,0.788,0,0,0,0,0,2.198,0,0,0,0,0,4.412,2.282,7.224,0,69.204,0,0,39.012,0,0,0,0,0,0,0,0,0,0,0,0,0,14.222,0,0,0.613,0,0,0,0,0,0.753,12.628,0,0,0,0,0,8,54.478,0,5.372,0,5.806,0,15.004
2022-08-07,0,0,0,0,0,0.442,0,1.318,0,0,0,0,0,5.385,0,10.245,0,0,0,2.493,0,7.186,0,67.31,0,0,36.675,0,0,0,0,0,0,0,0,0,0,0,0,0,0,0,0,3.855,0,0,0,0,0,0,4.623,0,0,0,0,0,3,62.995,0,4.617,0,4.599,0,28.948
2022-08-08,0,0,0,0,0,0,0,0,0,0,0,0,0,0.755,0,0,0,0,0,0,5.018,6.258,0,55.407,0,0,30.797,0,0,0,0,0,0,0,0,0,0,0,0,0,0,0,0,0.934,0,0,0,0,0,0,0,0,0,0,0,0,6,50.21,0,5.645,0,3.852,0,13.825
2022-08-09,0,0,0,0,0,0,0,0,0,0,0,0,0,3.81,0,0,0,0,0,0.287,1.812,4.145,0,54.968,0,0,30.632,0,0,0,0,0,0,0,0,0,0,0,0,0,0,0,0,1.235,0,0,0,0,0,1.506,10.793,0,0,0,0,0,0,51.754,0,1.867,0,2.362,0,14.565
2022-08-10,0,0,0,0,0,0,0,0,0,0,0,0,0,2.383,0,4.711,0,0,0,0,0,10.461,0,53.221,0,0,32.376,0,0,0,0,0,0,0,0,0,0,0,0,0,0,0,0,0.703,0,0,0,0,0,0,8.594,0,0,0,0,0,0,56.674,0,6.345,0,2.7,0,15.085
2022-08-11,0,0,0,0,0,0,0,0,0,0,0,0,0,1.41,0,0,0,0,0,0,1.326,4.07,0,53.45,0,0,26.546,0,0,0,0,0,0,0,0,0,0,0,0,0,0,0,0,0.713,0,0,0,0,0,0.327,5.403,0,0,0,0,0,0,57.983,0,4.047,0,3.645,0,12.453
2022-08-12,0,0,0,0,0,0,0,0,0,0,0,0,0.472,2.736,0,0,0,0,0,0,0,5.739,0,55.454,0,0,36.012,0,0,0,0,0,0,0,0,0,0,0,0,0,0,0,0,0.834,0,0,0,0,0,0,11.406,0,0,0,0,0,0,58.153,0,0.934,0,3.146,0,17.487
2022-08-13,0,0,0,0,0.411,0,0,0,0.176,0,0,0,0,3.609,0,0,0,0,0,0,0,9.092,0,72.596,0,0,50.067,0,0,0,0,0,0,0,0,0,0,0,0,0,0,0,0,0,0,0,0,0,0,0,18.27,0,0,0,0,0,0,65.167,0,3.443,0,5.255,0,20.621
2022-08-14,0,0,0,0,0,0,0,0,0,0,0,0,0,0,0,0,0,0,0,0,0,9.098,0,80.196,4.239,0,66.974,0,0,0,0,1.945,0,0,0,0,0,0,0,0,0,0,0,2.44,0,0,0,0,0,0,0.792,0,0,0,0,0,0,43.274,0,4.167,0,6.125,0,17.957
2022-08-15,0,0,0,0,0,0,0,0,0,0,0,0,0,2.383,0,0,0,0,0,0,0,5.787,0,54.823,0,0,34.299,0,0,0,0,0,0,0,0,0,0,0,0,0,0,0,0,0.984,0,0,0,0,0,0,9.047,0,0,0,0,0,0,24.633,0,8.252,0,4.227,0,13.88
2022-08-16,0,0,0,0,5.726,0,5.397,0,0,0,0,0,0,2.501,0,0,0,0,0,0,0,6.379,0,53.382,0,0,30.835,0,0,0,0,0,0,0,0,0,0,0,0,0,0,0,0,2.52,0,0,0,1,0,0,0,0,0,0,0,0,0,18.06,0,5.532,0,6.696,0,10.689
2022-08-17,0,0,0,0,0,0,0,0,0,0,0,0,0,2.82,0,0,0,0,0,0,0,6.036,0,58.56,0,0,48.185,0,0,0,0,0,0,0,0,0,0,0,0,0,0,0,0,0.824,0,0,0,0,0,0,7.012,0,0,0,0,0,0,34.02,0,6.437,0,3.619,0,9.902
2022-08-18,0,0,0,0,0,0,0,0,0,0,0,0,0,2.802,0,0,0,0,0,0,0,8.358,0,77.794,0,0,40.716,0,0,0,7.642,0,0,0,0,0,0,0,0,0,0,0,0,3.314,0,0,0,0,0,0,25.506,0,0,0,0,0,0,46.095,0,8.967,0,4.682,0,15.925
2022-08-19,0,0,0,0,0,54.363,0,0,0,0,0,0,0,4.029,0,0,0,0,0,0,0,0,0,152.132,0,0,76.894,0,0,0,0,0,0,0,0,0,0,0,0,0,0,0,0,0.874,0,0,0,3,0,0,3.593,0,0,0,0,0,0,61.26,0,15.048,0,6.402,0,1.325
2022-08-20,0,0,0,0,0,0,0,0,0,0,0,0,0,3.777,0,0,0,0,0,0,0,0,0,78.363,0,0,62.953,0,0,0,0,0,0,0,0,0,0,0,0,0,0,0,0,0.863,0,0,0,0,0,0,14.324,0,0,0,0,0,0,72.139,0,9.659,0,5.008,0,25.47
2022-08-21,0,0,0,0,0,0,0,0,0,0,0,0,0,6.914,0,0,0,0,0,0,0,0,0,48.873,0,0,51.027,0,0,0,0,0,0,0,0,0,0,0,0,0,0,0,0,0.311,0,0,0,0,0,0,17.766,0,0,0,0,0,1,48.318,0,14.39,0,4.612,0,27.705
2022-08-22,0,0,0,0,0,0,0,0,0,0,0,0,0,1.241,0,0,0,0,0,0,0,0,0,24.609,0,0,16.789,0,0,0,0,0,0,0,0,0,0,0,0,0,0,0,0,0.512,0,0,0,0,0,0,0,0,0,0,0,0,0,32.336,0,1.064,0,1.479,0,6.746
2022-08-23,0,0,0,0,0,0,0,0,0,0,0,0,0,1.846,0,0,0,0,0,0,0,0,0,28.756,0,0,32.058,0,0,0,0,0,1,0,0,0,0,0,0,0,0,0,0,0.612,0,0,0,0,0,3.228,5.98,0,0,0,0,0,0,30.294,0,6.929,0,2.572,0,9.129
2022-08-24,0,0,0,0,0,0,0,0,0,0,0,0,0,3.088,0,0,0,0,0,0,0,0,0,13.668,0,0,28.985,0,0,0,0,0,0,0,0,0,0,0,0,0,0,0,0,1.447,0,0,0,0,0,0,9.424,0,0,0,0,0,0,14.233,0,5.392,0,0,0,4.867
2022-08-25,0,0,0,0,0.328,11.562,0,0,1.147,0,0,0,0.326,3.541,0,15.679,0,0,0,0,0,0,0,33.179,0,0,32.422,0,0,0,0.616,0,0,0,0,0.441,0,0,0,0,0,0,0,0.341,0,0,0,4,0,0.98,12.452,0,0,0,0,0,0,21.999,0,3.333,0,0,0,9.08
2022-08-26,0,0,0,0,0,19.793,1.491,0,0,0,0,0,0,3.289,0,2.659,0,0,0,0,0,0.581,0,28.473,0,0,21.581,0,0,0,0,0,0,0,0,0,0,0,0,0,0,0,0,0,5,0,0,0,0,0,13.657,0,0,0,0,0,0,37.225,0,6.998,0,0,0,7.953
2022-08-27,0,0,0,0,0,19.117,0,0,0.153,0,0,0,0,2.55,0,19.949,0,0,0,0,0,0.165,0,45.773,0,0,60.116,0,0,0,0,0,0,0,0,0,0,0,0,0,0,0,0,1.385,1,0,0,0,0,0,10.691,0,0,0,0,0,0,30.855,0,0.24,0,0,0,22.252
2022-08-28,0,0,0,0,0,0,0.189,0,0,0,0,0,0.263,3.138,0,43.124,0,0,0,5.881,0,5.84,0,59.804,0,0,65.936,0,0,0,0,0,0,0,0,0,0,0,0,0,0,0,0,0,0,0,0,0,0,0,18.631,0,0,0,0,0,0,47.592,11,7.839,0,0,0,14.079
2022-08-29,0,0,0,0,0,0,0,0,0,0,0,0,0,1.562,0,0,0,0,0,3.455,0,0,0,36.867,0,0,33.775,0,0,0,0,0,0,0,0,0,0,0,0,0,0,0,0,0,0,0,0,0,0,0,13.156,0,0,0,0,0,0,19.702,11,0,0,0,0,0.235
2022-08-30,0,0,0,0,0,0,0,0,0,0,0,0,0,2.5,0,0,0,0,0,1.366,0,7.036,0,28.473,0,0,45.481,0,0,0,0,0,0,0,0,0,0,0,0,0,0,0,0,0,0,0,0,0,0,0,4.435,0,0,0,0,0,0,31.227,3,0,0,0,0,29.586
2022-08-31,0,0,0,0,0,0,0,0,0,0,0,0,0,0.688,0,0,0,0,0,0.271,0,0,0,15.469,0,0,23.994,0,0,0,0,0,0,0,0,0,0,0,0,0,0,0,0,0,0,0,0,0,0,0,11.446,0,0,0,0,0,0,20.005,5,0,0,0,0,0
2022-09-01,0,0,0,0,0,0,0,0,0,0,0,0,0,1.377,0,0,0,0,0,0,0,10.237,0,28.258,0,0,28.89,0,0,0,0,0,0,0,0,0,0,0,0,0,0,0,0,0,0,0,0,0,0,0,15.957,0,0,0,0,0,0,21.685,14,2.243,0,0,0,10.33
2022-09-02,0,0,0,0,0,0,0,0,0,0,0,0,0,0.604,0,0,0,0,0,0,0,8.245,0,23.302,0,0,38.188,0,0,0,0,0,0,0,0,0,0,0,0,0,0,0,0,0,0,0,4.316,3,0,0,8.204,0,0,0,0,0,0,25.696,10,0,0,0,0,14.425
2022-09-03,0,0,0,0,0,0,0,0,0,0,0,0,0,1.225,0,0,0,0,0,0,0,10.792,0,32.628,0,0,59.737,0,0,0,0,0,0,0,0,0,0,0,0,0,0,0,0,0,0,0,5.529,0,0,0,14.598,0,0,0,0,0,0,36.648,25,0,0,0,0,6.265
2022-09-04,0,0,0,0,0,0,0,0,0,0,0,0,0,0.672,0,0,0,0,0,0,0,0.551,0,31.447,0,0,75.931,0,0,0,0,0,1,0,0,0,0,0,0,0,0,0,0,0,0,0,4.422,0,0,0,18.519,0,0,0,0,0,0,32.819,21,0,0,0,0,25.452
2022-09-05,0,0,0,0,0,0,0,0,0,0,0,0,0,0,0,0,0,0,0,0,0,0.25,0,25.855,0,0,26.973,0,0,0,0,0,0,0,0,2.967,0,0,0,0,0,0,0,0,0,0,0,0,0,0,5.529,0,0,0,0,0,0,16.319,7,0,0,0,0,16.383
2022-09-06,0,0,0,0,0,0,0,0,0,0,0,0,0,0.235,0,0,0,0,0,0,0,7.322,0,20.672,0,0,24.538,0,0,0,0,0,0,0,0,2.462,0,0,0,0,0,0,0,0,0,0,4.95,0,0,0,6.069,0,0,0,0,0,0,23.519,4,0,0,0,0,4.598
2022-09-07,0,0,0,0,0,0,0,0,0,0,0,0,0,1.444,0,0,0,0,0,0,0,2.864,0,13.34,0,0,27.585,0,0,0,0,0,0,0,0,4.283,0,0,0,0,0,0,0,0,0,0,3.102,0,0,0,10.303,0,0,20.356,0,0,6,17.062,9,0,0,0,0,8.517
2022-09-08,0,0,0,0,0,12.558,0,0,0,0,0,0,0,1.007,0,0,0,0,0,2.3,0,1.583,0,17.001,0,0,25.24,0,0,0,0,0,0,0,0,6.106,0,0,0,0,0,0,0,0,0,0,0,0,0,0,8.004,0,0,2.099,0,0,8,13.857,11,0,0,0,0,8.997
2022-09-09,0,0,0,0,0,3.428,5.822,0,0,0,0,0,0,2.634,0,0,0,0,0,3.37,0,0,0,28.237,0,0,51.805,0,0,0,0,0,0,0,0,3.257,0,0,0,0,0,0,0,0,0,0,5.294,0,0,0,11.722,0,0,0,0,0,11,27.199,43,0,0,0,0,9.047
2022-09-10,0,0,0,0,0,14.81,17.332,0,0,0,0,0,0,5.539,0,0,0,0,0,0,0,0.191,0,44.847,0,0,91.874,0,0,0,0.395,0,0,0,0,5.621,0,0,0,0,0,0,0,0,0,0,0,0,0,0.251,15.202,0,0,0,0,0,9,39.614,12,0,0,0,0,29.401
2022-09-11,0,0,11.661,0,5.341,3.529,8.407,0,0,0,0,0,0,2.249,0,0,0,0,0,0,0,0,0,29.115,0,0,53.133,0,0,0,0,0,0,0,0,6.125,0,0,0,0,0,0,0,0,0,0,0,0,0,0,6.268,0,0,0,0,0,5,37.263,16,6.927,0,0,0,5.541
2022-09-12,0,0,8.522,0,0,3.829,16.009,0,0,0,0,0,0,4.884,0,0,0,0,0,0,0,0,0,32.882,0,0,0,0,0,0,0,0,5,0,0,4.17,0,0,0,0,0,0,0,0,0,0,0,0,0,0,6.256,0,0,0,0,0,10,36.061,20,0,0,0,0,0.679
2022-09-13,0,0,6.717,0,0,0,6.629,0,0,0,0,0,0,2.803,0,0,0,0,0,0,0,0,0,22.83,0,0,0,0,0,0,0,0,0,0,0,3.238,0,0,0,0,0,0,0,0,0,0,0,0,0,0,6.614,0,0,0,0,0,4,21.118,10,0,0,0,0,5.09
2022-09-14,0,0,4.99,0,0,0,5.067,0,0,0,0,0,0,0.889,0,0,0,0,0,0,0,0,0,20.487,0,0,0,0,0,0,0,0,0,0,0,3.315,0,0,0,0,0,0,0,0,0,0,0,0,0,0,5.022,0,0,0,0,0,6,10.297,5,0,0,0,0,4.861
2022-09-15,0,0,5.05,0,0,0,4.666,0,0,0,0,0,0,1.963,0,0,0,0,0,0,0,0,0,15.86,0,0,0,0,0,0,0,0,0,0,0,3.064,0,0,0,0,0,0,0,0,0,0,0,2,0,0,0,0,0,0,0,0,1,3.696,9,0,0,0,0,3.869
2022-09-16,0,0,6.736,0,0,0.251,6.193,0,0,0,0,0,0,2.936,0,0,0,0,0,0,0,0,0,20.241,0,0,0,0,0,0,0,0,0,0,0,2.404,0,0,0,0,0,0,0,0,0,0,0,0,0,0,7.076,0,0,0,1.723,0,4,6.517,15,0,0,0,0,4.585
2022-09-17,0,0,13.34,0,0,0,6.092,0,0,0,8.744,0,0,1.762,0,0,0,0,0,0,0,0,0,38.352,0,0,0.889,0,0,0,0,0,0,0,0,3.334,0,0,0,0,0,0,0,0,0,0,0,0,0,0,8.395,0,0,0,1.313,0,0,22.323,23,0,0,0,0,1.055
2022-09-18,0,0,7.719,0,0,0,6.71,0,0,0,0,4.37,0,6.445,0,0,0,0,0,0,0,0,0,33.9,0,0,0,0,0,0,0,0,0,0,0,5.026,0,0,0,0,0,0,0,0,0,0,0,0,0,0,11.649,0,0,0,0.727,0,0,17.097,12,0,0,0,0,6.237
2022-09-19,0,0,1.007,0,3.185,0,3.792,0,0,0,7.61,2.353,0,1.225,0,0,0,0,0,0,0,0,0,22.068,0,0,0,0,0,0,0,0,0,0,0,3.46,0,0,0,0,0,0,0,0,0,0,0,0,0,0,2.511,0,0,0,0.702,0,0,0,5,0,0,0,0,11.065
2022-09-20,0,0,0,0,8.563,2.4,0,0,0,0,6.467,1.425,0,2.519,0,0,0,0,0,0,0,0,0,19.307,0,0,0.688,0,0,0,0,0,0,0,0,4.951,0,0,0,0,0,0,0,0,0,0,0,0,0,0,4.562,0,0,0,0,0,0,0.113,8,0,0,0,0,17.241
2022-09-21,0,0,0,0,0,1.773,7.198,0,0,0,4.379,2.684,0,0.659,0,0,0,0,0,0,0,0,0,17.636,0,0,0,0,0,0,0,0,0,0,0,1.491,0,0,0,0,0,0,0,0,0,0,0,0,0,0.025,5.164,0,0,0,0,0,0,10.419,12,0,0,0,0,17.244
2022-09-22,0,0,4.253,0,0,0,7.3,0,0,0,5.239,1.566,0,1.686,0,0,0,0,0,0,0,0,0,22.111,0,0,0,0,0,0,0,0,0,0,0,3.511,0,0,0,0,0,0,0,0,0,0,0,0,0,0,6.529,0,0,0,0,0,0,11.451,13,0,0,0,0,3.961
2022-09-23,0,0,8.612,0,0,0,6.92,0,0,0,7.816,2.718,0,3.217,0,0,0,0,0,0,0,0,0,18.956,0,0,0,0,0,0,0,0,0,0,0,2.93,0,0,0,0,0,0,0,0,0,0,0,0,0,0,13.059,0,0,0,0,0,0,13.328,24,0,0,0,0,6.814
2022-09-24,0,0,0,0,0,0,12.782,1.878,0,0,10.604,2.722,0,5.019,0,0,0,0,0,0,0,5.252,0,28.145,0,0,0,0,0,0,0,0,0,0,0,3.537,0,0,0,0,0,0,0,0,0,0,0,0,0,0,3.177,0,0,0,0,0,0,22.054,42,0,0,0,0,13.51
2022-09-25,0,0,14.147,0,0,0,12.527,2.127,0,0.985,1.326,1.815,0,0,0,0,0,0,0,0,0,0,0,32.21,0,0,0,0,0,0,0,0,0,0,0,2.956,0,0,0,0,0,0,0,0,0,0,0,0,0,0,2.598,0,0,0,0,0,0,10.576,3,0,0,0,0,8.257
2022-09-26,0,0,4.289,0,0,0,0,1.403,0,0,5.237,1.349,0,2.751,0,0,0,0,0,0,0,7.085,0,18.982,0,0,16.044,0,0,0,0,0,14,0,0,2.602,0,0,0,0,0,0,0,0,0,0,0,0,0,0,0.186,0,0,0,0,0,0,10.318,14,0,0,0,0,6.61
2022-09-27,0,0,0,0,0,0,5.002,2.352,0,0,8.541,0.459,0,0.33,0,0,0,0,0,0,0,4.749,0,8.928,0,0,15.284,0,0,0,0,0,1,0,0,0,0,0,0,0,0,0,0,0,0,0,0,0,0,0,0,0,0,0,0,0,0,10.558,13,0,0,0,0,5.707
2022-09-28,0,0,0,0,0,0,3.132,1.511,0,0,5.767,0,0,0,0,0,0,0,0,0,0,1.668,0,14.666,0,0,44.298,0,0,0,0,0,0,0,0,0.732,0,0,0,0,0,0,0,0,0,0,0,0,0,0,2.686,0,0,0,0,0,0,13.841,13,0,0,0,0,2.601
2022-09-29,0,0,0,0,0,0,5.91,1.283,0,0,4.717,0,0,0.271,0,0,0,0,0,0,0,1.288,0,8.831,0,0,25.74,0,0,0,3.562,0,0,0,0,2.323,0,0,0,0,0,0,0,0,0,0,0,0,0,0,5.36,0,0,0,0,0,0,8.885,10,0,0,0,0,0.873
2022-09-30,0,0,0,0,0,0,6.441,1.849,0,0,6.996,0,0,0.737,0,0,0,0,0,0,0,12.3,0,17.011,0,0,43.812,0,0,0,5.626,2.395,0,0,0,2.249,0,0,0,0,0,0,0,0,0,0,0,0,0,14.09,1.768,0,0,0,0,0,0,15.654,18,0,0,0,0,7.552
2022-10-01,0,0,0,0,0,0,10.227,2.945,0,1.158,5.202,0,0,2.19,0,0,0,0,0,0,0,5.647,0,36.677,0,0,65.979,0,0,0,8.34,0,0,0,0,2.576,0,0,0,0,0,0,0,0,0,0,0,0,0,12.301,2.118,0,0,0,0,0,0,34.864,34,0,0,0,0,15.808
2022-10-02,0,0,0,0,0,0,9.069,6.697,0,0,0.504,0,0,0,0,0,0,0,0,0,0,20.493,0,24.019,0,0,51.447,0,0,0,0,0,0,0,0,4.646,0,0,0,0,0,0,0,0,0,0,0,0,0,0,12.674,0,0,0,0,0,0,29.409,21,0,0,0,0,10.857
2022-10-03,0,0,0,0,0,0,9.849,0,0,0,0.524,0,0,2.21,0,0,0,0,0,0,0,16.318,0,17.693,0,0,45.391,0,0,0,0,0,0,0,0,3.106,0,0,0,0,0,0,0,0,0,0,0,0,0,0,2.467,0,0,0,0,0,0,26.74,40,0,0,0,0,12.25
2022-10-04,0,0,0,0,0,0,11.035,4.153,0,0,1.311,0,0,1.008,0,0,0,0,0,0,0,17.779,0,30.293,0,0,58.761,0,0,0,0,0,15,0,0,3.562,0,0,0,0,0,0,0,0,0,0,0,0,0,0,0.655,0,0,0,0,0,0,39.609,35,0,0,0,0,13.257
2022-10-05,0,0,0,0,0,0,11.413,0,0,0,0.787,0,0,1.725,0,0,0,0,0,0,0,0,0,39.917,0,0,66.955,0,0,0,0,0,3,0,0,3.51,0,0,0,0,0.134,0,0,0,0,0,0.442,0,0,0,15.995,0,0,0,0,0,0,27.128,48,0,0,0,0,30.139
2022-10-06,0,0,0,0,0,0,8.484,0,0,0,4.278,0,0,2.907,0,0,0,0,0,0,0,1.315,0,36.642,0,0,78.541,0,0,0,0.418,0,0,0,0,7.629,0,0,0,0,0,0,0,0,0,0,0,0,0,0,0,0,0,0,0,0,5,28.284,42,0,0,0,0,15.639
2022-10-07,0,0,0,0,0,0,8.841,0,0,0,5.433,0,0,0,0,0,0,0,0,0,0,17.352,0,45.141,0,0,58.376,0,0,0,0,0,0,0,0,2.979,0,0,0,0,0,0,0,0,0,0,0,2,0,0,0,0,0,0,0,0,1,51.773,34,0,0,0,0,8.107
2022-10-08,0,0,0,0,0,0,5.334,0,0,0,6.267,0,0,0.678,0,0,0,0,0,0,0,12.728,0,24.198,0,0,56.144,0,0,0,0,0,0,0,0,1.288,0,0,0,0,0,0,0,0,0,0,0,0,0,0,7.627,0,0,0,0,0,0,33.623,14,0,0,0,0,10.439
2022-10-09,0,0,0,0,0,0,1.827,0,0,0,14.197,0,0,1.88,0,0,0,0,0,0,0,14.909,0,26.801,0,0,43.826,0,0,0,0,0,0,0,0,1.793,0,0,0,0,0,0,0,0,0,0,0,0,0,0,9.196,0,0,0,0,0,0,30.766,14,0,0,0,0,8.624
2022-10-10,0,0,0,0,0,4.433,3.171,0,0,0,9.444,0,0,0.465,0,0,0,0,0,0,0,13.542,0,24.15,0,0,28.495,0,0,0,0,0,0,0,0,0,0,0,0,0,0,0,0,0,0,0,0,0,0,0,10.956,0,0,0,0,0,0,29.905,14,0,0,0,0,6.713
2022-10-11,0,0,0,0,0,5.001,0,0,0,0,8.333,0,0,0,0,0,0,0,0,0,0,7.608,0,16.054,0,0,39.652,0,0,0,0,0,0,0,0,0,0,0,0,0,0,0,0,0,0,0,0,0,0,0,8.279,0,0,0,0,0,6,20.123,10,0,0,0,0,4.9
2022-10-12,0,0,0,0,0,3.04,0,0,0,0,6.726,0,0,0,0,0,0,0,0,0,0,0,0,15.259,0,0,24.28,0,0,0,0,0,0,0,0,0,0,0,0,0,0,0,0,0,0,0,0,0,0,0,3.932,0,0,0,0,0,3,21.442,11,0,0,0,0,9.397
2022-10-13,0,0,0,0,0,0,0,0,0,0,6.042,0,0,0,0,2.098,0,0,0,0,0,6.744,0,16.247,0,0,41.194,0,0,0,0,0,0,0,0,0,0,0,0,0,0,0,0,0,0,0,0,0,0,0,7.613,0,0,0,0,0,0,20.474,12,0,0,0,0,4.313
2022-10-14,0,0,0,0,0,0.327,0,0,0,0,2.367,0,0,0,0,1.15,0,0,0,0,0,1.731,0,6.507,0,0,0.47,0,0,0,0,0,0,0,0,0,0,0,0,0,0,0,0,0,0,0,0,0,0,0,2.689,0,0,0,0,0,3,17.198,6,0,0,0,0,3.105
2022-10-15,0,0,0,0,0,0,0,0,0,0,17.173,0,0,0,0,0,0,0,0,11.686,0,2.55,0,36.893,0,0,73.712,0,0,0,0,0,0,0,0,0,0,0,0,0,0,0,0,0,0,0,0,0,0,0,0,0,0,0,0,0,10,52.121,22,0,0,0,0,5.001
2022-10-16,0,0,0,0,0,0,0,0,0,0,7.559,0,0,0,0,0,0,0,0,2.55,0,14.462,0,33.196,0,0,73.142,0,0,0,0,0,0,0,0,0,0,0,0,0,0,0,0,0,0,0,0,0,0,0,5.553,0,0,0,0,0,2,50.004,12,0,0,0,0,5.269
2022-10-17,0,0,0,0,0,0,0,0,0,0,7.793,0,0,0,0,0,0,0,0,5.762,0,13.368,0,16.014,0,0,24.435,0,0,0,0,0,0,0,0,0,0,0,0,0,0,0,0,0,0,0,0,0,0,0,3.129,0,0,0,0,0,0,30.343,12,0,0,0,0,8.358
2022-10-18,0,0,0,0,0,0,0,0,0,0,6.744,0,0,0,0,0,0,0,0,6.786,0.401,22.133,0,21.432,0,0,30.71,0,0,0,0,0,0,0,0,0,0,0,0,0,0,0,0,0,0,0,0,0,0,0,10.72,0,0,0,0,0,3,43.044,9,0,0,0,0,7.754
2022-10-19,0,0,0,0,0,0,0,0,0,0,16.012,0,0,0,0,0,0,0,0,13.004,0,13.856,0,25.813,0,0,28.515,0,0,0,3.153,0,0,0,0,0,0,0,0,0,0,0,0,0,0,0,0,0,0,0,8.092,0,0,0,0,0,8,30.364,10,0,0,0,0,7.014
2022-10-20,0,0,0,0,0,0,0,0,0,0,7.929,0,0,0,0,0,0,0,0,4.701,0,12.358,0,19.969,0,0,32.368,0,0,0,0.259,0,0,0,0,0,0,0,0,0,0,0,0,0,0,0,0,0,0,0,0,0,0,0,0,0,0,21.635,20,0,0,0,0,1.561
2022-10-21,0,0,0.576,0,0,0.679,0,0,0,0,8.485,0,0,0,0,0,0,0,0,38.084,0,59.342,0,53.495,0,0,52.521,0,0,0,0,0,0,0,0,0,0,0,0,0,0,0,0,0,0,0,0,0,0,0.758,5.805,0,0,0,0,0,12,162.084,39,0,0,0,0,3.609
2022-10-22,0,0,0,0,0,0,0,0,0,0,12.856,0,0,0,0,0,0,0,0,7.952,0,41.994,0,23.724,0,0,58.571,0,0,0,0,0,0,0,0,0,4.527,0,0,0,0,0,0,0,0,0,0,0,0,0,0,0,0,0,0,0,2,27.689,19,0,0,0,0,0
2022-10-23,0,0,0,0,0,0,0,0,0,0,13.336,0,0,0,0,0,0,0,0,14.581,0,16.086,0,20.46,0,0,46.265,0,0,0,0,0,0,0,0,0,3.477,0,0,0,0,0,0,0,0,0,0,0,0,0,0,0,0,0,0,0,6,43.545,15,0,0,0,0,0
2022-10-24,0,0,0,0,0,0,0,0,0,0,9.193,0,0,0,0,0,0,0,0,3.223,0,7.553,0,14.405,0,0,30.023,0,0,0,0,0,0,0,0,0,2.56,0,0,0,0,0,0,0,0,0,0,0,0,0,0,0,0,0,0,0,5,13.026,5,0,0,0,0,0
2022-10-25,0,0,0,0,0,0,0,0,0,0,4.446,0,0,0,0,0,0,0,0,4.156,0,11.51,0,17.375,0,0,22.773,0,0,0,0,0,0,0,0,0,4.688,0,0,0,0,0,0,0,0,0,0,0,0,0,0,0,0,0,0,0,3,17.751,12,0,0,0,0,0
2022-10-26,0,0,0,0,0,0,0,0,0,0,6.062,0,0,0,0,0,0,0,0,4.56,0,8.981,0,9.471,0,0,20.255,0,0,0,0,0,0,0,0,0,1.605,0,0,0,0,0,0,0,0,0,0,0,0,0,0,0,0,0,0,0,4,23.458,14,0,0,0,0,0
2022-10-27,0,0,0,0,0,0,0,0,0,0,9.317,0,0,0,0,0,0,0,0,2.299,0,17.898,0,18.037,0,0,24.97,0,0,0,0,0,0,0,0,0,2.129,0,0,0,0,0,0,0,0,0,0,0,0,0,0,0,0,0,0,0,2,26.919,9,0,0,0,0,4.313
2022-10-28,0,0,0,0,0,0,0,0,0,0,10.101,0,0,0,0,0,0,0,0,11.885,0,16.135,0,24.902,0,0,34.232,0,0,0,0,0,0,0,0,0,0,0,0,0,0,0,0,0,0,0,0,0,0,0,0,0,0,0,0,0,6,25.835,25,0,0,0,0,5.891
2022-10-29,0,0,0,0,0,0,0,0,0,0,28.21,0,0,0,0,0,0,0,0,11.396,0,30.966,0,40.273,0,0,61.505,0,0,0,0,0,0,0,0,0,4.727,0,0,0,0,0,0,0,0,0,0,0,0,0,0,0,0,0,0,0,4,64.192,35,0,0,0,0,0
2022-10-30,0,0,0,0,0,33.181,0,0,10.02,0,16.041,0,4.437,0,0,0,0,0,0,10.805,0,18.727,0,40.491,0,0,46.957,0,0,0,6.658,0,0,0,0,0,3.102,0,0,0,0,0,0,0,0,0,0,0,0,19.043,0,0,0,0,0,0,3,62.613,20,0,0,0,0,0
2022-10-31,0,0,0,0,0,14.888,0,0,3.334,0,6.086,0,1.089,0,0,6.396,0,0,0,3.319,0,7.694,0,21.366,0,0,27.47,0,0,0,3.415,0,0,0,0,0,2.227,0,0,0,0,0,0,0,0,0,0,0,0,7.754,0,0,0,0,0,0,6,25.068,4,0,0,0,0,0
2022-11-01,0,0,0,0,0,12.681,0,0,3.43,0,6.894,0,2.521,0,0,4.716,0,0,0,3.305,0,9.93,0,26.856,0,0,15.776,0,0,0,3.056,0,0,0,0,0,3.172,0,0,0,0,0,0,0,0,0,0,0,0,7.931,0,0,0,0,0,0,1,28.235,12,0,0,0,0,0
2022-11-02,0,0,0,0,0,0,0,0,0,0,0,0,0,0,0,0,0,0,0,0,0,0,0,0,0,0,0,0,0,0,0,0,0,0,0,0,0,0,0,0,0,0,0,0,0,0,0,0,0,0,0,0,0,0,0,0,0,0,0,0,0,0,0,0
2022-11-03,0,0,0,0,0,11.62,1.237,0,0.755,0,5.658,0,0.786,0,0,4.262,0,0,0,4.012,0,16.284,0,31.799,0,0,2.926,0,0,0,1.518,0,0,0,0,0,2.601,0,0,0,0,0,0,0,0,0,0,0,0,10.507,0,0,0,0,0,0,2,26.709,11,0,0,0,0,0
2022-11-04,0,0,0,0,0,0,0,0,0,0,0,0,0,0,0,0,0,0,0,0,0,0,0,0,0,0,0,0,0,0,0,0,0,0,0,0,0,0,0,0,0,0,0,0,0,0,0,0,0,0,0,0,0,0,0,0,0,0,0,0,0,0,0,0
2022-11-05,0,0,0,0,0,24.412,0,0,4.786,0,13.436,0,4.899,0,0,4.165,0,0,0,9.816,0,24.788,0,43.445,0,0,46.655,0,0,0,10.044,0,0,0,0,0,14.593,0,0,0,0,0,0,0,0,0,0,0,0,23.792,0,0,0,0,0,0,1,36.371,25,0,0,0,0,0
2022-11-06,0,0,0,0,0,18.291,1.104,0,4.75,0,8.056,0,4.982,0,0,5.554,0,0,0,4.647,0,26.139,0,48.483,0,0,46.228,0,0,0,10.087,0,0,0,0,0,21.802,0,0,0,0,0,0,0,0,0,0,0,0,22.159,0,0,0,0,0,0,5,40.026,13,0,0,0,0,0
2022-11-07,0,0,0,0,0,12.252,0.811,0,3.392,0,2.955,0,3.086,0,0,1.511,0,0,0,3.256,0,14.398,0,22.529,0,0,16.65,0,0,0,4.453,0,0,0,0,0,7.152,0,0,0,0,0,0,0,0,0,0,0,0,16.652,0,0,0,0,0,0,2,28.875,5,0,0,0,0,0
2022-11-08,0,0,0,0,0,11.047,1.497,0,5.698,0,5.96,0,1.049,0,0,1.091,0,0,0,3.86,0,9.751,0,19.298,0,0,17.442,0,0,0,0,0,0,0,0,0,6.511,0,0,0,0,0,0,0,0,0,0,0,0,5.695,0,0,0,0,0,0,0,25.978,12,0,0,0,0,0
2022-11-09,0,0,0,0,0,0,0,0,2.811,0,4.294,0,0.706,0,0,4.18,0,0,0,2.871,0,7.966,0,16.887,0,0,15.002,0,0,0,0,0,0,0,0,0,1.337,0,0,0,0,1.122,0,0,0,0,0,0,0,0,0,0,0,0,0,0,4,22.596,5,0,0,0,0,0
2022-11-10,0,0,0,0,0,0,0.376,0,4.956,0,6.29,0,2.197,0,0,4.145,0,0,0,6.897,0,0,0,21.003,0,0,6.668,0,0,0,0,0,0,0,0,0,4.969,0,0,0,0,2.296,0,0,0,0,0,1,0,0,0,0,0,0,0,0,0,32.029,10,0,0,0,0,0
2022-11-11,0,0,0,0,0,0,0.904,0,2.273,0,6.668,0,1.01,0,0,3.276,0,0,0,7.801,0,8.19,0,22.867,0,0,20.506,0,0,0,0,0,0,0,0,0,5.665,0,0,0,0,3.367,0,0,0,0,0,0,0,0,0,0,0,0,0,0,0,38.976,17,0,0,0,0,0
2022-11-12,0,0,0,0,0,0,0,0,7.803,2.192,13.716,0,0,0,0,7.749,0,0,0,10.572,0,40.211,0,32.389,0,0,46.033,0,0,0,0,0,0,0,0,0,8.672,0,0,0,0,6.325,0,0,0,0,0,2,0,0,0,0,0,0,0,0,2,62.184,26,0,0,0,0,0
2022-11-13,0,0,0,0,0,0.202,0.401,0,0,0.73,11.567,0,0,0,0,11.529,0,0,0,7.366,0,38.946,0,26.594,0,0,41.538,0,0,0,0,0,0,0,0,0,6.046,0,0,0,0,11.528,0,0,0,0,0,0,0,0,0,0,0,0,0,0,3,65.721,10,0,0,0,0,0
2022-11-14,0,0,0,0,0,0,0,0,0,0,2.753,0,0,0,0,0,0,0,0,5.605,0,14.196,0,16.484,0,0,17.464,0,0,0,0,0,0,0,0,0,4.437,0,0,0,0,3.315,0,0,0,0,0,0,0,0,0,0,0,0,0,0,3,33.591,10,0,0,0,0,0
2022-11-15,0,0,0,0,0,0,0,0,0,2.323,1.844,0,0,0,0,0,0,0,0,7.266,0,16.42,0,23.782,0,0,17.134,0,0,0,0,0,0,0,0,0,4.182,0,0,0,0,0.918,0,0,0,0,0,0,0,0,0,0,0,0,0,0,4,29.803,14,0,0,0,0,0
2022-11-16,0,0,0,0,0,0,0,0,0,0.253,4.117,0,0,0,0,0,0,0,0,2.568,0,19.886,0,13.506,0,0,9.206,0,0,0,0,0,43,0,0,0,3.841,0,0,0,0,4.998,0,0,0,0,0,0,0,0,0,0,0,0,0,0,2,31.347,7,0,0,0,0,0
2022-11-17,0,0,0,0,0,0,0,0,0,1.869,8.763,0,0,0,0,0,0,0,0,8.038,0,17.258,0,12.187,0,0,10.62,0,0,0,0,0,26,0,0,0,5.943,0,0,0,0,10.303,0,0,0,0,0,0,0,0,0,0,0,0,0,0,2,31.27,27,0,0,0,0,0
2022-11-18,0,0,0,0,0,0,0,0,0,0.758,12.627,0,0,0,0,0,0,0,0,17.923,0,27.089,0,34.719,0.421,0,30.853,0,0,0,0,0,68,0,0,0,11.705,0,0,0,0,10.507,0,0,0,0,0,0,0,0,0,0,0,0,0,0,4,76.691,26,0,0,0,0,0
2022-11-19,0,0,0,0,0,1.162,0,0,0,1.617,34.051,0,0,0,0,0.735,0,0,0,35.546,0,72.672,0,92.66,0,0,142.219,0,0,0,0,0,142,0,0,0,14.93,0,0,0,0,28.41,0,0,0,0,0,3,0,0.217,0,0,0,0,0,0,10,192.063,34,0,0,0,0,0
2022-11-20,0,0,0,0,0,0,0,0,0,0,11.464,0,0,0,0,0,0,0,0,0.252,0,25.965,0,50.551,0,0,27.328,0,0,0,0,0,0,0,0,0,0,0,0,0,0,9.742,0,0,0,0,0,2,0,0,0,0,0,0,0,0,3,94.228,38,0,0,0,0,0
2022-11-21,0,0,0.377,0,0,11.335,0,0,0,0,30.459,0,0,0,4.744,11.661,0,2.17,4.149,52.367,3.325,59.541,7.133,100.018,22.669,0,157.132,0,0,0,14.28,0,407,0,0,0,25.91,0,0,0.645,6.663,0,0,0,0,0,0,2,0,28.191,0,0,0,0,0,0,3,211.63,97,0,0,0,0,0
2022-11-22,0,0,0,0,0,0,0,0,0,0,7.198,0,0,0,0,0,0,0,0,4.816,0,6.242,0,11.394,0,0,24.355,0,0,0,0,0,21,0,0,0,2.79,0,0,0,0,4.489,0,0,0,0,0,1,0,2.863,0,0,0,0,0,0,1,18.385,6,0,0,0,0,0
2022-11-23,0,0,0,0,0,0,0,0,0,0,12.348,0,0,0,6.988,0,0,0,0,6.848,1.395,9.445,0,17.371,0,0,30.199,0,0,0,0,0,25,0,0,0,4.558,0,0,0,0,1.888,0,0,0,0,0,0,0,0.471,0,0,0,0,0,0,3,22.729,19,0,0,0,0,0
2022-11-24,0,0,0,0,0,0,0,0,0,0,12.605,0,0,0,0,0,0,0,0,7.701,0.754,10.236,2.853,17.313,0,0,26.941,0,0,0,1.583,0,23,0,0,0,6.709,0,0,0,0,10.765,0,0,0,0,0,0,0,0,0,0,0,0,0,0,0,31.925,2,0,0,0,0,0
2022-11-25,0,0,0,0,0,10.362,0,0,0.218,0,0,0,0.556,0,0,0,0,0,0,14.817,2.11,6.773,0,25.015,0,0,40.54,0,0,0,12.036,0,14,0,0,0,0,0,0,0,0,1.429,0,0,0,0,0,0,0,16.341,0,0,0,0,0,0,6,26.29,20,0,0,0,0,0
2022-11-26,0,0,0,0,0,0.632,0,0,0,0,10.379,0,0,0,0,0,0,0,0,9.449,0.415,6.742,0,17.357,11.433,0,14.624,0,0,0,0,0,52,0,0,0,0,0,0,0,0,9.235,0,0,0,0,0,0,0,2.899,0,0,0,0,0,0,1,40.257,22,0,0,0,0,0
2022-11-27,0,0,0,0,0,0,0,0,0,0,0.884,0,0,0,0,0,0,0,0,4.146,0,0.739,0,0,0,0,3.165,0,0,0,1.746,0,2,0,0,0,0,0,0,0,0,0.816,0,0,0,0,0,0,0,0,0,0,0,0,0,0,0,3.031,0,0,0,0,0,0
2022-11-28,0,0,0,0,0,0,0,0,0,0,0.556,0,0,0,0,0,0,0,0,1.04,0,0.771,0,2.098,0,0,0.809,0,0,0,0,0,5,0,0,0,0,0,0,0,0,2.959,0,0,0,0,0,0,0,0,0,0,0,0,0,0,0,7.451,1,0,0,0,0,0
2022-11-29,0,0,0,0,0,0,0,0,0,0,1.086,0,0,0,0,0,0,0,0,1.778,0,0.589,0,1.681,0,0,7.194,0,0,0,1.055,0,3,0,0,0,1.196,0,0,0,0,0,0,0,0,0,0,0,0,0,0,0,0,0,0,0,0,4.066,2,0,0,0,0,0
2022-11-30,0,0,0,0,0,0,0,0,0,0,0,0,0,0,0,0,0,0,0,0,0,0,0,0,0,0,0,0,0,0,0,0,0,0,0,0,0,0,0,0,0,0,0,0,0,0,0,0,0,0,0,0,0,0,0,0,0,0,0,0,0,0,0,0
2022-12-01,0,0,0,0,0,0,0,0,0,0,0,0,0,0,0,0,0,0,0,0,0,0,0,0,0,0,0,0,0,0,0,0,0,0,0,0,0,0,0,0,0,0,0,0,0,0,0,0,0,0,0,0,0,0,0,0,0,0,0,0,0,0,0,0
2022-12-02,0,0,0,0,0,0,0,0,0,0,0,0,0,0,0,0,0,0,0,0,0,0,0,0,0,0,0,0,0,0,0,0,0,0,0,0,0,0,0,0,0,0,0,0,0,0,0,0,0,0,0,0,0,0,0,0,0,0,0,0,0,0,0,0
2022-12-03,0,0,0,0,0,0,0,0,0,0,0,0,0,0,0,0,0,0,0,0,0,0,0,0,0,0,0,0,0,0,0,0,0,0,0,0,0,0,0,0,0,0,0,0,0,0,0,0,0,0,0,0,0,0,0,0,0,0,0,0,0,0,0,0
2022-12-04,0,0,0,0,0,0,0,0,0,0,7.249,0,0,0,0,0,0,0,0,1.168,0,0,0,2.903,0,0,12.158,0,0,0,5.742,0,12,0,0,0,0,0,0,0,0,0,0,0,0,0,0,0,0,0,0,0,0,0,0,0,0,0,6,0,0,0,0,0
2022-12-05,0,0,0,0,0,0,0,0,0,0,10.381,0,0,0,0,0,0,0,0,0,0,0,0,0,0,0,5.811,0,0,0,2.122,0,41,0,0,0,0,0,0,0,0,0,0,0,0,0,0,0,0,0,0,0,0,0,0,0,0,45.612,36,0,0,0,0,0
2022-12-06,0,0,0,0,0,0,0,0,0,0,22.934,0,0,0,0,0,0,0,0,7.977,0,22.62,0,28.723,0.927,0,37.863,0,0,0,7.489,0,63,0,0,0,2.872,0,0,0,0.287,0,0,0,0,0,0.301,0,0,0,0,0,0,0,0,0,5,59.474,30,0,0,0,0,0
2022-12-07,0,0,0,0,0,0,0,0,0,0,11.517,0,0,0,0,0,0,0,0,11.597,0,22.352,0,24.04,0,0,38.331,0,0,0,5.553,0,28,0,0,0,0,0,0,0,0,0,0,0,0,0,0,2,0,0,0,0,0,0,0,0,1,45.383,26,0,0,0,0,0
2022-12-08,0,0,0,0,0,0,0,0,0,0,7.081,0,0,0,0,0.532,0,0,0,4.524,0,17.678,0,27.835,0,0,32.48,0,0,0,4.07,0,15,0,0,0,0,0,0,0,0,0,0,0,0,0,0,0,0,0,0,0,0,0,0,0,1,36.273,15,0,0,0,0,0
2022-12-09,0,0,0,0,0,0,0,0,0,0,6.715,0,0,0,0,0,0,0,0,4.422,0,13.484,0,15.353,0,0,14.275,0,0,0,3.549,0,20,0,0,0,7.17,0,0,0,0,0,0,0,0,0,0,1,0,0,0,0,0,0,0.764,0,8,25.447,15,0,0,0,0,0
2022-12-10,0,0,0,0,0,0,0,0,0,0,5.451,0,0,0,0,0,0,0,0,6.572,0,20.687,0,33.717,0,0,42.365,0,0,0,6.556,0,49,0,0,0,7.372,0,0,0,0,0,0,0,0,0,0,0,0,0,0,0,0,0,2.227,0,5,49.153,28,0,0,0,0,0
2022-12-11,0,0,0,0,0,0,0,0,0,0,6.91,0,0,0,0,0,0,0,0,2.865,0.764,22.549,0,24.316,0,0,26.311,0,0,0,10.725,0,29,0,0,0,5.261,0,0,0,0,0,0,0,0,0,0,2,0,0,0,0,0,0,0,0,3,53.422,28,0,0,0,0,0
2022-12-12,0,0,0,0,0,0,0,0,0,0,5.309,0,0,0,0,0,0,0,0,3.379,0,11.826,0,5.437,0,0,18.569,0,0,0,7.373,0,25,0,0,0,3.937,0,0,0,0,0,0,0,0,0,0,0,0,0,0,0,0,0,1.169,0,1,22.76,6,0,0,0,0,0
2022-12-13,0,0,0,0,0,0,0,0,0,0,6.163,0,0,0,0,0,0,0,0,5.316,0,8.977,0,25.675,0,0,30.33,0,0,0,9.021,0,34,0,0,0,0,0,0,0,0,3.162,0,0,0,0,0,0,0,0,0,0,0,0,1.332,0,2,32.381,15,0,0,0,0,0
2022-12-14,0,0,0,0,0,0,0,0,0,0,1.957,0,0,0,0,0,0,0,0,6.973,0,8.729,0,25.014,0,0,19.825,0,0,0,2.172,0,42,0,0,0,5.46,0,0,0,0,3.163,0,0,0,0,0,2,0,0,0,0,0,0,0.59,0,5,23.332,8,0,0,0,0,0
2022-12-15,0,0,0,0,0,0,0,0,0,0,4.492,0,0,0,0,0,0,0,0,8.607,0,8.825,0,25.445,0,0,41.489,0,0,0,2.718,0,35,0,0,0,10.918,0,0,0,0,1.122,0,0,0,0,0,1,0,0,0,0,0,0,1.507,0,1,29.277,18,0,0,0,0,0
2022-12-16,0,0,0.167,0,0,0,0,0,0,0,7.109,0,0,0,0,0,0,0,0,6.37,0.469,16.126,0,25.275,0,0.513,43.716,0,0,0,0,0,47,0,0,0,0,0,0,0,0,0,0,0,0,0,0,1,0,0,0,0,0,0,0,0,2,30.764,14,0,0,0,0,0
2022-12-17,0,0,0.182,0,0,0,0,0,0.218,0,11.55,0,0,0,0,0,0,0,0,12.768,4.018,11.424,0,43.336,0,0,44.751,0,0,0,4.6,0,65,0,0,0,14.308,0,0,0,1.663,28.465,0,0,0,0,0,0,0,15.175,0,0,0,0,0,0,6,43.172,48,0,0,0,3.978,0
2022-12-18,0,0,0,0,0,0,0,0,0,0,0,0,0,0,0,0,0,0,0,12.025,0,8.511,0,33.493,0,0,38.335,0,0,0,0,0,51,0,0,0,4.723,0,0,0,0.923,11.428,0,0,0,0,0,0,0,15.431,0,0,0,0,0,0,6,35.418,23,0,0,0,0,0
2022-12-19,0,0,1.051,0,0,0,0,0,0,0,5.127,0,0,0,0,0,0,0,0,11.56,0,13.067,0,17.027,0,0,32.196,0,0,0,9.35,0,40,0,0,0,14.305,0,0,0,0,11.377,0,0,0,0,0,7,0,3.607,0,0,0,0,2.304,0,3,32.918,28,0,0,0,0,0
2022-12-20,0,0,0,0,0,0,0,0,0,0,7.427,0,0,0,0,0,0,0,0,6.731,0,13.785,0,23.892,0,0,31.92,0,0,0,9.285,0,58,0,0,0,0,0,0,0,3.87,9.591,0,0,0,0,0,3,0,1.84,0,0,0,0,2.248,0,0,19.561,16,0,0,0,0,0
2022-12-21,0,0,0,0,0,8.242,0,0,0,0,5.019,0,0,0,0,0,0,0,0,17.74,0,11.893,0,28.709,0,0,33.993,0,0,0,8.659,0,45,0,0,0,4.885,0,0,0,6.209,5.306,0,0,0,0,0,1,0,0,0,0,0,0,1.67,0,3,32.723,18,0,0,0,0,0
2022-12-22,0,0,0,0,0,8.205,0,0,0,0,0,0,0,0,0,0,0,0,0,8.883,0,14.652,0,16.283,0,0,34.851,0,0,0,9.439,0,30,0,0,0,4.858,0,0,0,3.87,1.989,0,0,0,0,0,0,0,0,0,0,0,0,0,0,3,26.236,7,0,0,0,0,0
2022-12-23,0,0,0,0,0,0,0,0,0,0,0,0,0,0,0,0,0,0,0,8.921,0,10.391,0,13.82,0,0,35.565,0,0,0,11.696,0,21,0,0,0,3.587,0,0,0,0,0,0,0,0,0,0,3,0,0,0,0,0,0,1.626,0,5,28.649,16,0,0,0,0,0.161
2022-12-24,0,0,0,0,0,0,0,0,0,0,0,0,0,0,0,0,0,0,0,11.582,0,11.65,0,22.436,0,0,34.956,0,0,0,14.618,0,32,0,0,0,0,0,0,0,0,0,0,0,0,0,0,6,0,0,0,0,0,0,0,0,4,30.855,21,0,0,0,0,0
2022-12-25,0,0,0,0,0,0,0,0,0,0,7.401,0,0,0,0,0,0,0,0,5.742,0,16.444,0,22.982,0,0,60.162,0,0,0,11.799,0,52,0,0,0,4.423,0,0,0,0,0,0,0,0,0,0,1,0,4.369,0,0,7.435,0,0,0,4,43.838,31,0,0,0,0,0
2022-12-26,0,0,0,0,0,0,0,0,0,0,0,0,0,0,0,0,0,0,0,11.144,0,9.705,0,12.338,0,0,22.981,0,0,0,10.068,0,27,0,0,0,4.868,0,0,0,0,0,0,0,0,0,0,1,0,8.08,0,0,6.993,0,1.855,0,4,38.362,21,0,0,0,0,0
2022-12-27,0,0,0,0,0,0,0,0,0,0,0,0,0,0,0,0,0,0,0,6.282,0,8.611,0,19.116,0,0,23.672,0,0,0,11.295,0,22,0,0,0,5.895,0,0,0,0,0,0,0,0,0,0,1,0,4.637,0,0,9.072,0,3.342,0,5,35.354,30,0,0,0,0,0
2022-12-28,0,0,0,0,0,0,0,0,0,0,3.187,0,0,0,0,0,0,0,0,8.167,0,10.157,0,20.701,0,0,27.558,0,0,0,4.525,0,27,0,0,0,4.988,0,0,0,0,0,0,0,0,0,0,4,0,5.567,0,0,8.547,0,0.611,0,2,35.04,20,0,0,0,0,0
2022-12-29,0,0,0,0,0,0,0,0,0,0,4.454,0,0,0,0,0,0,0,0,3.656,0,13.147,0,13.758,0,0,24.575,0,0,0,2.894,0,26,0,0,0,4.882,0,0,0,0,0,0,0,0,0,0,1,0,0,0,0,8.254,0,4.106,0,4,23.236,26,0,0,0,0,0
2022-12-30,0,0,0,0,0,0,0,0,0,0,5,0,0,0,0,0,0,0,0,5.805,0,9.484,0,9.998,0,0,22.518,0,0,0,1.973,0,23,0,0,0,3.784,0,0,0,0,0,0,0,0,0,0,0,0,0,0,0,14.89,0,2.119,0,2,32.508,21,0,0,0,0,0
2022-12-31,0,0,0,0,0,0,0,0,0,0,5.001,0,0,0,0,0,0,0,0,5.164,0,14.182,0,24.181,0,0,38.82,0,0,0,8.194,0,67,0,0,0,4.718,0,0,0,0,0,0,0,0,0,0,1,0,0,0,0,17.914,0,5.971,0,2,48.009,33,0,0,0,0,0
2023-01-01,0,0,0,0,0,0,0,0,0,0,7.785,0,0,0,0,0,0,0,0,7.174,0,18.003,0,19.258,0,0,35.055,0,0,0,9.692,0,50,0,0,0,9.559,0,0,0,0,0,0,0,0,0,0,4,0,0,0,0,9.765,0,6.287,0,3,33.523,29,0,0,0,0,0
2023-01-02,0,0,0,0,0,0,0,0,0,0,0,0,0,0,0,0,0,0,0,16.647,0,11.853,0,15.504,0,0,0,0,0,0,7.777,0,38,0,0,0,9.305,0,0,0,0,0,0,0,0,0,0,3,0,0,0,0,12.37,0,8.1,0,6,29.57,18,0,0,0,0,0
2023-01-03,0,0,0,0,0,0,0,0,0,0,4.039,0,0,0,0,0,0,0,0,3.191,0,9.044,0,15.873,0,0,0,0,0,0,4.932,0,45,0,0,0,6.424,0,0,0,0,0,0,0,0,0,0,0,0,0,0,0,16.488,0,2.565,0,3,19.131,19,0,0,0,0,0
2023-01-04,0,0,0,0,0,0,0,0,0,0,4.596,0,0,0,0,0,0,0,0,3.929,0,5.926,0,13.313,0,0,0,0,0,0,4.224,0,18,0,0,0,8.072,0,0,0,0,0,0,0,0,0,0,1,0,0,0,0,7.52,0,0.295,0,2,28.357,29,0,0,0,0,0
2023-01-05,0,0,0,0,0,0,0,0,0,0,0,0,0,0,0,0,0,0,0,5.383,0,7.068,0,12.259,0,0,0,0,0,0,4.875,0,38,0,0,0,8.773,0,0,0,0,0,0,0,0,0,0,1,0,2.23,0,0,7.666,0,0,0,3,19.238,16,0,0,0,0,0
2023-01-06,0,0,0.081,0,0,0,0,0,0,0,0,0,0,0,0,0,0,0,0,6.247,0,7.993,0,15.167,0,0,22.804,0,0,0,0,0,24,0,0,0,8.182,0,0,0,0,0,0,0,0,0,0,1,0,0,0,0,9.998,0,0.459,0,4,21.151,24,0,0,0,0,0
2023-01-07,0,0,0,0,0,0,0,0,0,0,5.424,0,0,0,0,0,0,0,0,9.684,0,11.841,0,15.053,0,0,19.116,0,0,0,5.1,0,21,0,0,0,9.844,0,0,0,0,0,0,0,0,0,0,4,0,4.32,0,0,8.127,0,3.57,0,4,25.938,18,0,0,0,0,0
2023-01-08,0,0,0,0,0,0,0,2.149,0,0,5.874,0,0,0,0,0,0,0,0,15.154,0,13.049,0,23.471,0,0,24.681,0,0,0,0,0,43,0,0,0,0,1.01,0,0,0,0,0,0,0,0,0,0,0,8.363,0,0,9.852,0,0,0,1,25.669,20,0,0,0,0,0
2023-01-09,0,0,0,0,0,0,0,0.276,0,0,3.493,0,0,0,0,0,0,0,0,11.607,0,9.044,0,19.649,0,0,22.412,0,0,0,0,0,34,0,0,0,8.052,0,0,0,0,0,0,0,0,0,0,1,0,0.703,0,0,5.272,0,0,0,2,21.472,9,0,0,0,0,0
2023-01-10,0,0,0,0,0,0,0,0.514,0,0,4.695,0,0,0,0,0,0,0,0,8.132,0,8.228,0,9.616,0,0,17.393,0,0,0,2.459,0,18,0,0,0,9.156,0,0,0,0,0,0,0,0,0,0,5,0,0,0,0,0,0,1.78,0,3,27.145,19,0,0,0,0,0
2023-01-11,0,0,0,0,0,0,0,0.495,0,0,4.9,0,0,0,0,0,0,0,0,9.782,0,11.726,0,15.861,0,0,21.708,0,0,0,2.341,0,30,0,0,0,10.227,0,0,0,0,0,0,0,0,0,0,0,0,1.546,0,0,12.895,0,0,0,2,29.541,8,0,0,0,0,0
2023-01-12,0,0,0,0,0,0,0,0,0,0,4.683,0,0,0,0,0,0,0,0,9.159,0,12.876,0,19.358,0,0,22.852,0,0,0,0,0,26,0,0,0,16.872,0,0,0,7.465,0,0,0,0,0,0,0,0,2.459,0,0,6.888,0,0,0,1,28.396,6,0,0,0,0,0
2023-01-13,0,0,0,0,0,0,0,0,0,0,3.855,0,0,0,0,0,0,0,0,13.967,1.246,10.353,0,11.18,0,0,24.895,0,0,0,0,0,34,0,0,0,21.217,0,0,0,5.784,0,0,0,0,0,0,0,0,6.606,0,0,2.037,0,0,0,3,21.018,3,0,0,0,0,0
2023-01-14,0,0,0,0,0,0,0,0,0,0,8.323,0,0,0,0,0,0,0,5.101,24.21,7.332,29.519,0,26.849,0,0,45.039,0,0,0.986,6.749,0,50,0,0,0,55.698,0,0,0,10.278,0,0,0,0,0,0,0,0,1.868,0,0,12.748,0,0,0,5,43.659,51,0,0,0,6.003,0
2023-01-15,0,0,0,0,0,0,0,0,0,0,9.017,0,0,0,0,0,0,0,7.645,16.388,4.858,12.744,0,23.161,0,0,25.645,0,0,0.301,9.324,0,46,0,0,0,11.435,0,0,0,7.289,0,0,0,1,0,0,0,0,8.775,0,0,5.965,0,0,0,0,23.441,61,0,0,0,3.552,0
2023-01-16,0,0,0,0,0,0,0,0,0,0,3.926,0,0,0,0,0,0,0,13.994,16.76,4.306,14.872,0,20.02,0,0,23.076,0,0,2.414,3.923,0,33,0,0,0,21.332,0.745,3.751,0,12.319,0,0,0,0,0,0,0,0,5.041,0,0,10.942,0,0.361,0,5,24.98,27,0,0,0,4.005,0
2023-01-17,0,0,0,0,0,0,0,0,0,0,4.549,0,0.401,0,0,0,0,0,14.651,15.855,6.855,12.635,0,24.782,0,0,28.42,0,0,4.345,1.33,0,21,0,0,0,38.797,1.529,5.099,0,15.222,0,0,0,0,0,0,0,0,6.345,0,0,17.096,0,0.803,0,3,17.415,40,0,0,0,3.252,0
2023-01-18,0,0,0,0,0,0,0,0,0,0,8.144,0,0,0,0,0,0,0,44.126,35.577,5.882,29.772,4.4,40.754,0,0,28.636,0,0,4.357,9.743,0,38,0,0,0,51.338,5.753,10.596,0,21.857,0,0,0,0,0,0,0,0,8.395,0,0,12.119,4.171,2.525,10,7,79.447,41,0,0,0,5.779,0
2023-01-19,0,0,0,0,0,0,0,0,0,0,9.498,0,0,0,0,0,0,0,93.167,55.337,6.422,46.429,0.551,62.234,0,0,61.009,0,0,11.044,19.031,0,44,0,0,0,54.237,5.758,15.489,0,47.437,0,5.966,0,0,0,0,0,0,18.123,0,0,17.853,17.359,1.262,15,14,107.272,77,0,0,0,8.362,0
2023-01-20,0,0,0,0,0,17.585,0,0,0,0,16.923,0,0,0,0,15.524,0,0,104.265,68.495,7.475,51.573,0,101.517,0,0,100.996,0,0,16.094,50.28,0,66,0,0,0,49.85,4.706,17.12,0,64.215,0,4.963,0,0,0,0,4,0,17.401,0,0,47.738,2.59,2.34,24,11,148.306,101,0,0,0,13.321,0
2023-01-21,0,0,0,0,0,0,0,0,0,0,0,0,0,0,0,0,0,0,0,0,0,0,0,0,0,0,0,0,0,0,0,0,0,0,0,0,0,0,0,0,0,0,0,0,0,0,0,0,0,0,0,0,0,0,0,0,0,0,0,0,0,0,0,0
2023-01-22,0,0,0,0,0,0,0,0,0,0,9.077,0,1.928,0,0,0,0,0,16.525,17.629,0,11.538,0,21.121,0,0,31.08,0,0,1.344,12.018,0,12,0,0,0,60.986,2.218,0.239,0,4.324,0,0.777,0,0,0,0,0,0,8.967,0,0,0,0,0,2,21,11.123,8,0,0,0,4.682,0
2023-01-23,0,0,0,0,0,0,0,0,13.11,0,10.052,0,1.268,0,0,0.258,0,0,2.636,31.043,0,17.538,0,42.328,0,0,29.756,0,0,0.221,11.254,0,17,0,0,0,64.427,0,4.176,0,7.979,0,2.588,0,0,0,0,0,0,6.956,0,0,0,0,0,0,0,36.198,17,0,0,0,4.165,0
2023-01-24,0,0,0,0,0,0,0,0,0,0,4.407,0,6.31,0,0,0,0,0,0,21.085,9.714,25.849,0,66.231,0,0,55.188,0,0,0,8.821,0,47,0,0,0,29.401,0,6.809,0,1.115,0,0,0,0,0,0,0,0,0,0,0,2.646,0,0,0,0,69.599,27,0,0,0,14.849,0
2023-01-25,0,0,0,0,0,25.577,0,0,12.401,0,0,0,0,0,3.807,0,0,0,7.434,27.135,11.111,33.174,48.497,86.136,0,0,59.814,0,0,0,12.474,0,30,0,0,0,33.38,0,0,0,4.33,0,0,0,0,0,0,0,0,8.483,0,0,2.415,19.391,0,0,7,64.405,35,0,0,0,29.12,0
2023-01-26,0,0,0,0,0,0,0,0,18.322,0,7.573,0,0,0,14.151,15.345,0,0,35.932,29.087,3.748,27.018,16.967,39.007,0,0,43.01,0,0,0,39.43,0,42,0,0,0,71.676,0,0,0,16.095,0,0,0,0,0,0,5,0,0,0,0,7.917,3.936,0,0,18,55.421,22,0,0,0,3.637,0
2023-01-27,0,0,0,0,0,0,0,0,2.812,0,16.406,0,0,0,14.49,0,0.192,0,19.689,23.546,8.204,25.868,13.735,45.749,0,0,48.26,0,0,0.156,21.102,0,43,0,0,0,46.976,0,0,0,11.556,0,0,0,0,0,0,5,0,33.209,0,0,6.174,22.868,0,0,6,61.296,34,0,0,0,0,0
2023-01-28,0,0,0,0,0,0,0,0,0,0,8.626,0,0,0,0,0,0,0,6.956,24.057,6.183,17.14,0,33.914,0,0,36.568,0,0,0,10.527,0,48,0,0,0,65.672,0,0,0,0,0,0,0,0,0,0,0,0,8.865,0,0,4.305,9.712,0,0,12,46.289,23,0,0,0,0,0
2023-01-29,0,0,0,0,0,11.026,0,0,7.803,0,4.378,0,0,0,0,0.338,0,0,5.672,13.391,1.907,11.172,0,23.59,0,0,23.493,0,0,0,0,0,32,0,0,0,38.495,0,0,0,0,0,0,0,0,0,0,1,0,11.068,0,0,4.704,0,2.276,0,5,38.25,18,0,0,0,0,0
2023-01-30,0,0,0,0,0,0,0,0,8.154,0,0,0,0,0,0,0,0,0,2.889,10.741,4.507,11.545,0,22.51,0,0,22.775,0,0,0,0,0,23,0,0,0,4.9,0,0,0,0,0,0,0,0,0,0,1,0,7.25,0,0,5.629,0,0.979,0,5,39.358,23,0,0,0,0,0
2023-01-31,0,0,0,0,1.053,0,2.272,0,2.169,0,0,0,7.451,0,0,0,0,0,0,8.325,5.195,7.85,0,22.269,0,0,21.594,0,0,0,0,0,22,0,0,0,17.918,0,0,0,0,0,0,0,0,0,0,3,0,8.404,0,0,2.898,0,2.191,0,7,23.588,14,0,0,0,0,0
2023-02-01,0,0,0,0,1.948,0,1.892,0,2.186,0,0,0,1.168,0,0,0,0,0,0,9.58,3.109,6.486,0,20.765,0,0,14.348,0,0,0,5.058,0,18,0,0,0,24.943,0,0,0,0,3.074,0,0,0,0,0,0,0,5.311,0,0,6.763,0,1.17,0,8,26.092,11,0,0,0,0,0
2023-02-02,0,0,0,0,0,0,0,0,6.521,0,0,0,4.427,0,0,0,0,0,0,13.021,2.68,7.34,0,27.084,0,0,17.057,0,0,0,8.614,0,30,0,0,0,12.063,0,0,0,0,0.733,0,0,0,0,0,1,0,7.229,0,0,1.89,0,1.305,0,8,30.781,12,0,0,0,0,0
2023-02-03,0,0,0,0,0,0,0,0,3.419,0,0,0,4.566,0,0,6.857,0,0,0,10.764,4.022,0.484,0,33.601,0,0,34.389,0,0,0,7.502,0,14,0,0,0,28.671,0,0,0,0,4.886,0,0,0,0,0,1,0,6.093,0,0,7.749,0,1.832,0,8,29.073,11,0,0,0,0,0
2023-02-04,0,0,0,0,2.876,7.25,5.981,0,6.649,0,0,0,2.583,0,0,3.027,0,0,0.236,15.873,4.825,0.501,0,30.057,0,0,47.684,0,0,0,12.509,0,21,0,0,0,34.441,0,0,0,0,0,0,0,0,0,0,1,0,8.472,0,0,13.169,0,4.752,0,10,52.156,20,0,0,0,0,0
2023-02-05,0,0,0.186,0,3.165,2.658,6.462,0,8.237,0,0,0,18.011,0,0,0.368,0,0,0,11.518,3.763,12.028,11.224,30.076,0,0,46.317,0,0,0,0.895,0,33,0,0,0,23.191,0,0,0,17.768,0,0,0,0,0,0,1,0,0,0,0,1.627,0.361,4.415,0,5,39.091,6,0,0,0,0,0
2023-02-06,0,0,0,0,0.664,0,1.264,0,0,0,0,0,1.631,0,0,0,0,0,0,9.935,2.442,9.845,3.999,22.804,0,0.518,0,0,0,0,4.85,0,16,0,0,0,16.025,0,0,0,3.119,0,0,0,0,0,0,2,0,0,0,0,0,0,1.154,0,2,15.887,1,0,0,0,0,0
2023-02-07,0,0,0,0,0.909,0,2.027,0,2.684,0,0,0,0.426,0,0,0,0,0,0,10.81,1.631,8.02,0,19.853,0,0,10.775,0,0,0,0,0,21,0,0,0,15.294,0,0,0,2.926,0,0,0,0,0,0,3,0,0,0,0,7.534,0,5.918,0,6,23.225,0,0,0,0,0,0
2023-02-08,0,0,0,0,0.639,0,4.321,0,3.604,0,0,0,2.592,0,0,0,0,0,0,6.547,1.882,5.915,0,18.31,0,0,21.993,0,0,0,0,0,12,0,0,0,13.998,0,0,0,0,4.418,0,0,0,0,0,0,0,0,0,0,7.754,0,1.671,0,7,18.653,7,0,0,0,0,0
2023-02-09,0,0,0,0,0.746,0,2.236,0,4.098,0,0,0,2.041,0,0,0,0,0,0,10.018,3.344,8.303,0,14.491,5.859,0,21.759,0,0,0,4.347,0,23,0,0,0,16.822,0,0,0,0.432,4.579,0,0,0,0,0,3,0,0,0,0,1.477,0,3.856,1,6,29.83,11,0,0,0,0,0
2023-02-10,0,0,0,0,0,0,1.531,0,0,0,0,3.541,2.692,0,0,0,0,0,0,11.171,1.623,12.121,0,20.963,2.627,0,21.089,0,0,0,0,0,29,0,0,0,11.89,0,0,0,0,2.028,0,0,0,0,0,0,0,0,0,0,0,0,4.311,5,6,24.604,13,0,0,0,0,0
2023-02-11,0,0,0,0,4.342,0,4.511,0,1.837,0,0,5.897,3.294,0,0,0,0,0,0,13.306,3.613,15.612,0,36.589,0,0,49.743,0,0,0,0,0,27,0,0,0,29.286,0,0,0,0,3.236,0,0,0,0,0,7,0,0,0,0,0,0,6.244,2,9,36.286,17,0,0,0,0,0
2023-02-12,0,0,0,0.335,0,0,4.071,0,0,0,0,7.16,6.212,0,0,0,0,0,0,24.953,3.079,12.366,0,30.438,1.541,0,55.926,0,0,0,0,0,27,0,0,0,35.191,0,6.567,0,0,3.202,0,0,0,0,0,3,0,0,0,0,0,0,2.663,0,4,42.761,11,0,0,0,0,0
2023-02-13,0,0,0,0,1.712,0,0.703,0.681,0,0,0,4.683,0,0,9.147,0,0,0,0,13.081,1.062,11.808,0,17.051,0,0,9.092,0,0,0,0,0,22,0,0,0.295,17.799,0,3.379,0,0,2.058,0,0,0,0,1.867,3,0,0,0,0,0,0,0.364,0,4,21.698,21,0,0,0,0,0
2023-02-14,0,0,0,0,1.448,0,2.592,0,0,0,0,0,3.018,0,22.953,0,0,0,0,10.833,3.026,8.669,0,22.609,0,0,24.572,0,0,0,0,0,11,0,0,0.134,17.187,0,0,0,0,0,0,0,0,0,0.407,3,0,0.546,0,0,0,0,4.989,0,2,21.929,10,0,0.442,0,0,0
2023-02-15,0,0,0,0,1.216,0,2.972,0.687,0,0,0,0,1.179,0,28.413,0,0,0,0,5.322,1.413,8.105,2.494,20.051,0.556,0,30.582,0,0,0,0,0,17,0,0,0,22.076,0,0,0,0,0,0,0,0,0,1.667,0,0,0.645,0,0,0,0,2.627,0,1,18.861,8,0,0,0,0,0.96
2023-02-16,0,0,0,0,1.566,0,2.001,1.339,0,0,0,1.464,0,0,32.563,0,0,0,0,5.905,1.087,8.999,0,24.191,3.561,0,18.357,0,0,0,0,0,12,0,0,0,17.078,0,0,0,0,0.361,0,0,0,0,0,1,0,2.664,0,0,0,0,0.426,0,5,20.388,14,0,0.402,0,0,1.754
2023-02-17,0,0,0,0,0.702,0,1.985,1.076,2.325,0,0,2.878,4.783,0,32.391,0,0,0,0,6.198,1.655,0,0,24.628,2.525,0,12.877,0,0,0,0,0,16,0,0,0,19.167,0,0,0,0,2.31,0,0,0,0,0,1,0,0,0,0,0,0.352,1.594,0,2,17.995,14,0,0.43,0,0,2.249
2023-02-18,0,0,0,0,2.462,0,3.814,5.854,6.413,0,0,7.513,4.708,0,56.65,0,0,0,0,19.577,1.497,18.137,0,36.138,2.324,0,38.479,0,0,0,0,0,24,0,0,0,41.401,0,0,0,0,4.066,0,0,0,0,9.589,2,0,0,0,0,0,0,6.266,0,6,26.452,21,0,0,0,0,0.572
2023-02-19,0,0,0,0,1.425,0,1.243,3.146,4.163,0,0,0,5.227,0,17.389,0,0,0,0,11.549,5.344,12.742,0,27.107,2.854,0,29.052,0,0,0,0,0,26,0,0,0.273,23.409,0,0,0,0,0,0,0,0,0,0,5,0,0,0,0,0,0,2.216,0,6,28.129,17,0,0.674,0,0,1.998
2023-02-20,0,0,0,0,0,0,1.495,0.918,3.004,0,0,0,0.761,0,28.639,0,0,0,0,5.844,0,4.883,0,19.146,2.045,0,14.408,0,0,0,0,0,11,0,0,0.228,12.939,0,0,0,9.492,0,0,0,0,0,0,4,0,0,0,0,0,0,0.742,0,2,17.135,9,0,1.547,0,0,0.612
2023-02-21,0,0,0,0,5.484,0,0.298,0,3.547,0,0,0,1.814,0,33.467,0,0,0,0,10.812,1.781,8.569,0,17.492,1.969,0,13.022,0,0,0,0,0,14,0,0,0.301,11.931,0,0,0,4.616,0,2.111,0,0,0,0,1,0,0,0,0,0,0.517,3.122,0,3,19.063,8,0,0,0,0,2.882
2023-02-22,0,0,0,0,1.136,0,1.92,0,1.612,0,0,0,1.998,0,25.739,0,0,0,0,5.988,4.003,5.034,0,15.597,4.95,0,19.261,0,0,0,0,0,5,0,0,0,7.484,0,0,0,8.278,0,1.47,0,0,0,1.86,2,0,0,0,0,0,0,0.863,0,2,18.599,11,0,0,0,0,1.979
2023-02-23,0,0,0,0,0.746,0,1.763,0,2.576,0,0,0,0,0,28.413,0,0,0,0,8.572,1.053,7.585,0,16.615,4.522,0,15.586,0,0,0,0,0,15,0,0,0,22.066,0,0,0,2.475,0,2.223,0,0,0,1.443,6,0,0,0,0,0,13.089,1.931,0,4,18.185,5,0,1.685,0,0,2.108
2023-02-24,0,0,0,0,0,0,2.258,0,3.581,0,0,0,0,0,25.456,0,0,0,0,7.092,3.555,11.671,0,20.755,3.459,0,22.749,0,0,0,0,0,6,0,0,0,13.205,0,0,0,1.471,0,1.045,0,0,0,0.83,2,0,0,0,0,0,0,2.642,0,6,25.083,10,0,0.681,0,0,2.309
2023-02-25,0,0,0,0,2.984,0,3.733,0,7.311,0,0,0,4.984,0,20.172,0,0,0,0,7.55,3.429,14.909,0,26.661,3.107,0,26.192,0,0,0.685,0,0,27,0,0,0,25.102,0,0,0,0.719,0,2.691,0,0,0,0,1,0,0,0,0,0,0,2.632,0,6,30.817,13,0,0,0,0,0.753
2023-02-26,0,0,0,0,0.651,0,0,0,9.862,0,0,0,1.923,0,42.788,0,0,0,0,9.084,4.599,4.053,0,29.905,9.015,0,27.64,0,0.758,0.417,0,0,8,0,0,0,13.928,0,0,0,0.638,0,0,0,0,0,2.351,5,0,0,0,0,0,0,0,0,3,29.227,7,0,0.358,0,0,2.691
2023-02-27,0,0,0,0,1.041,0,2.257,0,1.948,0,0,0,4.107,0,14.945,0,0,0,0,6.126,0.727,8.281,0,13.221,4.696,0,5.567,0,1.687,0.243,0,0,18,0,0,0,11.311,0,0,0,0,0,0.561,0,0,0,1.704,2,0,0,0,0,0,0,0.764,0,7,15.253,7,0,1.993,0,0,4.067
2023-02-28,5.001,0,0,0,1.398,0,0.965,0,3.229,0,0,0,0.594,0,17.614,0,0,0,0,3.774,1.463,11.331,0,13.398,6.213,0,12.854,0,0.219,0.391,0,0,6,0,0,0,8.088,0,0,0,0,0,0,0,0,0,0.847,1,0,0,0,0,0,0,1.157,0,3,17.861,7,0,1.77,0,0,0.49
2023-03-01,1.608,0,0,0,1.242,0,1.46,0,2.828,0,0,0,0.794,0,16.023,0,0,0,0,6.963,2.541,5.39,0,14.28,1.389,0,10.06,0,0.207,0.489,0,0,20,0,0,0,6.109,0,0,0,0,0,0.995,0,0,0,0.824,5,0,0,0,0,0,0,0.688,0,4,16.316,5,0,0,0,0,1.758
2023-03-02,0,0,0,0,0.825,0,0.465,0,2.047,0,0,0,0,0,10.285,0,0,0,0,5.21,2.057,7.782,0,16.859,0.404,0,16.298,0,0,0,0,0,17,0,0,0,5.402,0,0,0,0,0,0.834,0,0,0,0.735,3,0,0,0,0,0,0,0.437,0,2,14.612,5,0,0.301,0,0,1.055
2023-03-03,0,0,0,0,0,0,0.46,0,4.738,0,0,0,0,0,22.956,0,0,0,0,10.253,1.731,8.573,0,22.14,1.288,0,17.936,0,0,0,0,0,13,0,0,0,7.729,0,0,0,0,0,0.374,0,0,0,0,1,0,0,0,0,0,0,2.118,0,2,21.493,9,0,1.92,0,0,2.524
2023-03-04,0,0,0,0,1.738,0,0.793,0,2.903,0,0,0,0,0,21.14,0,0,0,0,11.069,1.121,12.98,0,21.529,2.828,0,24.658,0,0,0,0,0,15,0,0,0,13.377,0,0,0,0,0,3.693,0,0,0,3.041,5,0,0.188,0,0,0,0,2.38,0,8,32.423,7,0,0.437,0,0,0.364
2023-03-05,0,0,0,0,2.729,0,2.122,0,5.491,0,0,0,0,0,11.534,0,0,0,0,12.93,2.826,12.141,0,32.482,3.536,0,18.318,0,0,0,0,0,14,0,0,0,1.796,0,0,0,0,0,1.672,0,0,0,1.716,3,0,0,0,0,0,0,3.068,0,5,25.152,10,0,0.437,0,0,3.192
2023-03-06,0,0,0,0,1.314,0,2.924,0,2.412,0,0,0,0,0,0,0,0,0,0,8.512,2.057,6.283,0,12.733,5.608,0,10.46,0,0,0,0,2.527,20,0,0,0,1.465,0,0,0,0,0,0.45,0,0,0,0.858,1,0,0,0,0,0,0,2.424,0,2,15.941,3,0,0,0,0,3.869
2023-03-07,0,0,0,0,0.668,0,0.434,0,3.694,0,0,0,0,0,0,0,0,0,0,7.728,0.376,5.015,0,21.426,3.814,0,14.934,0,0,0,0,0,12,0,0,0,11.885,0,0,0,0,0,0,0,0,0,1.492,0,0,0,0,0,0,0,2.608,0,5,14.224,2,0,0.365,0,0,2.174
2023-03-08,0,0,0.242,0,0.935,0,1.42,0,5.29,0,0,0,0,0,0,0,0,0,0,10.184,0,12.61,0,8.124,3.384,0,10.209,0,0,0,0,2.546,10,0,0,0,2.558,0,0,0,0,0,0.606,0,0,0,1.554,2,0,0,0,0,0,0,2.151,0,3,15.086,3,0,1.533,0,0,1.848
2023-03-09,0,0,0,12.417,0.724,0,0.661,0,2.664,0,0,0,0,0,0,0,0,0,0,4.541,2.308,5.246,0,12.71,1.541,0,6.953,0,0,0,0,0,9,0,0,0,1.796,0,0,0,0,0,0.475,0,0,0,2.077,2,0,0,0,0,0,0,3.331,0,2,13.663,12,0,0.902,0,0,1.458
2023-03-10,0,0,0,0,1.464,0,0.642,0,5.113,0,0,0,0,0,0,0,0,0,0.527,10.428,3.596,7.684,0,2.02,2.752,0,10.67,0,0,0,0,2.46,15,0,0,0,1.667,0,0,0,0,0,0,0,0,0,2.127,1,0,7.77,0,0,0,0,3.482,0,0,16.403,5,0,0,0,0,1.507
2023-03-11,0,0,14.34,0,2.049,0,0.707,0,10.366,0,0,0,0,0,9.149,0,0,0,0,18.851,0.894,1.046,0,0,3.687,0,27.6,0,0,0.757,0,2.13,15,0,0,0,0,0,0,0,0,0,0,0,0,0,1.505,1,0,5.872,0,0,0,0,4.76,0,9,19.988,4,0,0.466,0,0,4.673
2023-03-12,0,0,19.685,0,1.561,0,3.617,0,6.044,0,0,8.832,0,0,1.989,0,0,0,0,12.377,4.482,0.29,0,0,3.561,0,26.612,0,0,0,0,2.503,14,0,0,0,0,0,0,0,6.162,0,0,0,0,0,6.154,2,0,0,0,0,0,0,2.199,0,1,27.256,2,0,1.411,0,0,6.369
2023-03-13,0,0.796,0,0,1.146,0,2.025,0,7.943,0,0,0,0,0,0,0,0,0,1.355,8.921,2.45,7.383,0,0,10.127,0,10.65,0,0,0,0,2.163,17,0,0,0,0,0,0,0,2.185,0,0,0,0,0,1.513,0,0,0,0,0,0,0,3.605,0,3,15.457,2,0,0.817,0,0,1.054
2023-03-14,0,0.488,0,0,5.184,0,2.031,0,7.539,0,5.188,0,0,0,0,0,0,0,0.276,6.539,4.833,6.903,0,0,3.233,0,5.02,0,0,0,0,0,20,0,0,0,0,0,0,0,0,0,0,0,0,0,0,0,0,8.414,0,0,0,0,0.592,0,1,15.606,4,0,0.387,0,0,0.428
2023-03-15,0,0,11.202,7.804,3.283,0,0.99,0,2.437,0,4.61,6.658,0,0,0,0,0,0,0,3.362,4.231,0,0,0,3.036,0,9.095,0,0,0,0,2.415,9,0,0,0,0,0,0,0,0,0,0,0,0,0,0,1,0,0.152,0,0,0,0,3.173,0,4,13.216,3,0,0.444,0,0,4.515
2023-03-16,0,0,9.734,6.795,9.959,0,2.58,0,3.442,0,10.906,0,0,0,0,0,0,0,0.232,9.819,2.073,0,0,18.169,1.158,0,16.216,0,0,0,0,2.621,11,0,0,0,0,0,0,2.508,0,0,0,0,0,0,0,2,0,0,0,0,0,0,1.084,0,5,15.009,6,0,0,0,0,3.995
2023-03-17,0,1.803,15.301,0,9.384,0,0,0,10.592,0,12.174,0,0,0,0,0,0,0,0,14.126,2.049,0,0,27.829,1.763,0,20.225,0,0,0,0,2.449,32,0,0,0,0,0,0,0,0,0,0,0,0,0,0,1,0,0,0,0,0,0,5.391,0,2,41.548,18,0,0.401,0,0,3.842
2023-03-18,0,1.798,17.392,0,9.246,0,0,0,24.689,0,11.71,9.595,0,0,0,0,0,0,0,20.596,7.642,0,0,39.76,0,0,33.266,0,0,0,0,2.467,29,0,0,0,0,0,0,0,0,0,0,0,0,0,0,1,0,0,0,0,0,0,10.203,0,8,27.118,8,0,1.698,0,0,14.65
2023-03-19,0,0,20.416,0,20.913,0,0,0,7.437,0,11.321,0,0,0,0,0,0,0,0,20.755,4.792,0,0,36.361,0,0,24.279,0,0,0,0,2.488,25,0,0,0,0,0,0,0,0,0,0,0,0,0,0,1,0,0,0,0,0,0,3.001,0,10,29.562,12,0,0.781,0,0,0
2023-03-20,0,1.851,14.722,0,9.051,0,0,0,4.774,0,3.606,3.569,0,0,0,0,0,0,0,6.949,3.169,0,0,21.308,0,0,5.859,0,0,0,0,2.498,14,0,0,0,0,0,0,0,0,0,0,0,0,0,0,2,0,0,0,0,0,0,0.633,0,1,33.091,14,0,0.451,0,0,0
2023-03-21,0,1.489,12.491,0,2.932,0,2.551,0,3.769,0,6.836,4.596,0,0,0,0,0,0,0,7.737,2.6,0,0,14.895,0,0,4.054,0,0,0,0,2.777,12,0,0,0,0,0,0,0,0,0,0,0,0,0,0,0,0,0,0,0,0,0,2.571,0,3,23.516,3,0,0.365,0,0,4.078
2023-03-22,0,0,10.858,0,6.368,0,0.552,0,3.455,0,5.516,5.888,0,0,0,0,0,0,0,11.364,0.769,0,0,13.929,0,0,8.487,0,0,0,0,2.45,4,0,0,0,0,0,0,0,0,0,0,0,0,0,0,0,0,0,0,0,0,0,2.772,0,8,43.28,4,0,0,0,0,3.876
2023-03-23,0,3.611,8.97,0,1.187,0,0.769,0,1.508,0,2.387,3.302,0,0,0,0,0,0,0,8.997,1.906,0,0,17.887,0,0,12.75,0,0,0,0,2.512,14,0,0,0.395,0,0,0,0,0,0,0,0,0,0,0,0,0,0,0,0,0,0,3.193,0,1,27.964,7,0,0,0,0,4.046
2023-03-24,0,3.974,12.689,0,2.851,0,0,0,4.097,0,5.831,3.611,0,0,0,0,0,0,0,13.826,4.139,0,0,16.302,0,0,10.773,0,0,0,0,4.884,16,0,0,0,0,0,0,0,0,0,0,0,0,0,0,1,0,0,0,0,0,0,2.822,0,3,57.513,4,0,0.437,0,0,0.218
2023-03-25,0,5.481,16.22,0,7.49,0,0,0,6.157,0,10.795,11.261,0,0,0,0,0,0,0,17.742,3.813,0,0,15.598,0,0,14.83,0,0,0,0,5.027,16,0,0,0,0,0,0,0,0,0,0,0,0,0,0,0,0,9.356,0,0,0,0,6.919,0,3,46.608,14,0,0.809,0,0,7.753
2023-03-26,0,5.279,11.539,0,9.144,0,3.288,0,3.956,0,8.077,7.009,0,0,0,0,0,0,0,15.78,4.055,0,0,18.645,0,0,19.768,0,0,0,0,2.441,20,0,0,0,0,0,0,0,0,0,0,0,0,0,0,3,0,0,0,0,0,0,3.838,0,6,46.622,4,0,0.308,0,0,1.946
2023-03-27,0,3.846,8.109,0,5.528,0,1.433,0,1.784,0,5.403,3.624,0,0,0,0,0,0,0,9.125,2.668,0,0,11.361,0,0,6.133,0,0,0,0,3.188,14,0,0,0,0,0,0,0,0,0,0,0,0,0,0,0,0,0,0,0,0,0,1.115,0,3,22.737,5,0,0.423,0,0,5.453
2023-03-28,0,1.265,8.58,0,3.09,0,1.018,0,3.505,0,7.387,1.357,0,0,2.813,0,0,0,0,11.028,2.526,0,0,8.277,0,0,6.006,0,0,0,0,3.994,8,0,0,0,0,0,0,0,0,0,0,0,0,0,0,1,0,0,0,0,0,0,1.816,0,5,19.187,3,0,1.931,0,0,5.101
2023-03-29,0,1.697,8.453,0,3.317,0,0.781,0,3.305,0,4.975,6.87,0,0,0,0,0,0,0,7.747,0.82,0,0,14.747,0,0,14.998,0,0,0,0,2.419,12,0,0,0,0,0,0,0,0,0,0,0,0,0,0,2,0,0,0,0,0,0,0.632,0,3,28.114,5,0,0,0,0,2.165
2023-03-30,0,1.141,5.39,0,5.622,0,1.432,0,0.553,0,4.221,1.058,0,0,0,0,0,0,0,11.169,3.103,0,0,16.04,0,0,4.579,0,0,0.232,0,1.961,15,0,0,0,0,0.508,0,0,0,0,0,0,0,0,0,1,0,0,0,0,0,0,5.614,0,4,15.541,1,0,0.382,0,0,3.507
2023-03-31,0,1.999,11.642,0,4.598,0,2.451,0,2.312,0,5.467,0,0,0,0,0,0,0,0,18.308,2.083,0,0,15.259,0,0,7.078,0,0,0.189,0,7.366,19,0,0,0,0,1.235,0,0,0,0,0,0,0,0,0,0,0,0.078,0,0,0,0,1.717,0,2,30.517,6,0,0.743,0,0,6.276
2023-04-01,0,2.057,12.19,0,11.746,0,4.032,0,4.899,0,6.973,6.241,0,0,0,0,0,0,0,19.237,2.675,0,0,22.636,0,0,14.787,0,0,0.278,0,2.493,18,0,0,0,0,0.57,0,0,0,0,0,0,0,0,0,2,0,9.534,0,0,0,0,1.556,0,4,34.501,8,0,1.476,0,0,3.575
2023-04-02,0,1.993,9.361,0,11.947,10.044,3.969,0,5.076,0,11.597,6.188,0,0,0,0,0,0,0,15.542,4.574,0,0,23.987,0,0,15.544,0,0,0.813,0,1.742,15,0,0,0,0,1.875,0,0,0,0,0,0,0,0,0,1,0,27.273,0,0,0,0,2.59,0,5,46.696,8,0,0.372,0,0,12.318
2023-04-03,0,2.567,7.964,0,8.159,0.293,6.736,0,3.078,0,5.704,3.878,0,0,0,0,0,0,0,16.443,2.316,0,0,13.343,0,0,10.585,0,0,0.298,0,7.365,13,0,0,0,0,0.192,0,0,0,0,0,0,0,0,0,3,0,9.144,0,0,0,0,4.771,0,4,27.24,7,0,0.442,0,0,7.753
2023-04-04,0,1.373,11.844,0,5.887,0,3.883,0,4.585,0,3.819,6.123,0,0,0,0,0,0,0,15.979,2.667,0,0,14.12,0,0,8.757,0,0,0,0,1.235,26,0,0,0,0,0,0,0,0,0,0,0,0,0,0,3,0,0,0,0,0,0,3.985,0,4,28.52,1,0,1.516,0,0,3.927
2023-04-05,0,1.936,13.05,0,7.274,0,4.193,0,3.267,0,5.416,5.985,0,0,0,0,0,0,0,18.708,3.085,0,0,22.05,0,0,17.203,0,0,0,0,1.712,18,0,0,0,0,0,0,0,0,0,0,0,0,0,0,0,0,14.576,0,0,0,0,3.284,0,3,32.835,2,0,0.432,0,0,5.069
2023-04-06,0,1.406,7.187,0,1.516,0,6.61,0,3.323,0,5.126,1.422,0,0,0,0,0,0,0,10.83,1.196,0,0,11.964,0,0,2.94,0,0,0,0,3.634,13,0,0,0,0,0,0,0,0,0,0.504,0,0,0,0,2,0,0,0,0,0,0,3.315,0,1,23.234,0,0,0.361,0,0,2.701
2023-04-07,0,1.007,8.759,0,3.764,0,5.856,0,3.339,0,1.734,1.539,0,0,0,0,0,0,0,9.11,0.636,0,0,19.893,0,0,4.62,0,0,0,0,3.052,7,0,0,0,0,0,0,0,0,0,0.754,0,0,0,0,2,0,0,0,0,0,0,3.957,0,3,28.583,5,0,0,0,0,3.221
2023-04-08,0,2.06,14.287,0,9.925,0,5.52,0,7.03,0,4.26,5.631,0,1.471,0,0,0,0,0,17.039,1.33,0,0,25.847,0,0,11.551,0,0,0,0,3.391,11,0,0,0,0,0,0,0,0,0,0.637,0,0,0,0,0,0,0,0,0,0,0,1.788,0,8,31.05,4,0,1.446,0,0,5.89
2023-04-09,0,0.879,8.662,0,7.07,0,8.039,0,3.793,0,6.444,5.63,0,0.41,0,0,0,0,0,11.432,4.414,0,0,16.856,0,0,10.126,0,0,0,0,5.254,19,0,0,0,0,0,0,0,8.747,0,0,0,0,0,0,0,0,0,0,0,0,0,0.923,0,3,25.138,15,0,0,0,0,5.587
2023-04-10,0,0.976,6.824,0,2.021,0,3.692,0,2.635,0,2.01,0,0,0,0,0,0,0,0,9.298,3.52,0,0,11.931,0,0,8.969,0,0,0,0,3.59,14,0,0,0,0,0,0,0,3.344,0,0,0,0,0,0,0,0,0,0,0,0,0,2.309,0,0,17.637,3,0,0,0,0,1.476
2023-04-11,0,0,6.877,0,2.424,0,1.896,0,5.825,0,5.126,0.716,0,0.853,0,0,0,0,0,10.366,1.153,0,0,9.793,0,0,2.983,0,0,0,0,0.641,14,0,0,0.568,0,0,0,0,5.369,0,0.234,0,0,0,0,0,0,0,0,0,0,0,0.953,0,2,12.373,3,0,1.847,0,0,4.715
2023-04-12,0,1.167,5.77,0,6.011,0,6.411,0,5.336,0,2.3,0.353,0,0,0,0,0,0,0,6.305,1.839,0,0,13.105,0,0,8.128,0,0,0,0,2.787,13,0,0,0,0,0,0,0,1.94,0,0.219,0,0,0,0,0,0,0,0,0,0,0,3.173,0,1,18.478,5,0,0.854,0,0,2.97
2023-04-13,0,1.278,7.841,0,7.123,0,6.09,0,4.06,0,3.582,2.029,0,0,0,0,0.376,0,0,6.241,1.513,0,0,12.486,0,0,8.927,0,0,0,0,2.297,6,0,0,1.213,0,0,0,0,5.449,0,0,0,0,0,0,0,0,0,0,0,0,0,1.828,0,1,12.36,2,0,1.444,0,0,5.017
2023-04-14,0,0,6.748,0,0,0,10.421,0,4.33,0,0,2.767,0,0,0,0,0,0,0,15.936,1.38,0,0,14.231,0,0,8.214,0,0,0,0,3.689,7,0,0,0,0,0,0,0,4.885,0,0,0,0,0,0,0,0,0,0,0,0,0,1.435,0,0,18.546,13,0,1.709,0,0,3.811
2023-04-15,0,3.306,10.972,0,10.528,0,7.725,0,3.157,0,0,4.743,0,0,0,0,0,0,0,12.185,3.094,0,0,15.287,0.395,0,14.516,0,0,0,0,4.962,19,0,0,0,0,0,0,0,0,0,0,0,0,0,0,0,0,0,0,0,0,0,3.063,0,6,27.914,6,0,1.395,0,0,3.205
2023-04-16,0,3.638,7.798,0,12.84,0,8.103,0,10.66,0,9.008,5.567,0,4.498,0,0,0,0,0,16.635,3.186,0,0,13.872,0,0,6.153,0,0,0,0,6.229,22,0,0,0,0,0,0,0,0,0,0.199,0,0,0,0,0,0,0,0,0,0,0,4.076,0,4,34.746,0,0,1.081,0,0,6.998
2023-04-17,0,2.283,4.256,0,6.369,0,12.292,0,6.163,0,0,0,0,1.187,0,0,0,0,0,6.508,2.091,0,0,10.416,0,0,1.407,0,0,0,0,3.128,7,0,0,0,0,0,0,0,0,0,0.758,0,0,0,0,1,0,0.169,0,0,0,0,2.531,0,2,9.139,0,0,0.591,0,0,3.205
2023-04-18,0,1.501,4.757,0,0.43,0.252,10.874,0,4.361,0,0,2.918,0,0,0,0,0,0,0,12.5,1.454,0,0,11.138,0,0,5.209,0,0,0,0,0.888,15,0,0,0,0,0,0,0,0,0,0.352,0,0,0,0,0,0,0,0,0,0,0,0,0,3,13.669,9,0,2.198,0,0,6.948
2023-04-19,0,0.848,4.464,0,8.009,7.554,0,0,6.997,0,7.915,3.312,0,0,0,0,0,0,0,10.852,3.093,0,0,13.387,0,0,3.929,0,0,0,0,1.745,14,0,0,0,0,0,0,0,0,0,0.223,0,0,0,0,0,0,0,0,0,0,0,0.542,0,1,11.305,6,0,0,0,0,0.386
2023-04-20,0,2.556,6.378,0,6.603,0,15.101,0,6.144,0,2.098,1.08,0,3.162,0,0,0,0,0,7.185,2.18,0,0,10.748,0,0,2.731,0,0,0,0,2.231,5,0,0,0,0,0,0,0,0,0,0,0,0,0,0,0,0,4.732,0,0,0,0,2.209,0,0,19.401,5,0,0.942,0,0,3.742
2023-04-21,0,2.776,6.916,0,10.001,2.871,6.28,0,9.748,0,3.718,0.994,0,4.566,0,0,0,0,0,25.765,4.016,0,0,16.329,0,0,9.851,0,0,0,0,3.081,20,0,0,0,0,0,0,0,0,0,0,0,0,0,0,0,0,0,0,0,0,0,5.002,0,2,23.348,11,0,1.169,0,0,7.633
2023-04-22,0,4.602,13.226,0,9.533,0,29.134,0,23.046,0,11.219,5.268,0,5.998,0,0,0,0,0,31.019,4.548,0,0,23.19,0,0,14.219,0,0,0,0,2.224,26,0,0,0,0,0,0,0,0,0,0,0,0,0,0,0,0,0,0,0,0,0,2.66,0,6,38.344,8,0,4.084,0,0,10.27
2023-04-23,0,1.627,5.08,0,9.493,0,29.206,0,7.81,0,4.774,0.78,0,1.02,0,0,0,0,0,13.27,4.447,0,0,20.939,0,0,4.053,0,0,0,0,2.904,15,0,0,0,0,0,0,0,0,0,0,0,0,0,0,0,0,0,0,0,0,0,3.334,0,2,9.541,0,0,4.159,0,0,3.541
2023-04-24,0,0,7.804,0,7.933,0,5.724,0,9.572,0,7.476,0,0,4.416,0,0,0,0,0,21.078,3.859,0,0,11.697,0,0,6.197,0,0,0,0,1.108,19,0,0,0,0,0,0,0,0,0,0,0,0,0,0,0,0,0,0,0,0,0,5.975,0,0,38.418,0,0,0.628,0,0,0
2023-04-25,0,0,3.955,0,8.176,0,7.317,0,1.726,0,2.589,0,0,4.113,0,0,0,0,0,14.301,3.943,0,0,9.115,0,0,4.684,0,0,0,0,0.872,12,0,0,0,0,0,0,0,0,0,0,0,0,0,0,0,0,0,0,0,0,0,4.437,0,1,9.148,0,0,1.056,0,0,4.932
2023-04-26,0,0,1.791,0,8.613,0,7.807,0,4.109,0,2.638,0,0,3.228,0,0,0,0,0,14.33,4.196,0,0,10.579,0,0,0.777,0,0,0,0,2.24,14,0,0,0,0,0,0,0,0,0,0,0,0,0,0,1,0,0,0,0,0,0,1.024,0,4,4.342,0,0,0,0.661,0,7.08
2023-04-27,0,0,3.764,0,4.319,0,8.041,0,5.623,0,0,0,0,1.431,0,0,0,0,0,14.937,1.846,0,0,8.906,0,0,2.206,0,0,0,0,1.848,8,0,0,0,0,0,0,0,0,0,0,0,0,0,0,1,0,0,0,0,0,0,6.085,0,2,11.24,0,0,1.697,1.536,0,5.337
2023-04-28,0,0,5.468,0,7.232,0,7.953,0,4.574,0,0,0,6.764,0,0,0,0,0,0,13.763,4.924,0,0,11.799,0,0,5.168,0,0,0,0,0.872,11,0,0,0,0,0,0,0,0,0,0,0,0,0,0,0,0,0,0,0,0,0,7.601,0,5,2.384,0,0,3.454,0.839,0,6.762
2023-04-29,0,0,5.114,0,9.865,0,5.932,0,6.843,0,5.463,0,4.372,0,0,0,0,2.179,0,27.359,9.146,0,0,11.532,0,0,12.982,0,0,0,0,1.95,17,0,0,3.513,0,0,0,0,0,0,0,0,0,0,0,2,2.442,0,0,0,0,0,7.319,0,3,43.398,0,0,0.729,0,0,7.518
2023-04-30,0,0,4.557,0,6.042,0,6.653,0,3.722,0,7.319,0,3.267,0,0,0,0,0.392,0,35.189,7.325,0,0,10.073,0,0,5.545,0,0,0,0,2.473,14,0,0,3.627,0,0,0,0,0,0,0,0,0,0,0,0,0,0,0,0,0,0,6.939,0,4,40.275,0,0,1.269,2.026,0,6.363
2023-05-01,0,0,3.295,0,11.292,0,8.545,0,6.106,0,7.683,0,2.877,0,0,0,0,0,0,27.112,3.656,0,0,9.632,0,0,8.739,0,0,0,0,2.522,13,0,0,4.774,0,0,1.586,0,0,0,0,0,0,0,0,0,1.84,0,0,0,0,0,7.458,0,3,27.236,0,0,1.094,2.195,0,8.02
2023-05-02,0,0,3.829,0,9.029,0,15.47,0,7.367,0,5.151,0,7.716,0,0,0,0,0,0,24.094,9.385,0,0,10.947,0,0,8.758,0,0,0,0,4.011,17,0,0,2.069,0,0,0.346,0,8.484,0,0,0,0,0,0,0,4.108,0,0,0,0,0,3.314,0,2,15.602,0,0,2.488,0,0,6.931
2023-05-03,0,0,4.859,0,11.143,14.166,14.097,0,10.95,0,10.273,0,1.922,0,0,0,0,0,0,22.717,0,0,0,14.892,0,0,4.769,0,0,0,0,1.867,20,0,0,3.218,0,0,0,0,0,0,0,0,0,0,0,0,0,0,0,0,0,0,4.95,0,1,45.418,0,0,0,0,0,0
2023-05-04,0,0,2.273,0,0,7.084,0,0,2.481,0,7.944,0,0,0,0,0,0,0,0,25.655,0,0,0,13.823,0,0,3.801,0,0,0,0,1.821,11,0,0,9.523,0,0,0,0,10.131,0,0,0,0,0,0,0,2.451,0,0,0,0,0,0.964,0,1,27.66,0,0,0,0,0,0
2023-05-05,0,0,2.941,0,8.476,0.731,16.238,0,10.679,0,4.47,0,5.287,0,0,0,0,0,0,22.324,0,0,0,12.844,0,0,6.994,0,0,0,0,0.265,17,0,0,2.185,0,0,0,0,10.311,0,0,0,0,0,0,0,3.454,0,0,0,0,0,2.741,0,1,22.575,0,0,0,0,0,0
2023-05-06,0,0,4.682,0,8.19,0,10.893,0,2.036,0,7.677,0,3.326,4.517,0,0,0,0,0,23.097,0,0,0,9.676,0,0,7.309,0,0,0,0,0,24,0,0,4.678,0,0,0,0,14.921,0,0,0,0,0,0,0,3.472,0,0,0,0,0,7,0,2,28.898,0,0,0,0,0,0
2023-05-07,0,0,3.752,0,12.906,0,19.509,0,12.016,0,0,0,3.081,5.001,0,0,0,0,0,39.966,0,0,0,27.527,0,0,9.388,0,0,0,0,1.683,32,0,0,5.503,0,0,0,0,11.962,0,0,0,0,0,0,0,2.876,0,0,0,0,0,4.871,0,1,40.937,0,0,0,0,0,0
2023-05-08,0,0,4.053,0,7.771,0,20.789,0,2.131,0,0,0,9.822,4.021,0,0,0,0,0,21.757,0,0,0,15.363,0,0,2.016,0,0,0,0,2.168,15,0,0,2.121,0,0,0,0,7.806,0,0,0,0,0,0,0,2.834,0,0,0,0,0,1.366,0,1,27.408,0,0,0,1.244,0,0
2023-05-09,0,0,3.296,0,6.932,0,11.699,0,12.094,0,0,0,0.693,4.665,0,0,0,0,0,17.224,0,0,0,15.026,0,0,3.004,0,0,0,0,1.48,9,0,0,3.526,0,0,0,0,11.054,0,0,0,0,0,0,0,0.811,0,0,0,0,0,0.733,0,1,15.25,0,0,0,1.378,0,0
2023-05-10,0,0,3.699,0,6.342,0,13.463,0,12.153,0,0,0,0,5.066,0,0,0,0,0,28.106,0,0,0,15.413,0,0,7.687,0,0,0,0,0.581,13,0,0,5.43,0,0,0,0,6.738,0,0,0,0,0,0,0,0.661,0,0,0,0,0,0.843,0,0,12.067,0,0,0,0.564,0,0
2023-05-11,8.718,0,3.824,0,8.686,0,14.574,0,5.186,0,0,0,5.056,2.768,0,0,0,0,0,13.908,0,0,0,13.117,0,0,4.264,0,0,0,0,1.036,17,0,0,4.069,0,0,0,0,9.942,0,0,0,0,0,0,0,0,8.032,0,0,0,0,1.024,0,1,15.182,0,0,0,3.194,0,0
2023-05-12,0,0,4.143,0,6.412,0,12.639,0,6.73,0,0,0,5.96,3.67,0,0,0,0,0,24.496,0,0,0,16.352,0,0,2.751,0,0,0,0,3.827,11,0,0,4.005,0,0,0,0,13.116,0,0,0,0,0,0,0,1.237,9.597,0,0,0,0,3.645,0,0,18.997,0,0,0,4.887,0,0
2023-05-13,0,0,8.371,0,12.468,0.213,18.553,0,9.565,0,0,0,4.843,5.168,0,0,0,0,0,33.208,0,0,0,25.295,0,0,7.225,0,0,0,0,1.189,18,0,0,1.741,0,0,0,0,15.102,0,0,0,0,0,0,0,0.518,17.935,0,0,0,0,2.46,0,1,29.288,0,0,0,9.263,0,0
2023-05-14,5.677,0,6.332,0,13.844,0,19.07,0,4.146,0,0,0,8.939,5.922,0,0,0,0,0,32.974,0,0,0,21.517,0,0,10.103,0,0,0,0,2.183,18,0,0,3.039,0,0,0,0,14.519,0,0,0,0,0,0,0,0.744,9.571,0,0,0,0,0,0,1,23.66,0,0,0,2.83,0,0
2023-05-15,0,0,4.158,0,8.089,0,7.503,0,2.837,0,0,0,5.971,3.538,0,0,0,0,0,21.097,0.487,0,0,16.742,0,0,5.146,0,0,0,0,1.097,12,0,0,1.204,0,0,0,0,8.293,0,0,0,0,0,0,0,0.435,15.761,0,0,0,0,0,0,1,19.258,0,0,0,0.797,0,0
2023-05-16,0,0,2.237,0,10.606,0,12.827,0,6.14,0,0,0,1.26,4.975,0,0,0,0,0,14.181,0,0,0,18.479,0,0,6.364,0,0,0,0,0.776,28,0,0,0.868,0,0,0,0,12.131,0,0,0,0,0,0,0,1.011,17.024,0,0,0,0,0,0,1,17.473,0,0,0,1.452,0,0
2023-05-17,7.468,0,3.883,0,5.288,0,12.888,0,6.595,0,0,0,1.183,5.052,0,0,0,0,0,14.296,0,0,0,13.405,0,0,3.613,0,0,0,0,2.184,31,0,0,2.164,0,0,0,0,14.079,0,0,0,0,0,0,0,0.953,9.622,0,0,0,0,4.849,0,0,14.442,0,0,0,1.294,0,0
2023-05-18,0.473,0,3.756,0,5.054,0,8.162,0,5.287,0,0,0,1.899,5.435,0,0,0,0,0,11.595,0,0,0,16.076,0,0,4.704,0,0,0,0,1.041,12,0,0,2.23,0,0,0,0,9.28,0,0,1.055,0,0,0,0,0.969,10.481,0,0,0,0,0,0,0,16.398,0,0,0,1.043,0,0
2023-05-19,0,0,4.947,0,12.016,0,10.035,0,7.217,0,0,0,0.748,2.609,0,0,0,0,0,15.232,0,0,0,12.176,0,0,6.595,0,0,0,0,0.27,17,0,0,1.827,0,0,0,0,12.241,0,0,1.17,0,0,0,0,0,9.598,0,0,0,0,0.408,0,1,12.224,0,0,0,1.217,0,0
2023-05-20,9.428,0,6.754,0,8.359,0,22.943,0,8.307,0,0,0,0,0,0,0,0,0,0,33.825,0,0,0,17.114,0,0,3.193,0,0,0,0,2.163,20,0,0,2.299,0,0,0,0,5.927,0,0,0.488,0,0,0,0,0.544,14.223,0,0,0,0,1.662,0,2,17.712,0,0,0,3.044,0,0
2023-05-21,0,0,9.032,0,10.909,0,20.405,0,2.787,0,0,0,1.897,2.726,0,0,0,0,0,38.276,0,0,0,16.383,0,0,2.394,0,0,0,0,1.326,30,0,0,13.201,0,0,0,0,9.107,0,0,0.289,0,0,0,0,0.296,8.436,0,0,0,0,5.287,0,3,26.509,0,0,0,4.023,0,0
2023-05-22,0,0,4.929,0,7.055,0,15.223,0,11.527,0,0,0,0.849,4.047,0,0,0,0,0,25.433,0.548,0,0,10.108,0,0,4.978,0,0,0,0,0.788,10,0,0,3.763,0,0,0,1.631,12.784,0,0,0.76,0,0,0,0,0.538,0,0,0,0,0,1.347,0,0,18.744,0,0,0,0,0,0
2023-05-23,11.659,0,4.878,0,0,0,0,0,0,0,0,0,0.692,10.169,0,0,0,0,0,23.022,0,0,0,14.163,0,0,6.154,0,0,0,0,1.519,20,0,0,0,0,0,0,0,8.617,0,0,1.063,0,0,0,0,0.986,9.472,0,0,0,0,4.915,0,1,12.207,0,0,0,0,0,0
2023-05-24,0,0,4.822,0,9.498,0,8.275,0,6.947,0,0,0,0,3.58,0,0,0,0,0,15.749,0,0,0,12.853,0,0,3.676,0,0,0,0,1.279,24,0,0,6.645,0,0,0,0,13.596,0,0,0.37,0,0,0,0,0.726,9.699,0,0,0,0,0.946,0,0,15.668,0,0,0,2.417,0,0
2023-05-25,0,0,3.69,0,11.973,0,5.539,0,4.229,0,0,0,0,5.244,0,0,0,0,0,17.789,0,0,0,6.171,0,0,4.474,0,0,0,0,1.682,27,0,0,10.517,0,0,0,0,11.901,0,0,1.237,0,0,0,0,1.748,8.563,0,0,0,0,1.196,0,0,19.231,0,4.076,0,3.625,0,0
2023-05-26,7.536,0,7.098,0,12.271,0,7.062,0,7.635,0,0,0,0.737,5.239,0,0,0,0,0,11.71,0,0,0,13.432,0,0,6.742,0,0,0,0,1.525,21,0,0,6.168,0,0,0,0,9.35,0,0,0.295,0,0,0,0,0.206,16.62,0,0,0,0,6.125,0,1,18.395,0,4.829,0,5.188,0,0
2023-05-27,8.583,0,7.754,0,18.916,0,19.032,0,12.199,0,0,0,1.763,4.679,0,0,0,0,0,24.313,0,0,0,22.654,0,0,8.4,0,0,0,0,1.644,40,0,0,15.002,0,0,0,0,18.746,0,0,1.338,0,0,0,0,0.834,18.514,0,0,0,0,5.995,0,2,33.937,0,0,0,6.759,0,0
2023-05-28,0,0,7.635,0,11.281,0,23.06,0,9.38,0,0,0,3.629,5.441,0,0,0,0,0,30.826,0,0,0,21.621,0,0,7.099,0,0,0,0,2.529,36,0,0,12.387,0,0,0,0,18.083,0,0,0.16,0,0,0,0,2.511,18.591,0,0,0,0,5.446,0,0,35.124,0,0,8.055,5.062,0,0
2023-05-29,7.84,0,2.849,0,4.089,0,9.045,0,9.432,0,0,0,0.29,5.208,0,0,0,0,0,19.551,0,0,0,11.141,0,0,4.726,0,0,0,0,1.046,19,0,0,6.183,0,0,0,0,12.22,0,0,1.603,0,0,0,0,0.995,8.842,0,0,0,0,1.468,0,0,22.441,0,7.425,1.56,2.912,0,0
2023-05-30,3.954,0,4.299,0,6.86,0,13.138,0,4.933,0,0,0,0,3.714,0,0,0,0,0,12.181,0,0,0,11.447,0,0,2.289,0,0,0,0,2.235,16,0,0,6.232,0,0,0,0,5.733,0,0,0,0,0,0,0,0.717,8.914,0,0,0,0,0,0,2,20.105,0,9.456,2.249,2.657,0,0
2023-05-31,0,0,2.711,0,4.98,0,13.76,0,6.293,0,0,0,0,4.445,0,0,0,0,0,15.976,0,0,0,11.005,0,0,2.499,0,0,0,0,1.196,17,0,0,4.284,0,0,0,0,7.411,0,0,0,0,0,0,0,0.439,7.728,0,0,0,0,0,0,0,21.595,0,0,1.495,3.726,0,0
2023-06-01,0,0,2.867,0,7.887,0,14.801,0,12.857,0,0,0,0,3.844,0,0,0,0,0,10.903,0,0,0,13.369,0,0,2.415,0,0,0,0,0.795,12,0,0,5.162,0,0,0,0,8.587,0,0,0.334,0,0,0,0,0.475,7.729,0,0,0,0,1.934,0,0,13.811,0,6.65,0.922,3.788,0,0
2023-06-02,0,0,4.203,0,6.589,0,20.893,0,6.394,0,0,0,0,4.096,0,0,0,0,0,11.586,0,0,0,12.797,0,0,1.932,0,0,0,0,2.708,18,0,0,6.394,0,0,0,0,9.348,0,0,0,0,0,0,0,0.233,15.612,0,0,0,0,2.572,0,2,9.818,0,7.615,1.495,4.543,0,0
2023-06-03,0,0,6.541,0,13.199,0.302,19.351,0,7.56,0,0,0,0,5.923,0,0,0,0,0,25.292,0,0,0,24.989,0,0,8.568,0,0,0,0,3.483,17,0,0,11.738,0,0,0,0,11.126,0,0,0.99,0,0,0,0,0.861,19.422,0,0,0,0,4.763,0,0,25.728,0,9.221,4.17,9.327,0,0
2023-06-04,0,0,4.926,0,12.894,0.226,7.078,0,10.695,0,0,0,0,6.935,0,0,0,0,0,23.326,0,0,0,20.432,0,0,9.62,0,0,0,0,2.092,16,0,0,11.848,0,0,0,0,11.65,0,0,0,0,0,0,0,0.905,15.205,0,0,0,0,2.436,0,0,26.848,0,10.008,1.407,4.984,0,0
2023-06-05,0,0,3.192,0,10.039,6.03,13.808,0,5.83,0,0,0,0,5.139,0,0,0,0,0,14.939,1.008,0,0,15.286,0,0,6.49,0,0,0,0,0,9,0,0,7.283,0,0,0,0,8.253,0,0,0.357,0,0,0,0,0.493,10.582,0,0,0,0,0.731,0,3,23.44,0,4.042,0,4.509,0,0
2023-06-06,0,0,2.608,0,4.452,0,11.507,0,9.468,0,0,0,0,4.724,0,0,0,0,0,13.979,0,0,0,20.226,0,0,6.281,0,0,0,0,2.084,23,0,0,4.065,0,0,0,0,5.129,0,0,0.282,0,0,0,0,1.139,5.557,0,0,0,0,0,0,1,20.281,0,4.034,1.068,4.622,0,0
2023-06-07,0,0,3.446,0,2.415,0,7.789,0,5.829,0,0,0,1.633,5.517,0,0,0,0,0,12.207,0,0,0,11.835,0,0,3.781,0,0,0,0,1.29,17,0,0,3.654,0,0,0,0,11.338,0,0,3.259,0,0,0,0,0.117,18.083,0,0,0,0,0,0,0,10.885,0,4.673,0.993,4.729,0,0
2023-06-08,0,0,2.993,0,1.26,0,8.621,0,4.349,0,0,0,3.1,5.239,0,0,0,0,0,11.357,0,0,0,14.19,0,0,2.898,0,0,0,0,1.576,13,0,0,2.545,0,0,0,0,6.616,0,0,0.207,0,0,0,0,0.579,17.728,0,0,0,0,0,0,1,19.936,0,7.216,2.135,3.715,0,0
2023-06-09,0,0,2.465,0,6.132,0,9.395,0,6.892,0,0,0,0,5.201,0,0,0,0,0,12.721,0,0,0,11.62,0,0,6.049,0,0,0,0,1.967,6,0,0,7.659,0,0,0,0,7.096,0,0,0.238,0,0,0,0,1.211,14.346,0,0,0,0,0,0,0,20.111,0,6.828,2.249,4.956,0,0
2023-06-10,0,0,6.844,0,8.694,0,22.526,0,9.484,0,0,0,0,4.876,0,0,0,0,0,26.698,0.822,0,0,20.201,0,0,6.932,0,0,0,0,3.602,9,0,0,11.581,0,0,0,0,12.84,0,0,0.971,0,0,0,0,1.648,17.832,0,0,0,0,0,0,1,24.673,0,9.616,0.98,4.991,0,0
2023-06-11,0,0,5.626,0,11.907,0,20.803,0,8.374,0,0,0,0,7.112,0,0,0,0,0,29.129,0.945,0,0,16.851,0,0,4.893,0,0,0,0,2.348,9,0,0,12.938,0,0,0,0,15.078,0,0,1.44,0,0,0,0,1.387,17.683,0,0,0,0,0,0,1,24.824,0,12.638,0.591,10.225,0,0
2023-06-12,0,0,4.154,0,0.966,0,9.99,0,3.121,0,0,0,0,3.82,0,0,0,0,0,14.717,1.202,0,0,6.657,0,0,4.517,0,0,0,0,1.082,4,0,0,4.496,0,0,0,0,8.014,0,0,0.307,0,0,0,0,0.459,15.657,0,0,0,0,0,0,1,12.174,0,5.836,1.332,3.986,0,0
2023-06-13,0,0,6.24,0,0.861,0,9.461,0,4.41,0,0,0,2.793,4.787,0,0,0,0,0,13.494,0,0,0,10.189,0,0,2.373,0,0,0,0,1.952,12,0,0,5.238,0,0,0,0,7.84,0,0,0.122,0,0,0,0,1.704,7.876,0,0,0,0,0,0,1,13.356,0,4.165,0,3.906,0,0
2023-06-14,0,0,4.778,0,1.659,0,16.493,0,1.863,0,0,0,0.67,4.774,0,0,0,0,0,20.169,3.063,0,0,8.898,0,0,3.045,0,0,0,0,1.029,9,0,0,3.781,0,0,0,0,8.507,0,0,0,0,0,0,0,0,7.329,0,0,0,0,0,0,1,10.502,0,3.998,1.131,3.21,0,0
2023-06-15,0,0,4.886,0,6.893,0,8.159,0,3.15,0,0,0,0,3.222,0,0,0,0,0,7.802,1.415,0,0,8.887,0,0,6.868,0,0,0,0,3.233,5,0,0,5.427,0,0,0,0,8.281,0,0,0.63,0,0,0,0,1.245,9.723,0,0,0,0,0,0,0,9.562,0,6.691,0,3.711,0,0
2023-06-16,0,0,4.503,0,9.068,3.973,11.991,0,4.733,0,0,0,0,4.145,0,0,0,0,0,12.987,1.706,0,0,10.18,0,0,7.205,0,0,0,0,1.425,7,0,0,4.147,0,0,0,0,5.658,0,0,0.853,0,0,0,0,1.103,9.95,0,0,0,7.042,0,0,0,15.637,0,8.385,1.055,4.904,0,0
2023-06-17,0,0,11.35,0,14.705,10.625,34.126,0,12.387,0,0,0,0,11.265,0,0,0,0,0,30.49,3.857,0,0,26.791,0,0,9.249,0,0,0,0,7.261,10,0,0,2.324,0,0,0,0,17.213,0,0,1.526,0,0,0,0,2.761,19.424,0,0,0,0,0,0,0,30.508,0,8.322,3.959,0,0,1.056
2023-06-18,0,0,10.039,0,5.328,0,20.223,0,4.598,0,0,0,5.603,7.267,0,0,0,0,0,33.059,10.54,0,0,20.716,0,0,8.154,0,0,0,0,5.817,27,0,0,8.493,0,0,0,0,13.016,0,0,0,0,0,0,0,4.739,18.564,0,0,0,0,0,0,0,22.128,0,8.83,2.124,4.663,0,0.591
2023-06-19,0,0,5.293,0,8.453,0,12.474,0,2.187,0,0,0,1.997,7.369,0,0,0,0,0,11.092,3.45,0,0,12.363,0,0,5.876,0,0,0,0,0,11,0,0,4.748,0,0,0,0,8.87,0,0,0.244,0,0,0,0,0.524,9.546,0,0,0,0,0,0,0,16.382,0,6.112,0.553,4.866,0,0
2023-06-20,0,0,4.223,0,7.918,5.294,9.072,0,3.404,0,0,0,0,4.849,0,0,0,0,0,16.061,1.141,0,0,12.21,0,0,2.631,0,0,0,0,2.5,4,0,0,2.766,0,0,0,0,5.622,0,0,1.684,0,0,3.561,0,0.458,9.597,0,0,0,0,0,0,0,13.29,0,3.913,0.477,4.384,0,0
2023-06-21,0,0,3.364,0,10.127,0.24,14.345,0,2.59,0,0,0,4.246,4.078,0,0,0,0,0,9.984,7.433,0,0,16.697,0,0,7.639,0,0,0,0,5.573,5,0,0,7.05,0,0,0,0,4.373,0,0,1.376,0,0,0,0,1.812,11.49,0,0,0,0,0,0,0,12.785,0,3.947,1.244,9.132,0,0
2023-06-22,0,0,11.476,0,13.891,7.348,16.316,0,4.121,0,0,0,4.012,4.163,0,0,0,0,0,15.458,4.582,0,0,17.912,0,0,15.465,0,0,0,0,7.783,9,0,0,14.265,0,0,0,0,10.932,0,0,2.415,0,0,0,0,0.95,11.793,0,0,0,0,0,0,0,19.017,0,9.291,2.864,11.218,0,0
2023-06-23,0,0,5.417,0,8.21,0,21.115,0,4.698,0,0,0,0,5.587,0,0,0,0,0,18.258,0.52,0,0,9.279,0,0,6.016,0,0,0,0,5.927,8,0,0,10.91,0,0,0,0,4.809,0,0,1.239,0,0,2.048,0,0.644,13.995,0,0,0,0,0,0,0,14.365,0,5.418,0.578,4.851,0,0
2023-06-24,0,0,6.18,0,14.396,0,16.569,0,5.127,0,0,0,4.112,2.769,0,0,0,0,0,13.573,7.098,0,0,9.387,0,0,7.656,0,0,0,3.252,3.046,9,0,0,4.011,0,0,0,0,9.3,0,0,1.77,0,0,3.68,0,0.862,6.609,0,0,0,0,0,0,0,17.986,0,6.831,0.867,2.72,0,0
2023-06-25,0,0,4.271,0,9.824,0.557,13.941,0,1.383,0,0,0,1.242,4.548,0,4.232,0,0,0,16.448,3.758,0,0,10.681,0,0,5.251,0,0,0,2.293,2.357,7,0,0,3.087,0,0,0,0,5.332,0,0,1.483,0,0,0,0,0.579,0,0,0,0,0,0,0,0,11.883,0,2.493,0.616,4.741,0,0
2023-06-26,0,0,3.582,0,7.777,7.971,12.022,0,1.42,0,0,0,0,10.052,0,0.573,0,0,0,16.395,3.558,0,0,8.083,0,0,4.493,0,0,0,1.275,1.973,3,0,0,3.49,0,0,0,0,6.44,0,0,0,0,0,1.862,0,0.349,7.636,0,0,0,0,0,0,1,10.334,0,1.271,0,2.784,0,0
2023-06-27,0,0,3.708,0,11.061,0.251,14.095,0,1.823,0,0,0,0.822,5.034,0,0.293,0,0,0,4.095,0.923,0,0,14.272,0,0,4.354,0,0,0,0,3.947,19,0,0,7.056,0,0,0,0,4.324,0,0,1.269,0,0,0.996,0,0.218,6.842,0,0,0,0,0,0,0,17.095,0,2.332,0.553,4.98,0,0
2023-06-28,0,0,3.742,0,3.809,0,13.151,0,5.553,0,0,0,2.701,9.466,0,0,0,0,0,6.075,2.45,0,0,13.401,0,0,6.587,0,0,0,0,2.451,17,0,0,2.436,0,0,0,0,6.339,0,0,0.903,0,0,0,0,1.037,8.488,0,0,0,0,0,0,1,11.342,0,4.917,2.209,3.968,0,0
2023-06-29,0,0,4.314,0,8.868,2.904,10.415,0,4.687,0,0,0,0,4.48,0,0,0,0,0,5.369,0.94,0,0,15.18,0,0,7.403,0,0,0,0,3.477,12,0,0,5.586,0,0,0,0,7.692,0,0,3.403,0,0,0,0,0.83,6.34,0,0,0,0,0,0,1,15.098,0,2.868,1.822,4.7,0,0
2023-06-30,0,0,6.572,0,6.726,0,12.884,0,7.036,0,0,0,0,5.185,0,0,0,0,0,14.365,0,0,0,16.9,0,0,6.44,0,0,0,0,3.78,6,0,0,5.88,0,0,0,0,8.47,0,0,3.396,0,0,0,0,0.721,9.044,0,0,0,0,0,0,1,15.896,0,8.789,1.376,4.339,0,0
