level,source,target,seasonal_index_corr,active_jaccard,sales_corr_春季,sales_ci_lower_春季,sales_ci_upper_春季,sales_p_春季,sales_corr_夏季,sales_ci_lower_夏季,sales_ci_upper_夏季,sales_p_夏季,sales_corr_秋季,sales_ci_lower_秋季,sales_ci_upper_秋季,sales_p_秋季,sales_corr_冬季,sales_ci_lower_冬季,sales_ci_upper_冬季,sales_p_冬季,sales_corr_全年,sales_ci_lower_全年,sales_ci_upper_全年,sales_p_全年,share_corr_春季,share_ci_lower_春季,share_ci_upper_春季,share_p_春季,share_corr_夏季,share_ci_lower_夏季,share_ci_upper_夏季,share_p_夏季,share_corr_秋季,share_ci_lower_秋季,share_ci_upper_秋季,share_p_秋季,share_corr_冬季,share_ci_lower_冬季,share_ci_upper_冬季,share_p_冬季,share_corr_全年,share_ci_lower_全年,share_ci_upper_全年,share_p_全年,sales_q_春季,share_q_春季,sales_q_夏季,share_q_夏季,sales_q_秋季,share_q_秋季,sales_q_冬季,share_q_冬季,sales_q_全年,share_q_全年,strength_label
within_cluster_3,102900005115168,102900005115199,-0.05735934688,0.04347826087,-0.01016519172,,,0.8760335466,0,,,1,-0.09983097028,,,0.1574813596,-0.08380008065,,,0.1697512618,-0.04601296036,,,0.1692607514,-0.2528445652,,,7.998599542e-05,0,,,1,0,,,1,-0.05832266492,,,0.3461252538,-0.05630407128,,,0.09432749762,1,0.0002385381165,1,1,0.3334899379,1,0.3463750444,0.473076957,0.2824748964,0.1112722266,retained
within_cluster_3,102900005115168,102900005115250,0.01895456127,0.02816901408,0.0339343952,,,0.5752499842,-0.0502869147,,,0.497831666,0.1702065055,,,0.01264744649,0.1216995195,,,0.04572951521,0.103405745,,,0.001474119097,-0.3498048211,-0.5049739864,-0.1854807789,2.462752463e-09,-0.07675244614,,,0.300410168,-0.04291887417,,,0.5352479037,-0.2147614065,,,0.0004527348442,-0.1467396129,,,6.778009578e-06,0.8561543314,1.31695198e-08,0.9540208561,0.4563880171,0.05096606122,0.6304614697,0.1353754811,0.001332428388,0.005403316546,1.171909718e-05,retained
within_cluster_3,102900005115168,102900005115748,0.02935507929,0.05847953216,0.1258362991,,,0.07581473947,0,,,1,-0.2499241236,,,0.000505951174,-0.03113880584,,,0.6104631332,0.08181311871,,,0.01744122067,-0.04548312552,,,0.5224796196,0,,,1,0,,,1,-0.1070911243,,,0.08301714063,0.002072558929,,,0.9523437227,0.2644334166,0.6429114337,1,1,0.003923067564,1,0.8516911256,0.1454062168,0.044066838,0.9580463798,retained
within_cluster_3,102900005115168,102900005115854,0.09543018292,0.1136363636,0.1659780123,,,0.02433909354,0,,,1,0.3425136818,0.07189584629,0.6243567824,5.671995545e-07,-0.1815396886,,,0.01473028277,0.07557777375,,,0.03838925452,0.06626079964,,,0.3715024264,0,,,1,0.392046902,0,0.5361945033,8.631383642e-09,-0.249977474,,,0.0007919114436,0.06722082552,,,0.06650575524,0.1277802411,0.4853848942,1,1,1.261454193e-05,2.934379329e-08,0.05302901799,0.00224226611,0.08392355695,0.08047755256,retained
within_cluster_3,102900005115168,102900005115885,-0.2430085645,0.03804347826,0.02404828766,,,0.7120538947,0,,,1,-0.01313922897,,,0.8484528532,0.007957257086,,,0.8964505104,-0.01199162006,,,0.7185028488,-0.2207864387,,,0.0006021860457,0,,,1,0.1492606489,,,0.03020340515,-0.2613047829,,,1.768520801e-05,-0.1289148348,,,0.0001090088273,0.9280532168,0.001530904247,1,1,0.9836003174,0.04938366973,1,6.843258993e-05,0.8051705076,0.0001719575867,retained
within_cluster_3,102900005115168,102900011000571,0.1559023301,0.04566210046,0.05839170261,,,0.4310840797,-0.06086829187,,,0.4117645351,0,,,1,-0.03097828198,,,0.6203971144,-0.02352938444,,,0.5042052163,0.0638267101,,,0.3893671934,-0.06733393007,,,0.3637891107,0,,,1,-0.1299464024,,,0.03966771384,-0.05542964599,,,0.1176826768,0.753089692,0.5045139196,0.8505300234,0.5420538412,1,1,0.8607849845,0.07601721588,0.634109617,0.1373759563,retained
within_cluster_3,102900005115168,102900011010891,0.3246469452,0.04858299595,-0.04218051084,,,0.486047774,0,,,1,-0.1577192258,,,0.02098881427,-0.1097395718,,,0.07181642221,-0.08275526329,,,0.01101366486,-0.1151421403,,,0.05651199032,0,,,1,-0.02534110331,,,0.7143852878,-0.1651398593,,,0.007278778142,-0.04446364719,,,0.1747828945,0.7953509029,0.09392264838,1,1,0.07308022377,0.8024646781,0.1882729612,0.01665609164,0.03025006589,0.199299952,retained
within_cluster_3,102900005115199,102900005115250,0.4090688517,0.2693602694,0.3193437703,0.1177643537,0.4856489663,4.827032874e-07,0,,,1,-0.2440384364,,,0.0004652916824,-0.1415520515,,,0.01997193532,0.09162598929,,,0.006115238615,0.2653209436,,,3.380774898e-05,0,,,1,0.0905778046,,,0.2032577487,0.2552404342,,,2.799613625e-05,0.3381529915,0.1375890611,0.4844042272,4.35907598e-25,3.035860204e-05,0.0001069959528,1,1,0.003707620679,0.2750118264,0.0678978442,0.0001056932784,0.01821022311,1.927170433e-24,retained
within_cluster_3,102900005115199,102900005115748,0.646528372,0.2208588957,-0.1527663612,,,0.03080419698,0,,,1,0.006713082616,,,0.926758527,0.3030400691,0.03521887445,0.5206796096,3.850220287e-07,0.01660196046,,,0.6300665454,0.01909238319,,,0.7884382982,0,,,1,0.5242353978,0,0.8186924237,1.359560821e-14,0.3335323192,0,0.5486048094,2.977684892e-08,0.2684896785,,,3.08627284e-15,0.1492818777,0.8789641317,1,1,1,6.903966283e-14,7.762044099e-06,1.602621438e-07,0.7393563187,8.952411577e-15,retained
within_cluster_3,102900005115199,102900005115854,0.5631150362,0.3034825871,0.001408058079,,,0.9848652958,0,,,1,-0.04595674829,,,0.5278448074,0.05501836976,,,0.4632155667,0.0009295395154,,,0.9798744213,0.03981005418,,,0.5915836344,0,,,1,-0.06770014527,,,0.3546480704,0.0368839439,,,0.6259762488,0.3653782128,0.207504305,0.5267887777,1.336911738e-24,1,0.707793832,1,1,0.7483369421,0.4438054065,0.7058522921,0.7706734189,0.98672669,5.746725083e-24,retained
within_cluster_3,102900005115199,102900005115885,0.7911781416,0.4012944984,0.4359933761,0.2320396905,0.599251204,1.834893623e-12,0,,,1,0.04685494528,,,0.5078654584,-0.06066612662,,,0.3206435198,0.2275013488,,,5.852697815e-12,0.6241740875,0.4582069193,0.7571485828,4.16851702e-27,0,,,1,0.1603366212,,,0.02368296845,0.09538981732,,,0.1228028702,0.525793768,0.3735124015,0.6373430239,5.372979854e-64,7.398291086e-10,8.158961468e-26,1,1,0.731724426,0.03968816657,0.5456167241,0.2020984378,1.404647476e-10,8.596767766e-63,weak
within_cluster_3,102900005115199,102900011000571,0.1140514463,0.07929515419,-0.02527689096,,,0.733412069,0,,,1,0,,,1,-0.05106569402,,,0.4140503579,-0.01843650744,,,0.6007674743,0.1414333536,,,0.05548498556,0,,,1,0,,,1,-0.06896546843,,,0.2763915833,-0.003792092971,,,0.9148247616,0.9385625037,0.09236806845,1,1,1,1,0.6571109489,0.3937847576,0.7129001448,0.9249181141,retained
within_cluster_3,102900005115199,102900011010891,0.7137293524,0.1548117155,0.07511263512,,,0.2483723248,0,,,1,0.01479855725,,,0.8344223102,-0.05981811067,,,0.327466956,0.009785728213,,,0.770141919,0.2489858442,,,0.0001034902296,0,,,1,-0.05507864013,,,0.4397165775,-0.06750614008,,,0.2753627867,0.1698302773,,,3.790015953e-07,0.561973745,0.000302810309,1,1,0.9760977358,0.5336957376,0.5557015011,0.3928742944,0.8466226438,7.201387522e-07,retained
within_cluster_3,102900005115250,102900005115748,0.4981557042,0.143442623,-0.00615071786,,,0.931116745,0,,,1,0.1792603315,,,0.01333456028,-0.3341953337,-0.5138328653,-0.1564203153,1.817078912e-08,-0.04241959951,,,0.2182898469,-0.08080299903,,,0.2553605701,0,,,1,0.4958294456,0,0.8315312055,5.377588823e-13,0.09690623778,,,0.1169368562,0.1228324298,,,0.0003773523368,1,0.353576174,1,1,0.05305373899,2.42532865e-12,5.30903056e-07,0.1948303323,0.3392614057,0.0005732798124,retained
within_cluster_3,102900005115250,102900005115854,0.5243870661,0.2490842491,-0.008634820487,,,0.9073891375,0,,,1,-0.01038174899,,,0.8788655105,0.03633959241,,,0.6281657371,0.06646516212,,,0.06597905501,0.05449833212,,,0.4624858125,0,,,1,-0.08739874397,,,0.2007244021,0.1772712646,,,0.01825243813,0.2202102308,,,8.235895661e-10,1,0.580193776,1,1,1,0.2719491899,0.8658078983,0.03833012007,0.1306618614,1.838711589e-09,retained
within_cluster_3,102900005115250,102900005115885,0.6392355874,0.2348837209,0.3905722568,0.1628159619,0.5557381894,4.279331866e-10,0,,,1,0.06821068459,,,0.2769056498,-0.1049890342,,,0.08508693883,0.1144320193,,,0.0004151342683,0.2476637128,,,0.0001129349382,0,,,1,0.07956080324,,,0.2072275874,0.2617912992,,,1.703696889e-05,0.2332855971,,,4.644328013e-13,8.627133042e-08,0.0003257799923,1,1,0.4935824846,0.279258567,0.2120337066,6.605101783e-05,0.001780661032,1.209685436e-12,retained
within_cluster_3,102900005115250,102900011000571,0.1633564245,0.1134751773,0.01336879027,,,0.8570620325,0.01287712905,,,0.8622657372,-0.009732058894,,,0.8962569752,0.3657492939,0.1659238688,0.5407218934,1.382955626e-09,0.1078859924,,,0.002134033205,-0.2021248081,,,0.005931791505,0.38528839,-0.01923119977,0.7202653126,6.639734259e-08,-0.1750604951,,,0.01908479276,0.2147198659,,,0.0006151267577,0.007439212618,,,0.8338058124,1,0.01244379987,1,2.974600948e-07,1,0.03249572821,4.891295687e-08,0.00177664118,0.007404838108,0.8524099989,retained
within_cluster_3,102900005115250,102900011010891,0.7843734734,0.2457142857,0.1044216894,,,0.0833364111,0.1371242623,,,0.05854426967,0.01745107447,,,0.7811106827,-0.03089622322,,,0.6132483809,0.05288636748,,,0.09578978548,0.3529775967,0.09327184112,0.5429171361,1.611569511e-09,0.3531895119,0,0.6250952044,5.398022971e-07,0.2215814014,,,0.0003833901032,-0.1895417637,,,0.002020226554,0.2767951105,,,9.523869888e-19,0.2818896053,8.828598188e-09,0.2928666195,2.202917876e-06,0.9400510177,0.0008465656605,0.8542445756,0.005148895995,0.1783122877,3.237794552e-18,retained
within_cluster_3,102900005115748,102900005115854,0.2388937599,0.1633663366,0.07960338896,,,0.2827599999,0,,,1,-0.07777245154,,,0.3007608976,-0.05999071194,,,0.4237261826,-0.01315809866,,,0.7231996196,-0.04445636813,,,0.5490246461,0,,,1,-0.05466428218,,,0.469895711,0.03596847647,,,0.634578273,0.159014762,,,1.765337965e-05,0.5994155203,0.6655644537,1,1,0.5236044642,0.5645469329,0.6673687375,0.777695926,0.8077398522,2.968241316e-05,retained
within_cluster_3,102900005115748,102900005115885,0.7135107093,0.1785714286,-0.1279361462,,,0.07101590495,0,,,1,0.1042115084,,,0.1524656602,0.04153621585,,,0.4967346364,0.01966296402,,,0.5683720912,0.1360007872,,,0.054830459,0,,,1,0.1201399107,,,0.1014612587,0.09420469484,,,0.127544413,0.1972237564,,,9.268504519e-09,0.2560857831,0.09160392651,1,1,0.3259499162,0.1488970052,0.7406930674,0.2090484038,0.6890187227,1.932296289e-08,retained
within_cluster_3,102900005115748,102900011000571,0.4311684512,0.1262626263,0.3136496139,0.0579954457,0.5483769651,1.454523514e-05,0,,,1,0,,,1,-0.06843821997,,,0.273417057,0.1102017132,,,0.001705513411,0.5199345098,0.1110362737,0.7936869916,3.922944887e-14,0,,,1,0,,,1,-0.05751182506,,,0.3642154702,0.1134406874,,,0.001327729971,0.0004620429848,3.254591314e-13,1,1,1,1,0.4882274463,0.4934532177,0.006107131504,0.001914666396,retained
within_cluster_3,102900005115748,102900011010891,0.4962129124,0.02272727273,0.0856327855,,,0.2279503142,0,,,1,0.02442139435,,,0.7380368406,-0.03335185531,,,0.5853160701,0.04090146492,,,0.2352308298,-0.02937455747,,,0.679676779,0,,,1,-0.04431460997,,,0.5470238045,-0.1935130777,,,0.0016151087,-0.06670035271,,,0.05416697056,0.5325003863,0.7843322189,1,1,0.9141380163,0.6415357708,0.8245962246,0.004234147125,0.3587181186,0.06646415864,retained
within_cluster_0,102900005115762,102900005115786,0.8122866291,0.7762619372,0.1556888004,,,0.009581618754,0.1213026986,,,0.0440592197,0.07348086408,,,0.226214075,0.4209447597,0.1626913428,0.6065178877,5.080324378e-13,0.1939501898,,,9.659550415e-11,0.3999936405,0.1816616051,0.5649278339,5.004195337e-12,0.5854354185,0.351312781,0.6987515517,8.764056611e-27,0.4691063595,0.1916914959,0.6970153926,3.522184028e-16,0.6814694454,0.4826216565,0.8016635767,2.961442897e-37,0.7028836813,0.6219729722,0.7805812005,2.058754435e-162,0.0657025286,3.329524026e-11,0.2440202937,2.760677832e-25,0.4310468575,1.940088252e-15,5.120966973e-11,2.98513444e-35,1.81996763e-09,4.150448941e-160,weak
within_cluster_0,102900005115762,102900005115946,0.6619181857,0.4915254237,0.01883416724,,,0.7554173094,0.006237553121,,,0.9178385916,-0.05764837604,,,0.3426580546,0.3345988665,0.06815602989,0.5381483348,1.742597329e-08,0.002733879429,,,0.9279987129,0.3396372963,0.1741909029,0.4990354341,7.04336693e-09,0.1542699303,,,0.0102678467,0.4135429491,0.2032616171,0.6091492113,1.407762741e-12,0.1916933409,,,0.00179049428,0.4209933504,0.3023931279,0.5384817161,7.588351135e-48,0.9500444765,3.622302993e-08,1,0.02247554717,0.5694705429,6.223793169e-12,5.166288551e-07,0.004639635563,0.9564649311,7.28481709e-47,retained
within_cluster_0,102900005115762,102900005116219,0.294049506,0.3424855491,-0.04652712217,,,0.4413737048,-0.06737471881,,,0.2915604825,0.08032239141,,,0.185771172,-0.0104741945,,,0.8639762627,-0.03634609228,,,0.2357459757,0.2116966477,,,0.0003982717748,0.1625329031,,,0.01051301437,0.3620576194,0.1617971722,0.6114342204,8.740158073e-10,-0.2510508304,,,3.819911749e-05,0.2405588731,,,2.288209248e-15,0.7624759117,0.001044103899,0.7071804032,0.02296233691,0.3781509295,3.174803365e-09,1,0.0001407850473,0.359207961,6.675875317e-15,retained
within_cluster_0,102900005115762,102900005118824,0.7891552055,0.7062228654,0.1962691178,,,0.001046167005,0.3005184238,0.1360205586,0.4096762322,3.618167557e-07,0.1490147447,,,0.01371639274,-0.03990738037,,,0.5137801291,0.1815975831,,,1.424054443e-09,0.07030029084,,,0.2444011733,0.4666145433,0.2411700116,0.5940517613,2.501261707e-16,0.6307590654,0.421473927,0.7504481507,2.317153073e-31,0.002433744151,,,0.96866655,0.638450502,0.5489224166,0.7278854772,2.768905029e-125,0.01240628169,0.3398019072,4.290721056e-05,2.668012488e-15,0.05379814739,3.707444918e-30,0.7577035407,1,2.334059965e-08,1.993611621e-123,weak
within_cluster_0,102900005115762,102900005119975,0.5962060696,0.7245337159,0.2576062963,,,1.466803126e-05,0.08422291396,,,0.1629114609,0.2258173674,,,0.0001680805239,0.06222209562,,,0.3083657267,0.1519484437,,,4.378715595e-07,0.2901489765,,,9.373837878e-07,0.3301309817,0.08206360941,0.48280149,1.932405196e-08,0.6685361106,0.4700923824,0.8074375284,2.464903294e-36,0.198804416,,,0.001190605928,0.6052950248,0.4987015225,0.6976859809,1.956314866e-109,0.0004620429848,3.727348553e-06,0.5182764545,9.166420881e-08,0.00161357303,6.060054927e-35,0.5317923909,0.003213201541,4.223679732e-06,9.619343341e-108,weak
within_cluster_0,102900005115762,102900011001691,0.464402682,0.136,0.02019711405,,,0.7383411437,0.1429461004,,,0.02812004203,0,,,1,0,,,1,0.04436049191,,,0.149906062,0.1108509532,,,0.06592878489,0.1642046613,,,0.01152586331,0,,,1,0,,,1,0.2259710822,,,1.447252406e-13,0.9403005342,0.1073606061,0.1846579959,0.02501199186,1,1,1,1,0.2561106958,3.88503442e-13,retained
within_cluster_0,102900005115762,102900011006948,0.6427958562,0.3191800878,-0.025992109,,,0.6672493046,0.09613397242,,,0.1130167281,0.1604691284,,,0.007896672358,-0.09969910933,,,0.1021123195,0.0308982043,,,0.307672307,0.2227701422,,,0.0001906208905,0.04606503021,,,0.4484334005,0.1915374539,,,0.001566862709,0.1440197541,,,0.01945596243,0.2593647348,,,4.30539559e-18,0.9052318964,0.0005315238108,0.4135058509,0.6482677987,0.03522055636,0.003190702243,0.2404888273,0.04026628711,0.4421007633,1.418247959e-17,retained
within_cluster_0,102900005115762,102900011007969,0.6245475681,0.1522094926,-0.07840754529,,,0.194049524,0.08182708947,,,0.2074894889,-0.1650623509,,,0.006265773351,0,,,1,-0.05481351945,,,0.07472529376,0.09705956121,,,0.1076256722,0.4905733082,0.2819828113,0.6211738511,7.069661359e-16,0.08445560506,,,0.1664251625,0,,,1,0.3619533437,0.2439084972,0.4509007283,8.61751826e-34,0.4800047121,0.1656285153,0.5883246268,7.12621865e-15,0.02986240916,0.2315480522,1,1,0.1458336808,5.109681415e-33,retained
within_cluster_0,102900005115762,102900011022764,0.3845542566,0.4600870827,0.1028079333,,,0.08824255348,0.02112163711,,,0.7586854261,0.2844878984,,,9.932175751e-05,0.1212330918,,,0.07963304496,0.1106406557,,,0.0009972208153,0.3165254481,0.1238723695,0.5146992132,7.724842022e-08,-0.05178211363,,,0.4511037807,0.6998410297,0.5022292804,0.8360700223,1.165671249e-27,-0.1649065112,,,0.01871462861,0.2003401183,,,2.400423569e-09,0.2905221949,3.507495837e-07,1,0.6509844108,0.00105943208,1.40718158e-26,0.2033986595,0.03901622675,0.003818858098,5.192332527e-09,retained
within_cluster_0,102900005115762,102900051000944,0.555803929,0.3612804878,0.06797006107,,,0.2604278015,0.08836469565,,,0.1431317407,-0.1321896348,,,0.02898422206,0,,,1,0.02076631579,,,0.4924212895,0.2103687101,,,0.0004339929188,0.3832583085,0.1478951251,0.5450899844,4.348860339e-11,0.1438221414,,,0.01805049059,0,,,1,0.4236078193,0.2979832339,0.5510968118,1.759840285e-48,0.580777044,0.001126035681,0.4761312816,2.681132246e-10,0.09349150666,0.03086496101,1,1,0.6231772252,1.739136282e-47,retained
within_cluster_2,102900005115779,102900005115823,0.6751653622,0.8208640674,0.1594270757,,,0.007964423163,0.1562191433,,,0.009465942924,0.303397366,0.1385343574,0.4278401298,3.205916062e-07,0.4155990322,0.2914246919,0.5557332453,1.063310535e-12,0.2618330204,,,1.314980169e-18,-0.2223590718,,,0.0001960366583,0.09724646106,,,0.1075899888,0.6641270226,0.4730417554,0.7745061909,1.022461999e-35,0.5330794715,0.3789796571,0.6780690427,1.034530371e-20,0.3072911364,0.1694922858,0.4148936245,3.879639512e-25,0.05713977614,0.0005451171078,0.09453442709,0.1824233956,7.694198549e-06,2.342367488e-34,9.532599196e-11,1.782575408e-19,1.008084151e-16,1.718978737e-24,weak
within_cluster_2,102900005115779,102900005115908,0.9377835571,0.7312072893,0.06781126521,,,0.2615456794,0.08277736182,,,0.1718476675,0.360090419,0.2169560965,0.4708610119,8.831931051e-10,0.2088377368,,,0.0005527603553,0.1773403128,,,3.567145936e-09,0.07410595595,,,0.2197319278,0.2715267141,,,5.115947237e-06,0.568617284,0.3034893339,0.7094432509,1.585726076e-24,0.2387173097,,,9.245872885e-05,0.4192531824,0.3037992954,0.5290294232,2.420134644e-47,0.5810403961,0.3115186824,0.5265120025,1.892431125e-05,5.516546908e-08,1.582586024e-23,0.003717828617,0.000318627004,5.366691199e-08,2.29060631e-46,weak
within_cluster_2,102900005115779,102900005115984,0.7699591665,0.9238210399,0.3614995989,0.2165724316,0.5142248419,6.055310853e-10,0.3004704666,0.143832977,0.4157966472,4.210325776e-07,0.320800295,0.1492964373,0.4249267829,5.956681855e-08,0.3614350983,0.2422172401,0.5080195163,9.383951035e-10,0.3465485139,0.2792128933,0.4125232767,3.612143314e-32,0.6690366432,0.4971065214,0.7806643399,3.491164156e-37,0.3530061089,0.0003380096027,0.5771269914,1.97163064e-09,0.6149693797,0.3778416023,0.7291894619,1.763556467e-29,0.6635731078,0.4298419169,0.7896322619,9.428538453e-35,0.6410037965,0.5369298429,0.7208396199,3.057679142e-126,1.025700142e-07,1.303367952e-35,4.71556487e-05,1.006280347e-08,1.726828666e-06,2.370219892e-28,3.439644597e-08,7.603173408e-33,7.282080922e-30,2.370877365e-124,clear
within_cluster_2,102900005115779,102900005116226,0.5390741974,0.7593516209,0.1747921334,,,0.006086457671,0.04612544581,,,0.4714338366,0.1294635169,,,0.03249401814,0.1285382429,,,0.03476675677,0.1141947295,,,0.0002335705257,0.2875296093,,,4.773558395e-06,0.1359973073,,,0.03299978839,0.5979001823,0.3700264551,0.7163942236,1.460111723e-27,0.5348298111,0.2370687798,0.7143781685,7.331087527e-21,0.3763733056,0.2526155624,0.5051826621,8.311815005e-36,0.0467649518,1.718481022e-05,0.9236254757,0.06541550973,0.1010925009,1.74176641e-26,0.1083304199,1.307917916e-19,0.001084972764,5.387980402e-35,retained
within_cluster_2,102900005115779,102900005116233,-0.195408277,0.8829915561,0.1584120144,,,0.008377561221,0.1428636844,,,0.01884117488,0.2502924644,,,2.872933155e-05,0.2626584002,,,1.225981037e-05,0.201428562,,,1.967932254e-11,0.6353217112,0.40651597,0.7819537542,1.32640522e-32,0.3595566509,0.05395521688,0.5663751197,1.161777243e-09,0.6170030923,0.3771064485,0.7346304817,1.023343144e-29,0.5082667903,0.2620451545,0.6930171882,1.108151434e-18,0.4845344996,0.362405999,0.5986730896,1.318150011e-64,0.05989065043,3.428247337e-31,0.1472240641,6.03645083e-09,0.0003736666606,1.39395931e-28,0.0001507059616,1.562261043e-17,4.176159393e-10,2.178188871e-63,weak
within_cluster_2,102900005115779,102900005116257,0.01634069907,0.7673745174,0.2560123711,,,1.663320257e-05,0.08933359082,,,0.1395047061,0.2906346141,,,1.029519592e-06,0.3136808772,0.186309937,0.4550114694,1.410764732e-07,0.2404176251,,,7.542049145e-16,-0.2869975267,,,1.242684716e-06,-0.1644810648,,,0.0062602422,0.2459549976,,,4.395583896e-05,-0.06936153171,,,0.2623528042,-0.05835865763,,,0.05475315652,0.000508068733,4.883532918e-06,0.4720678173,0.01428820877,2.075511497e-05,0.0001088636012,3.160113e-06,0.3771835973,3.801192769e-14,0.06706097421,weak
within_cluster_2,102900005115779,102900005116509,0.8172405556,0.762513312,0.1646281498,,,0.006119206863,0.07037994031,,,0.2447296809,0.2146221157,,,0.0003548387045,0.09224403991,,,0.130554919,0.1352196076,,,7.189716615e-06,-0.03248676921,,,0.5909891538,0.1323158285,,,0.02824476375,0.4912458043,0.2361778338,0.6375155658,8.296980757e-18,0.001895071789,,,0.9755992784,0.3121377209,0.1746117633,0.402555395,6.337520129e-26,0.0467649518,0.7075024549,0.6518661256,0.05699844216,0.003031164527,5.194631431e-17,0.2854649856,1,5.121720387e-05,2.890597416e-25,retained
within_cluster_2,102900005115779,102900005116530,-0.1605260641,0.6756198347,0.1269978074,,,0.03496042183,-0.0101842782,,,0.8704303393,0.1447734452,,,0.0166794694,0.2385494778,,,7.530042862e-05,0.1302185795,,,1.796670318e-05,0.1615386448,,,0.007162650732,0.0390352244,,,0.5317005319,0.01968248496,,,0.7474929027,-0.1100676815,,,0.07476338296,-0.07290435915,,,0.01717613477,0.1627718485,0.0147798402,1,0.7480169381,0.06242115554,0.8279921384,0.0007028040004,0.1326786796,0.0001160925436,0.02221108896,retained
within_cluster_2,102900005115779,102900005116714,0.4430233698,0.7502321263,0.2399107428,,,5.659665781e-05,0.1820067861,,,0.002446836755,0.3320569734,0.1829262636,0.4813491374,1.891750284e-08,0.2432675868,,,5.354283207e-05,0.2493633041,,,5.712474354e-17,-0.1303234185,,,0.03042535167,-0.177502827,,,0.003140568441,-0.4897757636,-0.6187518155,-0.3382808699,1.073248463e-17,-0.1231623105,,,0.04599420994,-0.2563999853,,,9.842505496e-18,0.001326730955,0.05447380903,0.04037670497,0.007618996362,7.195789761e-07,6.637021171e-17,0.0005189536031,0.08649657393,3.714951064e-15,3.190111106e-17,weak
within_cluster_2,102900005115779,102900005116899,-0.1425617066,0.7488240828,0.2666977032,,,7.047953666e-06,0.2299591216,,,0.0001458561895,0.2325764752,,,0.0001051116718,0.3168599071,0.1929975627,0.4615494298,1.037121191e-07,0.2626770163,,,1.302777732e-18,-0.1909564047,,,0.001435636029,-0.1796268466,,,0.003168371849,-0.1050208025,,,0.08499205682,0.07007318046,,,0.2574765814,-0.2154009655,,,9.013840351e-13,0.0002841734918,0.003441429529,0.005765609374,0.007649625925,0.001103672554,0.1264531266,2.519079905e-06,0.3720951886,1.008084151e-16,2.309009168e-12,weak
within_cluster_2,102900005115779,102900005116943,0.4321867209,0.7083333333,0.0668496404,,,0.2683856883,0.0285190208,,,0.6414565629,0.1873632503,,,0.001876429498,0.143939699,,,0.01795552912,0.1195328825,,,7.736483151e-05,0.3429511791,0.1024633968,0.523869902,4.914339702e-09,0.2487040666,,,3.706496265e-05,0.5184297675,0.2894051446,0.6464044076,5.646608343e-20,0.5724359477,0.3722739971,0.7395004742,2.695121492e-24,0.413618028,0.2921273538,0.5266966942,8.457215641e-46,0.589445807,2.566660321e-08,1,0.0001231020835,0.01153317643,4.109589321e-19,0.06219647202,6.965852471e-23,0.0004115237475,7.714817526e-45,retained
within_cluster_2,102900005115779,102900005118817,-0.475154766,0.7539863326,0.1872760259,,,0.001779044772,0.1656535905,,,0.005894540237,0.313732316,0.1518161216,0.4765502511,1.195453678e-07,0.2727272507,,,5.439907917e-06,0.2470590806,,,1.121480416e-16,0.6461796797,0.4574632696,0.7597264357,5.13769331e-34,0.443266845,0.2770834071,0.5676917443,1.153992018e-14,0.3215804326,0.04360240776,0.5228829628,6.524134938e-08,0.1578221087,,,0.01036711902,0.2463809771,,,1.876582586e-16,0.01820585919,1.479655673e-32,0.0703159356,9.98475497e-14,3.171098178e-06,2.081116461e-07,7.563347835e-05,0.02274223279,6.459727198e-15,5.802439406e-16,weak
within_cluster_2,102900005115779,102900005118831,-0.6291933955,0.4910358566,0.0776129359,,,0.1986207914,0.008423550815,,,0.8894067087,0.2129561478,,,0.0003953079626,0.1479338788,,,0.01497740945,0.1329042778,,,1.031552556e-05,-0.7405475191,-0.8201711293,-0.5874091872,3.24876208e-49,-0.1701142401,,,0.004671948973,0.1127453544,,,0.0643275893,-0.6298606873,-0.7482094116,-0.4323539077,1.773298953e-30,-0.3354781117,-0.4787816602,-0.173259316,6.353005165e-30,0.4871283642,2.79827139e-47,1,0.01087603826,0.003268612044,0.09907136748,0.05372679261,8.313885325e-29,7.073503238e-05,3.388269421e-29,retained
within_cluster_2,102900005115779,102900005125808,0.5302429837,0.7066831683,0.05414653335,,,0.3968364548,0.1765426698,,,0.005491321169,0.1795905296,,,0.002901773359,0.1582681494,,,0.009187846467,0.137097239,,,9.496085739e-06,0.09344593993,,,0.143091617,0.2411725997,,,0.000133496968,0.5041453592,0.2236216605,0.6579379961,8.215500484e-19,0.37939856,0.1417246043,0.5355706375,1.978644102e-10,0.3679322294,0.2314851149,0.4846732299,3.050044447e-34,0.720426753,0.2125812084,0.0671467364,0.0004077725567,0.01634071255,5.557868784e-18,0.03639037029,1.370771997e-09,6.601416845e-05,1.846513395e-33,retained
within_cluster_2,102900005115779,102900011000328,0.2451889725,0.8490566038,0.1307917142,,,0.02982900183,0.0334569529,,,0.5813364093,0.3238169379,0.1950088125,0.4359794088,4.400387265e-08,0.260900202,,,1.408170575e-05,0.1745425251,,,6.303073943e-09,0.3062911652,0.07366106536,0.5569523003,2.095220695e-07,-0.1619954481,,,0.007209399233,0.6938991529,0.5082011704,0.8139987124,4.180564075e-40,0.4464591625,0.2250348267,0.6333464792,2.741641107e-14,0.3613867233,0.2261922472,0.4833987168,9.385118953e-35,0.1449042595,9.064302408e-07,1,0.01627564261,1.364797035e-06,1.404669529e-38,0.0001710163783,2.670120034e-13,8.886011936e-08,5.857708919e-34,weak
within_cluster_2,102900005115779,102900011008164,0.1064726458,0.7826086957,0.2112329403,,,0.0004104227887,0.1606826057,,,0.01681501653,0.4771000439,0.3301439275,0.620244456,6.338235004e-17,0.1000792709,,,0.1008051108,0.2371688009,,,9.181815983e-15,0.3090145903,0.1181765888,0.5291140106,1.612542807e-07,0.004665291393,,,0.945020173,0.6787970836,0.5322397868,0.7838376531,8.16723152e-38,0.123988969,,,0.04454310124,0.4100228409,0.2840330976,0.5320503867,4.926061123e-43,0.006128980311,7.051814097e-07,0.1366898118,1,2.555576354e-14,2.225018749e-36,0.2393980909,0.08400270543,3.938412983e-13,4.137891343e-42,weak
within_cluster_2,102900005115779,102900011013274,-0.5233830362,0.5360501567,0.08772072293,,,0.146080702,0.07608109674,,,0.242307763,0.2712532844,,,5.446582503e-06,0.1717988937,,,0.004641365811,0.1609526984,,,1.433021116e-07,-0.3141861039,-0.4947276521,-0.1473079288,9.736192794e-08,0.1842277311,,,0.004349814773,-0.1459058752,,,0.01643057357,-0.374925025,-0.5243377272,-0.1864655903,3.343800764e-10,-0.1944846589,,,2.207165924e-10,0.3990497226,4.337347994e-07,0.6501840061,0.01024442358,8.714532005e-05,0.02833536041,0.02131041099,2.232153093e-09,1.553209983e-06,5.07371323e-10,weak
within_cluster_2,102900005115779,102900011016701,-0.4048376594,0.5797819623,0.2152432445,,,0.000315813744,0.2610483289,,,0.0001159640589,0.1871527131,,,0.00235193208,0.2828677121,,,2.321136112e-06,0.2362546399,,,2.035836782e-14,-0.1339059703,,,0.02611183678,-0.4445044133,-0.5779212238,-0.2631177923,9.945622305e-12,-0.3403703392,-0.5385821075,-0.03836015404,1.910228696e-08,-0.2499074179,,,4.154142505e-05,-0.3098534455,-0.3951859226,-0.1940875033,6.159272282e-24,0.005013232345,0.04738205485,0.004870490472,6.426402105e-11,0.01374346398,6.333916203e-08,3.773718066e-05,0.0001522682053,7.967564251e-13,2.576160357e-23,weak
within_cluster_2,102900005115779,102900051004294,0.3990542074,0.8804347826,0.2595325308,,,1.258655974e-05,0.1297925386,,,0.03142325418,0.2587014444,,,1.499560994e-05,0.3302198818,0.1833717047,0.4774061402,2.735577838e-08,0.2478895364,,,8.801371272e-17,0.6539310076,0.4362741124,0.7928667273,4.647568821e-35,0.2838427505,,,1.715661908e-06,0.5755030116,0.310254734,0.7204685097,3.262917427e-25,0.5016539379,0.2366225551,0.6796001864,3.615645574e-18,0.5157510246,0.3950809965,0.6233601411,1.030475542e-74,0.0004229084073,1.487222023e-33,0.2000850611,6.651489244e-06,0.0002174902852,3.444000802e-24,7.659617945e-07,4.859427651e-17,5.376837723e-15,2.334200779e-73,weak
within_cluster_2,102900005115779,102900051010455,0.8270486703,0.7985309549,0.1949362595,,,0.001133486406,0.1362036222,,,0.0238877184,0.1907213793,,,0.001546118577,0.2502174221,,,3.199784934e-05,0.1915990566,,,1.666405504e-10,0.02658661162,,,0.6601086773,0.07669809793,,,0.2048089808,0.07280698557,,,0.2331148311,0.5246005375,0.3415864728,0.6854457732,5.335248175e-20,0.3516225691,0.2063220797,0.4695306735,6.72253149e-33,0.01291575599,0.7665778188,0.1689741765,0.3248583048,0.009740547034,0.31020429,0.0003395140225,8.403015876e-19,3.082085776e-09,3.894432035e-32,weak
within_cluster_0,102900005115786,102900005115946,0.9331112267,0.5367231638,0.09477282389,,,0.1162113628,0.1891371474,,,0.001596970542,0.4235421685,0.2632692559,0.6433373377,2.611221831e-13,0.1380874637,,,0.02324621459,0.210965038,,,1.756739832e-12,0.5780826232,0.4256702749,0.6798385667,5.218278714e-26,0.2934871551,,,6.927834164e-07,0.707505865,0.5779110376,0.8106748145,2.70633866e-42,0.1326185638,,,0.03155739119,0.6120217464,0.5130090068,0.6974287302,1.689007538e-112,0.3438326375,9.563681715e-25,0.02953662947,2.804520818e-06,4.386852677e-11,1.16084654e-40,0.07771868758,0.06212861391,4.540496796e-11,8.960629466e-111,weak
within_cluster_0,102900005115786,102900005116219,0.5629570831,0.3222222222,0.03105493177,,,0.607457761,0.124433894,,,0.05078284066,0.05539579608,,,0.3618796097,0.1598744127,,,0.008494237781,0.0835647434,,,0.006334681395,0.07276358849,,,0.2282221694,0.3416774981,0.1378734534,0.5686754235,3.601774973e-08,0.005653599629,,,0.926326328,-0.05798379853,,,0.3489394491,0.2309612529,,,2.974164737e-14,0.8753644361,0.3208479034,0.2694163336,1.654026958e-07,0.5912068827,0.9911584784,0.03438631198,0.4759552973,0.01875288941,8.247477456e-14,retained
within_cluster_0,102900005115786,102900005118824,0.9261221169,0.6611796982,0.04239725073,,,0.483006736,0.1405233698,,,0.01951445168,0.2320229675,,,0.0001092880776,-0.03612941225,,,0.5544497213,0.1054832343,,,0.0004717680767,0.3060907524,0.01705232836,0.5127458883,2.135761447e-07,0.441758342,0.2012255958,0.6005859396,1.300572563e-14,0.3978894305,0.1109666295,0.6238806584,1.120756609e-11,-0.03126032424,,,0.6137935501,0.6455717397,0.5603464219,0.7168500384,6.014211001e-129,0.7929491693,9.219903807e-07,0.1507323164,1.120493285e-13,0.001126457468,4.639518118e-11,0.798975947,0.7589555497,0.001981425922,5.271586686e-127,retained
within_cluster_0,102900005115786,102900005119975,0.8932346893,0.7115117892,0.05492125306,,,0.363368256,0.214812465,,,0.0003249043116,0.4264011928,0.2405844302,0.59937025,1.735860992e-13,-0.06065753162,,,0.3207122113,0.176388387,,,4.195480009e-09,0.4914748625,0.2622089263,0.634063437,3.439888948e-18,0.5401054485,0.3368502041,0.7020043737,2.660996048e-22,0.6828622406,0.4710906069,0.797074705,2.037257936e-38,0.164584887,,,0.007480315383,0.7502435349,0.6760080214,0.8079895324,7.982799656e-197,0.6918841595,4.127866738e-17,0.00949285641,4.789792887e-21,3.211453849e-11,5.704322222e-37,0.5456167241,0.01700148344,6.084955179e-08,2.299046301e-194,weak
within_cluster_0,102900005115786,102900011001691,0.7430103918,0.119266055,-0.1019726334,,,0.09087152183,0.04890324868,,,0.4546262997,0,,,1,0,,,1,-0.01114402345,,,0.7176894461,0.1696527785,,,0.004710270583,0.04952551787,,,0.4488997257,0,,,1,0,,,1,0.2346602042,,,1.539587328e-14,0.2964352557,0.01012356663,0.9053968447,0.6482677987,1,1,1,1,0.8047343789,4.310844518e-14,retained
within_cluster_0,102900005115786,102900011006948,0.8250039466,0.3177966102,0.1107532895,,,0.06616896043,0.05487487501,,,0.3664185714,-0.1151650585,,,0.05737594414,0.0946393485,,,0.1208172927,0.05128056372,,,0.09031059438,0.04882748131,,,0.4191000294,0.05342923877,,,0.3791987664,-0.005267442223,,,0.9313456341,0.3045809402,0.01850581213,0.4804973804,4.750875899e-07,0.2389083897,,,1.650479793e-15,0.2420991365,0.5361076518,0.8005742262,0.5603674262,0.1558893577,0.9939665194,0.2712334768,2.227387398e-06,0.1701552881,4.850389595e-15,retained
within_cluster_0,102900005115786,102900011007969,0.7780541588,0.1487341772,-0.08565822543,,,0.1558370689,0.04870412383,,,0.4535891215,-0.01843182754,,,0.7617586704,0,,,1,-0.03631696245,,,0.2378922171,0.364756694,0.1996122607,0.455900533,4.133451294e-10,0.5743783554,0.4200521343,0.6726826766,2.22860031e-22,0.05850931023,,,0.3381805823,0,,,1,0.4274814145,0.304217772,0.5126007416,8.38738308e-48,0.417775972,2.380867945e-09,0.9053818503,4.084416568e-21,0.9288862088,0.4266408347,1,1,0.3612420675,8.013727151e-47,retained
within_cluster_0,102900005115786,102900011022764,0.6719567646,0.4170153417,0.04987786919,,,0.4091521631,0.1526478097,,,0.02554437424,0.263421496,,,0.0003269749309,0.1755720871,,,0.01080553487,0.1391915848,,,3.352090653e-05,0.030715159,,,0.6113954369,0.04762104025,,,0.48834161,0.1399430261,,,0.06170663022,-0.08365297602,,,0.2353884163,0.1832048441,,,5.082734079e-08,0.7325495211,0.7254698062,0.1751614233,0.6942853919,0.002866006351,0.09539920746,0.04165192791,0.3467750054,0.0001958786886,1.013530356e-07,retained
within_cluster_0,102900005115786,102900051000944,0.8711936032,0.3367052023,0.06498342704,,,0.2820061437,0.09497790039,,,0.1154201874,0.01196531903,,,0.8439844965,0,,,1,0.0545769277,,,0.07103147081,0.4972198409,0.3320506518,0.5959593302,1.214453607e-18,0.3665136179,0.0950436485,0.5773883126,3.35805969e-10,0.1252890379,,,0.03966018869,0,,,1,0.5123384392,0.3863975601,0.6273747455,1.174790997e-73,0.5984467217,1.483841498e-17,0.420012812,1.864971993e-09,0.9818077004,0.06386177348,1,1,0.1399799073,2.631531834e-72,retained
within_cluster_4,102900005115793,102900005115960,-0.597962042,0.4425727412,-0.08526345299,,,0.2498207598,0.08651802154,,,0.1761807885,0.07995936219,,,0.1877737881,0.3099805635,0.1172520868,0.5351639101,3.052829954e-07,0.0757227914,,,0.01864185561,-0.1738761015,,,0.01825000549,0.3560962381,0.149803845,0.5238769052,9.128970578e-09,0.2399350384,,,6.817320683e-05,0.1077399585,,,0.08597592576,0.1195264773,,,0.0002137569754,0.5646173226,0.03419331883,0.5309125106,4.477860021e-08,0.3809618598,0.0001651889242,6.410942903e-06,0.1498076632,0.04662776788,0.0003294602924,retained
within_cluster_4,102900005115793,102900005116547,0.53505425,0.4290123457,0.02421413483,,,0.7442231211,0.0721934626,,,0.2593133218,0.04018657282,,,0.5084765975,0.1067049278,,,0.08473735936,0.05136742129,,,0.1107826305,-0.1065942417,,,0.1498200376,0.4111650931,0.2368969764,0.5588038411,1.875886957e-11,0.3174567077,0.08246011213,0.5139908074,9.785207715e-08,-0.06251427759,,,0.3200567377,0.2538985102,,,1.627357507e-15,0.9426421455,0.2215973557,0.6642638586,1.178127136e-10,0.731724426,3.077531787e-07,0.2120176737,0.4446825522,0.2008433301,4.789420049e-15,retained
within_cluster_4,102900005115793,102900005116790,0.4640347165,0.3981337481,-0.01575445482,,,0.831903696,0.0961920549,,,0.132447492,0.1216093071,,,0.04469083411,0.08606001857,,,0.1648569113,0.09422180638,,,0.00339317152,-0.1272148079,,,0.0852754,0.264521995,,,2.635875783e-05,0.3727605824,0.1568225515,0.5429872471,2.513931058e-10,0.07789470295,,,0.2151042161,0.2381543097,,,8.809956595e-14,0.9902055125,0.134308755,0.4580002467,8.976225638e-05,0.1296355706,9.526475588e-10,0.3405241119,0.3228965745,0.01094501406,2.393648584e-13,retained
within_cluster_4,102900005115793,102900005116912,0.8533538907,0.3985374771,-0.08050575257,,,0.2773217391,0.1437786268,,,0.02411295095,0.2163177201,,,0.00272086268,-0.04152724219,,,0.5799184938,0.09133390649,,,0.009747007399,-0.1321263268,,,0.07379513484,0.3963115372,0.2051247577,0.539699296,1.116266608e-10,0.533999817,0.2561813006,0.6925733625,2.1235345e-15,-0.05946873494,,,0.4317089783,0.3891231811,0.2434170591,0.514615171,3.270064242e-30,0.5938468804,0.1186371546,0.1694259204,6.541841519e-10,0.01549508238,1.141612147e-14,0.8192821889,0.5718300265,0.02736764194,1.772163847e-29,retained
within_cluster_4,102900005115793,102900005117209,-0.03213853837,0.2925989673,0.1226771828,,,0.09711452838,-0.06551988461,,,0.3060689339,0.05965674327,,,0.3260785071,-0.02520339475,,,0.6846937593,0.0008236675022,,,0.9796133812,0.1451898049,,,0.04924533802,0.254874498,,,5.250636994e-05,0.3557955524,0.1565153858,0.4920408969,1.774186653e-09,-0.08283079938,,,0.1873463416,0.1535327189,,,1.872607128e-06,0.3097830526,0.08363824891,0.7250704709,0.0001704554618,0.5505647154,6.330549192e-09,0.9051427008,0.2888810568,0.98672669,3.376722692e-06,retained
within_cluster_4,102900005115793,102900005119944,0.889588776,0.4339963834,0.2356117188,,,0.001283415925,0.08610046926,,,0.1782844648,0.1660679278,,,0.006845179407,0.07320665486,,,0.3287479193,0.1559812572,,,3.60165067e-06,0.3401742648,0.1136641952,0.5428095031,2.30603e-06,0.4127903075,0.2096525039,0.5580608197,1.53501781e-11,0.513841608,0.334813634,0.6503380841,4.68027322e-19,0.003756770283,,,0.9604199255,0.4545746422,0.3345586415,0.564252675,1.563603864e-45,0.01403653228,8.657274638e-06,0.5343197267,9.731433664e-11,0.03157867662,3.242416086e-18,0.5574060599,1,2.814313081e-05,1.413553986e-44,weak
within_cluster_4,102900005115793,102900005119968,0.849818995,0.1693735499,-0.135268388,,,0.06713202789,-0.1453834875,,,0.04894013295,0.06947652665,,,0.2561382325,-0.1528543591,,,0.01325267519,-0.07542603914,,,0.02372216056,-0.08883538048,,,0.2304571168,0.131417419,,,0.07537027711,0.3386094591,0,0.4345104269,1.472268644e-08,-0.05862196136,,,0.3511709122,0.2880154711,,,1.922596614e-18,0.2434139716,0.323538682,0.2631021547,0.1343470192,0.4713348178,4.922211584e-08,0.04894744492,0.478351729,0.05706906406,6.459924625e-18,retained
within_cluster_4,102900005115793,102900005123880,0.4290678382,0.2660550459,0.008251254181,,,0.9114858246,-0.0608373526,,,0.3420019341,-0.061898543,,,0.3081951308,0.02449769112,,,0.6930694622,-0.05815808871,,,0.07094395828,-0.08883538048,,,0.2304571168,0.2192584766,,,0.0005328767049,0.3297688001,0.1287528026,0.4654948236,2.864506949e-08,-0.00245887536,,,0.9688327949,0.1979496203,,,6.811897997e-10,1,0.323538682,0.7728701084,0.001473634344,0.5319532395,9.34441102e-08,0.9082583832,1,0.1399799073,1.525865151e-09,retained
within_cluster_4,102900005115793,102900005125815,0.8717843704,0.445482866,0.1541052076,,,0.03674083663,-0.02559832744,,,0.6895140241,0.2138867214,,,0.000372202816,0.03110921777,,,0.6161879272,0.09685587022,,,0.00259568139,0.007090718644,,,0.923894723,0.4008243797,0.2064151021,0.5597835951,6.553584706e-11,0.5169848391,0.2493315611,0.6825485532,7.445850236e-20,-0.08268994579,,,0.1881001171,0.4162919623,0.2652271787,0.5293862678,2.554358289e-41,0.169054966,1,1,3.943888587e-10,0.003139585259,5.36101217e-19,0.8567136973,0.2894310015,0.008750658331,2.003730082e-40,retained
within_cluster_4,102900005115793,102900011001219,0.1984113524,0.2844522968,0.07489759434,,,0.3122764585,-0.05189084504,,,0.4177810418,0.02421865614,,,0.6903499374,0.01379195844,,,0.8241694926,-0.01125569259,,,0.726931836,-0.01907010095,,,0.797225128,0.2605515988,,,3.511622202e-05,0.3207351446,0.1279832353,0.4695047937,7.092921056e-08,-0.06075861617,,,0.3338622831,0.1659213305,,,2.515467701e-07,0.629621718,0.8863675639,0.8564634311,0.0001175985109,0.8795031458,2.255414645e-07,0.9967160751,0.4591175734,0.8114587937,4.806808423e-07,retained
within_cluster_4,102900005115793,102900011001806,0.3532706145,0.3685092127,0.1103860701,,,0.1357757575,-0.005803971334,,,0.9300873556,-0.004717511544,,,0.9381551008,-0.03151998276,,,0.6373987808,0.01815117618,,,0.5836586642,-0.1027800105,,,0.1650291471,0.2353807713,,,0.0003074872183,0.319740877,0.1097880999,0.4894859554,7.823171243e-08,-0.02284913234,,,0.7361012607,0.1754943451,,,1.075828264e-07,0.380172121,0.24178689,1,0.0008906526323,1,2.479797677e-07,0.8693357021,0.8739576806,0.7008075444,2.105698816e-07,retained
within_cluster_4,102900005115793,102900011001813,-0.1644180147,0.1838383838,0.03435845998,,,0.6433489836,-0.1046632256,,,0.1043306736,-0.02777268947,,,0.6477697054,0.2158165476,,,0.002858739453,-0.04453587552,,,0.1848636302,0.215508291,,,0.003303610489,0.01238224542,,,0.8480300388,0.1064320406,,,0.08086227219,0.242228239,,,0.0009542149886,0.09622492496,,,0.00429773825,0.8903927927,0.007379052369,0.392887359,1,0.8496445843,0.1206206688,0.01433636502,0.002617275397,0.2999414066,0.005866107185,retained
within_cluster_4,102900005115793,102900011008522,0.7822762633,0.3771043771,0,,,1,-0.1600762929,,,0.01193215456,0.07523475034,,,0.2152954378,-0.09521665015,,,0.1242096699,-0.02704206073,,,0.4014068116,0,,,1,-0.09153236586,,,0.1523375412,0.2466134613,,,4.186723933e-05,0.110866814,,,0.07720234411,0.2577629597,,,5.851634715e-16,1,1,0.1093419254,0.2492796129,0.4185492792,0.0001040744198,0.2761808691,0.1365262506,0.5383841388,1.755490414e-15,retained
within_cluster_4,102900005115793,102900011009246,-0.6821095035,0.2042253521,-0.03108653569,,,0.6752849042,-0.07173516829,,,0.3019906002,0.06435051861,,,0.2948003567,-0.0194889112,,,0.7951150592,-0.01387753383,,,0.6879566819,-0.2855198834,,,8.541205971e-05,0.187046856,,,0.006690614781,0.1711810174,,,0.005204355422,-0.09431881077,,,0.2117656164,-0.0791404937,,,0.02219378816,0.9100138216,0.000253594569,0.7213424762,0.01515537011,0.5172476233,0.009787295272,0.9766153964,0.3195505109,0.7835710004,0.02835404115,retained
within_cluster_4,102900005115793,102900011009970,0.5840003859,0.3945371775,0.08794660281,,,0.2351733208,0.1332810432,,,0.03669747805,0.1085446805,,,0.07337081599,0.09780409406,,,0.1142634617,0.09503852367,,,0.003124824815,-0.1127947279,,,0.1273927311,0.4117716237,0.2380062776,0.5808178321,1.740837695e-11,0.2514653498,,,2.912616857e-05,-0.04936067486,,,0.4325516549,0.2245245996,,,2.231103312e-12,0.5455804541,0.1908051604,0.2163219759,1.096727748e-10,0.1869036137,7.385956709e-05,0.2617672032,0.5725700172,0.01021156635,5.608359447e-12,retained
within_cluster_4,102900005115793,102900051000463,0.3656252937,0.4858156028,0.04132574137,,,0.5775359833,0.005454278532,,,0.9406228496,0.1219749215,,,0.0440479895,0.1716543024,,,0.00533809993,0.08270230961,,,0.01267007512,0.0622740263,,,0.4010290523,0.3508949273,0.1242436566,0.526877285,7.409128048e-07,0.5096198904,0.2815158424,0.6653045812,2.988213093e-19,0.1989449635,,,0.001406723667,0.3850265414,0.2698403026,0.4816574142,4.152603041e-33,0.8561543314,0.5172582018,1,2.993347123e-06,0.1283247786,2.091749165e-18,0.02407518895,0.003731519622,0.03405716192,2.433618526e-32,retained
within_cluster_2,102900005115823,102900005115908,0.6882293624,0.7467811159,-0.05697464605,,,0.3456786834,0.02018157825,,,0.7394579764,0.4109728612,0.2406412749,0.5672840011,1.502617266e-12,0.3426522408,0.2218534816,0.4826781792,7.463307682e-09,0.1840138716,,,8.840601627e-10,-0.005334768381,,,0.9296968756,0.3432922434,0.09158571073,0.532605231,5.385697729e-09,0.6925875421,0.427654053,0.8028633004,6.695668712e-40,0.3690538648,0.1028331838,0.5961639887,6.577743763e-10,0.3110032456,0.188066371,0.4301001925,1.022619135e-25,0.6765905105,1,1,2.68751649e-08,1.682931338e-10,2.177172278e-38,2.314773583e-07,4.250234431e-09,1.472946519e-08,4.632809386e-25,weak
within_cluster_2,102900005115823,102900005115984,0.829758477,0.8199356913,0.3059342229,0.1904220623,0.4211201128,2.16794847e-07,0.2157292188,,,0.000330113666,0.4380672665,0.3019487312,0.5587213526,3.150375986e-14,0.3316202783,0.1775434919,0.4694990968,2.37000547e-08,0.3194852989,0.2537224929,0.3984572967,2.467016974e-27,-0.09354629338,,,0.1210320573,0.393867099,0.1808286653,0.5727522126,1.450016723e-11,0.6375297099,0.4062890075,0.7498578471,3.345828626e-32,0.570471996,0.3678608991,0.7199929586,4.177730324e-24,0.3725196796,0.2382641061,0.4908503974,5.965057057e-37,1.674725667e-05,0.1830462322,0.009507273581,9.221557457e-11,7.056842209e-12,5.66822732e-31,6.729480319e-07,1.052788042e-22,3.552504442e-25,4.03542115e-36,clear
within_cluster_2,102900005115823,102900005116226,0.6478587441,0.7083333333,0.1280211341,,,0.04530145286,0.02311977782,,,0.7182333507,0.05837487856,,,0.3365997569,0.1112437259,,,0.06798457589,0.0801997005,,,0.009882077661,0.1250320624,,,0.05061493047,0.5877779679,0.4380912219,0.6867979232,3.003739587e-24,0.5659751533,0.3165029065,0.6951817283,2.880373937e-24,0.350661381,0.1371950687,0.5622012416,5.024038445e-09,0.3425602211,0.2315331907,0.454603495,1.438141669e-29,0.1930818794,0.08563218205,1,7.041324426e-23,0.5622489617,2.791747047e-23,0.1805756324,2.935785943e-08,0.0277083012,7.530632742e-29,retained
within_cluster_2,102900005115823,102900005116233,0.07213972523,0.7993527508,0.1680556719,,,0.00512269998,0.07995572633,,,0.1902604064,0.2321596607,,,0.0001082424426,0.2537851112,,,2.442353738e-05,0.1844704992,,,8.610469323e-10,-0.1386537202,,,0.02121283263,0.2134364407,,,0.0004130088379,0.6446131539,0.4393869484,0.7587454719,4.192363718e-33,0.4427679887,0.1882186108,0.6524900065,4.713547521e-14,0.2438629666,,,4.506331627e-16,0.04147535406,0.0391980482,0.5558990985,0.001166142601,0.001124828681,7.479473677e-32,0.0002750717954,4.52500562e-13,1.446558846e-08,1.362033667e-15,weak
within_cluster_2,102900005115823,102900005116257,0.3287515295,0.8918128655,0.2340366148,,,8.668964522e-05,0.1153943937,,,0.0555210517,0.2613460995,,,1.216556412e-05,0.324920997,0.1578802518,0.485040574,4.676949451e-08,0.2345522517,,,3.76272963e-15,0.02067008471,,,0.732444756,0.1689884858,,,0.004878039366,0.2521297834,,,2.769835878e-05,0.1656337686,,,0.007103504911,0.3087907854,0.1916423068,0.410965129,2.113131849e-25,0.001765316412,0.8313318272,0.2833682031,0.01131660226,0.000179020272,7.050491325e-05,1.224510402e-06,0.01627348398,1.806110222e-13,9.48791494e-25,weak
within_cluster_2,102900005115823,102900005116509,0.5180625153,0.8490566038,0.0007440604476,,,0.9901821496,-0.04249338669,,,0.4820140799,0.2083584138,,,0.0005303199222,0.2386554281,,,7.473160381e-05,0.1016297754,,,0.0007574544935,-0.1462668557,,,0.01501433819,0.07112209636,,,0.2389168381,0.6454770162,0.4350943194,0.7710838668,3.242021185e-33,0.2772363862,,,5.009545813e-06,0.327437591,0.2045569224,0.462681575,1.568428189e-28,1,0.02866373655,0.933437395,0.3716484149,0.004079754297,5.835638132e-32,0.0007007391315,2.112812627e-05,0.003000055518,7.826611951e-28,retained
within_cluster_2,102900005115823,102900005116530,-0.5213007065,0.6583253128,0.1597301078,,,0.007844654628,0.085578202,,,0.1697183746,0.08831158591,,,0.1455872045,0.2116736241,,,0.0004621642792,0.1415006059,,,3.101631185e-06,0.1054763039,,,0.0802506233,0.03846511997,,,0.5377154411,-0.03467065639,,,0.5705616886,-0.2573962014,,,2.380934183e-05,-0.251506969,,,7.171232823e-17,0.05648151332,0.1272897377,0.5231685674,0.7538486295,0.3163893296,0.6633519978,0.003201797893,9.073654656e-05,2.461767113e-05,2.248398969e-16,retained
within_cluster_2,102900005115823,102900005116714,0.2725000132,0.8421052632,0.1315658497,,,0.02886509688,0.2351959586,,,7.976081133e-05,0.3378663804,0.1446151755,0.4797348012,1.027528993e-08,0.2681479137,,,7.904025288e-06,0.2369668156,,,1.927837605e-15,-0.1049411078,,,0.08180486047,-0.5499322179,-0.7058079329,-0.3978562685,3.241295427e-23,-0.4425235361,-0.6079416744,-0.235332869,2.248969887e-14,0.01017929177,,,0.8694963166,-0.3177475107,-0.4195363417,-0.1995193121,7.069283609e-27,0.1422788149,0.1292465507,0.003654495356,6.600456143e-22,4.227547856e-07,1.108538702e-13,0.0001041471567,1,9.479318566e-14,3.361244282e-26,weak
within_cluster_2,102900005115823,102900005116899,-0.1999183247,0.8557964185,0.2980414092,,,4.557515892e-07,0.1217688848,,,0.04601139656,0.1664779877,,,0.005827837554,0.2270952428,,,0.0001675299448,0.2044131862,,,9.980484057e-12,0.1473814796,,,0.0142550787,-0.1822835072,,,0.00269155099,-0.2652398354,,,9.9852972e-06,-0.1029448844,,,0.09572094405,-0.342838778,-0.4494103264,-0.2251434139,4.287568398e-31,2.963855496e-05,0.02739584239,0.2500241926,0.006585153878,0.02830511666,2.652221233e-05,0.001356387023,0.1642327006,2.339611146e-10,2.394387228e-30,weak
within_cluster_2,102900005115823,102900005116943,0.6093097365,0.6375545852,0.1110050166,,,0.06555136398,-0.005523686316,,,0.9281489492,0.192824144,,,0.001367349128,0.2032958984,,,0.0007789981365,0.1319956425,,,1.254034201e-05,0.06201683643,,,0.3046024416,0.4332152526,0.2065483886,0.5984722795,9.856969508e-14,0.5980092029,0.3612114832,0.727987114,1.42068673e-27,0.5131816962,0.3329433513,0.6713630939,4.524761564e-19,0.3335029803,0.2161640352,0.4393299274,2.0411569e-29,0.2420991365,0.4110298007,1,7.980582542e-13,0.008819607356,1.704824076e-26,0.004877205724,6.707293613e-18,8.455294147e-05,1.052422586e-28,retained
within_cluster_2,102900005115823,102900005118817,-0.6921642967,0.6826530612,0.198986434,,,0.0008870085088,0.03149461264,,,0.6023790153,0.1703768163,,,0.00476005828,0.2075664034,,,0.000598492822,0.1478948872,,,8.859125604e-07,-0.163994085,,,0.006321520378,-0.13808372,,,0.02175545894,0.2512546224,,,2.95933462e-05,-0.07109800297,,,0.2505649215,-0.1295036927,,,1.878366983e-05,0.01103832811,0.01317909523,1,0.04498359511,0.02423302397,7.476213776e-05,0.003917407562,0.3639329119,8.118180554e-06,3.150405855e-05,retained
within_cluster_2,102900005115823,102900005118831,-0.5000050764,0.6118355065,0.167897668,,,0.005165217046,0.1394175857,,,0.0205040604,-0.02853472553,,,0.6387813684,0.06779775255,,,0.2669387077,0.09117841952,,,0.002527648125,0.2970973857,,,4.973761677e-07,0.5865345765,0.430696016,0.6949207639,6.686231787e-27,0.1990887163,,,0.001004826759,-0.4789133003,-0.6670400113,-0.2188133986,1.745186558e-16,0.1756998446,,,5.67224785e-09,0.04165231026,2.051790282e-06,0.1554476721,2.139594172e-25,0.8450021252,0.00210356256,0.4783541642,2.010454915e-15,0.008535575579,1.198663697e-08,retained
within_cluster_2,102900005115823,102900005125808,0.5811913035,0.6582568807,0.06801128873,,,0.2870150512,0.1713646898,,,0.007059639773,0.2495667848,,,3.035541811e-05,0.158523958,,,0.009074125098,0.157531848,,,3.465375954e-07,0.04594434539,,,0.4722709384,0.4477276471,0.220365876,0.5998992932,1.572201894e-13,0.6067463867,0.3594586118,0.7458673595,1.530484669e-28,0.2565842258,,,2.531150422e-05,0.31163404,0.1849817606,0.4238054772,1.523373773e-24,0.6014785273,0.5906316451,0.07906796546,1.233291447e-12,0.0003873197652,1.99061748e-27,0.03615303596,9.591727917e-05,3.458513824e-06,6.520427869e-24,weak
within_cluster_2,102900005115823,102900011000328,0.3311735275,0.8753959873,0.0644448738,,,0.2860219517,0.1348318696,,,0.02535381816,0.2394372493,,,6.434474775e-05,0.3250496435,0.1218006871,0.5276589118,4.617007191e-08,0.1872359401,,,4.343702558e-10,-0.140380304,,,0.01964010384,0.1476574653,,,0.01424924778,0.6702013701,0.4433449261,0.8002225785,1.431135928e-36,0.428546525,0.1921391059,0.6455042826,3.579915101e-13,0.378285223,0.2488635501,0.4996544976,3.309989462e-38,0.6007889284,0.03652624477,0.1751614233,0.03046286693,0.0007370398378,3.652113964e-35,1.224510402e-06,3.207603931e-12,7.614699441e-09,2.357928889e-37,weak
within_cluster_2,102900005115823,102900011008164,-0.09055852943,0.7839912281,0.03884306289,,,0.5204685651,0.2090619047,,,0.001735900722,0.3154901549,0.1566917059,0.4439065972,1.006983751e-07,0.1371894611,,,0.0241669841,0.1670373622,,,5.925446646e-08,-0.2184746902,,,0.0002548051401,0.3397995486,0.07181246594,0.6058766164,2.107909089e-07,0.5477893434,0.3391837264,0.6920991798,1.521365754e-22,0.1110840114,,,0.07210272072,0.2477271506,,,6.984212262e-16,0.8150601903,0.0006951111807,0.03156963425,9.003272721e-07,2.706772323e-06,1.299607356e-21,0.08049437491,0.1288062037,7.153114035e-07,2.082865669e-15,weak
within_cluster_2,102900005115823,102900011013274,-0.2790153579,0.6040609137,0.06083322312,,,0.3139426578,0.01597831689,,,0.8058839588,0.02359973898,,,0.697870562,0.1631013492,,,0.007239940367,0.06366804178,,,0.03839827812,0.04595365297,,,0.4470296361,0.06680504741,,,0.3037072669,-0.114391405,,,0.06050602487,-0.1940813815,,,0.001563647189,-0.05837259,,,0.05888626053,0.6297596001,0.564669014,1,0.4603562782,0.8838982867,0.09375875952,0.03021888153,0.004115290775,0.08392355695,0.07168762151,retained
within_cluster_2,102900005115823,102900011016701,0.2483366722,0.6888007929,0.1564269916,,,0.009240937526,0.2264655842,,,0.0008469914098,0.2276371727,,,0.0002024704223,0.3691635087,0.2011118934,0.5210324203,3.841082593e-10,0.2362024383,,,2.004209749e-14,-0.163786499,,,0.006389044803,-0.326721636,-0.5688789726,0.0170619778,1.027516151e-06,-0.4541522148,-0.5912711802,-0.1754472676,1.387334577e-14,-0.1584185487,,,0.01007778415,-0.1542894928,,,8.149933833e-07,0.0649119514,0.01329266439,0.01836058798,4.101925862e-06,0.001863837312,7.027302782e-14,1.548724501e-08,0.02220416704,7.967564251e-13,1.500480969e-06,weak
within_cluster_2,102900005115823,102900051004294,0.3434437,0.7856377278,0.1350754879,,,0.02482258737,0.1171735266,,,0.05183501592,0.2134277857,,,0.0003834360962,0.1923299431,,,0.001496619593,0.1598850706,,,1.043784688e-07,-0.2210028466,,,0.0002149416645,0.3639488694,0.1037457652,0.5643867595,4.545843658e-10,0.6053678296,0.3525491878,0.7378779264,2.185213835e-28,0.3194326526,0.1120116277,0.5458515236,1.190008014e-07,0.2336643093,,,6.387802663e-15,0.1293083621,0.0005960418097,0.2735586181,2.45694928e-09,0.00320749863,2.823968648e-27,0.008381069723,5.938257813e-07,1.182174119e-06,1.831836439e-14,weak
within_cluster_2,102900005115823,102900051010455,0.8189721238,0.8103277061,0.2178103912,,,0.0002663690728,0.2782733702,,,2.664678029e-06,0.2624652592,,,1.112755464e-05,0.1995073055,,,0.0009799189346,0.2318883506,,,7.801578486e-15,-0.01599117422,,,0.7914127379,-0.06221256953,,,0.303075721,0.08423513501,,,0.1675383348,0.503633841,0.3302697691,0.6651928762,2.544387603e-18,0.1833798881,,,1.164023893e-09,0.004512605469,0.8809983874,0.0002066150349,0.4599971884,0.0001661714827,0.2327755223,0.005897064394,3.442607656e-17,3.495107162e-13,2.573105449e-09,weak
within_cluster_3,102900005115854,102900005115885,0.634917859,0.2325581395,0.102801107,,,0.1649419689,0,,,1,-0.006368097658,,,0.9255188798,0.08518586136,,,0.2555407621,0.07778405702,,,0.03135384582,0.06845263597,,,0.3558548086,0,,,1,0.04945674271,,,0.4696259918,0.03338591475,,,0.6591068082,0.1890842944,,,1.480056968e-07,0.4324096351,0.4670594363,1,1,1,0.5645469329,0.4641172761,0.8004574249,0.07118170402,2.87456151e-07,retained
within_cluster_3,102900005115854,102900011000571,-0.213505926,0.08786610879,0.03027007103,,,0.6833481681,0,,,1,0.197043083,,,0.009790290116,0.02280625877,,,0.7625231854,0.05495174654,,,0.141567579,-0.1622375101,,,0.02778581305,0,,,1,0.2806110274,,,0.0002195429146,0.007288827793,,,0.9237331118,-0.02918134865,,,0.436891586,0.9105286893,0.05028384122,1,1,0.04172774815,0.0004995468577,0.957189752,1,0.2458227728,0.4712538456,retained
within_cluster_3,102900005115854,102900011010891,0.706501482,0,-0.06076537388,,,0.412557098,0,,,1,-0.3661546142,-0.5774812228,-0.1730019765,2.550896475e-08,-0.2320986309,,,0.001717593077,-0.08126956321,,,0.02449200973,-0.1105378673,,,0.1352352748,0,,,1,-0.0818059179,,,0.231178698,-0.05545334482,,,0.4634999164,-0.07105103819,,,0.0500794311,0.7341540621,0.202096582,1,1,8.571012156e-07,0.3080345374,0.009383923154,0.6032381094,0.05871092939,0.06167387483,retained
within_cluster_1,102900005115878,102900005116837,0.7571844254,0.4647651007,0.08967614737,,,0.1566288191,0,,,1,0.04077543949,,,0.5143744169,0.2863811687,,,1.714339955e-06,0.1312557806,,,4.397098009e-05,-0.1106001698,,,0.08031538355,0,,,1,0.02575707235,,,0.6822794421,0.3801897316,0.1590175706,0.5467790494,1.801793832e-10,0.2989972964,,,3.917236512e-21,0.418784747,0.127292306,1,1,0.7370140899,0.7731733307,2.89560183e-05,1.256891476e-09,0.0002511203849,1.473348658e-20,retained
within_cluster_1,102900005115878,102900005122654,0.4094128435,0.622754491,0.002517347528,,,0.9721380356,0,,,1,0.2445832039,,,0.0002663565169,0.2725447797,,,5.522217074e-06,0.1976510776,,,4.373512619e-09,-0.01359079061,,,0.8504270279,0,,,1,0.3697216627,0.09132766671,0.5620411768,2.285418675e-08,-0.1403351795,,,0.02282868341,0.443187723,0.3184932495,0.5791956168,1.542460799e-42,1,0.9347861194,1,1,0.002407958467,7.516156688e-08,7.625198371e-05,0.04639377597,6.25319251e-08,1.284959079e-41,weak
within_cluster_1,102900005115878,102900011007044,0.3389148991,0.1474820144,-0.1334337088,,,0.0372583963,0,,,1,0.02973307255,,,0.6432793941,-0.08910400373,,,0.1442237484,-0.07089892274,,,0.02947772678,0.2414755889,,,0.000139460935,0,,,1,-0.06692357918,,,0.2998015237,-0.3235042091,-0.4663044594,-0.09301655794,8.034111532e-08,0.003426495835,,,0.91675473,0.1703240974,0.000398234058,1,1,0.8465086544,0.3828976384,0.3078981493,4.059340564e-07,0.06768462094,0.9264047798,retained
within_cluster_1,102900005115878,102900011009277,0.3826623163,0.4404761905,0,,,1,0,,,1,-0.06485008541,,,0.3844295882,0.1032766817,,,0.1012201442,0.04748833306,,,0.1788348449,0,,,1,0,,,1,0.02458956197,,,0.7438717082,-0.001607877741,,,0.9799830575,0.3402506649,0.1945010981,0.4573811344,6.071321057e-23,1,1,1,1,0.6163583272,0.825341422,0.2393980909,1,0.2932409759,2.418929496e-22,retained
within_cluster_1,102900005115878,102900011012994,0.7010888346,0.3344594595,-0.1858498303,,,0.0115417276,0,,,1,0.03659871049,,,0.5584106233,0.2403659822,,,0.0001128867481,0.04322827491,,,0.2004031447,0.1148091172,,,0.1206934301,0,,,1,-0.1644629488,,,0.008505867709,-0.1550629125,,,0.01491558145,0.01853611234,,,0.585283979,0.07481711526,0.1826711374,1,1,0.7763833218,0.0154207098,0.0009894768875,0.03168578737,0.316872737,0.6142282674,retained
within_cluster_1,102900005115878,102900011021842,0.5704591844,0.530418251,0.04405467282,,,0.4997043108,0,,,1,0.2340634813,,,0.001471591426,0.1968962529,,,0.001648517703,0.1539034718,,,6.090523903e-06,0.4568198282,0.2038132722,0.6404809412,1.275270643e-13,0,,,1,0.1496558006,,,0.04555366281,-0.1623135089,,,0.01077995558,0.3655346899,0.2222534137,0.4992339561,3.857674054e-28,0.8018752681,1.000367944e-12,1,1,0.009329334323,0.07259777408,0.009105237502,0.02359651514,4.459943259e-05,1.901484326e-27,weak
within_cluster_3,102900005115885,102900011000571,0.2183819457,0.1864951768,0.02633497786,,,0.7227003507,0,,,1,0.08488613101,,,0.2545596961,0.06390113987,,,0.306560571,0.03588220018,,,0.3083393369,0.1152415713,,,0.1192915154,0,,,1,-0.111926713,,,0.1357837079,0.2098223713,,,0.0008230309691,0.09468647391,,,0.007437092815,0.9345396421,0.1812296119,1,1,0.4708860583,0.1926389551,0.5300395463,0.002310910711,0.4424861494,0.009916123754,retained
within_cluster_3,102900005115885,102900011010891,0.6807481803,0.1168831169,0.03141498929,,,0.6296537119,0,,,1,-0.02533949431,,,0.676807858,-0.01552822601,,,0.7995061352,0.002702326429,,,0.9330126158,0.2531458661,,,7.837957357e-05,0,,,1,-0.03617136843,,,0.5539896092,-0.1504015236,,,0.01463093525,0.09306753416,,,0.003900468453,0.888300828,0.0002340936597,1,1,0.8754012865,0.6481967801,0.9786304606,0.03117966752,0.9586918621,0.005341945925,retained
within_cluster_2,102900005115908,102900005115984,0.8214410807,0.7511737089,0.05565021748,,,0.3570249085,0.1835133791,,,0.002333623836,0.3802396475,0.2056931284,0.5412061089,8.057540096e-11,0.1420974631,,,0.01949477292,0.1975894568,,,4.488216287e-11,0.2581040006,,,1.41009562e-05,0.4570173471,0.2488968915,0.6029285078,1.707094817e-15,0.5679237282,0.2868732695,0.7032613479,1.855660995e-24,0.2522984173,,,3.484250381e-05,0.4308521275,0.3063305485,0.5278926223,3.906483768e-50,0.6900884137,4.68328298e-05,0.03965845957,1.608179043e-14,7.383636742e-09,1.824884179e-23,0.06649993604,0.0001295986858,9.139640438e-10,4.038703219e-49,weak
within_cluster_2,102900005115908,102900005116226,0.6287169185,0.7944444444,0.1369490928,,,0.03213433012,0.009867288384,,,0.8776271765,0.07208461698,,,0.2351829339,0.2598278652,,,1.531596569e-05,0.1256946359,,,5.05615876e-05,0.6663021607,0.5063311731,0.802292265,8.191155064e-33,0.4361889791,0.150712951,0.663125278,7.568642385e-13,0.5970343404,0.3559263811,0.71824098,1.814002829e-27,0.4002639366,0.2072648507,0.5960006004,1.537398599e-11,0.5353650082,0.4393734132,0.6377607505,5.196898415e-77,0.1542447846,2.172811659e-31,1,5.430029555e-12,0.4414607027,2.151193943e-26,0.0001827040641,1.182975411e-10,0.0002831448905,1.326195849e-75,retained
within_cluster_2,102900005115908,102900005116233,-0.1218942427,0.7191539365,-0.02476300769,,,0.6821069476,-0.01081433362,,,0.8596039256,0.2865472064,,,1.478336654e-06,0.2405340408,,,6.529284753e-05,0.1284047777,,,2.136786337e-05,0.186402741,,,0.00187085604,0.3508329434,0.04114911095,0.5670766958,3.075832246e-09,0.6257366289,0.3760900127,0.7530101981,9.442743783e-31,0.08509906291,,,0.1688221071,0.2979526185,,,1.464706378e-23,0.9105286893,0.004385634624,1,1.554104714e-08,2.78535205e-05,1.420639662e-29,0.0006179830076,0.2648602085,0.0001363215587,6.013947164e-23,retained
within_cluster_2,102900005115908,102900005116257,-0.09383717532,0.6920821114,0.1850865612,,,0.002017429285,-0.01835991365,,,0.7622352782,0.2202777081,,,0.0002444160259,0.3070172109,0.1897095521,0.4675599995,2.657813044e-07,0.170722121,,,1.351261892e-08,-0.3890902038,-0.5946417436,-0.1258917832,2.075563931e-11,0.01309684405,,,0.8291362377,0.1294343026,,,0.03351110328,-0.1547064806,,,0.01200119417,-0.1768061322,,,4.684844365e-09,0.0200351598,1.31998009e-10,1,1,0.002219561748,0.05452654093,5.640159049e-06,0.02602810688,1.792018035e-07,9.952208893e-09,weak
within_cluster_2,102900005115908,102900005116509,0.7177848017,0.6666666667,0.05823568022,,,0.3350904437,-0.009664539554,,,0.8734727336,0.2646640569,,,9.328043906e-06,0.1425490945,,,0.01910718217,0.1084009305,,,0.0003303254481,-0.2006716562,,,0.0007998483254,0.2804469777,,,2.405498747e-06,0.6643971634,0.4485798189,0.7871076646,9.377661205e-36,0.2027058251,,,0.0009461579432,0.2989618646,,,8.463113628e-24,0.6633489406,0.001976095863,1,9.219554132e-06,0.0001435521871,2.173030459e-34,0.06551033887,0.002602257044,0.001455885632,3.517863314e-23,retained
within_cluster_2,102900005115908,102900005116530,-0.04447394773,0.7073991031,0.06091954681,,,0.3132551858,0.3782536334,0.2194639956,0.5569872367,3.107013009e-10,0.1721182071,,,0.004342788351,0.09943504446,,,0.103028192,0.1889386813,,,4.036554365e-10,0.4431454485,0.1963827236,0.6150963348,1.051989485e-14,0.4654611073,0.3029102936,0.640532871,2.487940532e-15,-0.02505046555,,,0.6819704623,-0.09642005346,,,0.1187932602,0.1365173755,,,7.563670491e-06,0.629621718,9.261182538e-14,1.043956371e-07,2.31137701e-14,0.02244887517,0.7731733307,0.2423627013,0.1967848911,7.138327719e-09,1.303278608e-05,weak
within_cluster_2,102900005115908,102900005116714,0.6356309173,0.6589219331,0.160051373,,,0.007719434564,0.04444899554,,,0.4637045795,0.2584572234,,,1.528631549e-05,0.2180342993,,,0.0003067049933,0.1736663718,,,7.518966939e-09,-0.3991889049,-0.5408413897,-0.2197381428,5.568120311e-12,-0.4005658018,-0.5976179666,-0.1866326397,5.543372767e-12,-0.4749768398,-0.629335754,-0.2883837603,1.338346919e-16,-0.08554783777,,,0.1665785587,-0.3312185636,-0.415009432,-0.2308308811,3.841613932e-29,0.05577914007,3.680436245e-11,0.9129183909,3.676131414e-11,0.000220122943,7.494742747e-16,0.002307153979,0.2615439053,1.04244835e-07,1.945902936e-28,weak
within_cluster_2,102900005115908,102900005116899,0.0354646182,0.6610009443,0.09789295959,,,0.1046238164,0.08635855223,,,0.1593918594,0.1792722957,,,0.002952965563,0.1791043674,,,0.003144494615,0.1405418285,,,3.331484345e-06,-0.2337390547,,,8.855711685e-05,-0.2440299229,,,5.580901101e-05,-0.2994211194,,,5.368892298e-07,-0.09555935683,,,0.1221359032,-0.2101045601,,,3.359982698e-12,0.3249947827,0.0002621602754,0.5124943996,0.0001805954513,0.01653660715,1.603509166e-06,0.01538665326,0.2014942561,2.623543922e-05,8.372960592e-12,retained
within_cluster_2,102900005115908,102900005116943,0.5131529279,0.7382550336,0.00203098664,,,0.9732055436,0.07721459357,,,0.2068043291,0.3013210726,0.1432961097,0.4711600817,3.890909069e-07,0.276478603,,,3.985328608e-06,0.1799546213,,,2.26147632e-09,0.5776693359,0.3584347684,0.7466224994,5.761028036e-26,0.5740625106,0.3290102579,0.7325114999,5.574428517e-25,0.6430734988,0.4471858869,0.7744416054,6.61530876e-33,0.311804684,0.07093861534,0.5075538064,2.445956192e-07,0.5546353645,0.4438582179,0.6542280258,5.574954819e-88,1,1.036985047e-24,0.588036005,1.422537708e-23,9.016175497e-06,1.159692388e-31,5.780160053e-05,1.193958277e-06,3.453891107e-08,1.783985542e-86,weak
within_cluster_2,102900005115908,102900005118817,-0.3988037142,0.6136618141,-0.06303600801,,,0.2967083879,0.0623137053,,,0.3040632323,0.2743933343,,,4.193710243e-06,0.2513243087,,,2.943807518e-05,0.1479441289,,,8.988826534e-07,-0.02543617561,,,0.6739539147,0.02963473058,,,0.6252617407,0.4319721499,0.1971777195,0.6751978391,1.061753947e-13,0.008644591505,,,0.8890340772,0.07414055573,,,0.01466976172,0.6128730634,0.7790659931,0.7239548516,0.8586700744,6.818161169e-05,5.036461077e-13,0.0003157216972,1,8.162826258e-06,0.01910480596,retained
within_cluster_2,102900005115908,102900005118831,-0.5170860057,0.5893060296,0.009579005869,,,0.8741260205,0.03271849726,,,0.589710256,0.0746379384,,,0.2189676233,0.1286303528,,,0.0346358666,0.07054833119,,,0.01966890203,0.1224707964,,,0.04204615394,0.2598716512,,,1.318186562e-05,0.3074266204,0.1257507798,0.5334263652,2.557521536e-07,-0.3523613271,-0.5723838869,-0.1079416477,4.18586769e-09,0.0743274112,,,0.01442114672,1,0.0730733158,1,4.69516627e-05,0.4236369392,7.85970033e-07,0.1083304199,2.481973313e-08,0.04865338221,0.01879316858,retained
within_cluster_2,102900005115908,102900005125808,0.6137282802,0.790070922,0.1596230445,,,0.01200234614,0.07666478298,,,0.2308859167,0.2828207451,,,2.045954007e-06,0.3537858099,0.1976669399,0.55994773,2.219588832e-09,0.2221128308,,,4.793999099e-13,0.7846343008,0.6990660444,0.867078908,8.710892524e-53,0.4748735787,0.199909251,0.6802596677,3.059374666e-15,0.687827393,0.4934042861,0.786602211,3.623037652e-39,0.306576778,0.06564625612,0.5497198989,3.961713358e-07,0.6314272352,0.5456414859,0.7037237696,3.092362306e-115,0.07705964909,9.242715436e-51,0.6298592801,2.829219874e-14,3.682717213e-05,1.074124104e-37,7.714984631e-08,1.874838998e-06,1.464348816e-11,1.781200688e-113,weak
within_cluster_2,102900005115908,102900011000328,0.1033847392,0.7419354839,0.03700714395,,,0.5403866999,-0.02786396184,,,0.646690404,0.1856486677,,,0.002068862084,0.1877515497,,,0.001945955295,0.09226589339,,,0.002273329834,0.1190546104,,,0.04816154493,0.05402875038,,,0.3738660118,0.631240621,0.3727136381,0.7640796733,2.02238985e-31,0.1618040129,,,0.008567004439,0.212954555,,,1.461201545e-12,0.8297178881,0.08228277507,1,0.5536295929,0.01245022675,3.26171035e-30,0.01046145566,0.01910517804,0.00776785245,3.691456535e-12,retained
within_cluster_2,102900005115908,102900011008164,0.02910008206,0.6457607433,0.00793420092,,,0.8956038979,0.130533663,,,0.05318968661,0.3023432943,0.1664613651,0.4381066444,3.537760183e-07,0.005345859776,,,0.93032613,0.09768020568,,,0.001619741469,-0.07402631427,,,0.2202292689,0.05883136708,,,0.3851799857,0.4855030791,0.2681506339,0.6542296622,2.251935756e-17,-0.07455220087,,,0.2282217928,0.1459529229,,,2.583982589e-06,1,0.3118169189,0.2785205408,0.5668050008,8.39073474e-06,1.347152072e-16,1,0.3381082902,0.005883601444,4.610007876e-06,retained
within_cluster_2,102900005115908,102900011013274,-0.4197013297,0.5038419319,0.1029125063,,,0.08791776646,-0.1249078984,,,0.05482089643,0.02289754368,,,0.7064389559,0.165018822,,,0.006575497901,0.03800028988,,,0.2172601506,-0.09957374918,,,0.0987710885,0.0895490091,,,0.1694221792,-0.04156048896,,,0.4964829091,-0.08585107893,,,0.1650752391,-0.08378843315,,,0.00669981441,0.2900854618,0.1531711649,0.2812186443,0.2739014541,0.8894730039,0.5922541684,0.02808517748,0.2601967803,0.3387443648,0.008968675864,retained
within_cluster_2,102900005115908,102900011016701,-0.4163354366,0.4920159681,0.1069383616,,,0.07612606624,-0.0701106989,,,0.309609084,0.249659871,,,4.375995139e-05,0.1642386944,,,0.006838950278,0.1175285779,,,0.0001685572654,-0.1619682979,,,0.007008621264,-0.4039360827,-0.5996979648,-0.1995127043,1.002944548e-09,-0.6295131406,-0.7296140849,-0.4489952982,5.392247064e-30,-0.2535206418,,,3.182567334e-05,-0.4167323691,-0.4903526477,-0.3151853376,1.058500753e-43,0.2648220057,0.01447682425,0.7273997386,5.238231882e-09,0.0005251194167,7.497082815e-29,0.02896496588,0.0001190362847,0.0008177451496,9.042108125e-43,retained
within_cluster_2,102900005115908,102900051004294,0.4845837588,0.7234042553,0.09985095353,,,0.09783129275,-0.02143932109,,,0.723861956,0.2634498503,,,1.028440606e-05,0.2278324802,,,0.0001593149611,0.1384684103,,,4.332596194e-06,0.2799048048,,,2.314971304e-06,0.466356661,0.2169283485,0.6214275897,3.347700784e-16,0.6846286326,0.457381244,0.8000760778,1.106498125e-38,0.1880829473,,,0.002190959915,0.423270178,0.3085086912,0.5311662225,2.593523885e-48,0.311084994,8.67468801e-06,1,3.478847825e-15,0.0001558899445,3.186714601e-37,0.001295076458,0.005542001492,3.296042991e-05,2.538128229e-47,retained
within_cluster_2,102900005115908,102900051010455,0.8908916956,0.6479591837,0.0991409104,,,0.1002528441,0.06988067738,,,0.2489708341,0.1249974156,,,0.03902519047,0.1505692413,,,0.01325800856,0.1107420472,,,0.0002441763128,-0.03139407867,,,0.6035386029,0.03650825078,,,0.5473359047,-0.01856269771,,,0.7614118634,0.2910284516,,,1.574481492e-06,0.1725223625,,,1.104345837e-08,0.3153037969,0.7182608166,0.6561113745,0.7662702666,0.1165552355,0.8392598779,0.04894744492,7.022466122e-06,0.001121319924,2.292853972e-08,retained
within_cluster_0,102900005115946,102900005116219,0.4087962321,0.2692998205,-0.1196853633,,,0.0469795509,0.2166175011,,,0.0006081955047,0.03623736963,,,0.5510495162,-0.1330251905,,,0.02885900308,0.03348942159,,,0.2746390194,0.1886471906,,,0.001643171622,-0.1209147541,,,0.05774176777,-0.00237250777,,,0.9690470809,-0.04997237262,,,0.4196320081,0.1222869327,,,6.773353779e-05,0.1969038973,0.003897216459,0.01377665323,0.1067957833,0.7687998787,1,0.0929388981,0.559835237,0.404140338,0.0001083736605,retained
within_cluster_0,102900005115946,102900005118824,0.8313441984,0.529318542,-0.00777283429,,,0.8977153909,-0.04156361522,,,0.4916605937,0.1042465652,,,0.08557435235,-0.1365794777,,,0.02481021652,0.006022567667,,,0.8422113743,0.1195668955,,,0.04719968264,0.04641469106,,,0.442479351,0.3351496032,0.09223171131,0.5642509839,1.645687517e-08,-0.01218543759,,,0.8440774937,0.4261883426,0.2716913433,0.5482934654,4.107077497e-49,1,0.08091374167,0.947598238,0.6408321635,0.2106445596,5.465743056e-08,0.08186153273,0.97684284,0.8974091599,4.09894467e-48,retained
within_cluster_0,102900005115946,102900005119975,0.9328045874,0.5833333333,0.1083932798,,,0.07219405285,0.1117678605,,,0.0637085827,0.3465557127,0.2045136705,0.4891772815,4.02692212e-09,-0.1193983415,,,0.05001579748,0.1588633976,,,1.260460759e-07,0.486123895,0.2743198009,0.6694623594,8.914925223e-18,0.0308941423,,,0.6093197712,0.6515659206,0.5003924383,0.793774622,5.170963705e-34,-0.01447334854,,,0.8152858391,0.5948382462,0.4845088659,0.693476576,8.151958819e-105,0.2562231476,1.004049679e-16,0.3043519022,0.840786214,2.029568749e-07,9.834587575e-33,0.1434307933,0.9506166869,1.388573164e-06,3.652077551e-103,weak
within_cluster_0,102900005115946,102900011001691,0.7350562506,0.2525510204,-0.05519119353,,,0.3610111402,-0.007281581633,,,0.9114027858,0,,,1,0,,,1,0.01420836493,,,0.6448167477,0.2997272534,,,3.89589622e-07,0.4014734195,0.2237246987,0.5467690683,1.490391649e-10,0,,,1,0,,,1,0.434128822,0.3340203847,0.5249009846,2.859210877e-49,0.6905108716,1.626113205e-06,1,8.560198192e-10,1,1,1,1,0.7518511067,2.867745835e-48,retained
within_cluster_0,102900005115946,102900011006948,0.8920596569,0.2962264151,0.03214459961,,,0.5949060953,0.1011084564,,,0.09547553979,-0.1033347179,,,0.08836233777,-0.1333377637,,,0.02848157572,0.01224735841,,,0.686013608,0.2177796049,,,0.0002669166752,-0.1407526301,,,0.01998986829,0.128782356,,,0.03442078212,-0.03191483304,,,0.6063870284,0.2079461627,,,4.919722447e-12,0.8697104337,0.000724231517,0.3744857117,0.04158882814,0.2156640108,0.05582646561,0.09230480362,0.7513683154,0.7826271716,1.20805852e-11,retained
within_cluster_0,102900005115946,102900011007969,0.6128366655,0.2202531646,-0.05319528207,,,0.3786648299,0.1219947838,,,0.05968065339,-0.06527673331,,,0.2824882578,0,,,1,0.03315258979,,,0.2813137584,0.5044658173,0.2539666893,0.6558391165,3.175460663e-19,0.4970453206,0.2601444831,0.6311332036,2.563592662e-16,-0.04515206237,,,0.4599927201,0,,,1,0.4468288266,0.304258521,0.5591963649,1.425588669e-52,0.7053765882,4.077534201e-18,0.295998842,2.705865344e-15,0.5008762777,0.5539697275,1,1,0.412157367,1.632947021e-51,retained
within_cluster_0,102900005115946,102900011022764,0.7544556023,0.4754098361,0.04083067111,,,0.4993370286,0.2934455299,,,1.276727344e-05,0.3154139205,0.1050729496,0.5050952668,1.44389355e-05,-0.004214058137,,,0.9515955223,0.1632988645,,,1.084701663e-06,0.2901779307,,,9.349440071e-07,0.4938475515,0.2416666509,0.6612235466,1.475279133e-14,0.2335917976,,,0.001649526769,0,,,1,0.4626825831,0.3445801218,0.569142113,1.801778741e-47,0.8018752681,3.724994305e-06,0.0008739793044,1.265601162e-13,0.0002109340143,0.003348888183,1,1,9.633297593e-06,1.713389595e-46,weak
within_cluster_0,102900005115946,102900051000944,0.8009110974,0.4446808511,0.02251032194,,,0.7096549843,0.0212170755,,,0.7256451359,-0.03552142453,,,0.5589500665,0,,,1,0.007091249866,,,0.8146822568,0.5963363951,0.4044876789,0.7125655237,5.71610567e-28,0.4351576879,0.2400723996,0.5640442301,3.522124316e-14,0.02430153755,,,0.6909832337,0,,,1,0.540937906,0.4277873675,0.6533065555,1.735599724e-83,0.9280532168,1.164006973e-26,1,2.922058692e-13,0.7765977491,0.7812799771,1,1,0.876881703,5.222341855e-82,retained
within_cluster_4,102900005115960,102900005116547,0.1047264541,0.8747474747,0.2078393572,,,0.0005103930619,0.1665917516,,,0.005528947541,0.5131324251,0.3751714474,0.6274088416,9.726972355e-20,0.3606934388,0.1730623164,0.5800781629,1.02111061e-09,0.3266911723,0.2473561244,0.4317480398,1.19666214e-28,0.8490167365,0.754121324,0.924284818,6.875228163e-78,0.7607586835,0.5817222125,0.8748371194,2.299952058e-53,0.8829917328,0.8020255667,0.9243193601,5.149467648e-90,0.7973733648,0.6266167296,0.9009411981,3.505880676e-59,0.818991775,0.7431653675,0.8742537077,1.633155698e-263,0.007145502866,2.772091995e-75,0.0671467364,4.215184863e-51,6.536525423e-17,1.038132678e-86,3.675998197e-08,1.009693635e-56,1.855746827e-26,1.097480629e-260,clear
within_cluster_4,102900005115960,102900005116790,-0.1850086376,0.810546875,0.198785107,,,0.002457041579,-0.03176294218,,,0.6200566584,0.385214769,0.18317445,0.5756265554,4.347587423e-11,0.2292833125,,,0.000144237548,0.2161943667,,,3.047987639e-12,0.7487372458,0.5258683429,0.9090666327,1.354891059e-42,0.5813134388,0.3490772029,0.71722887,1.232107456e-23,0.7038573751,0.5529408912,0.8063493002,1.075318405e-41,0.7994061438,0.6843561063,0.865872636,1.087224866e-59,0.7220612275,0.644331865,0.7953123683,2.631498811e-163,0.02358759916,7.18805362e-41,1,2.642477267e-22,4.173683926e-09,4.197751965e-40,0.001186868967,3.653075549e-57,7.493589121e-11,5.894557337e-161,weak
within_cluster_4,102900005115960,102900005116912,-0.3017470741,0.6464208243,0.01324133324,,,0.8584104458,0.04921350384,,,0.4422388739,0.2184089477,,,0.002467264478,0.09042790151,,,0.2273395551,0.07761472357,,,0.02815245165,0.2446341425,,,0.0008176084298,0.6608777709,0.3687319442,0.8136201116,2.951825931e-32,0.1461956108,,,0.04414657313,0.7364453473,0.5501193816,0.8746383618,1.611189158e-31,0.4157230946,0.2616403394,0.5660195769,1.188688119e-34,1,0.002010120237,0.8909193146,1.525866943e-30,0.0143343089,0.07057850232,0.4283719716,9.022659282e-30,0.06553734703,7.373523842e-34,retained
within_cluster_4,102900005115960,102900005117209,0.5139458817,0.4442344045,0.1638439688,,,0.006370286491,-0.1536731844,,,0.01071219815,0.02671408338,,,0.6603411163,0.1050914405,,,0.08478138891,0.03849891696,,,0.2032333433,0.2432013412,,,4.436177578e-05,0.399706084,0.2102254552,0.5681514612,5.681775841e-12,0.6018101786,0.3977258826,0.7493980411,5.434767146e-28,0.4398468036,0.1311427364,0.6301069865,7.204187989e-14,0.4536524391,0.3176977738,0.5449616339,3.875951871e-56,0.04846225497,0.0001373784024,0.1038259205,3.755560687e-11,0.8598176889,6.680786931e-27,0.2120176737,6.755182784e-13,0.3203048862,4.914414448e-55,retained
within_cluster_4,102900005115960,102900005119944,-0.4192534442,0.683982684,-0.1367412483,,,0.06418223071,0.1098476512,,,0.08555526226,0.0730181595,,,0.2370653188,0.008119842258,,,0.9138513649,0.01833855744,,,0.588217155,0.32942674,0.1448164333,0.5553607365,4.966016402e-06,0.6857962053,0.4209371423,0.8417584356,1.583622248e-35,0.3665317798,0.0906318889,0.6326338871,9.432380073e-10,0.715747862,0.4898196348,0.8747492331,4.330025597e-29,0.4971186087,0.3584034421,0.6366062275,1.966639355e-55,0.2384423083,1.778239621e-05,0.357368067,1.06419415e-33,0.4441669914,3.420086012e-09,1,1.818610751e-27,0.7037660442,2.402875721e-54,retained
within_cluster_4,102900005115960,102900005119968,-0.3546375616,0.2139423077,-0.0155364176,,,0.8042361182,0.04281677127,,,0.5638707659,0.1789646387,,,0.003225530043,-0.04714495708,,,0.4404072472,0.01990442657,,,0.5336962868,0.1317933416,,,0.03470974967,0.5682763498,0.30031378,0.8166733731,3.973005919e-17,0.1929731057,,,0.001565555141,0.1701165602,,,0.005677032597,0.2191847534,,,5.136169515e-12,0.9743711846,0.06159758392,1,4.55089769e-16,0.01767029502,0.003190702243,0.6851245017,0.01324640939,0.6601202981,1.259673691e-11,retained
within_cluster_4,102900005115960,102900005123880,0.2547757347,0.3533980583,0.0953543604,,,0.116657502,-0.07064945202,,,0.2696671203,0.02497697012,,,0.6811768107,0.06863412164,,,0.2610693964,0.009943194543,,,0.7463121839,-0.01915282149,,,0.7531788644,0.2995442635,,,1.713666867e-06,0.5649941555,0.3450583978,0.7313281264,3.590084926e-24,0.3641947752,0.1187003263,0.5517703381,1.139803399e-09,0.3644380988,0.2467953112,0.4473528633,2.326754844e-34,0.3438326375,0.8474258782,0.6770223096,6.651489244e-06,0.8766784827,3.413967552e-23,0.4699249136,7.158391443e-09,0.8277179396,1.42575616e-33,retained
within_cluster_4,102900005115960,102900005125815,-0.3567784152,0.8866396761,0.1751750608,,,0.003504498974,0.3622185593,0.2390726492,0.496827822,5.567925748e-10,0.328866929,0.1415525158,0.5197722881,2.630822934e-08,0.211263174,,,0.0004743631903,0.2616325194,,,1.350112703e-18,0.8450300995,0.7488537352,0.9120134038,1.826120702e-76,0.7868148597,0.6174463911,0.902830356,2.293145152e-59,0.7333782764,0.5488904057,0.8721551535,7.988737529e-47,0.8316685433,0.6905619257,0.922398145,1.226333264e-68,0.7595894298,0.658255879,0.8328706349,1.51442783e-204,0.03098714882,6.135765558e-74,1.603562616e-07,6.604258038e-57,8.694654156e-07,5.195256406e-45,0.003263877787,6.18071965e-66,1.008084151e-16,5.088477508e-202,weak
within_cluster_4,102900005115960,102900011001219,0.4521728491,0.443378119,0.2656651127,,,7.670209978e-06,-0.09065645973,,,0.1395597317,0.1122377072,,,0.06405203347,0.08396251894,,,0.1689224755,0.08155053205,,,0.007170017592,0.07171981893,,,0.2349825566,0.4023705087,0.2081319315,0.5920796998,8.199583614e-12,0.669556912,0.4687112662,0.8175523972,1.767018333e-36,0.5443622168,0.3166167304,0.693591996,1.084226275e-21,0.4783474943,0.3723748288,0.5762269272,1.285277016e-62,0.0002973681407,0.3280642896,0.4720678173,5.332374376e-11,0.1681365879,4.397912294e-35,0.3457710581,2.122136089e-20,0.02082817791,1.977953027e-61,retained
within_cluster_4,102900005115960,102900011001806,0.2650712139,0.7139784946,-0.008976322939,,,0.9037437656,0.1045737571,,,0.1129412326,0.3500937168,0.1329571667,0.5287039774,2.727264165e-09,0.1470832008,,,0.02704119707,0.163724885,,,6.469536933e-07,0.5695902193,0.3935589463,0.6863886394,3.24180259e-17,0.5045306146,0.3052699655,0.6691825344,2.541921924e-16,0.7793590402,0.6532802416,0.8495689829,2.420805182e-56,0.7774149832,0.6494174056,0.8577038185,8.796648379e-46,0.6832173355,0.6079369015,0.7618230015,1.92727752e-125,1,3.494905893e-16,0.4135058509,2.697112947e-15,1.527267932e-07,3.05021453e-54,0.08835502964,1.477836928e-43,6.10272824e-06,1.439033882e-123,weak
within_cluster_4,102900005115960,102900011001813,0.4991271661,0.2711111111,0.03631767465,,,0.6245293751,-0.0587124061,,,0.3631355975,0.1185235561,,,0.05043622828,0.1399087585,,,0.05484246482,0.05031037484,,,0.1341196401,0.1362994322,,,0.06505572777,0.1781774387,,,0.005440631977,0.7946231981,0.6290902139,0.8699104629,5.019695533e-60,0.4663616548,0,0.6730716729,2.859528925e-11,0.4529208459,0.3457369667,0.5786813544,1.123299709e-45,0.8860318228,0.1060421576,0.7986169009,0.01256393364,0.1427096157,1.011970619e-57,0.1548493124,2.175400118e-10,0.2345058061,1.020077573e-44,retained
within_cluster_4,102900005115960,102900011008522,-0.2856390601,0.4335664336,0,,,1,-0.07792187426,,,0.1993080198,0.185868073,,,0.002043271439,0.05141836444,,,0.4000528369,0.09184262751,,,0.002382131034,0,,,1,0.2373527441,,,7.480597848e-05,0.2523171067,,,2.730793527e-05,0.6346179776,0.3514581464,0.7875902935,4.759985374e-31,0.2922082326,,,9.63302692e-23,1,1,0.5748282803,0.0002349047549,0.01237007574,6.959898547e-05,0.6405929462,2.460546286e-29,0.008098442099,3.822870526e-22,retained
within_cluster_4,102900005115960,102900011009246,0.4079015472,0.6043165468,0.1140781039,,,0.1230922387,0.104442182,,,0.1323326838,0.08575482414,,,0.1623395501,0.1709673065,,,0.02174982673,0.1122308252,,,0.001121160218,0.6532824525,0.4389840438,0.7901128362,9.130062136e-24,0.4646717526,0.3098873924,0.6005513426,1.365671447e-12,0.7152484225,0.6211080038,0.8122989917,8.162872644e-43,0.7850915182,0.5196337971,0.8860182792,2.991196417e-38,0.7082782581,0.646385432,0.7698034667,4.082583529e-128,0.3555214229,1.521173989e-22,0.4580002467,9.526621579e-12,0.3416247734,3.656966945e-41,0.07295782144,3.547207045e-36,0.004209048417,3.429370165e-126,retained
within_cluster_4,102900005115960,102900011009970,-0.07540491209,0.8333333333,0.0526818657,,,0.3832900196,0.2450234335,,,3.870772191e-05,0.1125860437,,,0.06322562572,0.4037276836,0.2674365672,0.5429333135,5.235560044e-12,0.213556823,,,9.249962131e-13,0.8597636441,0.7583206131,0.9229979237,6.072295769e-82,0.7636779907,0.6074200846,0.8531738486,5.347559842e-54,0.8028308342,0.6868960136,0.8920415636,3.875731459e-62,0.8016919566,0.6814564046,0.8862178713,2.867520402e-60,0.7899061771,0.7101315018,0.8449146175,3.027553214e-232,0.7107409778,4.080582757e-79,0.002000891471,1.197853405e-51,0.1664006024,9.766843278e-60,3.769603232e-10,1.156184226e-57,2.626468121e-11,1.220709456e-229,weak
within_cluster_4,102900005115960,102900051000463,-0.3996361846,0.5494137353,0.09479098782,,,0.1161411166,0.1051479248,,,0.1207948369,0.1217218494,,,0.04449212262,0.1920338518,,,0.001522519235,0.1229557401,,,7.136307589e-05,0.2895846599,,,9.861701698e-07,0.4764507157,0.2891838722,0.7083725539,8.238232713e-14,0.6475444675,0.4738238176,0.7569804078,1.74644933e-33,0.2466769424,,,5.253773566e-05,0.391751956,0.276627251,0.5257797028,4.803783752e-39,0.3438326375,3.913620201e-06,0.4300610454,6.696885947e-13,0.1292451285,3.26003875e-32,0.008485488006,0.0001887987078,0.0003856460014,3.54740954e-38,retained
within_cluster_2,102900005115984,102900005116226,0.7782658914,0.7806122449,0.1947361225,,,0.002199513414,0.08130118179,,,0.2038107601,0.1111855689,,,0.06660217075,0.08885404711,,,0.1453570274,0.1019292591,,,0.001029963603,0.4956703077,0.321860339,0.6592614671,1.35079399e-16,0.51193046,0.3604691735,0.6125578528,7.787560676e-18,0.5850886717,0.3618729248,0.6919122807,3.391523824e-26,0.5174859173,0.2206338568,0.6957385246,2.040443053e-19,0.4917248586,0.3817443395,0.5887688107,1.885941815e-63,0.02152533516,1.389388104e-15,0.581986533,9.631731487e-17,0.1736421316,3.736236082e-25,0.309440092,3.116313026e-18,0.003925154298,2.947332324e-62,retained
within_cluster_2,102900005115984,102900005116233,0.1645738927,0.9127182045,0.1443167121,,,0.01642819409,0.08924329415,,,0.1435951484,0.3670383344,0.222833276,0.4970603785,3.940808479e-10,0.182943763,,,0.002547565537,0.1805880239,,,1.949348444e-09,0.6420079309,0.4120599612,0.8008358826,1.819608359e-33,0.3690177195,0.05985641799,0.5754033813,3.907216392e-10,0.6437504236,0.442588498,0.7560163788,5.414985395e-33,0.5343384012,0.2850737124,0.7368872059,8.076988945e-21,0.5230364729,0.3979324138,0.6264395026,8.315720254e-77,0.09683988098,5.094903404e-32,0.4761312816,2.128904931e-09,2.888752922e-08,9.575974172e-32,0.01303525919,1.428351729e-19,3.02704937e-08,2.019818317e-75,weak
within_cluster_2,102900005115984,102900005116257,0.1758232924,0.7553606238,0.1818064237,,,0.002429428993,0.1352212238,,,0.02546721819,0.3352957072,0.1896592713,0.4760642057,1.348235862e-08,0.3126325278,0.1697867616,0.4417967352,1.560196192e-07,0.2415584785,,,5.801841703e-16,-0.5433638958,-0.6663285966,-0.3197269989,1.334089133e-22,-0.1445924635,,,0.01681748228,0.2603954308,,,1.465045919e-05,-0.0885930292,,,0.1519400125,-0.0897033631,,,0.003144712347,0.02343410933,2.151618953e-21,0.1751614233,0.03546448147,5.329497053e-07,3.815933556e-05,3.418864699e-06,0.2421726573,2.999105865e-14,0.004354217095,weak
within_cluster_2,102900005115984,102900005116509,0.5792960255,0.7605633803,0.09345995462,,,0.121377175,0.1046749365,,,0.08428923787,0.4030773538,0.2626015069,0.5347656012,4.347841587e-12,0.1232124463,,,0.0430826095,0.1716552921,,,1.140796553e-08,-0.06076239463,,,0.3145074644,0.2262983319,,,0.0001626333586,0.6092608609,0.4514806766,0.7187091848,7.957404296e-29,0.03310037282,,,0.5930735439,0.280105822,,,5.902837663e-21,0.3530972363,0.4218543235,0.3554960325,0.000492295572,4.613288758e-10,1.048505037e-27,0.1302167028,0.7394163665,1.523076722e-07,2.191550779e-20,weak
within_cluster_2,102900005115984,102900005116530,-0.1399336685,0.6931216931,0.2441014077,,,4.147791922e-05,0.05188363763,,,0.4056858709,0.2023513956,,,0.0007712595041,0.1842280714,,,0.002372175104,0.1526149806,,,4.790987142e-07,0.4203540761,0.1631521405,0.6190484723,3.045402442e-13,0.1945513935,,,0.001655325214,-0.03295424668,,,0.5897987317,-0.2398133477,,,8.563165399e-05,-0.02010500715,,,0.5116092675,0.001072044681,2.299449934e-12,0.8426149553,0.004234943694,0.005633547682,0.6810047211,0.01242157145,0.0002971315223,4.599347656e-06,0.5451396846,weak
within_cluster_2,102900005115984,102900005116714,0.5827027498,0.7255813953,0.2542594307,,,1.908166926e-05,0.1712082413,,,0.004556529895,0.421882135,0.2667195016,0.5465282264,3.304000963e-13,0.2321269002,,,0.0001184821002,0.2714696803,,,6.687693206e-20,-0.3013717105,-0.496249071,-0.06544154697,3.33995812e-07,-0.4091230849,-0.570726073,-0.2294516532,1.932160664e-12,-0.4443070182,-0.6035663817,-0.2363796922,1.720785419e-14,-0.2899246633,,,1.731230949e-06,-0.3601872227,-0.4531495283,-0.2578890769,1.729064341e-34,0.0005575165975,1.405710975e-06,0.0592642856,1.320418949e-11,5.123743032e-11,8.629610461e-14,0.001007847738,7.687580602e-06,5.861908479e-18,1.065991961e-33,weak
within_cluster_2,102900005115984,102900005116899,0.05956607792,0.7287334594,0.3118905077,0.2116925782,0.4294483061,1.219473495e-07,0.1042242065,,,0.08979819053,0.2804614814,,,2.507229394e-06,0.2863193073,,,1.723572518e-06,0.2430616111,,,4.695725097e-16,-0.2050544559,,,0.0006088213141,-0.08081715258,,,0.1888358372,-0.2182571488,,,0.0003022653299,-0.1465445435,,,0.01740279196,-0.2096047646,,,3.87665875e-12,1.068895029e-05,0.001543878955,0.3600749682,0.3014196737,4.433837245e-05,0.0006763228691,2.89560183e-05,0.03666042695,2.491205736e-14,9.58937919e-12,weak
within_cluster_2,102900005115984,102900005116943,0.7477888202,0.7391857506,0.1605764024,,,0.007518624329,0.008197428586,,,0.8935417676,0.244953464,,,4.291015194e-05,0.04864264806,,,0.4260068458,0.1167529806,,,0.0001134522297,0.5757647592,0.3494216577,0.7144519801,9.072961972e-26,0.4786300509,0.2234356738,0.6218929833,8.28402271e-17,0.5560303718,0.3724142581,0.6842222368,2.597790513e-23,0.6089453287,0.3859103742,0.762205307,4.430940718e-28,0.5521721269,0.4565113733,0.6455121681,4.638563577e-87,0.05531951331,1.604481696e-24,1,9.226845184e-16,0.0005211257007,2.298423325e-22,0.6693918949,1.717841632e-26,0.0005746726005,1.461147527e-85,retained
within_cluster_2,102900005115984,102900005118817,-0.3544261432,0.7725674091,0.3614289798,0.2302544847,0.4595882749,6.105357987e-10,0.2165656267,,,0.0003125077756,0.2342671644,,,9.326336409e-05,0.2311980947,,,0.0001263780996,0.2488507099,,,7.086108659e-17,0.625559776,0.4406218614,0.7831288609,2.212029217e-31,0.1023251001,,,0.09153371021,0.321937857,0.09117923439,0.5257314139,6.297080062e-08,0.01352740312,,,0.827162148,0.2187566997,,,3.445966182e-13,1.025700142e-07,5.30887012e-30,0.009264936405,0.1588054731,0.001010854527,2.011872172e-07,0.001057171157,0.9611290435,4.464248455e-15,9.045661228e-13,weak
within_cluster_2,102900005115984,102900005118831,-0.2827030478,0.4758551308,0.09416419445,,,0.1185843933,0.1458127543,,,0.01590590272,-0.0147725186,,,0.8080244767,0.1779966963,,,0.003338862805,0.1049377032,,,0.0005140372963,-0.5960702985,-0.7463711991,-0.3514130989,6.117586884e-28,0.1580244658,,,0.008910576778,0.1793188535,,,0.0031080649,-0.5379174558,-0.7473721062,-0.2596341893,3.973610815e-21,-0.2213193648,,,1.796760461e-13,0.3479856432,1.233305516e-26,0.1311641678,0.01971868582,0.9587859595,0.00601330023,0.01625881018,7.34935725e-20,0.002140087117,4.810450319e-13,retained
within_cluster_2,102900005115984,102900005125808,0.7741947668,0.7200504414,0.1011492236,,,0.1128095393,0.2204519817,,,0.0004958435755,0.3318297757,0.2205351769,0.4815300075,1.93695228e-08,0.1887111356,,,0.001842666607,0.2163549745,,,1.937171205e-12,0.4484184973,0.2426208252,0.593357584,1.274128437e-13,0.3620273525,0.1454273732,0.5128453791,4.949612271e-09,0.6033184314,0.3959639511,0.7330928878,3.698590714e-28,0.4151297099,0.1796356874,0.6020024015,2.226398366e-12,0.4729336763,0.360710412,0.5804727188,2.662185727e-58,0.3394388525,1.000367944e-12,0.01225902685,2.476034327e-08,7.231288512e-07,4.631278808e-27,0.009959291904,1.870174628e-11,4.881671437e-11,3.650997569e-57,weak
within_cluster_2,102900005115984,102900011000328,0.2032831785,0.8465011287,0.2074505715,,,0.0005231861457,0.1440623102,,,0.01743474473,0.2754039241,,,3.852662532e-06,0.2317717856,,,0.000121444755,0.2023689362,,,1.51386993e-11,0.2464793382,,,3.468633392e-05,-0.1126073912,,,0.06366501374,0.592660795,0.381974711,0.7143610645,5.375171677e-27,0.3514079382,0.08629937815,0.5348305207,4.637665041e-09,0.319689647,0.2076348923,0.4605669307,4.141434467e-27,0.007274091516,0.0001096044658,0.1384763361,0.116680607,6.314607857e-05,6.300201222e-26,0.001024404293,2.725811289e-08,3.353804153e-10,1.987888544e-26,weak
within_cluster_2,102900005115984,102900011008164,-0.3524139896,0.7681331748,0.1472038265,,,0.01437378844,0.06585366477,,,0.3320357708,0.2901203101,,,1.077810782e-06,0.05713661094,,,0.3496549554,0.1368445898,,,9.672103272e-06,0.127643247,,,0.0340378977,-0.05904249828,,,0.3845694884,0.5385661132,0.3193395554,0.6948099395,1.038994142e-21,0.08909369467,,,0.149629477,0.230122072,,,8.033427799e-14,0.08724420404,0.06045850376,0.7598003564,0.5663200062,2.130261309e-05,8.412097149e-21,0.5816042823,0.2390277541,6.696452793e-05,2.188566276e-13,retained
within_cluster_2,102900005115984,102900011013274,-0.1534486786,0.5110178384,0.1405571383,,,0.01948489547,0.1070169011,,,0.1010033325,0.1695902645,,,0.004960095753,0.07808672321,,,0.2008629855,0.1182784549,,,0.0001177593523,-0.2781392233,,,2.695574685e-06,0.1982772158,,,0.002211446903,-0.07277224973,,,0.2333384604,-0.2494598226,,,4.292342926e-05,-0.1328235039,,,1.649802192e-05,0.1112791764,9.989482655e-06,0.3843326708,0.0055176695,0.02493654124,0.3102970556,0.3909713357,0.0001564803497,0.0005920270677,2.778614218e-05,retained
within_cluster_2,102900005115984,102900011016701,0.0226332706,0.5531281033,0.2517198464,,,2.324127429e-05,0.1552353796,,,0.02411966228,0.2561168264,,,2.716848016e-05,0.3503242063,0.2017314776,0.4780605287,3.252569104e-09,0.25383671,,,1.901963151e-16,-0.1443241143,,,0.01642261484,-0.3811337909,-0.5538037032,-0.1709941532,1.060223377e-08,-0.4043681364,-0.5594913281,-0.1648339675,1.310833639e-11,-0.4119133777,-0.5780321019,-0.2322371478,3.409574317e-12,-0.3425492823,-0.4277405882,-0.2584838038,3.71032653e-29,0.0006418412186,0.03114580576,0.1694259204,5.15038633e-08,0.0003556601039,5.393144114e-11,1.092863219e-07,2.794187733e-11,1.065099365e-14,1.884135588e-28,weak
within_cluster_2,102900005115984,102900051004294,0.4820052497,0.91125,0.278807751,,,2.544921955e-06,0.1152614752,,,0.05716623884,0.3294634127,0.2167384485,0.4627309146,2.474201434e-08,0.2146979479,,,0.0003808627162,0.2231715152,,,8.610318686e-14,0.6577913431,0.4544947721,0.8259926792,1.367724857e-35,0.5006187068,0.2380108465,0.6697790219,1.007208705e-18,0.5744269679,0.3409885357,0.7109939556,4.187668295e-25,0.4918723796,0.2178625645,0.6866277403,1.984979571e-17,0.5495349213,0.4323054965,0.6588655867,2.137755191e-86,0.0001350148069,4.595555518e-34,0.2895656721,1.344723675e-17,8.464177288e-07,4.374269059e-24,0.002722763248,2.470196799e-16,2.799742334e-12,6.630329946e-85,weak
within_cluster_2,102900005115984,102900051010455,0.7457692888,0.7898089172,0.2414906709,,,5.037160065e-05,0.1689869243,,,0.005118628027,0.2551928569,,,1.97226727e-05,0.2205917073,,,0.0002592189021,0.2152140836,,,6.570499315e-13,0.07198371983,,,0.2332601263,0.2062292242,,,0.0006063410066,0.009764869206,,,0.8731075098,0.6309861098,0.5112736223,0.7844426342,1.301834593e-30,0.2969977622,,,1.786999632e-23,0.001203109949,0.3261112446,0.06445857797,0.00165410483,0.0002723349874,0.9432930009,0.001994600407,6.248806048e-29,1.919728496e-11,7.292694853e-23,weak
within_cluster_0,102900005116219,102900005118824,0.5652119872,0.2892690513,0.02549216255,,,0.6732775283,0.02894793411,,,0.6507362428,0.0379124351,,,0.5327810951,0.07264738309,,,0.2341436011,0.01713692676,,,0.576230414,-0.4408616428,-0.5855458195,-0.2996172888,1.490956738e-14,0.2394520351,,,0.000144919098,0.2411573574,,,6.241741206e-05,-0.02745230715,,,0.6576467354,0.1174724929,,,0.0001301695756,0.9087786498,1.290029521e-13,1,0.0004406589769,0.7526144243,0.0001521565934,0.4374314685,0.799647659,0.6964511478,0.0002042193497,retained
within_cluster_0,102900005116219,102900005119975,0.5113094508,0.3758064516,0.002983444163,,,0.9606484548,0.208001956,,,0.001007350861,0.1459866219,,,0.01577960202,0.1646629385,,,0.006694534312,0.1122419642,,,0.0002406872542,0.3160424693,0.1123612593,0.505918089,8.104185674e-08,0.4466343627,0.2667202184,0.5682465062,1.633475325e-13,0.2732947011,,,5.191340354e-06,-0.0003029582001,,,0.9960985565,0.3360151069,0.2157166779,0.4563226437,2.759602782e-29,1,3.65504213e-07,0.02088836888,1.276390022e-12,0.06013549655,1.416203268e-05,0.02850749625,1,0.001107820786,1.41561303e-28,retained
within_cluster_0,102900005116219,102900011001691,0.5090568279,0.08707124011,-0.1272729629,,,0.03456457905,0.07415922065,,,0.2564717555,0,,,1,0,,,1,0.02717793806,,,0.3778435532,-0.1310189231,,,0.02954328268,-0.2208018925,,,0.0006348415277,0,,,1,0,,,1,0.008259492527,,,0.7897115906,0.1619015683,0.05313047091,0.6607844823,0.001724852453,1,1,1,1,0.5157295893,0.811446772,retained
within_cluster_0,102900005116219,102900011006948,0.3695604146,0.3774038462,0.0724849001,,,0.2300135725,0.2452532277,,,0.0001085747791,-0.0185622309,,,0.7601243995,0.2042197829,,,0.0007361456219,0.1283419851,,,2.706346785e-05,0.5311927206,0.3144403242,0.7111886724,1.693622616e-21,0.3327688035,0.09997612247,0.5675457598,1.01608568e-07,0.0366653812,,,0.5485860442,0.3773338438,0.1559518533,0.6178027032,2.523313507e-10,0.3858432875,0.2811711546,0.5139654811,1.032262622e-38,0.5366983358,2.586623632e-20,0.004657164991,4.462807695e-07,0.9285560316,0.6429938751,0.004666885452,1.72440679e-09,0.0001637272378,7.4857606e-38,retained
within_cluster_0,102900005116219,102900011007969,0.4983806454,0.09189189189,0.03018419266,,,0.6175712831,0.155638967,,,0.01603145611,-0.1316188375,,,0.0296909656,0,,,1,0.08419010707,,,0.006142556062,-0.05672264604,,,0.347819745,-0.1087491547,,,0.09346718043,-0.02190441196,,,0.720119322,0,,,1,0.02887843154,,,0.3503267965,0.8801910546,0.4586034048,0.1313797379,0.1616036327,0.09486051767,0.8065336407,1,1,0.01826459148,0.3823816035,retained
within_cluster_0,102900005116219,102900011022764,0.4711488259,0.4709302326,-0.0326574939,,,0.5890392265,0.1467845643,,,0.03184619148,0.01500160379,,,0.8406988816,0.1354721367,,,0.04993650873,0.07765593288,,,0.02108401445,0.7320749492,0.6240976378,0.8461316974,1.374742014e-47,-0.2607307643,,,0.0001139545655,0.3267775044,0.07519886869,0.5902736604,8.024134583e-06,0.4962463154,0.2358327692,0.7501145719,5.111259412e-14,0.3504294127,0.1990556651,0.500629015,1.35425919e-26,0.8655270267,9.556827245e-46,0.2006310063,0.000351810726,0.9786931637,2.145445002e-05,0.1434307933,4.860518384e-13,0.05163246801,6.319876222e-26,retained
within_cluster_0,102900005116219,102900051000944,0.6724663324,0.2883295195,0.07554995447,,,0.2108532337,0.1012926564,,,0.1122974938,-0.1221925777,,,0.04366899281,0,,,1,0.07742670709,,,0.01144576919,0.07017883269,,,0.2452191227,-0.05085465071,,,0.4262038758,-0.03103504209,,,0.6116538288,0,,,1,0.2203683211,,,4.426140533e-13,0.5078061928,0.3407041705,0.4135058509,0.6208287671,0.1274047605,0.7036606825,1,1,0.03135145474,1.154346613e-12,retained
within_cluster_2,102900005116226,102900005116233,0.4146301543,0.7864583333,0.2065544885,,,0.001147203186,0.2325707767,,,0.0002334758276,0.2132247877,,,0.0003885046662,0.2752778986,,,4.404859675e-06,0.2332697669,,,3.031577077e-14,0.4680784281,0.2737140674,0.6319312655,9.61136405e-15,0.3050416498,0.02149616474,0.4822952347,1.078471866e-06,0.7315583536,0.5399351847,0.8370192943,1.730987483e-46,0.4895832733,0.2336051901,0.6912134473,2.933872195e-17,0.5054957165,0.4120592386,0.6073873522,1.61175985e-67,0.0129427074,8.535907456e-14,0.00793199458,4.288361502e-06,0.003236468624,1.090522114e-44,6.342997931e-05,3.606516064e-16,1.091256594e-12,3.008618386e-66,weak
within_cluster_2,102900005116226,102900005116257,-0.05563022978,0.6403326403,0.02364405285,,,0.7126892137,0.03570540178,,,0.5772932308,0.03018357144,,,0.6195139768,0.2960231424,,,7.306155021e-07,0.1041867575,,,0.0007927935394,-0.6395147646,-0.7441626355,-0.5269461022,1.41272021e-29,0.01720249555,,,0.7883481371,0.1442481363,,,0.01770844355,-0.2142172145,,,0.0004684671939,-0.1873049584,,,1.541427793e-09,0.9280532168,3.029833983e-28,1,1,0.8282782101,0.03033153968,1.351766491e-05,0.001374715958,0.003133866226,3.381412874e-09,retained
within_cluster_2,102900005116226,102900005116509,0.1859654528,0.6585928489,0.04066291302,,,0.5264186932,-0.01603594609,,,0.8023947449,0.2278553037,,,0.0001461114455,0.09346440911,,,0.1255206987,0.08258501408,,,0.007885802957,-0.2728124532,,,1.485790111e-05,0.1098251743,,,0.08561969566,0.6157509765,0.4459104513,0.7398999692,1.431369465e-29,0.02686840906,,,0.6644807599,0.1214943264,,,9.718433001e-05,0.8182421631,4.886383139e-05,1,0.149574789,0.001422998426,1.936671705e-28,0.2783825397,0.8045604876,0.02271111252,0.0001540279947,retained
within_cluster_2,102900005116226,102900005116530,0.2507921347,0.6682134571,0.2413181713,,,0.0001364943236,0.1093853205,,,0.08688846405,0.05144169178,,,0.3972086543,0.002132393086,,,0.9721784028,0.0951047146,,,0.002202918609,0.6061339537,0.3898028611,0.7971422991,5.760404374e-26,0.2818703437,,,7.128433092e-06,-0.05409053234,,,0.375982524,-0.002061006661,,,0.9734634724,0.1474435749,,,2.154638898e-06,0.002501568694,1.036985047e-24,0.3587706422,2.603427738e-05,0.6315000191,0.4647337635,1,1,0.007578641494,3.867989331e-06,retained
within_cluster_2,102900005116226,102900005116714,0.740168432,0.6062992126,0.2103012043,,,0.0009262598046,0.02534808332,,,0.6923943654,-0.004207718415,,,0.9448270617,0.1675695187,,,0.005776296641,0.09594016018,,,0.002012140998,-0.3388449913,-0.5285917306,-0.06860255591,5.376930669e-08,-0.5037894955,-0.6572923431,-0.2836372015,3.080151373e-17,-0.5386925437,-0.6758941878,-0.3748201489,1.012390776e-21,-0.07520844129,,,0.2241416699,-0.3559219203,-0.456288049,-0.24197831,6.058747728e-32,0.01138621809,2.486213814e-07,1,3.553146654e-16,1,8.22975728e-21,0.02548143113,0.333237173,0.007055047934,3.470010062e-31,retained
within_cluster_2,102900005116226,102900005116899,0.4589242878,0.6076076076,0.1711919851,,,0.007237153597,-0.02649945297,,,0.6835707527,0.04040377678,,,0.5061858881,0.1745221195,,,0.004021197695,0.09070601118,,,0.00362238934,-0.09311732013,,,0.1461621204,-0.08425564082,,,0.1942732864,-0.1875577675,,,0.001967444666,0.03370867886,,,0.586294432,-0.05744138401,,,0.06708709854,0.05383801347,0.2166638491,1,0.3093640958,0.7315202512,0.003954504932,0.01880912889,0.7326325217,0.01159164589,0.08113232793,retained
within_cluster_2,102900005116226,102900005116943,0.7100755798,0.8453292496,0.1793277101,,,0.004871251241,0.2759598163,,,1.124187265e-05,-0.03790788036,,,0.5328303531,0.2541901856,,,2.367987549e-05,0.1672599317,,,6.301161539e-08,0.8402511803,0.7435924699,0.9266944693,1.52682643e-66,0.6588033809,0.4674804077,0.7851388243,5.3496656e-32,0.5624795573,0.3261540772,0.7268845421,6.292925941e-24,0.6061178908,0.4206424961,0.7921611655,9.059358586e-28,0.6741026916,0.5956955293,0.758561917,1.272917534e-136,0.04041334363,3.847602604e-64,0.0008094148308,2.696231462e-30,0.7526144243,5.873397545e-23,0.0002681945449,3.445974889e-26,7.472436273e-07,1.603876092e-134,weak
within_cluster_2,102900005116226,102900005118817,0.02502101803,0.6251511487,0.03133204227,,,0.6255244656,-0.06496495041,,,0.3101924982,0.08808387331,,,0.1466325326,0.2118067576,,,0.0004582703883,0.07220961057,,,0.02022290831,0.2339873057,,,0.0002197326604,-0.1830453507,,,0.003967803204,0.3720083645,0.150224889,0.5877421867,2.748147516e-10,0.224984573,,,0.0002345832572,0.1901035734,,,8.684389103e-10,0.8861962914,0.0006076557523,0.7273997386,0.00944402746,0.3175200706,1.037502883e-09,0.00318576932,0.0007281685012,0.04977946661,1.932420357e-09,retained
within_cluster_2,102900005116226,102900005118831,0.0180260321,0.5434243176,0.121077295,,,0.05843299495,0.04498662186,,,0.4824611932,0.05833829875,,,0.3369031477,0.1021133566,,,0.09403457848,0.0854241945,,,0.005985179729,-0.01388410086,,,0.8288165872,0.6684890713,0.476935546,0.8128194378,3.19694891e-33,0.2243092925,,,0.0002022883541,-0.7220246105,-0.825633826,-0.5282045114,1.199810038e-43,-0.01159574655,,,0.7109182473,0.2235311534,0.9145562342,0.933437395,1.79029139e-31,0.5622489617,0.0004618497415,0.227306607,1.860628489e-41,0.01787573679,0.7372485527,retained
within_cluster_2,102900005116226,102900005125808,0.8111382425,0.7937219731,0.2183800807,,,0.0005766844703,0.2155753513,,,0.0006639247902,0.1482397868,,,0.01422048928,0.3039034615,0.1550690565,0.4854487557,3.554228594e-07,0.2084711942,,,1.287990841e-11,0.6850984442,0.506147438,0.8622745013,2.717475667e-35,0.5524669507,0.3023983674,0.7141534209,4.644676317e-21,0.6252408413,0.3663781398,0.766120456,1.083244926e-30,0.4762653781,0.2622118441,0.6492302666,2.690777154e-16,0.5953857314,0.4936398924,0.68157035,3.047653954e-99,0.007825954083,8.981034334e-34,0.0148719153,7.612737768e-20,0.05509046033,1.594030489e-29,7.38693283e-06,3.064749572e-15,2.950669926e-10,1.159258561e-97,weak
within_cluster_2,102900005116226,102900011000328,-0.1710020518,0.7555831266,-0.08467815918,,,0.1864952349,-0.1360986961,,,0.0332290706,0.04831855699,,,0.4265233685,0.2488228333,,,3.552285722e-05,0.02499652092,,,0.4222355681,0.03542440254,,,0.5810736018,-0.04208326975,,,0.5120627199,0.6948488667,0.4769646631,0.8192403436,2.967768686e-40,0.4599901117,0.2424342863,0.6256949279,3.552974507e-15,0.2662279201,,,4.655550303e-18,0.4662719502,0.6981194167,0.2056875581,0.7224061884,0.6543920175,1.03155546e-38,0.00036537796,3.673229029e-14,0.5591500668,1.531091258e-17,retained
within_cluster_2,102900005116226,102900011008164,-0.5719723568,0.6460746461,-0.04114261855,,,0.5215474137,0.03910310719,,,0.5902343719,0.0836633708,,,0.1680734302,0.06191045341,,,0.3107997239,0.04183642795,,,0.1906736776,-0.06886623068,,,0.2829618086,0.06770388993,,,0.3507798202,0.4888627338,0.2924389893,0.6556595169,1.258507803e-17,0.142048753,,,0.02120199806,0.1475223139,,,3.951858582e-06,0.8150601903,0.3872715588,1,0.525387903,0.3496759909,7.711707389e-17,0.534617955,0.04339414019,0.3060107314,6.988549913e-06,retained
within_cluster_2,102900005116226,102900011013274,0.1547271848,0.4471544715,0.08082735501,,,0.2074018371,0.09296606346,,,0.1806241991,-0.01060123563,,,0.8615807058,0.1059899022,,,0.08213832571,0.06555095644,,,0.03850659235,-0.2259309584,,,0.0003645601579,0.1639359015,,,0.01769931723,-0.1114399939,,,0.06749714741,-0.459214981,-0.6227783744,-0.2226571234,4.004014729e-15,-0.1979477077,,,3.538660488e-10,0.5023354496,0.0009607232397,0.5370772645,0.03709129267,0.9905289437,0.1033213737,0.2085527262,4.118415149e-14,0.08392355695,8.042772879e-10,retained
within_cluster_2,102900005116226,102900011016701,-0.003406325877,0.4237288136,0.05105000583,,,0.4263277123,-0.09060812447,,,0.2212502799,0.02507391141,,,0.6862276955,0.1557231798,,,0.01038997515,0.04751687278,,,0.1410377882,-0.1933591158,,,0.002367275296,-0.3319686218,-0.5486360748,-0.002643804863,4.152843471e-06,-0.5317490611,-0.6655302213,-0.3211077987,2.629095844e-20,-0.2332170872,,,0.0001351412981,-0.3543962479,-0.4550036451,-0.2343516818,1.595230377e-29,0.7485945025,0.005429382248,0.6127989024,1.556158446e-05,0.8786118036,1.941486162e-19,0.04039595746,0.0004437212655,0.2451139492,8.331565907e-29,retained
within_cluster_2,102900005116226,102900051004294,0.7532068442,0.7971014493,0.2012402469,,,0.001544159303,0.1235142865,,,0.05301559325,0.09913447828,,,0.1021574163,0.2666775982,,,8.898576553e-06,0.1745901931,,,1.597372415e-08,0.4447853533,0.2571943448,0.6124990553,2.640772995e-13,0.4920823474,0.2723848517,0.6414066315,2.088840683e-16,0.6942708431,0.46608602,0.8218581452,3.656503664e-40,0.5500483768,0.3081432204,0.7228314998,3.367216343e-22,0.5494004517,0.4581581071,0.6550123075,8.2595755e-82,0.01612966401,2.008980513e-12,0.2783318645,2.25192664e-15,0.2414412091,1.249408709e-38,0.0001123059806,7.145587524e-21,2.077614703e-07,2.413232494e-80,weak
within_cluster_2,102900005116226,102900051010455,0.653372189,0.6652030735,0.03376693797,,,0.5988998478,0.1012978503,,,0.1130159418,0.04557364026,,,0.4532939885,0.1729720025,,,0.00436435643,0.08504849385,,,0.006210421007,-0.06034538795,,,0.3469192556,0.03525179714,,,0.5821425341,0.05619715775,,,0.3576477648,0.4670205802,0.2277523163,0.6703970313,1.18514961e-15,0.07742191558,,,0.01320486611,0.8723859054,0.4580152058,0.4135058509,0.8082640143,0.6807506792,0.4461102713,0.02022653463,1.284549255e-14,0.01843918814,0.01729760239,retained
within_cluster_2,102900005116233,102900005116257,0.3125267018,0.7413962635,0.134566084,,,0.0253772429,0.1111806406,,,0.06814185728,0.3636696113,0.2325742503,0.4796622544,5.842004679e-10,0.4642236212,0.3382181095,0.6150602513,7.767101095e-16,0.2752233157,,,2.220329211e-20,-0.4198237018,-0.5896927784,-0.2456630514,3.283724195e-13,0.1048416356,,,0.08552828611,0.2576826528,,,1.809944056e-05,0.1945790652,,,0.001519818123,-0.008475548473,,,0.7809446086,0.1303738245,2.470144768e-12,0.3153122601,0.1495446876,3.799187559e-08,4.690034984e-05,1.304872984e-13,0.004010410126,2.03462895e-18,0.8032573117,weak
within_cluster_2,102900005116233,102900005116509,-0.1665854545,0.7722222222,0.1381513646,,,0.02169044098,0.02976967295,,,0.626255421,0.3663934492,0.2350850451,0.5271221968,4.250789676e-10,0.2750247939,,,4.498511397e-06,0.1893695118,,,2.993858545e-10,-0.04283805225,,,0.4784643062,0.429883444,0.2199256322,0.5913834346,1.434508129e-13,0.6982204579,0.498568793,0.8162866955,8.698368638e-41,0.2001433324,,,0.001100838571,0.2447480121,,,3.5054332e-16,0.1184645498,0.5968960652,1,1.138570232e-12,2.95503172e-08,3.076475645e-39,6.431914168e-05,0.002986932112,5.341255599e-09,1.062699749e-15,weak
within_cluster_2,102900005116233,102900005116530,0.1694251564,0.6677248677,0.2099079722,,,0.0004470663298,0.0158963211,,,0.7990276338,0.1099507921,,,0.06970041617,0.2020381063,,,0.0008410444216,0.1255435342,,,3.572156616e-05,0.3742651697,0.1799815035,0.5662761718,1.322667654e-10,0.1086275881,,,0.08100114568,-0.09916402596,,,0.1039749243,-0.2740691063,,,6.478546965e-06,0.03752704574,,,0.2204285261,0.006392097311,7.889047309e-10,1,0.1429932659,0.1802137997,0.1518938024,0.005217063243,2.692938285e-05,0.0002081349057,0.2482591668,retained
within_cluster_2,102900005116233,102900005116714,0.4652858615,0.699255121,0.1514156609,,,0.0117813225,0.05805722868,,,0.3419326772,0.2423426152,,,5.204174556e-05,0.3192098038,0.2039524906,0.4627244931,8.24235542e-08,0.1917321565,,,1.780537302e-10,-0.219670592,,,0.0002351589576,-0.3810012455,-0.5820158465,-0.1386372873,9.331874712e-11,-0.5030434483,-0.6677249594,-0.3084719435,1.004825077e-18,-0.08579446182,,,0.1653551451,-0.2877574992,,,5.106550462e-22,0.07612546846,0.0006467673378,0.7728701084,5.522894174e-10,0.0006135447898,6.75242452e-18,2.077073566e-06,0.260231048,3.263239274e-09,1.968414098e-21,weak
within_cluster_2,102900005116233,102900005116899,0.3998487778,0.7052132701,0.2260411541,,,0.0001522506765,-0.01281454197,,,0.8361382908,0.2092997615,,,0.0004996112708,0.3757642579,0.257790517,0.5282981745,1.75743281e-10,0.1930553756,,,1.520455088e-10,-0.002305353478,,,0.9695875093,-0.4632429211,-0.6408063729,-0.2411708755,2.144576484e-15,-0.212914709,,,0.0004270261181,-0.08810646742,,,0.1542112416,-0.05337691796,,,0.08066473843,0.002716259858,1,1,2.001604718e-14,0.003904842572,0.0009388055115,8.435677487e-09,0.2449880718,2.838182832e-09,0.0961111777,weak
within_cluster_2,102900005116233,102900005116943,0.6911699269,0.7486979167,0.1310005345,,,0.02956631925,0.2203345948,,,0.0002707553692,0.2059564125,,,0.0006167792701,0.3622428662,0.2125979174,0.4991120675,8.556996844e-10,0.2518222917,,,3.368106846e-17,0.5329328267,0.3767968606,0.6708563493,1.185096422e-21,0.4496587685,0.1876190498,0.6736836394,8.562533842e-15,0.620020541,0.3885147271,0.7851962237,4.530316451e-30,0.547102956,0.3219193895,0.763183005,6.187876032e-22,0.5358644323,0.4395240809,0.624990143,3.703943549e-81,0.1443237279,1.823781975e-20,0.008397581912,7.604435341e-14,0.004657029995,6.38679578e-29,3.194612155e-08,1.247475808e-20,2.341414966e-15,1.051711295e-79,weak
within_cluster_2,102900005116233,102900005118817,0.3895100352,0.773923445,0.1045147519,,,0.08306032234,-0.01273693452,,,0.8349739323,0.1672068837,,,0.005613227117,0.3790647587,0.2546070539,0.5137796103,1.18084718e-10,0.1721025332,,,1.093442236e-08,0.6195502969,0.4193552306,0.7570813053,1.190866187e-30,0.236027818,,,9.010247907e-05,0.3304926264,0.09388495192,0.5773400774,2.660357223e-08,0.1037288669,,,0.09320700512,0.3592763325,0.2305361022,0.4686955301,3.206727858e-34,0.2814279157,2.728166174e-29,1,0.0002811866839,0.02751926743,8.70662364e-08,6.264705038e-09,0.1607778102,1.479449361e-07,1.935557893e-33,weak
within_cluster_2,102900005116233,102900005118831,0.3587797056,0.489119171,0.06457865312,,,0.2850208359,0.1356275089,,,0.02584352809,0.2942158221,,,7.463163874e-07,0.1981460843,,,0.001063065639,0.1773958065,,,3.766236592e-09,-0.6474706006,-0.7584556183,-0.4076658864,3.460014861e-34,0.07244017503,,,0.2354839951,0.2726538297,,,5.472885281e-06,-0.5672996597,-0.7516959388,-0.302763101,8.428564906e-24,-0.259910017,,,4.055769971e-18,0.6007889284,1.041102979e-32,0.1754227361,0.3671583405,1.567264413e-05,1.488979315e-05,0.006230059093,1.999057277e-22,5.582891889e-08,1.338204953e-17,weak
within_cluster_2,102900005116233,102900005125808,0.6863177764,0.7402597403,0.1088562404,,,0.08778326633,0.3548970887,0.2294353422,0.482583847,1.031600873e-08,0.2911973608,,,9.790540441e-07,0.4561500577,0.2764808949,0.6572486013,2.794200898e-15,0.3241743135,0.2266438679,0.4246714602,8.922384806e-27,0.3099808119,0.1123816888,0.4965201215,6.696005711e-07,0.3870377114,0.1292076556,0.5427818423,3.252602378e-10,0.7196209648,0.5009598554,0.8303174096,2.370100033e-44,0.5422411903,0.3307064342,0.7289894315,1.66762369e-21,0.4747992579,0.3831482081,0.5999184826,8.251848268e-59,0.2900854618,2.699829503e-06,2.599634201e-06,1.811394032e-09,2.014054034e-05,1.225159402e-42,4.023649293e-13,3.201837485e-20,1.199168518e-24,1.171530008e-57,clear
within_cluster_2,102900005116233,102900011000328,-0.005597278451,0.8587962963,0.02818252148,,,0.6410931733,0.01985007153,,,0.745876544,0.3668856456,0.2057677693,0.4917346742,4.012156837e-10,0.397545547,0.2148044894,0.565658444,1.171603004e-11,0.1960740725,,,6.87037702e-11,0.1743248202,,,0.003669772738,0.214957553,,,0.0003841422934,0.7915511341,0.6059712109,0.888447301,2.928780687e-59,0.5700584768,0.3848258839,0.6842427102,4.579941946e-24,0.3580954285,0.2167996403,0.4971947977,5.818940329e-34,0.889499181,0.008129958066,1,0.001095376045,2.888752922e-08,5.367656241e-57,8.144660884e-10,1.125995483e-22,1.344726221e-09,3.481004066e-33,weak
within_cluster_2,102900005116233,102900011008164,-0.3637799928,0.7742718447,0.1769152532,,,0.003187059179,0.08782017081,,,0.1985534024,0.1492519317,,,0.01356527647,0.2203623717,,,0.000263179502,0.1562764718,,,4.357574642e-07,0.2588949894,,,1.324229576e-05,0.05634262818,,,0.4099884125,0.5165591364,0.2987135606,0.7017044772,8.076011112e-20,0.2995840474,,,7.442711429e-07,0.2705609195,,,1.180334022e-18,0.02881215832,4.427275e-05,0.5734722913,0.6011175561,0.05346388463,5.794035019e-19,0.002009734379,3.457259503e-06,4.223495422e-06,4.005982134e-18,weak
within_cluster_2,102900005116233,102900011013274,0.6630086712,0.5063965885,0.09172995858,,,0.1284549336,0.06675308708,,,0.3102994917,0.07732807974,,,0.2027644153,0.2960193401,,,7.308658109e-07,0.1288802804,,,2.756526663e-05,-0.2250605362,,,0.0001629186833,0.1435208129,,,0.02850104895,-0.1567874729,,,0.009871280156,-0.3318539814,-0.5639885167,-0.08477553711,3.524578663e-08,-0.1662135145,,,6.794713146e-08,0.3662668769,0.0004590630759,0.7273997386,0.05743778315,0.40195549,0.01772083775,1.351766491e-05,1.874815458e-07,0.0001653915998,1.342955069e-07,retained
within_cluster_2,102900005116233,102900011016701,0.3964888911,0.5349301397,0.1214506038,,,0.04379993256,0.09560325628,,,0.1695506459,0.1645677396,,,0.007602129593,0.2891380959,,,1.347646604e-06,0.174452078,,,2.184173854e-08,-0.1096164771,,,0.06901771421,-0.4218223585,-0.6343673933,-0.1678516477,2.215983714e-10,-0.5417819684,-0.6756289263,-0.2918450996,3.694067393e-21,-0.1414422332,,,0.02176590314,-0.3161170909,-0.4194239056,-0.2022892672,8.790309214e-25,0.1894864035,0.1119386258,0.5231685674,1.251379039e-09,0.03436298937,2.842457963e-20,2.342116857e-05,0.04450310418,2.786895246e-07,3.819237796e-24,weak
within_cluster_2,102900005116233,102900051004294,0.6019117743,0.9481193256,0.2696672596,,,5.514958219e-06,0.3745271479,0.2162891008,0.5189287978,2.037541838e-10,0.3719035796,0.2332605875,0.5114651642,2.213771127e-10,0.4584183907,0.2795244093,0.6090016084,1.956703273e-15,0.3758071109,0.2849127132,0.4602769374,7.38199217e-38,0.688090774,0.4857184691,0.8395186176,4.76848501e-40,0.6266555661,0.3669585363,0.7692446425,7.316335219e-31,0.7022216395,0.4364161601,0.8437822978,1.982410648e-41,0.6255995727,0.3727402685,0.792229096,5.649884261e-30,0.6600208073,0.5675392567,0.7592133682,6.079598245e-136,0.0002470701282,2.045375698e-38,8.215368692e-08,3.352211773e-29,1.940418519e-08,7.400999753e-40,3.034395229e-13,2.531148149e-28,2.126013745e-35,6.450773717e-134,clear
within_cluster_2,102900005116233,102900051010455,-0.2231489446,0.7743315508,0.1342523544,,,0.02572412254,0.05369077368,,,0.3795258071,0.3262218557,0.167475398,0.4599826033,3.448348526e-08,0.2018244116,,,0.0008520281317,0.1819249965,,,1.474203844e-09,0.05378637472,,,0.373382398,-0.02283551117,,,0.7087513534,0.165810232,,,0.006317545352,0.3822384141,0.1218295376,0.6432438244,1.412223889e-10,0.09532895284,,,0.001719182911,0.1316239366,0.4868945112,0.8153096915,0.9557476444,1.121269456e-06,0.01167385099,0.005236855834,1.006022389e-09,2.396770121e-08,0.002458065779,weak
within_cluster_2,102900005116257,102900005116509,0.3953912049,0.8232421875,0.135223707,,,0.02466317569,0.2388518876,,,6.116679173e-05,0.2497567424,,,2.992155806e-05,0.2724548896,,,5.563199275e-06,0.2245350972,,,5.572714055e-14,-0.09320905719,,,0.1223844199,0.3125048886,0.07582090104,0.5150855616,1.148373643e-07,0.1609130065,,,0.008070926902,0.2415500445,,,7.577566941e-05,0.226039128,,,4.893707728e-14,0.1288107829,0.1847586938,0.002936006003,5.011084988e-07,0.0003842156755,0.01469827338,7.629530434e-05,0.0002656760861,1.841736317e-12,1.351193535e-13,weak
within_cluster_2,102900005116257,102900005116530,-0.6557318227,0.7490421456,0.04181667951,,,0.4890248504,0.06919078842,,,0.2672298984,0.3014323239,0.1737685756,0.4070053705,3.850893388e-07,0.379954017,0.2168873871,0.5252580748,1.060069471e-10,0.2143873455,,,1.130024751e-12,-0.6390503398,-0.7248257759,-0.4750132031,4.407742314e-33,-0.1692596483,,,0.006323270705,0.2314065735,,,0.0001245639945,-0.273279761,,,6.903898676e-06,-0.3587932501,-0.466155854,-0.2076871081,8.533691002e-34,0.7976327656,1.184801134e-31,0.6718177987,0.01438793876,9.016175497e-06,0.0002923411092,5.775946093e-09,2.834676116e-05,3.120725888e-11,5.074902968e-33,weak
within_cluster_2,102900005116257,102900005116714,-0.1597026443,0.9354243542,0.2804488533,,,2.208429938e-06,0.1686146368,,,0.004974802157,0.4263355716,0.2949842697,0.5260413296,1.752281366e-13,0.5192637883,0.3880173448,0.620032769,4.810486899e-20,0.3592484419,0.2928773178,0.4304851476,1.067142723e-34,0.2801201188,,,2.272232248e-06,-0.1718651192,,,0.004188339095,-0.2324453943,,,0.0001158827405,0.2400060623,,,8.448134074e-05,-0.05514737081,,,0.06940014745,0.000120329588,8.55491509e-06,0.06307673679,0.009910436168,3.211453849e-11,0.0002729420006,1.616323598e-17,0.0002936454878,2.689199663e-32,0.08372872367,clear
within_cluster_2,102900005116257,102900005116899,-0.6594306954,0.9437148218,0.4038680955,0.3024116641,0.4972420897,2.980611387e-12,0.1140638265,,,0.06173760099,0.3421858727,0.1663372153,0.4432634102,6.473280757e-09,0.5572589371,0.4583838302,0.6373236878,1.987624879e-23,0.3496719134,0.2943336336,0.4274101937,1.208693746e-32,0.03409540389,,,0.5727346174,-0.4293772714,-0.5985552453,-0.2419901113,1.711095171e-13,0.08371735445,,,0.1701745075,-0.01531349574,,,0.8047729973,-0.3052068551,-0.4244115127,-0.1870129214,1.125283472e-24,1.001485426e-09,0.6905699693,0.2984724307,1.331879484e-12,3.076538408e-07,0.2359503488,1.335683919e-20,0.9399897813,2.70747399e-30,4.862006771e-24,clear
within_cluster_2,102900005116257,102900005116943,0.2121018228,0.5777559055,0.05225630373,,,0.387149722,0.02346826495,,,0.7015948303,0.2101506809,,,0.000473279661,0.2560093039,,,2.059657609e-05,0.1452463167,,,1.50211975e-06,-0.69297407,-0.7387312582,-0.5913339954,8.097280314e-41,-0.09815490729,,,0.1082202442,0.09072929088,,,0.1370184846,-0.008652818773,,,0.8889291488,-0.2045467747,,,1.202742765e-11,0.7120710641,3.627581581e-39,1,0.1830302116,0.00373619919,0.1941175439,0.0002372725565,1,1.288626986e-05,2.917845263e-11,retained
within_cluster_2,102900005116257,102900005118817,-0.3427062936,0.6993210475,0.1164772393,,,0.05325259217,0.1563041548,,,0.009296871135,0.238227292,,,7.023590504e-05,0.4702216353,0.3281663051,0.577746426,2.934897835e-16,0.2632525387,,,8.147229111e-19,-0.2923709699,,,7.668195515e-07,0.02552107136,,,0.6729283795,0.1867016761,,,0.002064996869,-0.1157393582,,,0.06088356513,-0.09908122455,,,0.001083286864,0.2121684305,3.073376175e-06,0.09371246104,0.9129364825,0.0007999750541,0.004131022299,5.378867304e-14,0.1106774277,6.843672454e-17,0.001577966993,weak
within_cluster_2,102900005116257,102900005118831,-0.01578438386,0.6585838991,0.1448189478,,,0.01605337633,0.05156208613,,,0.3934964131,0.2286598495,,,0.0001382030939,0.3861625523,0.2663907518,0.5236178365,4.945468281e-11,0.2132338345,,,1.002423663e-12,0.1270897311,,,0.03482775299,0.2822287268,,,1.89163634e-06,0.1450882783,,,0.01705038505,0.1369829434,,,0.0263245493,0.2202240079,,,2.202104955e-13,0.09490793747,0.06175263855,0.830668868,7.305630004e-06,0.00135910945,0.02932898998,2.84858973e-09,0.05275376878,2.806786257e-11,5.841373144e-13,weak
within_cluster_2,102900005116257,102900005125808,0.220058556,0.6058091286,0.178812142,,,0.0048210856,0.1699055223,,,0.007568484083,0.2092961182,,,0.0004997268767,0.3718875529,0.2017181633,0.5205740625,2.787687741e-10,0.2358800821,,,1.449800887e-14,-0.6529297638,-0.7219410632,-0.5323563569,2.123266062e-31,0.111577114,,,0.0807131555,0.170925777,,,0.004857706945,-0.007140806219,,,0.9082435787,-0.1390697682,,,7.78953348e-06,0.04026483931,5.157234194e-30,0.08337739842,0.1426097471,0.003904842572,0.009169604121,1.221734453e-08,1,5.96489508e-13,1.3399061e-05,weak
within_cluster_2,102900005116257,102900011000328,0.8893012221,0.8367546432,0.1864628971,,,0.001864395441,0.332232615,0.1695727062,0.4667163209,1.646734578e-08,0.294391262,,,7.345638943e-07,0.3971319704,0.2694038684,0.5349361191,1.235735236e-11,0.3006636427,0.2373426644,0.3643793565,2.712979514e-24,0.1112039919,,,0.06506654216,0.5823553962,0.4315513965,0.7204749104,2.292907714e-26,0.2324442429,,,0.0001158920399,0.1403486125,,,0.02281552373,0.3873838258,0.24998997,0.5164066311,3.905492756e-40,0.0189829354,0.1060421576,3.319816909e-06,6.899256645e-25,1.558821906e-05,0.0002729420006,8.304140784e-10,0.04639377597,3.038537056e-22,2.948866441e-39,clear
within_cluster_2,102900005116257,102900011008164,0.2691758832,0.7725409836,0.1107540775,,,0.06616701957,0.1952808219,,,0.003484941444,0.1936233299,,,0.001304530411,0.2370594157,,,8.374404271e-05,0.1748462021,,,1.360013687e-08,0.1404737067,,,0.01955799052,0.5537452244,0.2426938302,0.7244912079,3.079662493e-19,0.2455411933,,,4.53182727e-05,0.06390070161,,,0.3018779467,0.2511326624,,,2.713759318e-16,0.2420991365,0.03644076607,0.04982724789,4.341678032e-18,0.008511111034,0.0001119627914,0.0007604864419,0.4238063653,1.792018035e-07,8.314496634e-16,weak
within_cluster_2,102900005116257,102900011013274,-0.2305749342,0.6813186813,0.1458480136,,,0.01530867177,0.153563882,,,0.01751560799,0.3248951067,0.1703455644,0.4375146554,3.945817156e-08,0.3150109822,0.201022295,0.4754163788,1.240896118e-07,0.2381082966,,,4.196062799e-15,-0.02633998929,,,0.6630671927,0.004765018866,,,0.9415836171,-0.0071161393,,,0.9073441941,0.08490204645,,,0.1698141363,0.05168494812,,,0.09446341802,0.09157947267,0.7680848629,0.1384763361,1,1.26266149e-06,0.9750564474,2.908891366e-06,0.266209408,1.967270373e-13,0.1113673981,weak
within_cluster_2,102900005116257,102900011016701,0.6666362003,0.7891089109,0.4477470356,0.358054296,0.53941001,5.168710405e-15,0.2907700824,,,1.54307944e-05,0.3612756803,0.2140514144,0.4508884125,1.696355334e-09,0.486066544,0.3680477125,0.6099942438,2.043468113e-17,0.3973951153,0.3346656138,0.4614633202,5.315288379e-40,0.05541872976,,,0.3590317239,-0.2373032225,,,0.0004630619174,0.0915796259,,,0.1416170268,0.2592472079,,,2.069410519e-05,0.1838600536,,,3.81511879e-09,3.473373392e-12,0.4709225474,0.0009426812579,0.001296573369,9.771006722e-08,0.1997900112,4.577368572e-15,7.946536394e-05,1.785936895e-37,8.156181845e-09,clear
within_cluster_2,102900005116257,102900051004294,0.1618033601,0.7292277615,0.239263259,,,5.93514701e-05,0.09984799048,,,0.09784130059,0.3859072444,0.2900408607,0.5175457443,3.986511791e-11,0.4337737727,0.3223192186,0.5740370482,8.176773563e-14,0.2889077356,,,1.703273794e-22,-0.4333508194,-0.611881303,-0.2050684212,4.609100583e-14,0.02561031694,,,0.6718509507,0.1634444922,,,0.007116804374,-0.009382033351,,,0.8796368354,-0.08374365808,,,0.005777826821,0.001359688224,3.792631337e-13,0.3785951286,0.9120885633,4.018403886e-09,0.01303131482,9.157986391e-12,1,1.716899985e-20,0.007791370482,weak
within_cluster_2,102900005116257,102900051010455,-0.1130214822,0.7767527675,0.2652824431,,,7.913811507e-06,0.1039471996,,,0.08475559481,0.09712234169,,,0.1093439908,0.2173485529,,,0.0003207504121,0.1728907397,,,8.513222254e-09,-0.1815623255,,,0.002462958261,-0.4482834644,-0.6170583644,-0.2594687643,4.754444845e-15,-0.3393614187,-0.4972498749,-0.08351250827,1.05849117e-08,-0.04994614004,,,0.4198764278,-0.1948532021,,,9.602592453e-11,0.0003010234717,0.005616882189,0.3567166579,4.337086338e-14,0.2522168026,3.574402342e-08,0.002359973835,0.559835237,1.167527623e-07,2.222597748e-10,weak
within_cluster_2,102900005116509,102900005116530,-0.3593787792,0.6666666667,-0.02515463552,,,0.6773592064,0.05741102983,,,0.3574509003,0.06624435991,,,0.2753992989,0.1623518296,,,0.0075155375,0.07061415664,,,0.02041275624,-0.04641167746,,,0.4425090084,0.1766248457,,,0.004355339794,-0.220710272,,,0.0002571931639,-0.1450078357,,,0.01862865566,-0.180317793,,,2.9448521e-09,0.9100138216,0.5599239492,0.7910219704,0.01024546677,0.491944983,0.000581279617,0.03110425208,0.03887719441,0.05018550804,6.315767908e-09,retained
within_cluster_2,102900005116509,102900005116714,0.2446088729,0.7754158965,0.1248626076,,,0.03816495828,0.07907614161,,,0.1902630843,0.3300171588,0.1643166685,0.4614617173,2.336884212e-08,0.3262350187,0.1988154231,0.4569540286,4.098441408e-08,0.2108615715,,,1.801994785e-12,0.1235550614,,,0.04024739142,-0.2580047211,,,1.421238637e-05,-0.4892407712,-0.6477030605,-0.3119097441,1.178276631e-17,0.1864638889,,,0.002395765884,-0.163426881,,,6.183829709e-08,0.1721740358,0.07037184831,0.5558990985,5.035530919e-05,8.265190477e-07,7.242090513e-17,1.101661051e-06,0.005999831083,4.59850821e-11,1.224616964e-07,weak
within_cluster_2,102900005116509,102900005116899,-0.5243453771,0.7860508954,0.1241750089,,,0.03924839561,-0.1361957862,,,0.02549667102,0.1708801805,,,0.004635882099,0.2824122784,,,2.413399422e-06,0.1157906927,,,0.0001292781933,-0.07632282212,,,0.2062085404,-0.5444227966,-0.6723346053,-0.3438199197,3.688947117e-22,-0.3968336636,-0.6060988648,-0.1179303094,1.284102339e-11,-0.0502571931,,,0.4169835775,-0.3878709523,-0.4957541042,-0.2538017743,5.015752585e-40,0.1749876684,0.2958835712,0.1751614233,6.466884686e-21,0.02372065561,5.293967927e-11,3.881902217e-05,0.5567144981,0.0006451109844,3.773043735e-39,retained
within_cluster_2,102900005116509,102900005116943,0.2622046095,0.6215909091,-0.08348467056,,,0.1666426541,-0.04439160755,,,0.468425347,0.2088760172,,,0.000513224718,-0.009965035965,,,0.8705289769,0.01644999327,,,0.5878092542,-0.1486370199,,,0.01344036299,0.2510226545,,,3.116495156e-05,0.7038390114,0.5480669554,0.8113813879,1.082753483e-41,0.01785814083,,,0.7731524147,0.2050013817,,,1.081039389e-11,0.4348974896,0.02611413515,0.9204147169,0.0001054170174,0.003964218512,4.197751965e-40,1,0.9093788028,0.7036956393,2.625753504e-11,retained
within_cluster_2,102900005116509,102900005118817,-0.5201049506,0.6544117647,0.1907399232,,,0.001454018102,0.1508275559,,,0.01211655988,0.1967853595,,,0.001081090033,0.1740616408,,,0.004120501788,0.1776632124,,,3.230159797e-09,-0.03767988514,,,0.533044247,0.1104056872,,,0.06702960994,0.2986920701,,,5.737696355e-07,-0.2033341347,,,0.0009114192942,-0.05858881439,,,0.05369242871,0.01544544241,0.6512831527,0.1101591866,0.1211943441,0.007388059342,1.706076084e-06,0.0191403954,0.002523930353,4.896242219e-08,0.06595588807,weak
within_cluster_2,102900005116509,102900005118831,-0.4892288961,0.598540146,0.180883499,,,0.002558427382,-0.07248347257,,,0.2300227741,0.1657799197,,,0.006040237283,0.1665224275,,,0.00609319434,0.1163966324,,,0.0001132085071,0.0762950949,,,0.2063738838,0.05445917628,,,0.3674252707,0.4482222973,0.3066927488,0.6103252617,9.508479162e-15,-0.1205283245,,,0.05088434355,0.1172747543,,,0.0001080045922,0.02421497466,0.295910206,0.6298592801,0.5456137867,0.02906233499,4.902581583e-14,0.02647387886,0.09472099409,0.0005746726005,0.0001705068582,retained
within_cluster_2,102900005116509,102900005125808,0.4153387308,0.6296296296,0.002578447153,,,0.9678396137,0.1448935894,,,0.02302615792,0.453441676,0.3214599055,0.583681283,3.000631295e-15,0.1066136201,,,0.08034287456,0.1679685663,,,5.371490439e-08,-0.2165327232,,,0.0006112816933,0.2055253851,,,0.001187778203,0.7283272527,0.5455442981,0.8142928035,6.72641498e-46,0.05856703105,,,0.3441048044,0.2308846676,,,6.99831015e-14,1,0.001548170721,0.1657883371,0.00309775014,1.008212115e-12,3.664987189e-44,0.2045091352,0.4712739713,6.523448629e-07,1.919536498e-13,weak
within_cluster_2,102900005116509,102900011000328,0.6563209004,0.8010582011,0.02499783407,,,0.6792586085,0.2236057275,,,0.0001850194797,0.2101123359,,,0.0004744379924,0.2666572048,,,8.91317306e-06,0.1763640035,,,4.285443586e-09,-0.3590512638,-0.535938772,-0.178221422,8.045639479e-10,0.4845259704,0.293826254,0.6843830137,1.352386717e-17,0.6384821854,0.4159372566,0.791462926,2.538534924e-32,0.2029874065,,,0.0009304414791,0.2850700326,,,1.026380412e-21,0.9100138216,4.543419941e-09,0.006781804927,1.62286406e-16,0.00373619919,4.337022379e-31,0.0001123059806,0.002569547975,6.171038764e-08,3.941300783e-21,weak
within_cluster_2,102900005116509,102900011008164,0.3763547398,0.7152317881,0.04008420274,,,0.5072197011,0.05488799542,,,0.4157540114,0.2818029186,,,2.234027756e-06,0.2394212299,,,7.073874208e-05,0.1480815492,,,1.5984261e-06,-0.2583480296,,,1.383057191e-05,0.1617642997,,,0.01584187841,0.4577400492,0.2658524189,0.6243957545,2.17729817e-15,0.1269866492,,,0.03959913349,0.1803224631,,,5.514745774e-09,0.8066124542,4.608666607e-05,0.8543935646,0.03351230523,3.985663679e-05,1.167402423e-14,0.000666398617,0.07595799536,1.353960932e-05,1.167828517e-08,retained
within_cluster_2,102900005116509,102900011013274,-0.658551342,0.5997876858,0.107544942,,,0.07446612436,0.1096624124,,,0.09073050164,0.0956413253,,,0.1148831345,0.2207701008,,,0.0002561765701,0.138223506,,,6.411478535e-06,0.1701294709,,,0.004593101287,0.1108618766,,,0.08723388399,0.03513353169,,,0.5654252674,0.03302580951,,,0.5939069465,0.06101461951,,,0.04830236748,0.2613174257,0.009903414111,0.3621426847,0.1519995766,0.2610647987,0.6585195489,0.001978743162,0.7395407067,4.632810296e-05,0.05959459782,retained
within_cluster_2,102900005116509,102900011016701,-0.2579931717,0.624501992,0.07413737212,,,0.2195359627,0.1346527358,,,0.04915657475,0.228481674,,,0.0001914226486,0.2408939879,,,6.361751252e-05,0.1670311889,,,7.829440403e-08,-0.04568739169,,,0.449669554,-0.3126176895,-0.5148089586,-0.118576699,3.103584735e-06,-0.6563141862,-0.7486596984,-0.4932969232,2.715543278e-33,-0.05116441041,,,0.408613313,-0.226126685,,,3.35989398e-13,0.5213009433,0.5672383937,0.2635629114,1.17388871e-05,0.001794260132,4.932013737e-32,0.0006078336741,0.5464942132,9.102792199e-07,8.831220684e-13,weak
within_cluster_2,102900005116509,102900051004294,0.2665122436,0.7610619469,0.1951179926,,,0.001121198438,0.1341598441,,,0.02582718333,0.3294519862,0.2030502472,0.4470196853,2.477115377e-08,0.2384728503,,,7.571436011e-05,0.2092655521,,,2.663302164e-12,0.03024528739,,,0.6168592883,0.5059525569,0.3120787089,0.651098616,2.401881974e-19,0.657649219,0.4400910369,0.8073630694,7.916945479e-35,0.116976114,,,0.05815779471,0.3165421819,0.1578123603,0.4332381646,1.124339514e-26,0.01291575599,0.7302338962,0.1754227361,3.409995817e-18,8.464177288e-07,1.645418772e-33,0.0007034108294,0.1061050807,6.628663163e-11,5.295954346e-26,weak
within_cluster_2,102900005116509,102900051010455,0.5545562777,0.790174002,0.1170209582,,,0.05214291485,0.06841694713,,,0.2572995132,0.2463916848,,,3.854847137e-05,0.07663991047,,,0.2093602002,0.1258077706,,,2.98089689e-05,0.3876435281,0.1352662102,0.5490871428,2.496981905e-11,-0.1180476692,,,0.0500999337,0.1542052746,,,0.01117144432,0.1342141053,,,0.02954972068,0.3076983806,0.1818512706,0.4316839163,3.172795614e-25,0.2106615558,1.578029944e-10,0.6607844823,0.09492619017,0.0004738641359,0.01982538005,0.4035087605,0.05857643746,0.0001777955068,1.411999108e-24,retained
within_cluster_2,102900005116530,102900005116714,0.4858856045,0.7669172932,0.1389574909,,,0.02092846868,0.2928916228,,,1.615068296e-06,0.347699304,0.1864797504,0.4550329349,3.552200572e-09,0.3707425592,0.2269757654,0.5353374594,3.190922107e-10,0.2856830403,,,1.078974515e-21,-0.3649450001,-0.541091225,-0.1429440483,4.042674208e-10,-0.09172425347,,,0.1409865965,0.01043633913,,,0.8644631355,0.07117572319,,,0.2500460615,0.02459366115,,,0.4220280795,0.116551914,2.335252494e-09,0.0001415642472,0.2322132178,1.884535882e-07,0.9354576925,1.368701908e-08,0.3634411391,1.035815534e-19,0.4557089492,weak
within_cluster_2,102900005116530,102900005116899,0.8054679465,0.7690839695,0.2382222179,,,6.404698435e-05,0.2068408992,,,0.0009566868876,0.4516327974,0.3220096644,0.5842743535,3.981475098e-15,0.378012481,0.241210738,0.5178439375,1.341098317e-10,0.3319277919,0.2546381228,0.4082416421,5.836125532e-29,0.05065705858,,,0.4018638303,0.0739845652,,,0.2419068301,0.4259655133,0.196806243,0.6205488462,2.508500677e-13,0.2738695318,,,6.583672682e-06,0.4404126947,0.319948696,0.5313135269,1.441147318e-51,0.001373603409,0.518003505,0.02023299641,0.3757196991,1.146664828e-12,1.162560314e-12,6.759135516e-09,2.725397151e-05,9.804690893e-27,1.545400529e-50,clear
within_cluster_2,102900005116530,102900005116943,-0.05795020481,0.6460280374,0.2617837557,,,1.050908801e-05,0.1305639636,,,0.03572336863,0.1664349429,,,0.005840738358,0.1059334764,,,0.08230233818,0.1498850193,,,7.677082109e-07,0.703158718,0.4940826867,0.8467901587,1.785670432e-42,0.3419366503,0.1357558729,0.5194590676,1.628212172e-08,-0.2123272601,,,0.0004433370287,-0.2089671744,,,0.0006485221263,0.1365525824,,,7.522498265e-06,0.0003783271684,9.230542539e-41,0.2159121542,7.759989925e-08,0.02830511666,0.000972543471,0.2087063066,0.001865079325,7.165276635e-06,1.297293114e-05,retained
within_cluster_2,102900005116530,102900005118817,0.8573497407,0.6346356917,0.2331119131,,,9.261749622e-05,0.1415652027,,,0.02268226524,0.127230444,,,0.03563287375,0.2557683135,,,2.098200807e-05,0.1862423827,,,7.19352411e-10,0.1716958017,,,0.004226357743,-0.05484093013,,,0.3794154448,0.03047244475,,,0.618127385,0.194011119,,,0.001569927305,0.1998880445,,,4.35772453e-11,0.001830557572,0.009199010285,0.1657009661,0.5603674262,0.1083497338,0.7100540217,0.0002403393652,0.004126432133,1.218667614e-08,1.023912896e-10,weak
within_cluster_2,102900005116530,102900005118831,0.5362716783,0.577167019,0.1748219106,,,0.003572310337,0.1775485452,,,0.004152212967,0.09561256662,,,0.114992828,0.1926867398,,,0.001465946431,0.1396583231,,,4.171626957e-06,0.03469169229,,,0.5660363099,0.09211206273,,,0.139306726,-0.2989580363,,,5.600423283e-07,-0.07364212541,,,0.2339667504,-0.04924000896,,,0.1077765075,0.03117652658,0.683720312,0.05580574228,0.2298218982,0.2610647987,1.667718366e-06,0.008285821762,0.345045332,3.199701371e-05,0.1263240925,retained
within_cluster_2,102900005116530,102900005125808,0.09749700464,0.6425233645,0.1794316375,,,0.004674067243,0.129800069,,,0.04194367511,0.150984011,,,0.01250539294,0.159796911,,,0.008526603642,0.139182966,,,6.912362198e-06,0.6175343306,0.3645339166,0.8077149695,2.320470651e-27,0.2367827809,,,0.0001780228933,-0.1268912643,,,0.03717899994,-0.1775149937,,,0.003876150981,0.09096294778,,,0.003543787979,0.039592099,4.586341992e-26,0.236196785,0.0005348646094,0.05062424131,0.06001029934,0.03444816221,0.009302762355,4.976900782e-05,0.00486667341,retained
within_cluster_2,102900005116530,102900011000328,-0.6771936274,0.6693467337,0.03117231195,,,0.6061000456,-0.01962516815,,,0.753728834,0.1361877492,,,0.0244260566,0.2574180139,,,1.847428475e-05,0.1061694455,,,0.0004829177994,-0.1705270568,,,0.004497391064,-0.1045895519,,,0.09365983818,0.01095085832,,,0.8578501567,-0.08005895835,,,0.195585245,-0.274289704,,,7.191820118e-20,0.8753644361,0.009738711476,1,0.1617979724,0.08193499185,0.9297988795,0.0002165358026,0.2982601014,0.002019838763,2.566143249e-19,retained
within_cluster_2,102900005116530,102900011008164,-0.4807363847,0.6251342642,0.06644093546,,,0.2713294744,0.04399224927,,,0.5311018138,0.1857417892,,,0.002057965229,0.1194200618,,,0.04997382643,0.1114902749,,,0.0003509239897,-0.2267383198,,,0.000145067962,-0.1967489061,,,0.004691591602,0.1025667097,,,0.09257613415,-0.02174377026,,,0.7255984392,-0.1745998773,,,2.193181309e-08,0.5913515897,0.0004130748748,0.9846420647,0.01090916801,0.01242173025,0.1365277882,0.1434307933,0.8650540825,0.00154131321,4.479689482e-08,retained
within_cluster_2,102900005116530,102900011013274,0.3981978087,0.5514705882,0.1201411698,,,0.04614058532,0.05056587068,,,0.4534709522,0.1817378108,,,0.002576888644,0.1791208352,,,0.003141683948,0.1338679246,,,1.467469255e-05,0.0267787213,,,0.6578077564,0.1170546375,,,0.08182104259,-0.1918259164,,,0.00154095241,-0.1757100626,,,0.00426003914,-0.05185034693,,,0.09611796906,0.1949756695,0.7654464,0.9053818503,0.1440622025,0.01487766164,0.003150669431,0.01538665326,0.01015158263,9.731638219e-05,0.1132517976,retained
within_cluster_2,102900005116530,102900011016701,-0.4611239061,0.6148373984,0.0007829386133,,,0.9896691815,0.09950300515,,,0.1641773696,0.3772899837,0.2039427458,0.5079549176,2.7437755e-10,0.3088855652,0.1428166025,0.4774182935,2.228862157e-07,0.202522553,,,9.197507256e-11,-0.1188764053,,,0.04849995764,-0.1257788929,,,0.07821179362,0.2877018149,,,2.506054429e-06,0.06260053033,,,0.3118410198,-0.05691153974,,,0.07275031764,1,0.08265081539,0.5190917985,0.1387983943,2.127481311e-08,6.99751486e-06,4.831597967e-06,0.4347659031,1.749261757e-09,0.08740443407,weak
within_cluster_2,102900005116530,102900051004294,0.3209646254,0.6645435244,0.142452939,,,0.01788676353,0.03868057142,,,0.5354383246,0.1754047734,,,0.003644018378,0.2072852434,,,0.0006090685527,0.1275265625,,,2.676620827e-05,0.3219206536,0.1001174817,0.5399535576,4.495753149e-08,0.2055624186,,,0.0008752773652,-0.03388082836,,,0.5793769169,-0.1495355149,,,0.01521713922,0.05260501131,,,0.08573779507,0.1042188303,2.10777636e-07,0.9875971295,0.002324847389,0.0193799328,0.6716640969,0.00397372881,0.03225841499,0.0001625321562,0.1018742678,retained
within_cluster_2,102900005116530,102900051010455,-0.1710438875,0.6958661417,-0.08717365216,,,0.148622055,0.2785919946,,,5.306942785e-06,0.001744457022,,,0.977111091,0.09639487929,,,0.1140466733,0.06353281651,,,0.03700993327,0.002854611485,,,0.9623464708,0.2010030619,,,0.001144150246,-0.3571387914,-0.5113377453,-0.1959689825,1.52617784e-09,-0.1880095502,,,0.002199887712,-0.2317678601,,,1.719454299e-14,0.4038033193,1,0.000396251728,0.00299948881,1,5.464963634e-09,0.2617672032,0.005557611061,0.08172182417,4.801135549e-14,retained
within_cluster_4,102900005116547,102900005116790,0.6235538613,0.7549019608,0.1812607772,,,0.005836076388,0.100893836,,,0.1144672102,0.3706730736,0.2102354242,0.5352270959,2.563728314e-10,-0.02514709839,,,0.6808108069,0.167254855,,,7.8565766e-08,0.7135729465,0.5023975385,0.8949102842,4.283044205e-37,0.4457742566,0.116022136,0.6452373025,2.06001722e-13,0.7422813808,0.6288484722,0.8541590125,1.655716765e-48,0.5956629758,0.3863925091,0.7909972626,1.199777927e-26,0.6335010647,0.517087541,0.7343819569,2.595209997e-114,0.04560282945,1.569930385e-35,0.4172981839,1.579085443e-12,2.127481311e-08,1.283817307e-46,0.9017835654,3.77930047e-25,9.102792199e-07,1.453317598e-112,weak
within_cluster_4,102900005116547,102900005116912,0.7425884272,0.6651785714,0.03336559668,,,0.6529744627,0.05927993167,,,0.3545247871,0.2995537583,,,2.685246025e-05,0.2540966996,,,0.0005774656462,0.1574610035,,,7.653724811e-06,0.3327362633,0.1728587025,0.4766897283,3.933281041e-06,0.7055642041,0.478670324,0.8604746127,2.302817513e-38,0.4010227904,0.1130823777,0.6335891252,9.824762614e-09,0.7294901617,0.5502409134,0.864810085,1.118153526e-30,0.5933746298,0.4583057511,0.7220617098,5.668404608e-77,0.8955078345,1.431316711e-05,0.786272795,1.934366711e-36,0.0003556601039,3.328860744e-08,0.003829509022,5.498042703e-29,5.414003235e-05,1.428437961e-75,weak
within_cluster_4,102900005116547,102900005117209,0.4723662659,0.4581673307,0.03149854367,,,0.6023336939,-0.2020880148,,,0.0007494173794,0.1882645384,,,0.001781967795,0.2249940089,,,0.0001931703584,0.1023787187,,,0.0006956495453,0.2013107093,,,0.0007689164014,0.6235516459,0.403188603,0.7416830459,4.995185709e-31,0.6868004154,0.5566611947,0.7954959093,5.193104765e-39,0.402160415,0.180096008,0.5880036291,1.207890576e-11,0.5230911188,0.4163995243,0.6015717304,3.575630783e-77,0.874229465,0.001906685689,0.01660247733,2.341928928e-29,0.0110536833,1.51728974e-37,0.001545362867,9.438400782e-11,0.00279368423,9.24163033e-76,retained
within_cluster_4,102900005116547,102900005119944,0.6271071589,0.7,0.01819165084,,,0.8063773024,0.04535453391,,,0.4788835016,0.217935822,,,0.0003608051782,0.2555770312,,,0.0005347308835,0.1306968653,,,0.0001066429431,0.3906238118,0.1568210189,0.6046758968,4.206846923e-08,0.7227420389,0.5091345337,0.872166599,4.988143294e-41,0.5549791121,0.3260629424,0.7870083232,1.444625109e-22,0.7364758759,0.5455051089,0.8682681164,1.597331076e-31,0.6285247755,0.5181702368,0.7524746401,1.026058077e-96,0.9743711846,1.986183465e-07,0.9320931445,4.788617563e-39,0.003069127592,1.239303923e-21,0.003654886877,9.022659282e-30,0.0005442839831,3.83061682e-95,retained
within_cluster_4,102900005116547,102900005119968,0.678035925,0.2133676093,-0.2120694403,,,0.000621244686,0.1821752114,,,0.01332169073,0.1469727873,,,0.01584691191,-0.118419308,,,0.05193836304,0.01148444333,,,0.7195405213,0.1493200587,,,0.01659504336,0.6007086617,0.3014778801,0.7805232768,1.987728432e-19,0.2621488352,,,1.481837785e-05,0.180764561,,,0.003262922659,0.2909848836,,,2.204991058e-20,0.00834952858,0.03144324006,0.1162620282,2.842028737e-18,0.06027806492,3.854690289e-05,0.1487325851,0.007925363952,0.8054379184,7.99507549e-20,retained
within_cluster_4,102900005116547,102900005123880,0.7607774967,0.3912133891,-0.01425718641,,,0.8149348575,-0.1088466895,,,0.08846265496,0.1450676826,,,0.01645720062,0.1272565343,,,0.03663212072,0.04362767807,,,0.1555828875,-0.02291493374,,,0.7067446372,0.5829958916,0.3715829468,0.7030622066,8.559045259e-24,0.6604020037,0.4786592344,0.8001726339,3.338143299e-35,0.3676876032,0.1734771532,0.524254154,7.684434288e-10,0.4971507819,0.3931705377,0.5917952262,1.058285087e-66,0.9792597516,0.807347921,0.3600749682,1.938768005e-22,0.06189872471,7.236233216e-34,0.1134414061,4.933700485e-09,0.2637973937,1.888055518e-65,retained
within_cluster_4,102900005116547,102900005125815,0.7613891362,0.9313304721,0.08786768326,,,0.1454036835,0.2090843977,,,0.000471349986,0.4803458822,0.2737233684,0.6495442786,3.646361651e-17,0.09210834147,,,0.1311241856,0.2113907404,,,1.581973772e-12,0.8546931503,0.755489643,0.9296285419,5.454399877e-80,0.9012411792,0.7679577564,0.9563427994,1.631023758e-101,0.8630911026,0.7162497653,0.9395003692,1.754180715e-81,0.8513050638,0.7284127801,0.9252617479,4.498031679e-75,0.8687812844,0.8106743462,0.9184656076,0,0.3982796548,2.749017538e-77,0.01207967049,3.288143895e-98,1.837766272e-14,1.768214161e-78,0.2857798466,9.068031865e-72,4.141894968e-11,0,weak
within_cluster_4,102900005116547,102900011001219,0.7077131035,0.44,-0.006945896292,,,0.9085469185,-0.04174187109,,,0.4970340981,0.1561847791,,,0.009748188238,0.1817375873,,,0.002722941341,0.09770320228,,,0.001265153278,-0.06723932778,,,0.2655992694,0.6661605351,0.4081088231,0.7801014103,1.289842564e-35,0.7286469552,0.5744326296,0.8527466855,5.886203119e-46,0.4246274143,0.2203274442,0.6046997623,6.157034415e-13,0.5108954479,0.399198451,0.6050379753,1.362901931e-72,1,0.366243589,0.9540208561,8.96662969e-34,0.04163632942,3.296273747e-44,0.01375801941,5.373411853e-12,0.00469714366,2.922989674e-71,retained
within_cluster_4,102900005116547,102900011001806,0.7674059746,0.715536105,-0.0663019666,,,0.3712046886,0.123163681,,,0.06163773797,0.3573793519,0.19994961,0.4932758585,1.203761708e-09,0.1433263286,,,0.03125179512,0.1569224207,,,1.867868169e-06,0.5203327877,0.3352641748,0.6804338247,3.722590988e-14,0.571725733,0.3653146372,0.7081712639,1.896168568e-21,0.8357829702,0.7510211949,0.8952374136,9.611241985e-72,0.7140385818,0.5709502365,0.8221771983,1.325471161e-35,0.6980628453,0.6135489881,0.7704296555,3.855017535e-133,0.6976171423,3.101133649e-13,0.2984724307,3.185563194e-20,7.13759883e-08,4.84406596e-69,0.09953178351,1.214613573e-33,1.56249885e-05,3.885857675e-131,weak
within_cluster_4,102900005116547,102900011001813,0.1745572934,0.2791762014,0.02055881344,,,0.781778473,-0.02185976903,,,0.7351085296,-0.03593459274,,,0.5543840271,0.001367268182,,,0.985102653,-0.02642690489,,,0.4315557973,0.2380906416,,,0.001135761345,0.2595088241,,,4.382448975e-05,0.7565271794,0.6433964612,0.8516288834,2.374475061e-51,0.266994671,,,0.0002585485393,0.4668827883,0.3698005793,0.5477262026,8.619814651e-49,0.9651855819,0.002752037104,1,0.000144363025,0.7713169073,2.175882602e-49,1,0.0007969936625,0.5671554677,8.560367653e-48,retained
within_cluster_4,102900005116547,102900011008522,0.7170872985,0.4619666048,0,,,1,0.05759191643,,,0.343131756,0.1764284664,,,0.003448135303,0.02400853044,,,0.6945213219,0.1063076032,,,0.0004332873843,0,,,1,0.4127158651,0.162064742,0.6311468082,1.183968151e-12,0.3521139859,0.1021701489,0.5505467678,2.670992119e-09,0.4980087597,0.2634094131,0.6676152334,6.863801873e-18,0.4376648299,0.2699375805,0.5542145051,7.49672228e-52,1,1,0.7737736243,8.316654329e-12,0.01858674003,9.332270558e-09,0.9087282478,8.870143959e-17,0.001846738619,8.304061602e-51,retained
within_cluster_4,102900005116547,102900011009246,-0.03618525199,0.6212871287,-0.06363445023,,,0.3908000124,0.03163987531,,,0.6492653722,0.2344960932,,,0.0001098275369,0.1798870303,,,0.01567616668,0.1057250153,,,0.00215322085,0.6160800903,0.4045516024,0.7754918787,1.299910186e-20,0.4612925763,0.3004023502,0.6006460881,2.076856699e-12,0.7544775093,0.6455507457,0.8374426199,5.189331473e-50,0.8107381047,0.5509629756,0.9170083786,1.496398137e-42,0.6787127936,0.6123421209,0.750289795,8.569976135e-114,0.7165514289,1.885337364e-19,1,1.414507806e-11,0.001126457468,4.359038437e-48,0.05583595766,2.154813317e-40,0.007458579439,4.669478889e-112,retained
within_cluster_4,102900005116547,102900011009970,0.825150116,0.8506224066,0.2971068481,,,4.969414025e-07,0.1634147282,,,0.006511590745,0.1968496304,,,0.001076937529,0.4050933505,0.1438551672,0.5786361151,4.372272155e-12,0.3050285284,0.2107217512,0.3943121537,5.196279707e-25,0.8987939451,0.8272466804,0.9423958475,3.92092626e-100,0.8303712038,0.7276662842,0.9053195636,1.485935431e-71,0.8425531548,0.7209653029,0.8973865602,5.539235088e-74,0.8388537444,0.7398243708,0.8909764165,6.83079964e-71,0.8439141322,0.7982923568,0.8830727462,3.656211462e-295,3.035860204e-05,7.90458734e-97,0.07581062073,9.985486095e-69,0.007384714487,3.722365979e-71,3.390192563e-10,4.590297358e-68,6.162176406e-23,3.685461154e-292,clear
within_cluster_4,102900005116547,102900051000463,0.176558804,0.5067567568,0.1323233517,,,0.02794784334,0.03309872722,,,0.6261542915,0.1367603171,,,0.02382674286,0.005939148893,,,0.922616598,0.06880091961,,,0.02665148845,0.2683172778,,,6.167712426e-06,0.436005055,0.2239212076,0.6490505666,1.413921636e-11,0.7067971083,0.5524984172,0.7901196759,3.544016889e-42,0.1096026539,,,0.07600709478,0.4132158788,0.3046990761,0.5330220596,1.15988626e-43,0.1391181535,2.17000144e-05,1,9.020462081e-11,0.08086652124,1.42894761e-40,1,0.1345305558,0.06298794712,9.866374262e-43,retained
within_cluster_2,102900005116714,102900005116899,0.5494425332,0.974001857,0.4174695494,0.3200894862,0.5262451773,4.580540815e-13,0.251256111,,,3.062278144e-05,0.4483572676,0.2953608537,0.5568266629,6.616443001e-15,0.6118446523,0.5038520348,0.6900907255,4.038606793e-29,0.441516015,0.3814874249,0.5153643463,4.009975369e-53,0.04803037643,,,0.4267426831,0.3285946859,-0.00978454109,0.5815409965,3.424020317e-08,0.1421105677,,,0.01948343102,0.4802674816,0.3069319541,0.5881978245,1.396521632e-16,0.2809283409,,,5.303296991e-21,2.308592571e-10,0.5438206732,0.001815750805,1.575987434e-07,1.667343636e-12,0.03314649531,8.141831295e-26,1.618038856e-15,8.084110345e-50,1.979897543e-20,clear
within_cluster_2,102900005116714,102900005116943,0.6257494398,0.5485981308,0.1217398908,,,0.04329649802,0.1793938587,,,0.003151449084,0.2850079983,,,1.691648884e-06,0.1797004723,,,0.003044193077,0.2021801809,,,1.686820209e-11,-0.3895516936,-0.5566161242,-0.1877589912,1.956340389e-11,-0.560652073,-0.6850154721,-0.3718341259,1.14140522e-23,-0.517213609,-0.6577664497,-0.3368069257,7.127433925e-20,-0.09875366299,,,0.1100886661,-0.3819770996,-0.4802970724,-0.3026507028,8.942963724e-39,0.1885221166,1.252057849e-10,0.04671559819,2.474271961e-22,3.128774449e-05,5.150145804e-19,0.0150418952,0.1855675174,3.696336457e-10,6.532251764e-38,weak
within_cluster_2,102900005116714,102900005118817,0.2675743307,0.6722222222,0.1957265838,,,0.00108093468,0.09056806198,,,0.1333847721,0.2251297593,,,0.0001761650261,0.4195501359,0.2852452715,0.5343698267,6.167703509e-13,0.2505703242,,,3.871558656e-17,-0.04370191308,,,0.4696300032,-0.1104514522,,,0.06691577651,-0.3298590427,-0.5270025169,-0.1327243802,2.838253265e-08,0.1591779455,,,0.009719758135,-0.07521909916,,,0.01320015936,0.01266955997,0.5880584388,0.4597285566,0.1210971324,0.001675229682,9.27377404e-08,5.920995368e-11,0.02146224797,2.601687417e-15,0.01729760239,weak
within_cluster_2,102900005116714,102900005118831,0.1297221512,0.6273062731,0.257714493,,,1.454294416e-05,0.2336001557,,,8.944171964e-05,0.1319093508,,,0.02932944078,0.3141185557,0.1790284788,0.4528618689,1.352539416e-07,0.2298645216,,,1.349445297e-14,0.01476631036,,,0.8070632791,-0.544525217,-0.7011791213,-0.3665405236,1.041173934e-22,-0.4428619975,-0.5580237341,-0.2669424575,2.137829986e-14,-0.2209190706,,,0.0003057851962,-0.3180465655,-0.4209246952,-0.1916001173,6.298433491e-27,0.0004620429848,0.89496126,0.00400698904,2.018275627e-21,0.09415310925,1.056339522e-13,3.063729733e-06,0.0009284080655,5.667670249e-13,3.008919886e-26,weak
within_cluster_2,102900005116714,102900005125808,0.7973536392,0.5736738703,0.1134709981,,,0.07506874747,0.1830272341,,,0.003971455503,0.2366719065,,,7.855585127e-05,0.2318880021,,,0.0001204676211,0.1914681013,,,5.201487064e-10,-0.4980783354,-0.6226981913,-0.3385697702,6.844189227e-17,-0.5152624238,-0.6621144346,-0.2968145292,4.388848812e-18,-0.4813602875,-0.6220339773,-0.2813694427,4.574710661e-17,-0.308934245,-0.4985740302,-0.1173414838,3.191111604e-07,-0.4249995291,-0.5152465594,-0.3150671542,2.948844012e-46,0.2627406161,7.186398688e-16,0.05483872803,5.564729059e-17,0.0008897112144,2.65017721e-16,0.001020431614,1.535389259e-06,9.039825794e-09,2.714552296e-45,weak
within_cluster_2,102900005116714,102900011000328,-0.2180299278,0.7914735867,0.1482196623,,,0.0137065247,0.1432538982,,,0.01745176324,0.2838317706,,,1.874169127e-06,0.3497840173,0.2129937989,0.4651224595,3.450986418e-09,0.2203308286,,,1.706129802e-13,-0.05351840607,,,0.3757715143,-0.1950683719,,,0.001148387357,-0.5409423352,-0.6944666694,-0.3627678326,6.369382415e-22,0.2016088041,,,0.001009748515,-0.2022538792,,,1.805660867e-11,0.08574299246,0.4890609249,0.1384763361,0.003006686898,3.434840874e-05,5.328080891e-21,1.119019249e-07,0.002758337408,5.459615367e-12,4.343928768e-11,weak
within_cluster_2,102900005116714,102900011008164,-0.3141562592,0.7370983447,0.08226458262,,,0.1729486428,0.04268635129,,,0.5269228277,0.2974644859,,,5.553024893e-07,0.2610877049,,,1.387582011e-05,0.1778726901,,,7.549477139e-09,0.008630240575,,,0.8865047844,-0.2828536675,,,1.883035516e-05,-0.3716125832,-0.5920682729,-0.1738830239,2.879752669e-10,0.1897037128,,,0.002002041229,-0.1415611818,,,5.045251083e-06,0.4435934655,0.9673132754,0.9809200875,6.533906369e-05,1.257853729e-05,1.079104346e-09,0.0001695372929,0.005115481772,1.04244835e-07,8.821531816e-06,weak
within_cluster_2,102900005116714,102900011013274,0.2257157584,0.6606118547,0.1283786644,,,0.03301207206,0.08810948734,,,0.1745779121,0.1651857977,,,0.006226444353,0.2490255851,,,3.498852639e-05,0.1580720411,,,2.36559664e-07,-0.01616884462,,,0.7891493444,-0.1572044314,,,0.01498567005,-0.01008733973,,,0.8689541407,-0.3657174784,-0.5686193877,-0.1513977178,9.60373115e-10,-0.1449618002,,,2.451366263e-06,0.1573341307,0.8789641317,0.5294003011,0.03183467948,0.02981594256,0.939813062,0.0003642192637,6.107609463e-09,2.420833922e-06,4.381165236e-06,weak
within_cluster_2,102900005116714,102900011016701,-0.2466355147,0.8389328063,0.3214643668,0.2197258367,0.4507668709,4.708297242e-08,0.4282467682,0.3049061634,0.5521072319,5.904898255e-11,0.5744331128,0.4141503069,0.6758105554,2.106000563e-24,0.4540373024,0.2879363104,0.5720408588,3.884620533e-15,0.4382692757,0.376962204,0.5071010766,3.250108113e-49,-0.1116313847,,,0.06403510165,0.3022411852,0.01129410074,0.5896142253,6.756096271e-06,0.4335456105,0.2743599495,0.6139640917,2.710971319e-13,0.4672964293,0.2020451116,0.6147023167,1.134593897e-15,0.273893017,,,7.151619925e-19,4.519965353e-06,0.1046997282,2.97606872e-08,2.476416379e-05,2.122848568e-21,1.253513344e-12,5.220929996e-13,1.24312027e-14,2.184072652e-46,2.439537355e-18,clear
within_cluster_2,102900005116714,102900051004294,0.7912154493,0.6926648097,0.2477309037,,,3.154802416e-05,0.1545460787,,,0.01013097615,0.3194453244,0.2095353286,0.4604941648,6.817227493e-08,0.3369148304,0.1867237733,0.5010630831,1.368892793e-08,0.2552390996,,,9.578451814e-18,-0.2053639779,,,0.0005970725489,-0.5078294852,-0.6613572388,-0.3124530545,1.685101025e-19,-0.5427301352,-0.6965853512,-0.3893136313,4.396362684e-22,-0.1442272686,,,0.0192796136,-0.3546980504,-0.4450474542,-0.2679291449,1.626663214e-33,0.0008480108893,0.001521742426,0.100117882,2.426545476e-18,1.935708539e-06,3.723977803e-21,4.118937122e-07,0.04006979487,6.896485306e-16,9.560796032e-33,weak
within_cluster_2,102900005116714,102900051010455,0.4291727059,0.8282548476,0.1137575792,,,0.05910157263,0.2891226909,,,1.027908739e-06,0.2866535991,,,1.464584136e-06,0.113692981,,,0.06210403557,0.202053912,,,1.496854735e-11,-0.1052547473,,,0.08089111641,0.1636255922,,,0.006441828546,0.03628873933,,,0.5527034502,-0.2050381943,,,0.0008230326839,-0.02976988536,,,0.3272405798,0.2252339705,0.1280035249,9.419381898e-05,0.01460824111,2.78535205e-05,0.6470674539,0.1685083926,0.002310910711,3.352954606e-10,0.3593229895,weak
within_cluster_4,102900005116790,102900005116912,0.5165556475,0.5701754386,-0.05031972598,,,0.4975508824,-0.03497565764,,,0.5851038586,0.3918336758,0.2315165206,0.5772270138,2.263025002e-08,0.1396945825,,,0.06143886113,0.1194108406,,,0.0007136428829,0.283026055,,,9.905779846e-05,0.5699464991,0.3373216049,0.7122674272,1.367936786e-22,0.4928806065,0.2920043691,0.6492250705,5.05131282e-13,0.7012001173,0.501993431,0.8529073179,1.653264598e-27,0.5037594761,0.3670977133,0.6254036927,1.636341115e-52,0.7998904138,0.0002906848933,1,2.626438628e-21,8.265190477e-07,2.283284001e-12,0.1673793838,6.059966237e-26,0.00284328864,1.853294206e-51,retained
within_cluster_4,102900005116790,102900005117209,0.08034011422,0.3740601504,0.04568708407,,,0.4905313423,0.002693998187,,,0.9664679437,0.07182594729,,,0.2368716209,-0.1430891142,,,0.01865254483,-0.01026033006,,,0.7435660832,0.1210241009,,,0.0669273789,0.1410084844,,,0.0270061983,0.5236848224,0.3557922198,0.6846376021,2.041930434e-20,0.3305497672,0.07205981029,0.5179143006,4.015219958e-08,0.2775709785,,,2.631318996e-19,0.798112522,0.1088109644,1,0.05477313458,0.4441669914,1.530309203e-19,0.06416984705,2.124588828e-07,0.8268225172,9.193655278e-19,retained
within_cluster_4,102900005116790,102900005119944,0.5182137403,0.6,0.01206463525,,,0.8708780113,0.06648316909,,,0.2989971673,0.1642698477,,,0.007481914188,0.1000223794,,,0.1815673185,0.09583567716,,,0.004572370291,0.3928890754,0.1740962898,0.5890853592,3.457326749e-08,0.5541815767,0.3039157127,0.716060712,3.316984971e-21,0.5433220308,0.2762838492,0.7046856118,1.598698905e-21,0.6762589602,0.5094991525,0.822920427,5.235688368e-25,0.546983581,0.4584950851,0.6586100713,5.76919378e-69,1,1.64386102e-07,0.717246207,5.481181723e-20,0.03404862077,1.27390395e-20,0.3644438299,1.407353033e-23,0.01418138232,1.118336025e-67,retained
within_cluster_4,102900005116790,102900005119968,0.4449323216,0.2116788321,0.020779697,,,0.7539338301,-0.1158786436,,,0.1172493699,0.1265396265,,,0.03807152516,0.0469425401,,,0.4423745693,0.02017632222,,,0.533874133,0.1333131659,,,0.04340381398,0.6493014666,0.4470279133,0.7941356531,2.084367407e-23,0.2970576474,,,8.061635264e-07,0.187269968,,,0.002291716066,0.3552699053,0.2516136489,0.4243787321,1.957933393e-29,0.9487706626,0.07523825365,0.4247537311,4.332046074e-22,0.1142145755,2.348592008e-06,0.6854935678,0.005782352426,0.6601202981,1.017317969e-28,retained
within_cluster_4,102900005116790,102900005123880,0.4266245805,0.2918287938,0.02228837364,,,0.7367049558,0.07438437687,,,0.2450964897,0.005692786254,,,0.9254035265,-0.1662967534,,,0.006163499936,-0.05072530541,,,0.1055987287,-0.07828309321,,,0.2369799746,0.1249760277,,,0.05024508718,0.4872096795,0.2971447574,0.6995198652,1.677023292e-17,0.2044504555,,,0.0008525829746,0.2202874301,,,1.485894686e-12,0.9401325194,0.3303953173,0.6518661256,0.0950226039,1,1.015278966e-16,0.02664143388,0.002387232329,0.1930072866,3.749141034e-12,retained
within_cluster_4,102900005116790,102900005125815,0.5069265832,0.7782178218,-0.05454046553,,,0.410363884,-0.09641648285,,,0.1315425497,0.2877520507,,,1.329565246e-06,0.04775617336,,,0.4344971125,0.06706375908,,,0.03230815377,0.6676637851,0.437829066,0.866071272,4.740723667e-31,0.4425860633,0.1098118326,0.6574801575,3.190204916e-13,0.7130230647,0.5694057475,0.8602683083,3.225444023e-43,0.6676371511,0.4485567815,0.8534572655,2.638244303e-35,0.64596759,0.5262102926,0.7568625952,3.167986105e-120,0.7327506532,1.098540105e-29,0.4564367989,2.399795937e-12,2.577311092e-05,1.512208174e-41,0.6795548322,2.312478484e-33,0.07310127721,1.995831246e-118,retained
within_cluster_4,102900005116790,102900011001219,0.3041350448,0.3803088803,0.1362208474,,,0.038992347,-0.0233550074,,,0.7154898916,0.01011283964,,,0.8678979677,-0.05082025438,,,0.4055640196,-0.003765251111,,,0.9044463783,0.09283170457,,,0.1605501253,0.131622397,,,0.03912352536,0.5497062582,0.3407512875,0.7107387792,1.012903085e-22,0.4670622217,0.2334959309,0.6309143089,1.177378847e-15,0.3199805519,0.2150700735,0.4356980797,1.869575411e-25,0.1746857146,0.2359103882,1,0.07615516519,0.9952686592,8.76400266e-22,0.6463375996,1.283024733e-14,0.9404957268,8.43191058e-25,retained
within_cluster_4,102900005116790,102900011001806,0.7003814349,0.6430107527,0.1412546668,,,0.05579737125,0.08568366087,,,0.1944241507,0.1548424203,,,0.01040267621,-0.1249032356,,,0.06084184752,0.05806673034,,,0.07933172942,0.6346768973,0.5168588628,0.7475677044,3.901643578e-22,0.3460427996,0.1348824623,0.6014025009,6.717166024e-08,0.6463394418,0.5223747935,0.7705035659,2.506100437e-33,0.6829891746,0.503257299,0.8045510134,1.430575322e-31,0.5612890917,0.4888920196,0.6415653876,2.985630964e-76,0.2197021493,6.145088635e-21,0.5651846474,3.002617895e-07,0.04369124009,4.59299862e-32,0.1659772187,8.482470142e-30,0.1537341626,7.081214146e-75,retained
within_cluster_4,102900005116790,102900011001813,0.2911161006,0.2826086957,0.04733134144,,,0.5234633091,0.1737742303,,,0.006729442466,-0.09486593373,,,0.1178694656,-0.09842611265,,,0.1778408949,-0.003880055579,,,0.9080800295,0.1861058103,,,0.01142591951,0.2065170471,,,0.00123393669,0.5733407055,0.4208390177,0.7261410729,5.382252702e-25,0.2645770896,,,0.0002953776202,0.3422719232,0.258812799,0.436932835,1.457801034e-25,0.8155348,0.02245092956,0.0762166068,0.003205691194,0.2669942053,5.53603135e-24,0.3588861301,0.0009022443671,0.9429997544,6.589522165e-25,retained
within_cluster_4,102900005116790,102900011008522,0.7629252258,0.3807017544,0,,,1,-0.117474651,,,0.06584051794,0.1295307425,,,0.03240329839,-0.07370906146,,,0.2273601238,0.02456271816,,,0.4334853306,0,,,1,0.09034548175,,,0.1577478001,0.2728291649,,,5.394446088e-06,0.4845789359,0.3035924523,0.6724861233,6.823488652e-17,0.2213067289,,,1.165702348e-12,1,1,0.309404392,0.2566743867,0.1010925009,1.469622069e-05,0.4283719716,8.188186382e-16,0.5693201475,2.974754346e-12,retained
within_cluster_4,102900005116790,102900011009246,-0.04629397784,0.5662650602,0.1473708775,,,0.04589840921,0.04135795218,,,0.5521285406,0.1660669693,,,0.006533411715,0.08078900717,,,0.2809845026,0.1090646765,,,0.001546913606,0.6540048822,0.4441078711,0.8128658504,7.849438136e-24,0.3154904176,0.1139281151,0.5175857385,3.271040708e-06,0.6329638172,0.4832580784,0.7476189748,4.501815756e-31,0.6965354593,0.4475341388,0.8398046829,5.075680067e-27,0.5502946584,0.4589832556,0.6509687652,2.829887962e-67,0.1948025115,1.318705607e-22,1,1.234909751e-05,0.03070246624,6.875500427e-30,0.4986485539,1.677470658e-25,0.005639381246,5.233994615e-66,retained
within_cluster_4,102900005116790,102900011009970,0.4626810318,0.7115384615,0.1102891123,,,0.09519705087,-0.05238888533,,,0.4133203734,0.09324748499,,,0.1242975964,0.1937305663,,,0.001379488427,0.09099341421,,,0.003647507669,0.6997296308,0.4781490029,0.872386216,3.761355216e-35,0.448078764,0.1923977094,0.6268255129,1.497383707e-13,0.6798789832,0.5231343171,0.8086672387,5.656357913e-38,0.6378921015,0.4558092154,0.7996007504,1.899637703e-31,0.6269392314,0.5265768612,0.7192221885,2.623700595e-111,0.3060881253,1.223047115e-33,0.85286988,1.179189669e-12,0.2793578086,1.562084596e-36,0.007923215582,1.03504584e-29,0.01165352688,1.3223451e-109,retained
within_cluster_4,102900005116790,102900051000463,0.6092950002,0.5825771325,0.1189158801,,,0.0718582805,-0.001283110186,,,0.9860195173,0.1276518408,,,0.03502159909,0.2426022132,,,5.620390672e-05,0.1299560023,,,5.285138879e-05,0.3841420763,0.2223395982,0.5468369728,1.671403855e-09,0.6515154938,0.4132291894,0.7892537052,3.27065316e-24,0.6716141517,0.5142667988,0.7755367107,8.998184367e-37,0.2246382599,,,0.0002399850714,0.5134447401,0.4237596378,0.6042251524,3.742025725e-65,0.2562231476,9.131572284e-09,1,7.578892839e-23,0.1074635369,2.325684575e-35,0.0005395575045,0.00074203973,0.0002943325961,6.313196975e-64,retained
within_cluster_1,102900005116837,102900005122654,0.7934676738,0.4173387097,-0.05114556853,,,0.4776532333,0,,,1,0.05799410809,,,0.3941767199,0.192542187,,,0.001478303274,0.05873558693,,,0.08390603244,-0.2926943709,,,3.291828603e-05,0,,,1,0.4520156153,0.2543332935,0.6582659471,3.186390377e-12,-0.2043795173,,,0.0008562150121,0.34823073,0.1965035637,0.4949448551,7.757176614e-26,0.7896819961,0.0001045090782,1,1,0.6278845393,1.366758085e-11,0.008324570577,0.00239090708,0.1595797749,3.530128229e-25,retained
within_cluster_1,102900005116837,102900011007044,0.7767804638,0.08222222222,0.07821226624,,,0.2234875657,-0.1028329206,,,0.1648105687,0.04604336532,,,0.4731349848,0.02070137141,,,0.7348987538,0.006607585411,,,0.8394157737,-0.2978425815,,,2.174458804e-06,-0.04004123085,,,0.589431015,-0.1397859979,,,0.02970621439,-0.3526030197,-0.481687182,-0.1212878507,4.078282282e-09,-0.09152802188,,,0.005144327453,0.5255522266,8.224594649e-06,0.5190917985,0.8166961692,0.700909204,0.04864965735,0.9341462091,2.425314773e-08,0.8949033315,0.006965053154,retained
within_cluster_1,102900005116837,102900011009277,0.8543007046,0.4776119403,0,,,1,0,,,1,0.08125834234,,,0.2754989513,0.2122318033,,,0.0006792352198,0.1399153859,,,6.943143612e-05,0,,,1,0,,,1,0.5051130465,0,0.771253121,5.569056549e-13,0.2423421975,,,0.0001235302443,0.5608441658,0.4034444678,0.6989069546,6.793067112e-67,1,1,1,1,0.491944983,2.506075447e-12,0.004360949691,0.0004089277053,0.0003783075006,1.233767865e-65,retained
within_cluster_1,102900005116837,102900011012994,0.4738505667,0.5221238938,0.01296980546,,,0.8612843966,0.04741768159,,,0.495376909,-0.01583844234,,,0.7944707162,0.2120604507,,,0.0006862387614,0.07059677509,,,0.03236286989,0.5392157211,0.3039125557,0.7481118663,2.860916052e-15,0.1203583283,,,0.08258495628,0.5662864037,0.3175466433,0.7175136894,2.685546401e-24,0.25960267,,,3.758286425e-05,0.4676650936,0.3461845581,0.5974342364,1.385455715e-50,1,2.598021064e-14,0.9532695657,0.1452803419,0.9522312508,2.615488668e-23,0.004391928073,0.0001387674988,0.07314298846,1.454728501e-49,retained
within_cluster_1,102900005116837,102900011021842,0.7969280011,0.2410546139,0.08140988916,,,0.2117613553,-0.05862929243,,,0.4292083701,0.0210491869,,,0.7779099391,0.06340414465,,,0.3151272434,0.04086784995,,,0.2323051097,0.01321497475,,,0.8396234392,-0.03571598514,,,0.6302839644,-0.3619024587,-0.5411129283,-0.1957134295,6.43187987e-07,-0.5467172506,-0.7042943947,-0.2885531179,1.41633064e-20,-0.08214721608,,,0.01685535566,0.5088330063,0.923952431,0.8749080628,0.8649778572,0.9390816989,1.887433744e-06,0.5402181315,2.359770719e-19,0.3556014436,0.02181026765,retained
within_cluster_2,102900005116899,102900005116943,0.3150381026,0.5489078822,0.09711601803,,,0.107420199,0.05639371675,,,0.3632597709,0.1985592031,,,0.0009717261598,0.1990601901,,,0.001006545222,0.1350185363,,,8.409221213e-06,-0.04038390803,,,0.5040470367,-0.2655558456,,,1.322715048e-05,-0.443753418,-0.6466771323,-0.132108927,1.870191812e-14,-0.09674159482,,,0.1175629613,-0.1401984292,,,4.1135893e-06,0.3300607955,0.625647106,0.7986169009,4.702986839e-05,0.006802083118,9.286469689e-14,0.006021350645,0.1955502723,5.906965145e-05,7.261817889e-06,retained
within_cluster_2,102900005116899,102900005118817,0.6953313526,0.6769953052,0.2100339007,,,0.0004434572783,0.064861628,,,0.2891571611,0.1923807924,,,0.001403383035,0.4059648978,0.2696811673,0.5252522241,3.89563962e-12,0.2257016975,,,4.9362581e-14,-0.1177771042,,,0.05063172669,-0.303342745,-0.4947673546,-0.02767642768,3.935867441e-07,0.01047202876,,,0.8640041157,0.2863968748,,,2.338449235e-06,0.1313423353,,,1.517715568e-05,0.006385784808,0.08563218205,0.7071038939,1.653064325e-06,0.009010255408,0.9354576925,3.141443789e-10,1.020414212e-05,1.686694293e-12,2.560430615e-05,weak
within_cluster_2,102900005116899,102900005118831,0.2920207563,0.6303939962,0.2609368236,,,1.124921217e-05,0.1610356654,,,0.00814078655,0.2327187098,,,0.0001040629128,0.3317206422,0.2023105668,0.4420323763,2.345699723e-08,0.2479183605,,,1.058526232e-16,0.06969247484,,,0.2485135856,-0.2142100552,,,0.0004030136942,-0.4527957519,-0.6232987932,-0.2418782969,4.709502368e-15,-0.3087737717,-0.5497048223,-0.06159220256,3.238639696e-07,-0.2636510196,,,1.336907422e-18,0.0003919064953,0.3448061862,0.08547825878,0.001141117426,0.001098381321,2.491957159e-14,6.729480319e-07,1.554547054e-06,6.276437892e-15,4.514581847e-18,weak
within_cluster_2,102900005116899,102900005125808,0.2964905041,0.576,0.1247586336,,,0.05017746087,-0.001829908947,,,0.9775493642,0.1610441969,,,0.00767364103,0.1483421914,,,0.01469884721,0.1068658234,,,0.0005953684554,-0.3006757975,-0.5009055078,-0.0680743051,1.484104423e-06,-0.3547885703,-0.6059074536,-0.03643702505,1.693513069e-08,-0.2875063702,,,1.554432422e-06,-0.305133303,-0.5026822028,-0.1298382724,4.518546011e-07,-0.2513409273,,,3.808746935e-16,0.2046881189,5.742715003e-06,1,8.052175347e-08,0.03453138464,4.432440965e-06,0.05301051159,2.123400643e-06,0.002424773346,1.152917991e-15,retained
within_cluster_2,102900005116899,102900011000328,-0.8038393661,0.7975517891,0.1465782177,,,0.01479875835,-0.035910815,,,0.5575882172,0.1768447249,,,0.003371247941,0.294311199,,,8.520256892e-07,0.1487030483,,,8.361962038e-07,-0.3508191974,-0.5302646328,-0.1756472333,2.055561458e-09,-0.6436280683,-0.7589176663,-0.4760138392,7.349856911e-33,-0.1389871233,,,0.02235427633,0.1257001511,,,0.04166108347,-0.4379886625,-0.55462682,-0.3109444338,9.507776674e-52,0.08905760246,1.108024572e-08,1,3.899292509e-31,0.01831923409,0.03768078686,1.52007415e-05,0.07930948467,7.697586972e-06,1.047414086e-50,retained
within_cluster_2,102900005116899,102900011008164,-0.600051262,0.7450787402,0.1339253473,,,0.02609001584,0.07778935958,,,0.2484009022,0.1918372004,,,0.001448751715,0.251504058,,,2.904111476e-05,0.1766632835,,,9.563098835e-09,-0.1716598732,,,0.004234465052,-0.2910724475,,,1.042222412e-05,-0.06363509733,,,0.2974875349,0.1726227532,,,0.004996794103,-0.2065524273,,,2.134326578e-11,0.1321575999,0.009199010285,0.655466255,3.752000682e-05,0.009242839836,0.3808662753,0.0003147682116,0.0117681506,1.302649139e-07,5.092073823e-11,weak
within_cluster_2,102900005116899,102900011013274,0.6285956469,0.6596153846,0.273230726,,,4.093011483e-06,0.04712098427,,,0.4684174258,0.1416748215,,,0.01918399129,0.2000113398,,,0.0009506815956,0.1700904808,,,2.597760269e-08,0.2963159742,,,5.345658226e-07,-0.09603057036,,,0.1388102045,-0.3325330336,-0.5312336703,-0.1090865447,2.157619236e-08,-0.4812710479,-0.6177717332,-0.3033981923,1.18314519e-16,-0.1237392426,,,5.908050241e-05,0.0001964645512,2.190416053e-06,0.9204147169,0.2291903131,0.06857256463,7.130754721e-08,0.005738245798,1.378740291e-15,3.273177938e-07,9.513282177e-05,weak
within_cluster_2,102900005116899,102900011016701,-0.1754365706,0.8298714144,0.3606832094,0.2426739566,0.4884842328,6.658987642e-10,0.3631157954,0.2132824421,0.5023482154,4.535506735e-08,0.4221142894,0.2795007034,0.534216368,9.598593848e-13,0.5068131908,0.3874267987,0.6053472423,5.030134084e-19,0.4110840995,0.3470164921,0.4769429024,6.035158361e-43,0.1138168691,,,0.05896862775,0.4120097627,0.1476306082,0.6611843853,3.547825074e-10,0.4534806062,0.2321790501,0.5940399608,1.533356155e-14,0.3339886843,0.1111316449,0.4930717868,2.843746017e-08,0.1628084084,,,1.912634498e-07,1.032655314e-07,0.09736343452,7.03352429e-06,1.954211844e-09,1.138280306e-10,7.728115022e-14,1.448678616e-16,1.536995166e-07,2.433375851e-40,3.679266362e-07,clear
within_cluster_2,102900005116899,102900051004294,0.3999249346,0.6936852026,0.2601511251,,,1.197985289e-05,-0.09460880042,,,0.1216348766,0.2241557155,,,0.0001882412894,0.3274430287,0.2001367082,0.5046773587,3.627944692e-08,0.1773260484,,,3.88353825e-09,-0.3564617404,-0.5240124952,-0.1750250596,1.083843055e-09,-0.4049397044,-0.5641507531,-0.181584531,4.888799557e-12,-0.2119348189,,,0.0004545535894,-0.1138893412,,,0.0651566362,-0.1870631412,,,6.038783953e-10,0.0004093454817,6.086427851e-09,0.4309594222,3.285273303e-11,0.001773338502,0.0009938188877,9.883697971e-07,0.1170728864,5.714754096e-08,1.358726389e-09,weak
within_cluster_2,102900005116899,102900051010455,-0.007267836912,0.8210624418,0.2994610184,,,3.993871425e-07,0.1808949639,,,0.00290433595,0.2091700252,,,0.0005037432666,0.2016445105,,,0.0008613772839,0.2156238946,,,6.532826479e-13,-0.03944751856,,,0.5139940677,0.3928914954,0.2352229744,0.5238182816,2.315150894e-11,-0.1156175744,,,0.05778255033,-0.1678161922,,,0.006373304017,-0.1632085224,,,7.10231433e-08,2.683881597e-05,0.634604035,0.04538869205,1.440538334e-10,0.003921028669,0.09009251467,0.005278226761,0.01477297963,1.919728496e-11,1.399634965e-07,weak
within_cluster_4,102900005116912,102900005117209,0.3355159348,0.4419191919,0.337109879,0.1407950621,0.599730684,2.878268953e-06,-0.05181525046,,,0.4184605554,0.09395052586,,,0.1972845684,0.04470752203,,,0.5512195283,0.04548440832,,,0.198740952,0.04745125535,,,0.5224104646,0.4678734982,0.2921937728,0.625939052,8.738026813e-15,0.3383585939,0.1264550186,0.5237772682,1.799177176e-06,0.3707876559,0.05923290945,0.6598159407,3.767825411e-07,0.3970187976,0.2737945786,0.494213246,1.732160456e-31,0.0001415265905,0.6429114337,0.8564634311,7.726255287e-14,0.3945691367,5.094299419e-06,0.7960304936,1.791494346e-06,0.3155940096,9.892451782e-31,retained
within_cluster_4,102900005116912,102900005119944,0.9505326691,0.8166189112,0.1413566039,,,0.05561898419,-0.01298916152,,,0.8393711156,0.495374985,0.1916987759,0.7094506896,3.699620483e-13,0.4518455699,0.1681307535,0.682870605,1.929568355e-10,0.2328990331,,,2.575565731e-11,-0.09423816054,,,0.2032200738,0.6856383301,0.4498523608,0.845505425,1.664958409e-35,0.8979730568,0.792913372,0.96831467,6.150853882e-69,0.8585178189,0.7126843377,0.9457109116,1.212472437e-52,0.7721450791,0.6696841985,0.8498590844,1.02620168e-158,0.2197021493,0.292846082,1,1.082760049e-33,5.327453496e-11,2.480024285e-66,9.046534425e-09,3.055430541e-50,5.408688035e-10,1.880747805e-156,weak
within_cluster_4,102900005116912,102900005119968,0.9547284886,0.3373493976,0.4307487574,0.1370128947,0.6964909272,1.038013e-09,-0.0398902791,,,0.5908362081,0.1764722554,,,0.01597539957,0.127473646,,,0.08814081202,0.135549067,,,0.0002304086379,-0.03230590345,,,0.6633113821,0.7027269742,0.5311461136,0.8198061428,1.031529265e-28,0.4039345269,0.115684739,0.5971755945,1.08226512e-08,0.2603096832,,,0.0004666922556,0.5482310138,0.3963494434,0.6643433164,1.387587094e-58,1.395089472e-07,0.7680848629,1,3.851042591e-27,0.06065236446,3.648572711e-08,0.2172272335,0.001371503772,0.001073221132,1.942621932e-57,retained
within_cluster_4,102900005116912,102900005123880,0.7004787415,0.3902439024,0.3670256758,0.2078911985,0.6103483012,2.981186581e-07,-0.008547605882,,,0.8938900317,-0.1005330572,,,0.167553682,-0.0718255701,,,0.3379791044,-0.02392209306,,,0.4992580102,0.159537832,,,0.03052555198,0.4170461727,0.2401489054,0.5624437297,9.032629154e-12,0.2841276979,,,7.104007149e-05,0.2887370016,,,9.718271383e-05,0.3837899151,0.2420109797,0.4963847021,2.275174665e-29,2.072438671e-05,0.0546047141,1,5.855234847e-11,0.3489811323,0.0001715171067,0.5673527536,0.000333197876,0.6298524083,1.170089828e-28,retained
within_cluster_4,102900005116912,102900005125815,0.9696791487,0.6747787611,-0.1741894475,,,0.01803852124,0.1417234763,,,0.02623228038,0.1964524741,,,0.00659633178,0.0525448325,,,0.4835927845,0.07804172679,,,0.02729526556,0.1719316757,,,0.01961108648,0.7490962042,0.5492825952,0.8852617604,1.566916728e-45,0.7493435946,0.6263029143,0.8209811268,1.7041371e-35,0.7136118803,0.4537137041,0.8652431628,7.497351746e-29,0.7358484552,0.6380737935,0.8072810728,9.482956735e-137,0.1048001695,0.036505956,0.1768704924,1.858178897e-43,0.03082522833,3.817267103e-34,0.7253891768,3.084624718e-27,0.06405966866,1.274509385e-134,retained
within_cluster_4,102900005116912,102900011001219,0.5749228112,0.4552631579,0.05063502728,,,0.4948569504,-0.09315918126,,,0.1451515064,0.1203933653,,,0.09800955959,-0.03355470976,,,0.6547499214,0.01350076191,,,0.7029958603,0.006513956966,,,0.9300687124,0.4026707288,0.223974053,0.5674996539,5.258264885e-11,0.4280101616,0.2268396488,0.6200118942,7.284740552e-10,0.4297980202,0.1548843529,0.6808206221,2.373303404e-09,0.4232016316,0.3015855463,0.5232402024,5.663255479e-36,0.7988868498,1,0.479713831,3.202616921e-10,0.2335546952,2.660513941e-09,0.8829269843,1.436810709e-08,0.795308448,3.694861827e-35,retained
within_cluster_4,102900005116912,102900011001806,0.6229842257,0.5724637681,0.0291023062,,,0.6949431453,0.01423702444,,,0.8295949322,0.2673530202,,,0.000192242157,0.02273728889,,,0.761915243,0.05921173175,,,0.09735853092,0.200343219,,,0.006395776019,0.5584306132,0.3956677245,0.6933775754,2.430076651e-20,0.4048579527,0.1342556445,0.6543344305,6.883288361e-09,0.6044392983,0.4305465654,0.762899868,5.202616721e-19,0.4955862602,0.3849523631,0.6271889951,1.052715301e-49,0.9178313408,0.01329266439,1,3.739721015e-19,0.001794260132,2.364004998e-08,0.957189752,7.600344428e-18,0.1805655918,1.06646937e-48,retained
within_cluster_4,102900005116912,102900011001813,-0.232649326,0.1730769231,0.08197895568,,,0.2685959535,-0.03899761068,,,0.5460104486,-0.04549412805,,,0.5331018839,-0.2031738686,,,0.006229243934,-0.05402115761,,,0.1277983999,-0.06986047656,,,0.3460249553,0.13478674,,,0.0361261259,0.02454146647,,,0.7367961333,0.07173299172,,,0.3427189824,0.08564748943,,,0.01584419754,0.589445807,0.4574336459,0.9961602392,0.07091554997,0.7526144243,0.8183917381,0.02683366618,0.469695084,0.2265976907,0.02058112258,retained
within_cluster_4,102900005116912,102900011008522,0.8728726963,0.5123762376,0,,,1,-0.02904713801,,,0.6502882117,0.2972383831,,,3.118582531e-05,-0.0291082342,,,0.6980978444,0.05103286879,,,0.1492712659,0,,,1,0.3245004009,0.1236133242,0.5653596209,1.93780408e-07,0.6090385392,0.436258826,0.7575712164,1.13156999e-20,0.4249208355,0.1923328545,0.7214459141,3.748386249e-09,0.5116103108,0.3552849629,0.64774812,2.255143047e-54,1,1,1,8.329665298e-07,0.0003954127285,8.576109394e-20,0.9103268139,2.235723869e-08,0.2552424699,2.658694961e-53,retained
within_cluster_4,102900005116912,102900011009246,-0.3136745175,0.4250681199,0.3475665756,0.130717342,0.5615606367,1.337764998e-06,-0.007303745861,,,0.9164097943,0.2320372345,,,0.001275712791,0.03510978593,,,0.6398490561,0.142080537,,,8.210401019e-05,0.4379991996,0.1950157258,0.5394435234,5.040773415e-10,0.312039454,0.1325236736,0.5178594441,4.236894243e-06,0.2359238957,,,0.001049502983,0.6638236933,0.4769962446,0.8437962648,7.519643221e-24,0.3242992533,0.2102735359,0.4929378677,4.528402028e-20,7.705526389e-05,2.878809973e-09,1,1.584708496e-05,0.008404696037,0.002192536802,0.8709896672,1.804714373e-22,0.0004333028391,1.627318804e-19,retained
within_cluster_4,102900005116912,102900011009970,0.7817160779,0.5811965812,-0.1148026271,,,0.1207145662,0.1466185675,,,0.02142810282,0.2749571618,,,0.0001233968654,0.1170454772,,,0.1176361305,0.1308810339,,,0.0002055752341,0.2509924626,,,0.0005890554084,0.6315305475,0.3910726359,0.8058484527,8.757521047e-29,0.3338190395,0.01968754085,0.5738608931,2.517171193e-06,0.6769755461,0.4358531803,0.7861163397,4.472601196e-25,0.4938666177,0.3796457331,0.6318918014,3.094689479e-50,0.3529671611,0.001503209751,0.1599965011,3.331162723e-27,0.001225458525,7.018834199e-06,0.2673668985,1.218481623e-23,0.0009638131906,3.215924737e-49,retained
within_cluster_4,102900005116912,102900051000463,0.1860779367,0.4115138593,0.1693459733,,,0.02155667615,0.02608529725,,,0.721619535,0.2751587922,,,0.0001219330448,-0.06252095519,,,0.4044055476,0.1164547979,,,0.001473724018,0.2511257891,,,0.0005849667629,0.6834524607,0.505252046,0.8027724922,2.338664993e-27,0.5053372509,0.2361683965,0.6653379404,1.03971952e-13,-0.08904051217,,,0.2385749151,0.3862626615,0.236753813,0.5116136793,9.64174602e-28,0.1184645498,0.001496564713,1,8.128876943e-26,0.00122297024,4.943572056e-13,0.6453902054,0.3503037355,0.005403316546,4.729381989e-27,retained
within_cluster_2,102900005116943,102900005118817,-0.04261515713,0.5805288462,0.0983846017,,,0.1028841975,-0.06090089265,,,0.3196771992,0.1289412064,,,0.03320626543,0.234049522,,,0.0001035842325,0.1189799177,,,8.354220723e-05,0.2913520346,,,8.409755923e-07,0.01935254265,,,0.7520352996,0.3131458693,0.09636898687,0.5436965098,1.48521664e-07,0.03124070974,,,0.6140161218,0.1810463174,,,2.138494542e-09,0.3205788905,3.363902369e-06,0.7441908009,1,0.1028323058,4.620673992e-07,0.0009159026874,0.7589555497,0.0004397417488,4.645695039e-09,retained
within_cluster_2,102900005116943,102900005118831,-0.1631808695,0.5608856089,0.1380977024,,,0.02174200567,0.05232348972,,,0.3926849203,0.02203512969,,,0.7170131267,0.1497310479,,,0.01378503331,0.0873079435,,,0.003951177467,-0.1312753844,,,0.0292235936,0.4760762571,0.1796745248,0.7460286833,1.269312565e-16,0.5011281604,0.2878795623,0.6986763605,1.423485242e-18,-0.5856994249,-0.7896319559,-0.3678474748,1.290989155e-25,0.02690338275,,,0.3775328172,0.1184645498,0.05269656949,0.830668868,1.383207638e-15,0.896155278,9.471109727e-18,0.05034533903,3.614769635e-24,0.01244620902,0.4111864719,retained
within_cluster_2,102900005116943,102900005125808,0.9209561045,0.782674772,0.02694424811,,,0.6734698923,0.09157081417,,,0.1521646567,0.2416234899,,,5.486169979e-05,0.2018471773,,,0.0008508517334,0.156929314,,,3.845254887e-07,0.7297204344,0.5625954998,0.8733937778,2.462607648e-42,0.5825204658,0.3007696416,0.7617346458,9.489181318e-24,0.625331391,0.4243989084,0.7682639814,1.056438524e-30,0.4108091482,0.1800284508,0.6390823696,3.942697351e-12,0.6132354441,0.5279714778,0.6970671642,5.275962151e-107,0.9087786498,1.241154255e-40,0.4963817928,2.118147629e-22,0.0006430301557,1.566014753e-29,0.005236855834,3.218007231e-11,3.781479928e-06,2.473567371e-105,weak
within_cluster_2,102900005116943,102900011000328,0.03043717633,0.6720930233,-0.08003706048,,,0.1849163359,-0.03031043766,,,0.6213080073,0.277778061,,,3.152406252e-06,0.2048981794,,,0.0007060775682,0.09591474203,,,0.001545817094,-0.04813627738,,,0.4257226733,-0.01635665616,,,0.7898262694,0.6048253164,0.381707369,0.7757333766,2.512778092e-28,0.4243102935,0.2469231088,0.6119286681,6.431237724e-13,0.1955675617,,,9.593297063e-11,0.4648286827,0.5435445911,1,1,5.340547062e-05,3.186012977e-27,0.004490386049,5.588523815e-12,0.005639381246,2.222597748e-10,retained
within_cluster_2,102900005116943,102900011008164,-0.4077934559,0.5712545676,0.07695698649,,,0.2024529673,0.01452509235,,,0.8323026604,0.1609187717,,,0.007721800735,0.1442010401,,,0.01774597901,0.1157446054,,,0.0001915488875,-0.1200560674,,,0.04629626663,-0.2041845429,,,0.002627685345,0.4015181061,0.1914469199,0.5755917824,6.995582178e-12,0.1301194855,,,0.03493536706,0.03821956095,,,0.2217157073,0.4941224964,0.07956800812,1,0.006452391785,0.03467071332,2.944278428e-11,0.06178910826,0.06804801932,0.0009129138468,0.2495694394,retained
within_cluster_2,102900005116943,102900011013274,0.3402240077,0.4493597206,-0.06938218044,,,0.2506314579,-0.01004769634,,,0.8790140809,0.1643375355,,,0.00650121127,0.132359768,,,0.02967677103,0.05893659732,,,0.0561254881,-0.1462937398,,,0.01499561637,0.1887180193,,,0.003915270359,0.1604084542,,,0.008274168644,-0.3059578231,-0.5594146244,-0.07483705341,4.191905604e-07,-0.05446583823,,,0.07900181243,0.5646574127,0.02865513044,1,0.009330005961,0.03067719015,0.01502767927,0.09542004847,1.974505069e-06,0.114872065,0.0944088049,retained
within_cluster_2,102900005116943,102900011016701,0.1866463894,0.3673673674,0.07078243855,,,0.2411729897,0.09909276591,,,0.1554441204,0.1217375332,,,0.049022118,0.1209831047,,,0.04702966162,0.1096214863,,,0.0004675615825,-0.1059716132,,,0.07883356091,-0.2428897034,,,0.0004213001012,-0.7200314289,-0.7854783094,-0.5639521326,1.141887772e-42,-0.2333689665,,,0.0001337483454,-0.3801741909,-0.4934713918,-0.2753812846,6.588124289e-36,0.5523085082,0.1253379013,0.5031090068,0.001186230453,0.1399838384,5.004447277e-41,0.1380084394,0.0004398640528,0.00197362986,4.284405989e-35,retained
within_cluster_2,102900005116943,102900051004294,0.6029327103,0.7612137203,0.137162443,,,0.022657898,0.154669065,,,0.01107724534,0.3051952335,0.1631644363,0.4643164082,2.707704125e-07,0.2839744028,,,2.110765103e-06,0.2274839794,,,3.085398107e-14,0.4731587444,0.2756929195,0.6437548891,8.369208457e-17,0.6136886504,0.3997949964,0.7676003073,3.146188555e-29,0.6537165184,0.4622363973,0.7941118587,2.676634471e-34,0.5333035838,0.3421289044,0.7427112393,9.900115216e-21,0.5696319367,0.4688505293,0.6530549973,9.433523017e-94,0.1211626588,8.697074355e-16,0.1040114332,1.268543225e-27,6.73917471e-06,5.34266841e-33,3.472978728e-05,1.720571748e-19,1.091256594e-12,3.396068286e-92,weak
within_cluster_2,102900005116943,102900051010455,0.3776258846,0.6288209607,-0.02951532308,,,0.6253895205,0.04992251885,,,0.4147942519,0.1828892896,,,0.002416636792,0.1684602516,,,0.005518439468,0.1008903781,,,0.0008605882296,0.06114010986,,,0.3115031265,0.0211717608,,,0.7295949383,0.1605373541,,,0.008221817222,0.5261841013,0.2846197385,0.6908110464,3.94107635e-20,0.1691001227,,,2.325183721e-08,0.8861962914,0.4183812811,0.8540581105,0.9825406784,0.01408075079,0.01494606269,0.02472260882,6.407427356e-19,0.003362298199,4.744504435e-08,retained
within_cluster_4,102900005117209,102900005119944,0.2110677694,0.4365853659,0.2995668879,,,3.610222863e-05,0.1048512523,,,0.1008644641,0.07384329702,,,0.2317935896,0.07657606292,,,0.3069137718,0.08626003676,,,0.01073358167,0.1869165269,,,0.01106586476,0.5430864062,0.388532274,0.6650949801,2.832537373e-20,0.4563474278,0.2881927198,0.6391486633,6.996606596e-15,0.3844463528,0.1282639294,0.6493224643,1.271264136e-07,0.4153233203,0.2991652941,0.5258193275,1.46544822e-37,0.0009452219859,0.02178592124,0.3843326708,4.293530334e-19,0.4375429556,3.644743901e-14,0.5300665184,6.328070364e-07,0.02960177926,1.011761511e-36,retained
within_cluster_4,102900005117209,102900005119968,0.1942319898,0.1087719298,0.120881918,,,0.0529239025,-0.1201863413,,,0.1041470489,0.06314704169,,,0.3021209861,-0.04609407044,,,0.4506751657,-0.002783358344,,,0.930654134,-0.02706081711,,,0.665899688,0.2517878103,,,0.0005650502289,0.2507968839,,,3.512228935e-05,-0.06977655107,,,0.259501436,0.07258860797,,,0.02376995646,0.2121684305,0.7706393634,0.392887359,0.001558332779,0.525518471,8.828745052e-05,0.6940879558,0.3743443645,0.9568471246,0.03031007731,retained
within_cluster_4,102900005117209,102900005123880,0.7956146197,0.5607476636,0.6801426503,0.5709520835,0.7633785106,2.768577396e-38,0.311475958,0.1081012729,0.5178118939,6.196542546e-07,0.2784796838,,,2.969891092e-06,0.5424809346,0.3854883053,0.6990964966,4.630132075e-22,0.405571361,0.3140476174,0.5001286376,2.839110048e-43,0.4828875579,-0.02081741659,0.7526221759,2.69458135e-17,0.7310542748,0.6196631633,0.7918906352,2.164293922e-42,0.6301195387,0.481650563,0.7748525415,2.775033003e-31,0.6347873396,0.5362925519,0.7496392657,4.540329431e-31,0.6668809193,0.5930600276,0.7303709243,3.624753493e-136,5.58145203e-35,2.968456831e-16,6.246114887e-05,2.181608274e-40,5.073983424e-05,4.303435795e-30,2.333586566e-19,2.408764245e-29,1.430911464e-40,4.059723912e-134,clear
within_cluster_4,102900005117209,102900005125815,0.235923136,0.4661354582,0.140967773,,,0.01912858409,0.02337170636,,,0.6995979749,0.1019535348,,,0.09272350896,0.03865800734,,,0.5270567688,0.04533792252,,,0.1339674323,0.2130593302,,,0.0003644709767,0.731707714,0.6132282286,0.7946067886,2.368986799e-47,0.6577686721,0.4970875051,0.7817498816,7.627188824e-35,0.3771355342,0.1509180229,0.6167438213,2.582706934e-10,0.4998017257,0.387683233,0.5841456036,1.428794959e-69,0.109554618,0.0009607232397,1,3.183918258e-45,0.2230675347,1.601709653e-33,0.7736934084,1.759032831e-09,0.2345058061,2.880450638e-68,retained
within_cluster_4,102900005117209,102900011001219,0.9241687415,0.6023054755,0.3058621987,0.1167409513,0.508753253,2.182914859e-07,0.4443131208,0.2271269831,0.606886605,2.404151646e-14,0.3052342261,0.1915609634,0.5013083118,2.69776982e-07,0.5644163448,0.4629343091,0.7209118718,4.085992771e-24,0.4293183323,0.3294205449,0.518552915,6.240188663e-50,0.03700788653,,,0.5403785675,0.7893645156,0.6713156982,0.8492250068,4.387060454e-58,0.7449838364,0.6233322899,0.8465406965,4.944950734e-49,0.6643140941,0.483182125,0.8042948545,7.485834062e-35,0.6774761166,0.5769829679,0.7465773787,1.964064182e-145,1.674725667e-05,0.6574551552,4.846769719e-11,1.105539234e-55,6.73917471e-06,3.987608272e-47,4.118680713e-21,6.288100612e-33,6.290110172e-47,3.045810301e-143,clear
within_cluster_4,102900005117209,102900011001806,0.5512440771,0.456937799,0.005765817889,,,0.9380833928,0.0014601592,,,0.9823904255,0.1214029639,,,0.04505710036,0.183828728,,,0.0055732028,0.08512444531,,,0.01003352627,0.03397639126,,,0.6470461038,0.4610074799,0.2482737761,0.6206668871,1.479309512e-13,0.6251207273,0.4717332724,0.7403531981,1.119841799e-30,0.5313620435,0.3035696412,0.7051595311,1.980220416e-17,0.5016898495,0.3800728957,0.5914433435,7.400071524e-59,1,0.7570777395,1,1.169524696e-12,0.1305102217,1.635942803e-29,0.02491258724,2.470196799e-16,0.02809387357,1.05805278e-57,retained
within_cluster_4,102900005117209,102900011001813,-0.08463838638,0.3037542662,0.05168431717,,,0.4859477838,0.2023017578,,,0.001558539258,-0.103960534,,,0.08644118124,-0.1837180952,,,0.01138912389,-0.0144214695,,,0.6678016262,0.02346205882,,,0.7519041937,0.2161089155,,,0.000712969719,0.5053192214,0.3415600705,0.6769562567,6.62397257e-19,0.2656117504,,,0.0002790564954,0.3603512982,0.2386725059,0.4782841645,2.408211106e-28,0.7953509029,0.8468373488,0.02909273281,0.001926738543,0.212259953,4.526755492e-18,0.04348574578,0.000854981603,0.7688681201,1.19286329e-27,retained
within_cluster_4,102900005117209,102900011008522,0.1843811748,0.4647887324,0,,,1,-0.05936423072,,,0.3284604603,0.07596200617,,,0.2108805436,0.1196303095,,,0.04956907231,0.01942865278,,,0.5212931801,0,,,1,0.4939483295,0.306916788,0.6680221024,3.368604864e-18,0.2960583147,,,7.283039401e-07,0.4994343347,0.2965941403,0.6807153691,5.346757371e-18,0.4367322819,0.3097427899,0.5342863123,1.294821926e-51,1,1,0.7559090045,4.325546119e-17,0.4123522559,2.127914121e-06,0.1431679796,7.045139124e-17,0.6499239648,1.403419894e-50,retained
within_cluster_4,102900005117209,102900011009246,0.1926758571,0.382183908,0.164024171,,,0.02609063728,0.08210426296,,,0.2372670829,0.01557802742,,,0.7999837244,0.03179551082,,,0.6717723445,0.04203408925,,,0.2236090076,0.1323769876,,,0.07324461317,0.1950717191,,,0.004648278296,0.5227337436,0.3577605207,0.68986112,5.509368319e-20,0.3221761077,0.04725286249,0.6097756212,1.225057991e-05,0.3453894152,0.2451464352,0.467521381,8.347252164e-25,0.1321575999,0.1179402078,0.643782556,0.01083600228,0.9543001115,4.02423425e-19,0.8981306851,4.852096089e-05,0.3454373634,3.634570273e-24,retained
within_cluster_4,102900005117209,102900011009970,0.3123152884,0.4415841584,-0.04031793572,,,0.5047445211,0.07743493112,,,0.2004793973,0.1096425357,,,0.07049196253,0.1292280559,,,0.0337966475,0.1160505216,,,0.0001195408758,0.1908791616,,,0.001442170376,0.557716312,0.3950211876,0.669924927,7.021906769e-24,0.6073899106,0.4568165244,0.7496229914,1.295303057e-28,0.3599813088,0.1202593209,0.5651908028,1.822427212e-09,0.4295775556,0.3108743099,0.5107043162,6.60195191e-50,0.8055625915,0.003452987503,0.575850244,1.608655005e-22,0.1808038123,1.695669457e-27,0.1061743666,1.116721356e-08,0.0005994885712,6.756109163e-49,retained
within_cluster_4,102900005117209,102900051000463,-0.2134967178,0.3042704626,0.04947401092,,,0.4129603247,-0.09235004937,,,0.1742739861,0.1011701891,,,0.09527232749,0.02034900657,,,0.7392464123,0.02542606177,,,0.4133988272,0.2043499707,,,0.0006363641136,0.1759286279,,,0.009242407411,0.5885917409,0.4573830516,0.6953751537,1.455126767e-26,0.07694567062,,,0.2135916069,0.2454203113,,,1.491034218e-15,0.7341540621,0.001605644622,0.5294003011,0.02038587893,0.2278398721,1.648053687e-25,0.9361311352,0.3217439356,0.5511984363,4.394627168e-15,retained
within_cluster_2,102900005118817,102900005118831,0.6551260992,0.4279959718,0.1208353441,,,0.04488700484,0.01666530325,,,0.782834249,0.1021894227,,,0.09196674407,0.2467197638,,,4.153896256e-05,0.131096218,,,1.349528485e-05,-0.7481236175,-0.8198070515,-0.6216293212,1.005841101e-50,-0.2868717578,,,1.256656989e-06,0.184828316,,,0.002294034928,-0.3081983932,-0.4990152582,-0.07688917306,3.41470015e-07,-0.2708751386,,,1.06116926e-19,0.1921278169,9.656074569e-49,1,4.967491158e-06,0.221851647,0.004547552426,0.0004187127426,1.635162827e-06,9.008772936e-05,3.779712419e-19,retained
within_cluster_2,102900005118817,102900005125808,0.01855405972,0.578820698,0.01828093699,,,0.7749746377,0.06198626187,,,0.3329463946,0.1154735771,,,0.05670714991,0.2974680619,,,6.412111125e-07,0.1424354536,,,4.174213594e-06,0.05901961536,,,0.3556600419,0.07615615162,,,0.2340039465,0.3931863326,0.1993796303,0.6133959338,2.047044486e-11,0.04201106159,,,0.4975439442,0.1181709791,,,0.000148330285,0.9619083503,0.4670594363,0.7610203305,0.3659828984,0.1546977188,8.320245329e-11,1.208113648e-05,0.6425679638,3.199701371e-05,0.0002316296318,retained
within_cluster_2,102900005118817,102900011000328,-0.5000059811,0.7287581699,0.02140767502,,,0.7232808133,0.1129534215,,,0.06140343606,0.2055190533,,,0.0006338609344,0.3177704468,0.1892464413,0.4474934708,9.490060677e-08,0.1591194633,,,1.218434183e-07,0.2452922935,,,3.793342722e-05,0.006028808643,,,0.9207238265,0.3234013943,0.07112268385,0.5560923427,5.444265573e-08,0.1545581861,,,0.01208434001,0.08879373842,,,0.003434979967,0.9345396421,0.0001189327982,0.2984724307,1,0.004740805276,1.747713279e-07,2.361970657e-06,0.02616759342,1.349650172e-06,0.004726907586,weak
within_cluster_2,102900005118817,102900011008164,-0.4352966501,0.7429577465,0.1050989578,,,0.08134395145,0.1142221233,,,0.08954082558,0.3420594732,0.13163281,0.5124302844,6.562061088e-09,0.2810691812,,,2.706316401e-06,0.2209469265,,,5.617201627e-13,0.3289755913,0.1274874311,0.5436991037,2.179523468e-08,0.003182898142,,,0.962388488,0.4447170811,0.2162195592,0.6329504004,1.617708756e-14,0.1946857244,,,0.001510572698,0.190095376,,,7.622831958e-10,0.2777119001,1.056230604e-07,0.3600749682,1,3.076538408e-07,8.132919829e-14,4.229406097e-05,0.003991237954,1.690190818e-11,1.705619226e-09,weak
within_cluster_2,102900005118817,102900011013274,0.5384121854,0.5132837407,0.07980132563,,,0.1862176631,0.09186928099,,,0.1568298803,0.08700374878,,,0.1516688167,0.2455492706,,,4.529130165e-05,0.133703823,,,1.280350193e-05,-0.2701076868,,,5.316623249e-06,0.2565644081,,,5.995910406e-05,-0.01196148709,,,0.8448900688,-0.3631135816,-0.5161801618,-0.1833390446,1.28651273e-09,-0.1051075883,,,0.0006543776802,0.4662719502,1.892433563e-05,0.5051255939,0.0001912619522,0.3252812069,0.9182201502,0.0004497894785,8.004968097e-09,8.603953297e-05,0.0009728800909,retained
within_cluster_2,102900005118817,102900011016701,-0.1267078025,0.5841683367,0.1150615164,,,0.05623428267,0.06522184706,,,0.3423477216,0.142814753,,,0.02075171027,0.3391008871,0.1930386659,0.4634870129,1.087993318e-08,0.179686322,,,7.274701668e-09,-0.1596399194,,,0.007880131304,-0.4643262223,-0.6244146974,-0.2865683035,7.680558202e-13,-0.4893738125,-0.6989061013,-0.2849627916,5.296167679e-17,0.06755531578,,,0.2750124172,-0.2747984813,,,5.434704407e-19,0.2199322785,0.01609558734,0.7728701084,5.490782034e-12,0.07237966766,3.050592583e-16,3.323325045e-07,0.3926522897,1.018458233e-07,1.860163681e-18,weak
within_cluster_2,102900005118817,102900051004294,0.2568530542,0.7709832134,0.1384855073,,,0.02137173431,0.04521089282,,,0.4544157988,0.2565226041,,,1.778547319e-05,0.4040123496,0.278640265,0.5304188688,5.042901854e-12,0.2247157612,,,5.314250508e-14,0.6296752989,0.4192573565,0.775258142,6.836980087e-32,0.07510816984,,,0.213541787,0.4501735815,0.271302252,0.6412634516,7.054758611e-15,0.1903395675,,,0.001932076232,0.3421323946,0.2261090822,0.4681208824,3.720044793e-31,0.1180422366,1.722918982e-30,0.9053968447,0.3365912764,0.0002489966247,3.665565299e-14,3.765366718e-10,0.00494925754,1.785588171e-12,2.083225084e-30,weak
within_cluster_2,102900005118817,102900051010455,-0.5534020304,0.6555217832,0.0959755284,,,0.111631317,-0.004094468145,,,0.9460133198,0.0684868194,,,0.2594380409,0.1813356355,,,0.002783777153,0.08794171305,,,0.003586852947,0.04256202855,,,0.4813059909,-0.1308021576,,,0.02981581754,-0.3166023449,-0.5101701727,0.01253973415,1.063441852e-07,-0.07924652068,,,0.2001737839,-0.2281836361,,,2.780598214e-14,0.3368993039,0.6000698069,1,0.05975018704,0.475047312,3.33940619e-07,0.01403023685,0.3045663007,0.01151448335,7.721330577e-14,retained
within_cluster_0,102900005118824,102900005119975,0.9083150434,0.6987767584,0.1493827659,,,0.01297607184,0.2083925825,,,0.0004926884107,0.09342325641,,,0.1235865758,0.3944358336,0.05443716155,0.6763243198,1.74592118e-11,0.1411306931,,,2.755172e-06,-0.06357059056,,,0.2926226486,0.2714157456,,,4.766830953e-06,0.4281124629,0.135025904,0.6358169148,1.84842389e-13,0.1538773867,,,0.01247259975,0.586326091,0.4626110007,0.6922058795,3.536097187e-101,0.08200551981,0.3976517661,0.01225902685,1.773050037e-05,0.2783804881,8.645992024e-13,1.135411968e-09,0.02689279262,2.230693474e-05,1.397798417e-99,retained
within_cluster_0,102900005118824,102900011001691,0.8110260806,0.16,-0.01445374484,,,0.8110696482,0.09680690347,,,0.1381370311,0,,,1,0,,,1,0.04084677828,,,0.1849341113,0.1536598273,,,0.01057605645,-0.03214443293,,,0.623202105,0,,,1,0,,,1,0.2593739639,,,1.583915174e-17,0.976188902,0.02092377803,0.4688287117,0.8564249786,1,1,1,1,0.2999414066,5.092779891e-17,retained
within_cluster_0,102900005118824,102900011006948,0.7731136124,0.2755905512,-0.144819371,,,0.01605306363,0.1032541299,,,0.08861219882,0.1375847657,,,0.0229860839,-0.1852513094,,,0.002240385524,0.01343690311,,,0.6573754595,-0.3525093125,-0.5210221186,-0.1728761127,1.699203373e-09,0.1481231717,,,0.01429773575,0.1878094636,,,0.001939574691,-0.05075169426,,,0.4124087599,0.1459680304,,,1.423142742e-06,0.09490793747,9.258362161e-09,0.3600749682,0.03053414754,0.0789436885,0.0039062763,0.01182360528,0.550971544,0.7593688877,2.584734927e-06,retained
within_cluster_0,102900005118824,102900011007969,0.6158187273,0.1800391389,0.05744640357,,,0.341693012,0.1539433628,,,0.01723557315,-0.06682617465,,,0.2711954625,0,,,1,0.05735399731,,,0.06219845938,0.1797361115,,,0.002727473788,0.2405101,,,0.0001740667617,0.06473248211,,,0.2892172627,0,,,1,0.3343391254,0.2211185609,0.4342550543,8.714032738e-29,0.6713967954,0.006171253823,0.1384763361,0.000523759092,0.4877163714,0.3720880674,1,1,0.1246442287,4.370022388e-28,retained
within_cluster_0,102900005118824,102900011022764,0.7212082158,0.3784615385,-0.02894421131,,,0.6320984665,0.05785376027,,,0.3997452535,0.1740606851,,,0.01877362646,-0.08400238683,,,0.2254403847,0.03109382002,,,0.3563445913,-0.5095000741,-0.6591953929,-0.3772080327,1.226934552e-19,-0.1788519261,,,0.008735602741,0.6596010406,0.43523272,0.7991162757,1.014490407e-23,-0.06422948305,,,0.3626017488,0.08919492536,,,0.008404543147,0.8892606479,1.671283822e-18,0.8351154727,0.01937401004,0.06794906812,9.381709451e-23,0.4264367915,0.4919280791,0.4951004108,0.01116176481,retained
within_cluster_0,102900005118824,102900051000944,0.9147408246,0.4094903339,0.1200926175,,,0.04622935021,0.1199606099,,,0.04647141401,-0.01390392477,,,0.8191118168,0,,,1,0.06937752997,,,0.02168151105,0.1731001604,,,0.003920226307,0.1974805961,,,0.0009722139039,0.1188507092,,,0.05108375842,0,,,1,0.482404008,0.3737462933,0.5754815023,2.536781345e-64,0.1949756695,0.008618512797,0.2518450824,0.002562069582,0.9677979976,0.08045691951,1,1,0.05285359889,4.124315476e-63,retained
within_cluster_2,102900005118831,102900005125808,-0.02147198423,0.6079470199,0.03560699367,,,0.5775644299,0.1171208551,,,0.06666447793,0.1675916653,,,0.005502818564,0.1615766232,,,0.007810383199,0.123055257,,,7.154345462e-05,0.1126149273,,,0.07730726108,0.6079817597,0.364501306,0.7534095356,2.955363825e-26,0.3870781038,0.2118558082,0.6341268746,4.413527024e-11,-0.3491137436,-0.539840158,-0.02465524581,5.92665932e-09,0.1525942414,,,9.079417791e-07,0.8561543314,0.1233001886,0.311100897,8.511447815e-25,0.02720162394,1.758432901e-10,0.03207064953,3.453221153e-08,0.0003856460014,1.660989679e-06,retained
within_cluster_2,102900005118831,102900011000328,-0.2220971774,0.5621840243,0.05525333035,,,0.360469916,0.06261592073,,,0.3008307854,0.1402272549,,,0.02046199166,0.1583531777,,,0.009149906996,0.08689032349,,,0.004026077655,-0.3730490459,-0.6867264679,-0.1210144879,1.533368291e-10,0.2519044445,,,2.371511624e-05,0.1650882059,,,0.006552511986,-0.6019809612,-0.7473242412,-0.4125693937,2.546820896e-27,-0.1254760906,,,3.430745624e-05,0.6905108716,9.06530931e-10,0.7194245117,8.089623409e-05,0.07155636568,0.01207483013,0.03631144194,9.007703381e-26,0.01262297442,5.650639852e-05,retained
within_cluster_2,102900005118831,102900011008164,-0.508715984,0.485106383,0.169223001,,,0.004818207707,0.06608050015,,,0.3270413214,0.07994824548,,,0.1878353614,0.1104917831,,,0.06987872162,0.1028741303,,,0.0008872968576,-0.4174878846,-0.6942113376,-0.1793438545,4.568727876e-13,0.2644609232,,,6.624221056e-05,0.08836096427,,,0.1476124825,-0.2940974817,,,1.206756619e-06,-0.1588289,,,2.955641073e-07,0.04026483931,3.386233602e-12,0.7552294432,0.0002093170791,0.3809618598,0.2075221511,0.1848759879,5.479327351e-06,0.003426801657,5.626602837e-07,retained
within_cluster_2,102900005118831,102900011013274,0.4928523057,0.6778606965,0.08320181038,,,0.1680890767,-0.003094412615,,,0.962044782,0.1335617355,,,0.02734400098,0.2460938008,,,4.350755428e-05,0.1284290686,,,2.791698894e-05,0.2801084903,,,2.274521076e-06,-0.00100912588,,,0.9876181898,0.2948182928,,,8.141825008e-07,0.68220947,0.5301375348,0.8164496893,2.312880237e-37,0.3648766178,0.2581432328,0.4722905294,2.376286783e-34,0.4361064908,8.55491509e-06,1,1,0.08920449893,2.365118043e-06,0.0004363742758,2.47482565e-35,0.0001670048953,1.451695198e-33,retained
within_cluster_2,102900005118831,102900011016701,0.1202538411,0.4637537239,0.1627328132,,,0.006741845294,0.1237414645,,,0.07083578377,0.05805162106,,,0.3493019148,0.3695613585,0.236695808,0.4976529995,3.666088131e-10,0.2017406939,,,7.588748994e-11,0.01741396356,,,0.7733380529,-0.09776138326,,,0.1541093036,-0.4998466512,-0.7158751074,-0.2928230285,8.904236916e-18,0.1011042182,,,0.1018354882,-0.05569671286,,,0.07655970867,0.05091957771,0.8646974568,0.323486203,0.2515662802,0.5762624061,5.557567066e-17,1.508333403e-08,0.1732492356,1.471049805e-09,0.09170788632,weak
within_cluster_2,102900005118831,102900051004294,0.06177559986,0.4824380165,0.08748225977,,,0.1471843582,0.1365675109,,,0.02325770434,0.1256449839,,,0.0380144434,0.2023354595,,,0.000825977936,0.1352432652,,,7.094228355e-06,-0.6353338845,-0.7727295049,-0.3774622088,1.321675383e-32,0.194694485,,,0.001150026046,0.2622955193,,,1.261646932e-05,-0.5176145466,-0.6948838009,-0.2150309762,1.992107172e-19,-0.195902128,,,7.584774276e-11,0.4009779272,3.428247337e-31,0.1668595443,0.003007071997,0.1142132904,3.311823198e-05,0.005139418268,3.065716075e-18,5.071618568e-05,1.763656856e-10,retained
within_cluster_2,102900005118831,102900051010455,-0.5333564,0.5133079848,0.01642050824,,,0.7859463611,0.08827988997,,,0.1435174757,0.1269696826,,,0.03601564683,0.05290767431,,,0.3865257842,0.07488438632,,,0.01318866938,-0.07640117979,,,0.2057417941,-0.3716698714,-0.5779597866,-0.09689149193,1.811868664e-10,-0.04277798488,,,0.4839439596,-0.4840215013,-0.6826706661,-0.2308036265,7.489769969e-17,-0.238038103,,,1.922105149e-15,0.9658675181,0.2956346806,0.4761312816,1.031843849e-09,0.1090573277,0.5790607569,0.6238878951,8.934542164e-16,0.03488773519,5.632215087e-15,retained
within_cluster_4,102900005119944,102900005119968,0.908317422,0.3183520599,0.06038074726,,,0.4155270027,-0.04986042364,,,0.5014889721,0.07590624784,,,0.2225351568,0.03600681088,,,0.6313182592,0.02067822903,,,0.5572450156,-0.04691952324,,,0.5270872768,0.5735918244,0.3291280159,0.8002247889,1.735078463e-17,0.4491585962,0.1503575444,0.6310495402,3.256948615e-14,0.2005931435,,,0.007426788576,0.4630804299,0.3260468888,0.5801479388,6.323177442e-44,0.7380638215,0.645569836,0.9557097982,2.05759893e-16,0.4272675011,1.589832544e-13,0.8658078983,0.01691797262,0.6804123022,5.447660565e-43,retained
within_cluster_4,102900005119944,102900005123880,0.6156505481,0.3720930233,0.1429203389,,,0.05294105066,0.1922206986,,,0.002463459678,-0.199490076,,,0.001118979159,-0.009838615152,,,0.8957100894,0.003447095817,,,0.9189450784,-0.04691952324,,,0.5270872768,0.4952875947,0.3331262805,0.6180664671,1.245812808e-16,0.3701733965,0.1559193045,0.5797013778,6.241654311e-10,0.333174466,0.1237355397,0.5504182647,5.861154592e-06,0.3744106412,0.2469707293,0.4999404544,2.638669725e-30,0.2121684305,0.645569836,0.04037670497,1.364977512e-15,0.007621155356,2.292017321e-09,1,2.451470468e-05,0.9505352889,1.437718423e-29,retained
within_cluster_4,102900005119944,102900005125815,0.9452498923,0.7206208426,0.1244402034,,,0.09236851609,0.23232253,,,0.0002372010981,0.3469295942,0.2055737989,0.5516954905,6.99493752e-09,0.174308698,,,0.01927088889,0.2268170238,,,1.164725708e-11,0.5043398803,0.2785667017,0.6959960524,2.89830231e-13,0.7810800109,0.5968861685,0.8931561181,8.169263296e-52,0.789731378,0.6390336071,0.8793593747,4.155885335e-57,0.7455428981,0.5229348267,0.8813295025,1.163014597e-32,0.7910643243,0.7255911061,0.8458622395,3.044079895e-187,0.2993809139,2.196608067e-12,0.00793199458,1.372436234e-49,3.204953191e-07,5.58550989e-55,0.06588266301,7.815458093e-31,2.698950607e-10,7.671081336e-185,weak
within_cluster_4,102900005119944,102900011001219,0.4406165616,0.4419191919,0.1295444112,,,0.07966321726,0.156886508,,,0.01376225616,0.06670366824,,,0.2802015994,0.1029803625,,,0.1689265003,0.1199915531,,,0.0003777714226,0.1393149385,,,0.05928288557,0.5129079616,0.3479039719,0.6421700361,6.585966253e-18,0.5310150869,0.3061111162,0.7086426039,1.831427151e-20,0.4680603608,0.2292450722,0.6899499641,5.060557162e-11,0.4440043015,0.3151859068,0.5641411105,2.784907448e-43,0.2735650191,0.09772223818,0.1190760018,8.195869115e-17,0.499016276,1.377670574e-19,0.3457710581,3.764606361e-10,0.001655624322,2.358980427e-42,retained
within_cluster_4,102900005119944,102900011001806,0.5876097156,0.5727699531,0.04493984726,,,0.5446836781,-0.07353319907,,,0.2656858311,0.167294107,,,0.006439185529,0.1423506148,,,0.05661807266,0.03899734109,,,0.2535656724,0.1035098433,,,0.1620331602,0.5663555735,0.384299587,0.6951740328,5.386748594e-21,0.5295433806,0.3177409113,0.7402338074,2.43533624e-20,0.6352735856,0.4776016342,0.7974824962,2.160622519e-21,0.5055258045,0.4054544719,0.6205699337,1.354386838e-56,0.8332719665,0.2377429773,0.6718177987,8.687748132e-20,0.03047276532,1.818384393e-19,0.1580914605,4.109259433e-20,0.3775394355,1.750284529e-55,retained
within_cluster_4,102900005119944,102900011001813,-0.2588793527,0.1994609164,0.2785266256,,,0.0001289741351,0.04861207359,,,0.4515964795,-0.0246124293,,,0.6905805571,-0.2170338611,,,0.003428069736,0.005909331143,,,0.8618252638,0.4951033699,0,0.7788470575,9.039154778e-13,0.1999426029,,,0.001772636824,0.2156935623,,,0.0004379533488,0.1275203895,,,0.09075269681,0.1912160724,,,1.444056222e-08,0.002385429874,6.50819144e-12,0.904518946,0.004506476465,0.8795031458,0.0009617799034,0.01661295333,0.1571200484,0.9114276995,2.97975163e-08,retained
within_cluster_4,102900005119944,102900011008522,0.909562548,0.447826087,0,,,1,0.01627434732,,,0.7995187931,0.3144584718,0.1805821627,0.4373728884,1.80797093e-07,-0.1474331986,,,0.04826246044,0.08823205974,,,0.00905935919,0,,,1,0.3047544637,0.08306784333,0.5570834155,1.105140351e-06,0.5060027822,0.3266266235,0.6520715608,1.935210358e-18,0.4465952431,0.2181042399,0.7049048562,4.646807005e-10,0.4049929573,0.2329511528,0.5676884921,1.244293158e-35,1,1,1,4.385753834e-06,4.613758727e-06,1.274962118e-17,0.1402606237,3.041546403e-09,0.02565121928,7.963476213e-35,retained
within_cluster_4,102900005119944,102900011009246,-0.420005054,0.4005167959,0.02077347514,,,0.7795580454,-0.07442073707,,,0.2842047735,0.2055561557,,,0.000779437357,0.08699354203,,,0.2455554777,0.05159151818,,,0.1358684768,0.04974138232,,,0.5025123049,0.3842171529,0.1792378538,0.5434462255,9.289130079e-09,0.3648049248,0.05286327998,0.6223305773,1.145183122e-09,0.6655413842,0.4546058471,0.8517140535,5.243859594e-24,0.3188447974,0.1872846513,0.4505429779,4.089765801e-21,0.963573893,0.6241927336,0.7018577075,4.534355021e-08,0.005672728201,4.137435797e-09,0.4520911809,1.27368927e-22,0.2371522504,1.535375764e-20,retained
within_cluster_4,102900005119944,102900011009970,0.6090446188,0.6231263383,0.07834817406,,,0.2904432525,0.1790297399,,,0.004855599482,0.218840316,,,0.0003404761582,0.1465209485,,,0.04968158485,0.1645841783,,,9.975684512e-07,0.3729513865,0.1359396792,0.5733838871,1.849814896e-07,0.7004478992,0.4725811388,0.8436835889,1.315120632e-37,0.4581388962,0.1402456844,0.6953715052,5.32476159e-15,0.6931757844,0.4769500714,0.8072062262,1.123609286e-26,0.5725836457,0.4635673767,0.69141475,7.585386504e-77,0.6058970934,8.054485595e-07,0.06234960863,1.060513278e-35,0.00297142829,2.795499835e-14,0.1432129792,3.595549714e-25,8.938213322e-06,1.887918419e-75,weak
within_cluster_4,102900005119944,102900051000463,0.3559276319,0.427672956,-0.0817834503,,,0.269743047,0.1253747138,,,0.08561943272,0.08972362732,,,0.1459872064,-0.1807803794,,,0.01515848833,-0.008756595282,,,0.8026544777,0.2948886484,,,4.833446486e-05,0.7187832951,0.4951428907,0.8289774468,2.427928855e-31,0.5829880846,0.3375818845,0.7221085963,2.996456978e-25,-0.1114152876,,,0.1398412935,0.432246242,0.3013463731,0.537801579,2.700890207e-38,0.5900797121,0.0001485400628,0.357368067,1.165405851e-29,0.3168032379,3.179398562e-24,0.05427977348,0.2257166115,0.8671765418,1.937720519e-37,retained
within_cluster_4,102900005119968,102900005123880,0.5768582349,0.12,-0.0817180117,,,0.1916075508,0.1076615389,,,0.1457602529,0.1146706998,,,0.06035639818,0.06479974793,,,0.2887153834,0.07121841606,,,0.02578230946,-0.01481721358,,,0.8131276901,0.2235317704,,,0.002287204289,0.274214598,,,5.664560909e-06,-0.02480527263,,,0.6888476364,0.1110341888,,,0.0005314186214,0.4757152985,0.9002006717,0.4806327042,0.005683720463,0.1611635745,1.536979111e-05,0.5092302825,0.8290846776,0.06136615806,0.0007959434924,retained
within_cluster_4,102900005119968,102900005125815,0.9677007654,0.2273901809,-0.1850192429,,,0.002907298193,0.1788669224,,,0.01512555916,0.1795821698,,,0.003119437114,-0.2231465349,,,0.0002186989819,0.01460161446,,,0.647998988,0.027677961,,,0.6587547143,0.7092373013,0.5421157247,0.8585972078,1.928635805e-29,0.4648795582,0,0.5920707399,1.145800471e-15,0.1977133747,,,0.001268674078,0.4560488152,0.304988876,0.5559544889,5.449386641e-51,0.02680267691,0.7654464,0.1271178307,8.100270383e-28,0.01718247329,6.226236522e-15,0.001715553103,0.003401126252,0.753248674,5.782086036e-50,retained
within_cluster_4,102900005119968,102900011001219,0.4333030417,0.09489051095,-0.06590721008,,,0.2925393563,0.06112560859,,,0.4097868844,-0.08928227993,,,0.1441699461,-0.06093139852,,,0.3185281591,-0.03744007406,,,0.2416090609,-0.03028097954,,,0.6289640575,0.2922311426,,,5.692105379e-05,0.1932875923,,,0.001537546367,-0.05528103666,,,0.3718997719,0.04025977235,,,0.2102877408,0.6086267722,0.7423044689,0.847559652,0.0001827274593,0.3145277039,0.00314689693,0.5443356109,0.5018406561,0.3642907132,0.2375014484,retained
within_cluster_4,102900005119968,102900011001806,0.5086363352,0.1982248521,0.1186079744,,,0.108807045,-0.1998013604,,,0.006543178575,0.07132445216,,,0.2436767941,-0.009785634987,,,0.8836860565,-0.03584775336,,,0.2928425714,0.04627346287,,,0.5327980287,0.3854443769,0.1880300991,0.6002435384,6.55248612e-08,0.2791765769,,,3.763089536e-06,0.09837176619,,,0.1458612924,0.2345229348,,,3.906820955e-12,0.3318532568,0.6512831527,0.07581062073,2.942051674e-07,0.4536033397,1.036391872e-05,1,0.2335634357,0.4265683699,9.652145888e-12,retained
within_cluster_4,102900005119968,102900011001813,-0.2291690088,0.07567567568,0.275079644,,,0.0001573950356,0.0244890346,,,0.7414217657,0.08970212498,,,0.1422855943,-0.02246820294,,,0.7589375112,0.06611136895,,,0.05753085746,-0.02376267303,,,0.748831,0.2676298608,,,0.0002399121245,-0.001030929365,,,0.9866482093,-0.05689962852,,,0.4442300236,0.00892002294,,,0.799049358,0.002783406946,0.8438475662,1,0.0007091830542,0.3107776361,1,0.9550674298,0.5849560599,0.1169823314,0.8202054509,retained
within_cluster_4,102900005119968,102900011008522,0.8230982208,0.1818181818,0,,,1,0.1787110035,,,0.01521560295,0.08694109901,,,0.155028101,0.1122390968,,,0.06554202314,0.08979778225,,,0.004904921206,0,,,1,0.3391451924,0.09148415674,0.688611183,2.484891775e-06,0.298975659,,,6.790550604e-07,-0.06441464783,,,0.2979983717,0.2824051181,,,3.039560603e-19,1,1,0.1271178307,9.505771952e-06,0.3295336067,1.989789247e-06,0.1750102234,0.419528434,0.01505071712,1.05650934e-18,retained
within_cluster_4,102900005119968,102900011009246,-0.387268297,0.08333333333,0.3255758625,0.07502298677,0.545832691,6.491534776e-06,0.2232756294,,,0.002314665506,0.1463447175,,,0.01755811168,-0.01255245413,,,0.8671795031,0.1484893516,,,2.178878196e-05,0.07512087959,,,0.3108320086,0.06591220325,,,0.3740295166,0.08498571864,,,0.1710387026,0.1467800086,,,0.05123369181,-0.01520618607,,,0.6664242616,0.0002726444606,0.4177582196,0.03965845957,0.5536295929,0.06480977626,0.236822819,1,0.09502035206,0.0001376996377,0.6925316038,retained
within_cluster_4,102900005119968,102900011009970,0.825172344,0.1645885287,-0.1122527329,,,0.07242173493,0.106602302,,,0.1497890606,0.1378964792,,,0.0237001902,-0.1196960341,,,0.04944310622,-0.01204450826,,,0.7064818944,0.08645093146,,,0.1670496737,0.4357362281,0.1781122452,0.6973190509,6.327102292e-10,0.1051760287,,,0.08688889212,0.188699209,,,0.002117292177,0.204269528,,,1.348835517e-10,0.2562231476,0.2445694569,0.4902187436,3.365550982e-09,0.08070875583,0.1288947804,0.1430090418,0.005375895503,0.7983562215,3.114836657e-10,retained
within_cluster_4,102900005119968,102900051000463,0.02891387749,0.1694915254,-0.03637902934,,,0.5615441337,0.4037269717,0.2174366512,0.577776601,1.324555923e-08,0.03784113462,,,0.5365938388,0.03287747019,,,0.590666123,0.1001503635,,,0.001694698366,0.06477219797,,,0.3009482063,0.5744611834,0.3729774651,0.7666000625,1.513048516e-17,0.2849337161,,,2.317962753e-06,0.0981672554,,,0.1122274099,0.2823096929,,,3.127969323e-19,0.8454615187,0.4066431528,2.967005268e-06,1.804914679e-16,0.7554577646,6.499322546e-06,0.8303925411,0.1882283348,0.006079202678,1.085367669e-18,retained
within_cluster_0,102900005119975,102900011001691,0.8950162797,0.1405405405,0.05184516246,,,0.3909009356,0.01430228026,,,0.8269925163,0,,,1,0,,,1,0.04595436893,,,0.1357905113,0.2089388713,,,0.0004757661014,-0.1037348702,,,0.1119622342,0,,,1,0,,,1,0.2498863116,,,2.430358815e-16,0.7165514289,0.001231250912,1,0.1888835684,1,1,1,1,0.2371522504,7.468907578e-16,retained
within_cluster_0,102900005119975,102900011006948,0.8882782437,0.3243243243,0.01693612727,,,0.7793952509,0.1044154197,,,0.08506592051,-0.08619852321,,,0.155507776,-0.05585425935,,,0.360593388,0.02570737961,,,0.3960601814,0.1457729881,,,0.01536192474,0.06489068912,,,0.2853504996,0.0932645049,,,0.1263348735,0.08264345168,,,0.1814988387,0.2778687337,,,1.23568782e-20,0.963573893,0.02927187171,0.3572768661,0.435478128,0.3300038698,0.1805039723,0.594009255,0.2814628144,0.5334728659,4.521137289e-20,retained
within_cluster_0,102900005119975,102900011007969,0.4964719229,0.1785714286,0.1144971369,,,0.05746086351,0.1969763674,,,0.002218966832,-0.1032797004,,,0.08853285692,0,,,1,0.1227022128,,,6.293272984e-05,0.3779636906,0.1871264809,0.4773346894,8.405623818e-11,0.3800421638,0.2213335519,0.5420841765,1.248140812e-09,0.09217669941,,,0.1308371794,0,,,1,0.3987477352,0.2742788463,0.4740687228,2.86799786e-41,0.2212578702,5.073574137e-10,0.03889945333,6.451927889e-09,0.2158189112,0.1864083065,1,1,0.0003447619113,2.241040188e-40,retained
within_cluster_0,102900005119975,102900011022764,0.8826551137,0.4555382215,0.1440563502,,,0.01662549409,0.2056423282,,,0.002502450073,-0.03099980981,,,0.6778280795,-0.05046071425,,,0.4670151704,0.07474256899,,,0.02643923904,0.3053741994,0.07347565915,0.5015369845,2.286966374e-07,-0.05640263857,,,0.4116914365,0.2568264548,,,0.0005196307612,-0.1634985037,,,0.01976303642,0.327620806,0.1802900396,0.4755878433,2.897702648e-23,0.09771718973,9.851547459e-07,0.04068499473,0.6027377894,0.8754012865,0.001122803445,0.7078966794,0.04078022664,0.06270765401,1.170695098e-22,retained
within_cluster_0,102900005119975,102900051000944,0.9253535423,0.3842281879,0.1685826494,,,0.004983161066,0.1955754085,,,0.001090810185,-0.07392509839,,,0.2234120836,0,,,1,0.1417060813,,,2.506698216e-06,0.4347906831,0.170264763,0.5702678782,3.720379696e-14,0.1240783263,,,0.0394027999,0.1395425843,,,0.02181848497,0,,,1,0.5424807373,0.4117985206,0.6640875449,4.806866814e-84,0.04068682322,3.101133649e-13,0.02178283087,0.07650154579,0.4281357038,0.036839251,1,1,2.045952876e-05,1.468279318e-82,retained
within_cluster_1,102900005122654,102900011007044,0.8339167147,0.2487562189,-0.02827123462,,,0.6948169353,0,,,1,0.00331624861,,,0.9611723558,0.04972963222,,,0.4157287192,-0.01301401655,,,0.7019723898,0.5924573073,-0.02074066954,0.9372364779,7.297327596e-20,0,,,1,-0.01629870972,,,0.8121846819,0.0891072021,,,0.1495675125,0.3554408803,0.2564550188,0.4792523286,6.395917399e-27,0.9178313408,1.021625863e-18,1,1,1,0.8874603353,0.6583732112,0.2390277541,0.7945964839,3.048267016e-26,retained
within_cluster_1,102900005122654,102900011009277,0.7985310464,0.6181818182,0,,,1,0,,,1,0.2254823327,,,0.002209854221,0.1618061466,,,0.009938858668,0.1236039689,,,0.0004470777029,0,,,1,0,,,1,0.3785151257,0,0.5680171722,1.747078686e-07,-0.009616337129,,,0.8807159905,0.7109159209,0.6309268829,0.7890728843,4.757304462e-123,1,1,1,1,0.01307811527,5.41863174e-07,0.03885835878,1,0.001897491893,3.093782515e-121,retained
within_cluster_1,102900005122654,102900011012994,0.4992509777,0.271484375,0.03029402868,,,0.68311105,0,,,1,-0.0004431041076,,,0.9948100041,0.1866609603,,,0.002877202036,0.07089565341,,,0.04006772503,-0.1745814807,,,0.01777692938,0,,,1,0.0815195353,,,0.2339186599,-0.170220215,,,0.007456059583,0.06710725212,,,0.05342887071,0.9105286893,0.03344479258,1,1,1,0.3106587736,0.01439314964,0.01696548095,0.08685648781,0.06567841668,retained
within_cluster_1,102900005122654,102900011021842,0.8942590875,0.4270833333,-0.03196140274,,,0.657360315,0,,,1,0.1351531963,,,0.06889473429,0.1487972048,,,0.0178727984,0.07803230834,,,0.02599480305,0.1864163285,,,0.00907172383,0,,,1,-0.2497088191,,,0.0007488640071,-0.1382851244,,,0.0301359758,0.2870345599,,,1.028242822e-16,0.8994021645,0.01821573231,1,1,0.1789842581,0.001585829662,0.06212338202,0.05950453203,0.06179896574,3.208881625e-16,retained
within_cluster_4,102900005123880,102900005125815,0.6558902605,0.39375,0.07283046204,,,0.2312248766,0.01066031352,,,0.8678786695,0.08818802331,,,0.1461537196,-0.01920056836,,,0.7534733949,0.02218945316,,,0.4702859622,-0.0317518759,,,0.602098468,0.6774431355,0.5431710232,0.7388169967,2.147186203e-34,0.6600355865,0.4991376326,0.7862100574,3.74675691e-35,0.3436645907,0.1246723415,0.5507046879,1.052896923e-08,0.4879045113,0.3786451536,0.5799902005,5.915531382e-64,0.5382786966,0.7169701781,1,1.273155113e-32,0.316823547,8.035597799e-34,0.950355985,6.064686276e-08,0.6008216094,9.316961927e-63,retained
within_cluster_4,102900005123880,102900011001219,0.9380369432,0.5673076923,0.394451839,0.1559476582,0.670417581,1.466009996e-11,0.4381711142,0.2494836449,0.659115963,5.802328492e-13,0.231920843,,,0.0001100754569,0.4154344049,0.2481076169,0.5530332513,1.087548519e-12,0.3463281868,0.2440120663,0.4448946736,2.919862168e-31,-0.05385021367,,,0.3763333058,0.8163231749,0.7078797794,0.8843849744,4.278112243e-60,0.6571205922,0.4673508279,0.7822467965,9.335342839e-35,0.5864667909,0.4477913565,0.7180426226,1.078238955e-25,0.64192188,0.5450485309,0.7123160759,3.954651922e-123,3.476299811e-09,0.4891605058,5.84874712e-10,1.437445714e-57,0.001126457468,1.901015269e-33,9.532599196e-11,3.061591175e-24,5.351311027e-29,2.749164923e-121,clear
within_cluster_4,102900005123880,102900011001806,0.8587720489,0.4164524422,0.1906924536,,,0.009517372213,-0.02879723931,,,0.6632749081,0.189052675,,,0.001702949566,0.07308527663,,,0.2739181519,0.08104964822,,,0.01424567313,0.03033467658,,,0.6827088132,0.4805408802,0.3042440462,0.6160894388,9.495856215e-15,0.6350646084,0.4908022114,0.7495520753,6.806473498e-32,0.4085659912,0.2058381454,0.5637132348,2.924828168e-10,0.4971705824,0.3933050268,0.5763468536,1.128346016e-57,0.0657025286,0.7863532375,1,8.323324404e-14,0.01059613063,1.12474185e-30,0.4883045094,1.972058055e-09,0.03734626401,1.477107511e-56,retained
within_cluster_4,102900005123880,102900011001813,0.1290150352,0.3117408907,0.156357397,,,0.03404526992,0.2209970232,,,0.0005341418474,-0.1684856034,,,0.005253802172,0.1111616934,,,0.1278072735,0.05652539005,,,0.09229921038,-0.02376267303,,,0.748831,0.285966689,,,6.174676666e-06,0.4441543569,0.1932641484,0.6733984615,1.760778112e-14,0.3336793166,0,0.515924856,3.912248932e-06,0.3852784259,0.25729555,0.5066344188,1.742850748e-32,0.1603627667,0.8438475662,0.01252127865,2.267422251e-05,0.02621699301,8.808259737e-14,0.2812876239,1.66044081e-05,0.1728594947,1.003882031e-31,retained
within_cluster_4,102900005123880,102900011008522,0.6762372217,0.4657894737,0,,,1,0.1619560189,,,0.01095719788,-0.03885440625,,,0.5226434506,0.06092122256,,,0.3186091373,0.03596724178,,,0.2417762769,0,,,1,0.4895844531,0.325899308,0.6841445957,3.113165364e-16,0.2986755501,,,5.746328417e-07,0.4633459349,0.2547866281,0.6349481989,2.110376373e-15,0.4879243375,0.3746453717,0.5735296462,5.837035296e-64,1,1,0.1040114332,3.268823632e-15,0.7434586769,1.706126375e-06,0.5443356109,2.251068131e-14,0.3642907132,9.26571902e-63,retained
within_cluster_4,102900005123880,102900011009246,-0.1162818533,0.2996941896,0.3066717934,0.1489547915,0.5395896901,2.295466628e-05,-0.03865777053,,,0.5783989025,-0.08397488195,,,0.171268035,0.0005786747026,,,0.9938486515,0.004474481994,,,0.8969696648,0.03835536974,,,0.6052104482,0.1264326542,,,0.06812474952,0.4141933238,0.2076459009,0.6046132106,2.081416729e-12,0.3295765709,0.1174505597,0.5562736381,7.483215306e-06,0.2629947202,,,1.122136343e-14,0.0006418412186,0.7194010988,1,0.1227341332,0.3541295986,9.004583959e-12,1,3.053878959e-05,0.9364530525,3.159534732e-14,retained
within_cluster_4,102900005123880,102900011009970,0.5528823553,0.3636363636,-0.1626838208,,,0.007174629925,0.1905643461,,,0.002689066122,-0.1139836078,,,0.0599976337,0.1020770609,,,0.09415212971,0.01697318156,,,0.5807733601,-0.0400438506,,,0.5107678896,0.5094051592,0.350719817,0.6290398583,1.197706772e-17,0.4985367587,0.2483972739,0.7177570755,2.272514768e-18,0.3544468813,0.1738274599,0.4939800422,3.341128595e-09,0.3739744179,0.2577027673,0.4631342778,3.150997978e-36,0.05357057011,0.6324988117,0.04279358113,1.451889011e-16,0.1608447201,1.487464212e-17,0.2273181958,1.99872856e-08,0.7006178143,2.075951609e-35,retained
within_cluster_4,102900005123880,102900051000463,0.127834745,0.2642998028,-0.06243033449,,,0.3049449796,0.0982466973,,,0.1786366546,-0.0745955752,,,0.2192299741,0.02804042821,,,0.6464468861,-0.02114987012,,,0.5032442043,0.119603472,,,0.04877586272,0.2870791915,,,6.198120778e-05,0.5225046865,0.3382710676,0.6372473743,2.569880007e-20,0.1034945415,,,0.09395281742,0.291825314,,,5.762307244e-21,0.6213093372,0.08305079328,0.5343197267,0.0001970885093,0.4236369392,1.904734593e-19,0.875184155,0.1616116723,0.6336916402,2.143323137e-20,retained
within_cluster_2,102900005125808,102900011000328,0.09507266133,0.7171215881,0.1077262611,,,0.09114612275,0.06795191472,,,0.2894170527,0.1586204029,,,0.008653299214,0.3016786793,0.1511524933,0.4730315917,4.365522522e-07,0.1746821984,,,1.544664205e-08,0.1375720775,,,0.03066176353,0.1257168565,,,0.04935389562,0.6501380117,0.3992632989,0.8041007488,7.983139233e-34,0.3213853252,0.07602011651,0.4640116681,9.863723182e-08,0.2801003613,,,6.232497023e-20,0.2968507003,0.05479974759,0.7071038939,0.09368875101,0.0381132272,1.504112962e-32,8.628326866e-06,4.971316484e-07,2.022105868e-07,2.22778617e-19,weak
within_cluster_2,102900005125808,102900011008164,-0.3748421166,0.5928297055,-0.04336971208,,,0.4974735161,0.1392456958,,,0.05407437921,0.08222622786,,,0.1755254582,0.1167876709,,,0.05527888736,0.06936054833,,,0.02975077674,-0.1416461676,,,0.02600830444,0.004574374458,,,0.9497897404,0.4526262045,0.235543081,0.6340416775,4.834691688e-15,0.03068589813,,,0.620326321,0.1045644006,,,0.001095592284,0.7998904138,0.04723670427,0.2809637848,1,0.3603455436,2.55150221e-14,0.1558632684,0.7648794269,0.06807896245,0.001593588776,retained
within_cluster_2,102900005125808,102900011013274,0.2296733349,0.47509113,0.109182113,,,0.08683215939,0.03994987661,,,0.5657551834,0.08704040125,,,0.1514957974,0.1292729509,,,0.03373431584,0.08717122701,,,0.005833118395,-0.1352955842,,,0.03355885217,0.1918732486,,,0.005383390676,-0.02924851106,,,0.6323123769,-0.1197654054,,,0.05237905677,-0.07543634392,,,0.0176570983,0.2883914882,0.05966018164,1,0.01244600413,0.3252561529,0.7238737944,0.1061743666,0.09705531107,0.01755159207,0.02277460664,retained
within_cluster_2,102900005125808,102900011016701,0.03565610936,0.3858350951,0.1122764684,,,0.07820706553,0.05812178669,,,0.4332207047,0.1439346861,,,0.01976411423,0.1926710748,,,0.001467280937,0.1360403755,,,2.276770896e-05,-0.1823645934,,,0.004031330342,-0.3386479451,-0.5710188609,-0.00417510369,2.575977707e-06,-0.634646879,-0.751141809,-0.3804487135,1.33395749e-30,-0.272346738,,,7.440932738e-06,-0.418784782,-0.520498333,-0.3152140431,9.27184814e-42,0.2690637778,0.00884348419,0.8786448096,9.835551244e-06,0.07014868712,1.920898786e-29,0.008285821762,3.042783042e-05,0.0001425456561,7.417478512e-41,retained
within_cluster_2,102900005125808,102900051004294,0.782143034,0.7595772787,0.1064499645,,,0.0950673845,0.3410959006,0.1673176064,0.4813045393,4.062771086e-08,0.3209355622,0.1727265089,0.4863826226,5.876762228e-08,0.3734948623,0.226193462,0.5244752905,2.304056576e-10,0.2977285784,,,1.190389056e-22,0.4171771085,0.2441322523,0.5701403186,8.059394571e-12,0.4863734404,0.2435347597,0.6463937987,5.174960265e-16,0.6784195528,0.4205904616,0.8149785929,9.280788426e-38,0.5472376014,0.3629589808,0.6694743033,6.018906892e-22,0.5440227602,0.4551666125,0.6317643461,4.262454839e-80,0.3060881253,5.309718776e-11,7.03352429e-06,5.322816272e-15,1.726828666e-06,2.461851246e-36,1.032217346e-08,1.243551239e-20,1.26306544e-20,1.193487355e-78,weak
within_cluster_2,102900005125808,102900051010455,0.4565294039,0.6163043478,0.08558775661,,,0.1799998663,0.1251028182,,,0.05001056699,0.2918534371,,,9.232075123e-07,0.09616190247,,,0.1149277215,0.162257537,,,1.511893541e-07,0.07414826862,,,0.2456340821,-0.2031194436,,,0.001359882716,0.114580399,,,0.06007947622,0.3320755204,0.1364355396,0.5747491327,3.447198293e-08,0.1367769467,,,1.100250043e-05,0.4581814778,0.3410456677,0.2660192693,0.003510273439,1.918748809e-05,0.09324112707,0.2629901096,1.838505756e-07,1.629934427e-06,1.873398723e-05,weak
within_cluster_4,102900005125815,102900011001219,0.5015584409,0.448,0.06202471589,,,0.3045408838,0.05176225465,,,0.3995647717,0.1420351891,,,0.01887683641,0.1146262889,,,0.05997628035,0.07407985081,,,0.01461384515,-0.05674870547,,,0.3475979489,0.7348304174,0.6064130878,0.8000878268,1.382905477e-46,0.7157232855,0.5447210604,0.8445333783,1.11806607e-43,0.4548516063,0.2360725171,0.6744126116,7.802448548e-15,0.488503678,0.3754149999,0.5999360963,1.292183222e-65,0.6213093372,0.4586034048,0.8351154727,1.742460901e-44,0.06806785092,5.497612676e-42,0.1649552267,7.825739439e-14,0.03806396877,2.207662184e-64,retained
within_cluster_4,102900005125815,102900011001806,0.5912840752,0.7412280702,-0.09008622379,,,0.2239332156,0.126620991,,,0.0546341198,0.1612527427,,,0.007594157714,0.02586301757,,,0.6989671074,0.05975593588,,,0.07096382934,0.5334758799,0.2918582508,0.6906212243,6.347365771e-15,0.6450421248,0.4812061273,0.7496711234,1.435075751e-28,0.7847177389,0.6642831671,0.8711181519,1.33407274e-57,0.7019459577,0.5286528264,0.8357248841,5.690441973e-34,0.6784747127,0.6011165713,0.7589373532,4.451930117e-123,0.5255522266,5.712629194e-14,0.2812186443,5.166272703e-27,0.03436298937,2.068838956e-55,0.9108711626,4.41228116e-32,0.1399799073,2.991697038e-121,retained
within_cluster_4,102900005125815,102900011001813,-0.2074568151,0.2729306488,0.02463855452,,,0.7398995119,0.03395112564,,,0.5991852419,-0.0468699486,,,0.4405354918,-0.1111832947,,,0.1277327719,-0.007596972721,,,0.821147699,0.3073851234,0,0.4712999896,2.192013969e-05,0.2579759525,,,4.879142656e-05,0.5580697926,0.3303096458,0.7880502936,1.664685181e-23,0.1961305233,,,0.007792772265,0.3286315948,0.2314426335,0.4079329148,1.395978309e-23,0.9405027844,7.081891284e-05,1,0.000158907134,0.6697734174,1.51171411e-22,0.2812876239,0.0176204685,0.8820395089,5.743453613e-23,retained
within_cluster_4,102900005125815,102900011008522,0.886923294,0.4831460674,0,,,1,0.1174995971,,,0.05247376955,0.262089689,,,1.146614021e-05,-0.1285529789,,,0.0347457884,0.1227881374,,,4.734874093e-05,0,,,1,0.545256812,0.331062413,0.754752652,1.519434199e-22,0.495312033,0.2481973893,0.674439285,4.044954303e-18,0.5161164012,0.2740902872,0.775019785,2.632119747e-19,0.5114097871,0.3424267838,0.6377508056,3.730860669e-73,1,1,0.2762065781,2.889791835e-21,0.0001699686666,2.580578442e-17,0.1083304199,3.930632156e-18,0.0002681321958,8.087543127e-72,retained
within_cluster_4,102900005125815,102900011009246,-0.372492644,0.5985576923,-0.04658537579,,,0.5300370503,0.1909473399,,,0.005614821176,0.1076323904,,,0.07916022154,0.1720150315,,,0.02094447615,0.1045017376,,,0.002425012522,0.5134905066,0.2233037532,0.7415944491,9.075643246e-14,0.3824901374,0.1540594881,0.5587085423,1.095445769e-08,0.576274006,0.3217036694,0.7587193677,7.549983596e-25,0.8339139232,0.6340028339,0.926550851,4.813117342e-47,0.5150929295,0.4109864554,0.645648475,9.076154924e-58,0.8200726734,7.260514597e-13,0.06778131431,5.283298255e-08,0.1979218946,7.687256025e-24,0.07060880255,9.703244561e-45,0.008216513016,1.195916884e-56,retained
within_cluster_4,102900005125815,102900011009970,0.7878005089,0.8436213992,0.1182133574,,,0.04977657986,0.2286372258,,,0.0001270803083,0.1488771257,,,0.01380474853,0.1866856253,,,0.002066867287,0.1600172594,,,1.01853025e-07,0.8784399015,0.7962520515,0.9295308427,7.329861739e-90,0.7953383905,0.6395056367,0.8956681915,1.626438243e-61,0.6889150808,0.4456760161,0.8631098276,2.470394648e-39,0.8467754503,0.7666960113,0.8928868534,1.648828742e-73,0.7933971136,0.7136232043,0.856800273,9.930212507e-236,0.2043779735,7.388500633e-87,0.005228446968,8.197248746e-59,0.05395256243,7.433306881e-38,0.0110525317,1.662019372e-70,1.160088692e-06,5.004827104e-233,weak
within_cluster_4,102900005125815,102900051000463,0.1856056041,0.5316239316,0.1149335965,,,0.05651037712,0.09638822319,,,0.1551527402,0.04946220498,,,0.4156459675,0.004738989459,,,0.9382188703,0.0625238507,,,0.04401610926,0.2834519109,,,1.699627038e-06,0.4861354201,0.2820996607,0.7214341617,2.166107554e-14,0.7122271085,0.5370514204,0.7993065293,4.397518969e-43,0.1361950412,,,0.02720997303,0.4730526226,0.3656367793,0.5749610774,1.916302095e-58,0.2199322785,6.526567827e-06,0.5031090068,1.842562375e-13,0.6448449899,2.014863237e-41,1,0.05436601153,0.09370272046,2.664320706e-57,retained
within_cluster_2,102900011000328,102900011008164,0.5209279739,0.8073817762,0.1144749706,,,0.05750948611,0.2073260779,,,0.001899815866,0.2315114092,,,0.00011328594,0.1920206462,,,0.001523683858,0.1811334961,,,3.958493737e-09,0.4137421345,0.2653186486,0.5599599129,7.71779676e-13,0.4747894807,0.1263566506,0.6566750615,6.986043225e-14,0.5629391839,0.3221084644,0.723948064,5.68138789e-24,0.2628360926,,,1.572015012e-05,0.4623407373,0.3456782663,0.5742934987,9.829739875e-56,0.2212578702,5.596790744e-12,0.0341966856,5.715693815e-13,0.001153456844,5.352185975e-23,0.008485488006,6.118112481e-05,5.782843025e-08,1.230854384e-54,weak
within_cluster_2,102900011000328,102900011013274,-0.5967010317,0.5494393476,0.01673000998,,,0.7820121985,0.1188706532,,,0.06656927391,0.1274714773,,,0.0352821344,0.1493188239,,,0.01405090819,0.09887994309,,,0.001280333118,-0.4021903778,-0.5287462216,-0.2423682304,3.733408045e-12,0.0326803761,,,0.6151668518,-0.2323182833,,,0.0001169136656,-0.5010450375,-0.6206095701,-0.3196077443,4.026415393e-18,-0.2651852772,,,2.516691614e-18,0.9651855819,2.51724101e-11,0.311100897,0.847694035,0.1079344203,0.0002750267794,0.05103897463,5.340298311e-17,0.004736057918,8.386198832e-18,retained
within_cluster_2,102900011000328,102900011016701,0.3757824516,0.6293359762,0.0805031768,,,0.182362953,0.1383410123,,,0.04321431844,0.144945864,,,0.01890773637,0.1851885669,,,0.002248270433,0.1358124751,,,1.320742088e-05,-0.2533801807,,,2.043475617e-05,-0.2449546517,,,0.0002972776192,-0.5051507439,-0.6633296271,-0.2681328321,3.525051815e-18,-0.03245717745,,,0.6002800567,-0.1342250015,,,1.834957283e-05,0.4607064075,6.644591685e-05,0.2406631657,0.0008648076196,0.06806785092,2.263217981e-17,0.0118342381,0.7460940779,8.845900494e-05,3.082728235e-05,retained
within_cluster_2,102900011000328,102900051004294,0.08746789552,0.8564814815,0.007427020305,,,0.9022427974,-0.00638703663,,,0.9160301336,0.3226929092,0.1857832122,0.4330630965,4.927906626e-08,0.409428619,0.2655279801,0.576245478,2.454212869e-12,0.1810394097,,,1.62891208e-09,0.2171515874,,,0.0002783190377,0.1374346465,,,0.02263487322,0.7386572508,0.5074700433,0.8554413755,8.17652786e-48,0.4586579276,0.2451284375,0.6050466818,4.362299085e-15,0.3380954846,0.2023184329,0.4764004563,2.150011748e-30,1,0.0007521329491,1,0.04665838897,1.482785039e-06,5.684096609e-46,2.06153881e-10,4.464159876e-14,2.627109402e-08,1.174640565e-29,weak
within_cluster_2,102900011000328,102900051010455,0.06994352818,0.7627627628,0.08644354872,,,0.1520657909,-0.01742087201,,,0.7736541656,0.2104996376,,,0.0004628582549,0.209355379,,,0.0005350845657,0.1145277776,,,0.0001469013934,-0.2681524081,,,6.25229367e-06,-0.4900017136,-0.5989471222,-0.3432684703,5.146643646e-18,0.1380245409,,,0.02330973118,0.2941700185,,,1.19914883e-06,0.000236054719,,,0.9938061358,0.4109445502,2.195927533e-05,1,6.444492913e-17,0.003702866039,0.03914531096,0.003654886877,5.457074584e-06,0.0007276491624,0.9942993399,retained
within_cluster_3,102900011000571,102900011010891,0.06379141038,0.1388888889,-0.09910007748,,,0.1807677171,0,,,1,-0.04758809652,,,0.5235148477,0.07431528528,,,0.2342313619,0.0435977562,,,0.2157341715,-0.03550185536,,,0.6323373155,0,,,1,0.08249398063,,,0.2722768331,0.2278146802,,,0.0002734679193,0.1653089745,,,2.668517317e-06,0.4585776705,0.7437526418,1,1,0.7437673946,0.3536791853,0.4374314685,0.0008391344374,0.3371473564,4.748217927e-06,retained
within_cluster_4,102900011001219,102900011001806,0.7628615167,0.4713216958,0.1178392591,,,0.1111350761,0.01512415206,,,0.8191539326,0.1139176937,,,0.0601467625,0.1231005489,,,0.06469241961,0.06803881971,,,0.03972975834,-0.003649342446,,,0.9607878792,0.4804208087,0.2722787932,0.6124379312,9.662705158e-15,0.6529057446,0.5049469594,0.7791152399,3.433028288e-34,0.5373971818,0.3166415008,0.7006924949,7.320983478e-18,0.5269583707,0.4107631323,0.6161986448,8.241410745e-66,0.335904518,1,1,8.396557586e-14,0.1609638567,6.654793297e-33,0.1735884085,9.400702351e-17,0.08630947502,1.43230035e-64,retained
within_cluster_4,102900011001219,102900011001813,0.03340143688,0.3684210526,0.2570606962,,,0.0004273983814,0.2263048633,,,0.0003875857592,-0.02937602868,,,0.6289190408,-0.1826490069,,,0.01188474567,0.06383536733,,,0.05723507619,0.1668825445,,,0.02356306307,0.3353889381,0.1277595001,0.4549857838,8.988950341e-08,0.5954591477,0.4267134181,0.7649723494,2.687675581e-27,0.2824197558,,,0.000107293474,0.4498997674,0.3427878801,0.542806503,5.078333813e-45,0.006198813934,0.04310629325,0.01041830521,3.974062256e-07,0.8347588174,3.168628053e-26,0.04495243389,0.000364147548,0.1166692756,4.530053525e-44,retained
within_cluster_4,102900011001219,102900011008522,0.4782202836,0.4854368932,0,,,1,-0.005814851332,,,0.924656012,0.2270627269,,,0.000154314891,0.1423454226,,,0.0192811365,0.09282720627,,,0.002197413121,0,,,1,0.4928687286,0.305344478,0.6588635526,9.518364851e-18,0.3747298378,0.1585928886,0.5328468995,1.988849503e-10,0.5478557502,0.3439955161,0.7232167138,5.299644052e-22,0.4629993172,0.3410155602,0.559657819,2.830556685e-58,1,1,1,1.170062411e-16,0.001488511102,7.579434022e-10,0.06588266301,1.112925251e-20,0.007572623678,3.818124054e-57,retained
within_cluster_4,102900011001219,102900011009246,0.1107876528,0.3903903904,0.23408424,,,0.001382942755,-0.08496070904,,,0.2212884925,-0.03931809877,,,0.5223701541,-0.0562987142,,,0.4528573142,-0.004984147913,,,0.8853108633,0.09633795644,,,0.1932878563,0.1844509293,,,0.007505021494,0.5701256794,0.3661345014,0.7269913176,3.034049751e-24,0.3992351488,0.1401521763,0.642658298,3.702971442e-08,0.3696039003,0.2720276965,0.4942700516,2.001539544e-28,0.01490915826,0.279733179,0.6127989024,0.01690516573,0.7434586769,2.912687761e-23,0.6958539218,1.964523797e-07,0.9286091053,9.963219065e-28,retained
within_cluster_4,102900011001219,102900011009970,0.5222513839,0.4348697395,0.07394165676,,,0.2207588127,0.08999051102,,,0.1425025636,0.1519256932,,,0.01196033455,0.1538811425,,,0.01134489282,0.1761200891,,,5.126953181e-09,-0.04008207079,,,0.5072423071,0.5947874767,0.4532306931,0.7233459368,6.147877e-27,0.6924965652,0.5238648268,0.8313829885,6.917387356e-40,0.4552776769,0.2383608943,0.6391577095,7.313425865e-15,0.4433376618,0.3274046395,0.5427466026,5.027723605e-53,0.5223588807,0.6287406777,0.4756660733,2.031822956e-25,0.04893779151,2.213563954e-38,0.04339905867,7.371933272e-14,7.278829304e-08,5.791937593e-52,weak
within_cluster_4,102900011001219,102900051000463,-0.07337392334,0.304029304,-0.06714111319,,,0.2662996679,0.03703634475,,,0.5935578927,0.04959856942,,,0.4143599472,0.09482671751,,,0.1200800822,0.04523853873,,,0.1470189752,0.1460367838,,,0.01517539742,0.2305743463,,,0.0007602423333,0.6256502399,0.4640318358,0.7387712573,9.67154692e-31,0.1346492853,,,0.02902147333,0.292474399,,,1.512137985e-21,0.5880176676,0.02894380435,1,0.002032690376,0.6440629558,1.44428434e-29,0.2704820622,0.05769949727,0.2522925894,5.740998451e-21,retained
within_cluster_0,102900011001691,102900011006948,0.8038980618,0.06325301205,-0.06977292171,,,0.2479665445,0.08018917664,,,0.2226861981,0,,,1,0,,,1,0.02753690044,,,0.3722566294,-0.1346711513,,,0.0252619771,-0.2806210959,,,1.372935812e-05,0,,,1,0,,,1,-0.03279603755,,,0.2902055813,0.5616860155,0.04604714814,0.6146397243,4.872955277e-05,1,1,1,1,0.5101763188,0.320402219,retained
within_cluster_0,102900011001691,102900011007969,0.4584963656,0.3092105263,-0.03008152786,,,0.6187685383,0.0742466947,,,0.2559096593,0,,,1,0,,,1,0.06830240433,,,0.02652243567,0.4335361396,-0.03083522809,0.6726873563,4.484018963e-14,0.3213699498,0.05724572299,0.5209082002,4.529603202e-07,0,,,1,0,,,1,0.4176735557,0.1830858173,0.5945941429,2.245207439e-45,0.8809585968,3.704828782e-13,0.6607844823,1.869553889e-06,1,1,1,1,0.06283105794,2.020686695e-44,retained
within_cluster_0,102900011001691,102900011022764,0.926418037,0.1905781585,0.09482635237,,,0.1160044449,0.06829351388,,,0.3200485478,0,,,1,0,,,1,0.01741237813,,,0.6055561852,-0.02739555615,,,0.6504417088,0.2759872148,,,4.249373298e-05,0,,,1,0,,,1,0.3385882329,0.2282425802,0.4405325266,7.858671853e-25,0.3438326375,0.7606093301,0.7441959311,0.0001404383044,1,1,1,1,0.7155927722,3.429238627e-24,retained
within_cluster_0,102900011001691,102900051000944,0.9309760494,0.3895582329,0.1345620145,,,0.02538171653,0.1331692121,,,0.04095010569,0,,,1,0,,,1,0.1357251555,,,9.701781629e-06,0.4185123625,0,0.5868438257,3.953892135e-13,0.5129248809,0.3441675663,0.6303578034,3.084328693e-17,0,,,1,0,,,1,0.6033259819,0.4888341997,0.68497521,1.298693297e-104,0.1303738245,2.952239461e-12,0.2332073815,3.553146654e-16,1,1,1,1,6.696452793e-05,5.57056529e-103,retained
within_cluster_4,102900011001806,102900011001813,0.3863573943,0.2712765957,0.06776039392,,,0.3607516098,-0.03729239475,,,0.572810756,-0.02714867532,,,0.6551683483,0.1567686014,,,0.03122038888,0.02521320832,,,0.4558352166,-0.004487300829,,,0.9517938885,0.1323165655,,,0.04454032769,0.6576031978,0.503753751,0.7955603438,8.031457333e-35,0.3413996331,0,0.5398731661,2.249588362e-06,0.3998850666,0.2880573407,0.5093595779,1.153562871e-34,0.6905108716,1,1,0.0851121333,0.8560073818,1.652185508e-33,0.09953178351,9.837679256e-06,0.5868223478,7.17772453e-34,retained
within_cluster_4,102900011001806,102900011008522,0.7961935625,0.474137931,0,,,1,0.02312832292,,,0.7265939225,0.1538061595,,,0.0109342152,0.1327553523,,,0.04620495205,0.07540490504,,,0.02261952807,0,,,1,0.3996717107,0.1958820123,0.5934844542,2.857432013e-10,0.3267555771,0.1099533406,0.5368422024,3.888894857e-08,0.5669702823,0.3615729757,0.7653237925,4.13650388e-20,0.4052185214,0.2685321594,0.5088340001,4.391521573e-37,1,1,1,1.595729346e-09,0.04535674452,1.258428898e-07,0.1361830166,6.671353457e-19,0.05494092601,2.990982261e-36,retained
within_cluster_4,102900011001806,102900011009246,0.06683705353,0.5540897098,0.1446722992,,,0.05006860198,0.09058762998,,,0.1920837633,0.2160960753,,,0.0003757049045,0.1213365005,,,0.1046836014,0.1419805354,,,3.630827967e-05,0.5857846188,0.4287153793,0.7532687475,2.448898215e-18,0.2908522588,,,1.934564749e-05,0.6682144787,0.5405732179,0.7920313685,1.211992963e-35,0.6085786951,0.3955931489,0.7485255832,2.579287737e-19,0.5417849787,0.4519298913,0.6265945688,7.140143521e-65,0.2046881189,2.956274731e-17,0.5604064641,6.678223518e-05,0.003155921198,2.745368329e-34,0.2448284691,3.880480656e-18,0.0002109437804,1.189630524e-63,retained
within_cluster_4,102900011001806,102900011009970,0.4671769073,0.6616702355,0.1258266581,,,0.08876751656,0.1531309302,,,0.01988488034,0.06901894023,,,0.2557460037,0.1545854154,,,0.02007007015,0.1385938275,,,2.615424966e-05,0.6376468834,0.5259780932,0.7293155686,2.179735663e-22,0.4810494192,0.2703273678,0.6487129749,8.819885737e-15,0.7068467976,0.5550606385,0.8241295953,3.477736259e-42,0.6887655808,0.5257768649,0.7872388675,2.77711273e-32,0.6019237706,0.5236592406,0.6777683058,2.655503676e-90,0.291228813,3.460115824e-21,0.1523296058,7.764580631e-14,0.4713348178,1.42894761e-40,0.06811660173,1.806019117e-30,0.0001602643383,9.073721035e-89,retained
within_cluster_4,102900011001806,102900051000463,0.3888136732,0.4989775051,-0.1649308974,,,0.02526479237,-0.03153586984,,,0.6666301092,0.177019169,,,0.003339490453,0.03518163884,,,0.598800568,0.03479065454,,,0.3048007584,0.2469221839,,,0.0007273233362,0.4938143116,0.3216719349,0.6135497974,5.184697434e-13,0.6578103164,0.4946893727,0.7674264794,7.528655795e-35,0.07449728721,,,0.2712414388,0.418519577,0.295272089,0.5179223016,6.422867949e-38,0.1303738245,0.001812464581,1,3.773411562e-12,0.01822510931,1.597660009e-33,0.840364132,0.3880927897,0.4401707227,4.496007564e-37,retained
within_cluster_4,102900011001813,102900011008522,0.06210341325,0.3151862464,0,,,1,0.1102296931,,,0.08706057298,0.07317642928,,,0.2281486306,0.1349361878,,,0.06413573946,0.07975990018,,,0.01744312337,0,,,1,0.1295605826,,,0.04405693046,0.1835144635,,,0.002468221608,0.579197803,0,0.8418365658,8.763092254e-18,0.3362429408,0.2306441493,0.4414460025,1.126268434e-24,1,1,0.3587706422,0.08442849031,0.4330957055,0.004861330847,0.1728182057,1.118126202e-16,0.044066838,4.862006771e-24,retained
within_cluster_4,102900011001813,102900011009246,-0.0392665603,0.3098591549,0.2095606418,,,0.004303443617,0.2433866871,,,0.0003837024361,0.09632182221,,,0.116373204,-0.01495051689,,,0.8421094582,0.125364913,,,0.0002701198303,-0.09986813865,,,0.1773947902,0.2704790108,,,7.466739447e-05,0.7337285171,0.554081207,0.8449642251,4.795410907e-46,0.2582561354,,,0.0005193060478,0.3617207983,0.2262122245,0.4713990621,3.26858577e-27,0.03691805247,0.2585885011,0.01041830521,0.0002348353623,0.2639014389,2.846349893e-44,1,0.00151442843,0.001229258641,1.580208372e-26,retained
within_cluster_4,102900011001813,102900011009970,-0.08435717546,0.2873831776,0.0124406369,,,0.8668905166,0.119664915,,,0.06308459853,0.2057914265,,,0.0006231723583,-0.1036671422,,,0.1557356445,0.0740397838,,,0.02736602189,0.1792202415,,,0.01492323634,0.2822828456,,,8.211953924e-06,0.8097946696,0.7217673586,0.8946007927,5.204976206e-64,0.192205356,,,0.009143555939,0.3749452379,0.2869253525,0.4638847028,1.003691508e-30,1,0.02857098239,0.3034378423,2.982936777e-05,0.004687744307,1.499033147e-61,0.3250065826,0.02027877753,0.06415104667,5.528530273e-30,retained
within_cluster_4,102900011001813,102900051000463,0.2177159937,0.2657004831,-0.1588410724,,,0.03126891254,0.08995842037,,,0.2183165337,-0.02667409856,,,0.6608178556,0.1896060892,,,0.008972305425,0.004439935726,,,0.8980647347,0.1322111593,,,0.07360844433,0.2095702645,,,0.003801125976,0.55849273,0.4118684324,0.6690129226,1.517345735e-23,0.2861628952,,,8.599154211e-05,0.4196137922,0.3241217435,0.5288756997,1.459262204e-36,0.1508089179,0.1184314635,0.6095929805,0.00909023721,0.8598176889,1.38414887e-22,0.0358892217,0.0002978676098,0.9371110275,9.743337334e-36,retained
within_cluster_0,102900011006948,102900011007969,0.4797459842,0.09463722397,-0.03025636523,,,0.6167302261,0.07901043569,,,0.2265752619,-0.1526606595,,,0.01154958995,0,,,1,0.0007970328517,,,0.9793709592,-0.03411853196,,,0.5724741159,-0.05167803784,,,0.4294074528,-0.02782159776,,,0.6490210158,0,,,1,0.05533568754,,,0.07377018879,0.8801910546,0.6905699693,0.6231592468,0.6245926587,0.04761548738,0.7413180555,1,1,0.98672669,0.08852422655,retained
within_cluster_0,102900011006948,102900011022764,0.872593018,0.3774703557,0.06649469578,,,0.2709410026,0.03903204574,,,0.5728765737,0.07850433328,,,0.2921526457,0.1135773176,,,0.1007178668,0.05258541433,,,0.1192549787,0.6127833694,0.4050718568,0.7717713504,7.592727677e-30,-0.03295688957,,,0.6340658302,0.3142950454,-0.02798617853,0.6033389535,1.830649836e-05,0.07881843616,,,0.2636545076,0.3307953861,0.1794153707,0.4541261968,1.233975925e-23,0.5911440057,1.663797717e-28,1,0.8683945066,0.5134958445,4.737599576e-05,0.2393980909,0.3783113789,0.2133256761,5.097736609e-23,retained
within_cluster_0,102900011006948,102900051000944,0.7585154231,0.2476190476,-0.11468286,,,0.05705480713,0.1107999858,,,0.06755730936,-0.1417274295,,,0.01913888241,0,,,1,-0.001981616789,,,0.9478488105,0.08658714541,,,0.1513837475,-0.2141364983,,,0.000366218401,-0.03941874627,,,0.5189519848,0,,,1,0.1681093155,,,2.651869164e-08,0.220484411,0.2235821501,0.3145393433,0.001050208103,0.06857256463,0.6144825716,1,1,0.9670360334,5.394720721e-08,retained
within_cluster_1,102900011007044,102900011009277,0.7832145201,0.243902439,0,,,1,0,,,1,-0.1413392678,,,0.0570146136,0.04526688241,,,0.4734877055,0.02081931723,,,0.5557894215,0,,,1,0,,,1,-0.06849193922,,,0.3622899736,0.09011347864,,,0.1588220556,0.3230116258,0.1894075576,0.4451216454,1.028518785e-20,1,1,1,1,0.1551166815,0.4502938266,0.7153106797,0.2518460573,0.6794854298,3.776855868e-20,retained
within_cluster_1,102900011007044,102900011012994,0.2644442788,0.09234828496,0.06778936965,,,0.3605458036,0.03533207739,,,0.6339673661,-0.03963029222,,,0.5369824767,0.03927629481,,,0.534024665,0.04922161474,,,0.1478205302,-0.05693117601,,,0.4427176463,-0.1133034052,,,0.1256745294,-0.07311656665,,,0.2571911921,-0.07220935217,,,0.2592082123,-0.005517017526,,,0.8719521247,0.6905108716,0.5599239492,1,0.2093883069,0.7554577646,0.3369054212,0.7790113781,0.3743293381,0.252979277,0.8879604055,retained
within_cluster_1,102900011007044,102900011021842,0.7850657992,0.2725060827,-0.08893826202,,,0.1723618512,0.3738176959,0.1556229615,0.6839059316,1.723770178e-07,-0.0285005475,,,0.7025193134,0.06686695663,,,0.289370557,0.03724054744,,,0.2764406773,0.39469168,0.1735939305,0.5948006945,2.942448522e-10,-0.02490959765,,,0.7371426152,0.09634977882,,,0.1994821301,0.3899067966,0.2209288318,0.5553186443,2.344660156e-10,0.3511444918,0.2547088047,0.4442482336,5.918199218e-26,0.4432161887,1.714443994e-09,2.171950425e-05,0.9900596351,0.8862821876,0.2706298616,0.5094943607,1.613254223e-09,0.4064948252,2.7054625e-25,retained
within_cluster_0,102900011007969,102900011022764,0.2695267008,0.1395833333,-0.002843541076,,,0.9624923869,0.1520536905,,,0.02612992734,0,,,1,0,,,1,0.04604628621,,,0.1718478541,0.02520088073,,,0.6767994075,0.3663776977,0.1205272211,0.5369769576,3.362234018e-08,0,,,1,0,,,1,0.2257336805,,,1.546159011e-11,1,0.7814591097,0.176771589,1.55109011e-07,1,1,1,1,0.2858459356,3.724081918e-11,retained
within_cluster_0,102900011007969,102900051000944,0.6342544734,0.3178294574,0.01939582628,,,0.74836542,0.08731440463,,,0.1785148835,0.7994572954,0.6416152615,1,6.339802116e-62,0,,,1,0.08715794262,,,0.004553565632,0.5665357284,0.2952991188,0.7382752915,7.863174621e-25,0.4857144174,0.2605661091,0.6222362647,1.493069479e-15,-0.005267062356,,,0.931350573,0,,,1,0.5039934689,0.3278582522,0.6267572472,1.34269227e-68,0.9453036884,1.36656552e-23,0.5343197267,1.413158718e-14,1.278104107e-58,0.9939665194,1,1,0.01416664863,2.553648694e-67,retained
within_cluster_2,102900011008164,102900011013274,-0.6377195723,0.5151199166,0.0304856595,,,0.6140614854,0.08834657732,,,0.1896993125,0.06875581767,,,0.2575670756,0.2361169098,,,8.953594706e-05,0.09931894394,,,0.001333990182,-0.3231573142,-0.4475600739,-0.1602287657,3.965181294e-08,0.01060053188,,,0.8751998147,-0.1691553442,,,0.005324445719,-0.2428961113,,,6.888118479e-05,-0.2053238941,,,2.817186859e-11,0.8801910546,1.876480162e-07,0.5558990985,1,0.4728587535,0.009985193088,0.0008058235236,0.0002427700499,0.00492550221,6.689574449e-11,retained
within_cluster_2,102900011008164,102900011016701,-0.1141048838,0.6462167689,0.09554321953,,,0.1132610151,0.2445398554,,,0.0003046169363,0.2341216726,,,0.0001308981957,0.1534248406,,,0.01159309576,0.154913257,,,6.478094462e-07,-0.1569413769,,,0.009009943286,-0.282216401,,,2.792329234e-05,-0.2971367734,,,1.12021081e-06,0.04064523975,,,0.5116397718,-0.1712622028,,,4.205408555e-08,0.3402894284,0.01812128151,0.009237041096,9.49297763e-05,0.001293582169,3.212439535e-06,0.04409751143,0.656148715,6.10272824e-06,8.435924026e-08,weak
within_cluster_2,102900011008164,102900051004294,-0.1393047485,0.7593712213,0.08840131947,,,0.1429654036,0.1743122175,,,0.009255051343,0.1495945563,,,0.01334956688,0.2321991871,,,0.000117887386,0.1719726158,,,2.355929904e-08,0.2435666494,,,4.316922181e-05,0.01917708799,,,0.7762990526,0.4496157487,0.1879657086,0.6295145707,7.684667007e-15,0.1922793144,,,0.001732204837,0.2481959147,,,6.137241208e-16,0.3926679206,0.0001338910018,0.09371246104,1,0.05305373899,3.982593492e-14,0.001007514895,0.00451000781,2.987141312e-07,1.838436594e-15,weak
within_cluster_2,102900011008164,102900051010455,0.02186128998,0.6809176225,0.03328073156,,,0.5819461261,-0.06673369026,,,0.3222717498,-0.01030969962,,,0.8653506076,0.007878493973,,,0.8974698147,-0.01582023599,,,0.6101557404,-0.1786906631,,,0.002890271545,-0.5459768664,-0.7003002203,-0.2919458628,1.200816368e-18,-0.1244601008,,,0.04099780084,-0.07238740793,,,0.2420532529,-0.05891438676,,,0.05861886228,0.8594896632,0.006510636966,0.7485021285,1.592661709e-17,0.9931158951,0.06596294213,1,0.353864654,0.7201838248,0.0714052123,retained
within_cluster_4,102900011008522,102900011009246,-0.2917686345,0.2877030162,0,,,1,-0.02840935452,,,0.6830324967,0.1404372696,,,0.02171109717,-0.0268126679,,,0.7208763635,0.03531496436,,,0.3066296342,0,,,1,-0.1259354634,,,0.06922485222,0.253719661,,,2.923799064e-05,0.4133316912,0.135692883,0.6403323385,1.079002696e-08,0.0830922226,,,0.01632262681,1,1,1,0.124604734,0.07507645264,7.404998635e-05,0.9237605196,6.197348819e-08,0.4415466732,0.02116168209,retained
within_cluster_4,102900011008522,102900011009970,0.5937587427,0.3975044563,0,,,1,0.04522765164,,,0.4567340025,0.14056802,,,0.02015467749,0.05410148146,,,0.3758857625,0.07308447101,,,0.01571050911,0,,,1,0.2578831865,,,1.599079506e-05,0.3144497847,0.07361986643,0.5080404004,1.310019132e-07,0.5353015138,0.2949312185,0.7089003919,6.678982134e-21,0.3017603376,0.1380489976,0.4273769529,3.241485838e-24,1,1,0.9062753435,5.626080777e-05,0.07103466751,4.088233081e-07,0.6117488285,1.213047566e-19,0.04045004645,1.378657268e-23,retained
within_cluster_4,102900011008522,102900051000463,0.5033128607,0.3170320405,0,,,1,0.1012459648,,,0.1380251622,0.181330386,,,0.002635865232,0.01697680703,,,0.7812555655,0.09292481645,,,0.002768050546,0,,,1,0.006469301764,,,0.9246895647,0.3193138159,0.02650768907,0.5146962664,8.158589932e-08,0.2043074938,,,0.0008599172043,0.238455491,,,1.019041464e-14,1,1,0.4688287117,1,0.01509631906,2.578012116e-07,0.9692376738,0.002394465585,0.009239056127,2.873269358e-14,retained
within_cluster_4,102900011009246,102900011009970,-0.1346458544,0.6379746835,-0.08980845728,,,0.2253705,0.1689251581,,,0.01448225013,0.3226581572,0.1223532082,0.4735613686,6.950205431e-08,0.1755292714,,,0.0184284792,0.1488597374,,,1.476946001e-05,0.6420910638,0.4795637084,0.7737601436,9.012774452e-23,0.5271748606,0.380867998,0.6483588891,2.400095573e-16,0.7916571738,0.6824951386,0.8765770382,3.269203812e-58,0.7271828244,0.480659556,0.8212877922,2.09832991e-30,0.6746662847,0.6080921237,0.7503246139,5.793807485e-112,0.5276967805,1.465302685e-21,0.1241990508,2.573719508e-15,1.946057521e-06,5.492262405e-56,0.06361611997,9.614166133e-29,9.762370941e-05,2.994952792e-110,retained
within_cluster_4,102900011009246,102900051000463,-0.1315258989,0.3705263158,0.04234674812,,,0.5681617977,0.2126133384,,,0.003311725904,0.141093859,,,0.02109808628,0.04299575677,,,0.5665803901,0.1103643617,,,0.001549725993,0.2140145042,,,0.003532729917,0.4864168272,0.2729375541,0.6001902212,1.283988671e-12,0.595019176,0.4402012182,0.6912532482,9.024562946e-27,0.01456935789,,,0.8473744011,0.3049091429,0.1681589886,0.4265433554,5.380476147e-19,0.8522426966,0.007843594178,0.04823319995,8.987920698e-12,0.07333403784,1.027882424e-25,0.8072269021,0.9800956928,0.005639436106,1.844734679e-18,retained
within_cluster_1,102900011009277,102900011012994,0.3034098891,0.2764227642,0,,,1,0,,,1,0.008694761688,,,0.9072620175,0.1868738573,,,0.002900788523,0.09051776856,,,0.01032663061,0,,,1,0,,,1,-0.0826993919,,,0.2710806438,0.1092756296,,,0.08785889836,0.2214463493,,,2.965041635e-10,1,1,1,1,1,0.3523524036,0.01447522193,0.1525611879,0.02883446995,6.769562782e-10,retained
within_cluster_1,102900011009277,102900011021842,0.75500454,0.297029703,0,,,1,0,,,1,-0.0843163404,,,0.2577736955,0.2272015861,,,0.0004227663928,0.08594018644,,,0.01588463251,0,,,1,0,,,1,-0.3001568843,-0.4718206255,0,4.460716442e-05,0.08758266005,,,0.1856476563,0.2238921153,,,2.76932729e-10,1,1,1,1,0.4728587535,0.0001103411576,0.002969676125,0.2867936207,0.04079416451,6.337075841e-10,retained
within_cluster_4,102900011009970,102900051000463,-0.1900757094,0.4750830565,-0.02813746228,,,0.6416269346,0.08919685413,,,0.1884891988,0.1304803851,,,0.03114464989,0.07061380478,,,0.2475322989,0.08199623675,,,0.008216923265,0.2360763377,,,7.485071234e-05,0.4239198507,0.2222119277,0.645359705,5.792644007e-11,0.6836094491,0.5282456397,0.7708651193,1.574475719e-38,0.1223357907,,,0.04748444411,0.3729940459,0.271949439,0.4888344873,2.794899622e-35,0.889499181,0.0002242184786,0.5547360945,3.517460939e-10,0.09841318836,4.470624014e-37,0.4544855324,0.08896713692,0.02353028026,1.771860892e-34,retained
within_cluster_1,102900011012994,102900011021842,0.6333183166,0.2792792793,0.03664387667,,,0.6214189999,0.02014427565,,,0.7860713694,0.1716972822,,,0.02047098686,0.284996006,,,8.686488333e-06,0.133222535,,,0.0001798553169,0.3224667639,-0.01936061298,0.5614573356,8.037610995e-06,-0.1010643942,,,0.1722343829,-0.1408444481,,,0.06003262235,0.05307446443,,,0.4240986047,0.05199756468,,,0.1478609092,0.8827525943,2.779386581e-05,1,0.2775575667,0.07155636568,0.09324019003,0.0001108351929,0.5628589776,0.000866866419,0.1704331578,retained
within_cluster_2,102900011013274,102900011016701,0.2467287011,0.5314685315,0.1250486394,,,0.03787621586,0.1234584361,,,0.07148802403,0.1677001458,,,0.006512816164,0.2782903651,,,3.423622375e-06,0.1697343562,,,4.782562118e-08,0.02912359632,,,0.6299879194,-0.1553687069,,,0.02300454797,-0.1882099048,,,0.002353805194,-0.1058249627,,,0.08674371936,-0.0756789113,,,0.01604140995,0.1719784937,0.7423044689,0.323486203,0.04727540133,0.03067719015,0.004656792219,5.090077542e-05,0.1508846749,5.843421351e-07,0.02081047778,weak
within_cluster_2,102900011013274,102900051004294,0.03222112099,0.488372093,0.1285810316,,,0.03273445332,0.01285730698,,,0.8432522337,0.1876249634,,,0.001848539332,0.1040678642,,,0.0878754155,0.1039478356,,,0.0007084646825,-0.3032449541,-0.4746199923,-0.1267924044,2.79941444e-07,0.1199335397,,,0.06415605502,-0.0964971295,,,0.1136616673,-0.3830405517,-0.5392267741,-0.1536268348,1.283150657e-10,-0.1824250246,,,2.705289599e-09,0.1563807059,1.188130423e-06,1,0.1169426826,0.01139649937,0.1648503031,0.2168382346,9.224799286e-10,0.002828247129,5.833009446e-09,retained
within_cluster_2,102900011013274,102900051010455,-0.4831340967,0.5681362725,0.2046205476,,,0.0006256519817,0.05639734654,,,0.385393326,0.001635450386,,,0.9785410057,0.008226394574,,,0.8929687891,0.06825663529,,,0.02640908412,0.2041165248,,,0.0006457423074,-0.02371027649,,,0.715349159,-0.1449009016,,,0.01719527368,-0.1922420756,,,0.001735856884,-0.07761076482,,,0.01196166789,0.008353075464,0.001625239066,0.8212064917,0.9639999362,1,0.02955300233,1,0.00451000781,0.06270765401,0.01576125651,retained
within_cluster_2,102900011016701,102900051004294,0.003674316855,0.5193260654,0.242759208,,,4.584669673e-05,0.126139685,,,0.06550139759,0.1831166493,,,0.002929642844,0.3127706498,0.2009491828,0.4555696555,1.539671441e-07,0.2186549398,,,1.580286601e-12,-0.1416354137,,,0.01856135443,-0.3881365691,-0.606235526,-0.1814388231,4.18492563e-09,-0.6320143877,-0.7362087267,-0.4375331215,2.739257621e-30,-0.2699891189,,,8.980505769e-06,-0.3774698694,-0.4802072974,-0.2635153069,1.281440867e-35,0.001141073341,0.03471214334,0.3085299475,2.103942661e-08,0.01645169909,3.916555577e-29,3.410964423e-06,3.620939926e-05,4.141894968e-11,8.175268314e-35,weak
within_cluster_2,102900011016701,102900051010455,-0.2645323501,0.6755952381,0.2311618344,,,0.0001063887032,0.248291941,,,0.0002439403095,0.1514681628,,,0.01412064005,0.105356872,,,0.08399352724,0.1857241516,,,2.201166513e-09,-0.02372083819,,,0.6948019422,0.08085215545,,,0.2388895207,-0.123047274,,,0.04790575144,-0.4375998388,-0.5925153016,-0.2976714633,9.956413895e-14,-0.103942726,,,0.0009279475437,0.002042663102,0.797126736,0.00793199458,0.3716484149,0.05485011628,0.07610559094,0.2108966894,9.249829683e-13,3.387444039e-08,0.001359551052,weak
within_cluster_0,102900011022764,102900051000944,0.8147828678,0.3234714004,0.1056365962,,,0.07978979723,0.139194671,,,0.04192841243,0,,,1,0,,,1,0.07286803851,,,0.03047367637,0.1558693041,,,0.009497301897,0.2255544443,,,0.000889974491,0,,,1,0,,,1,0.3728067462,0.2430933701,0.4994811822,3.865715956e-30,0.2735650191,0.01901346636,0.236196785,0.002360774439,1,1,1,1,0.06957523393,2.078208898e-29,retained
within_cluster_2,102900051004294,102900051010455,0.401964983,0.7733619764,0.1272392419,,,0.03461288488,0.05668250214,,,0.3481615914,0.2971904189,,,5.694064065e-07,0.1761033515,,,0.003696430212,0.1666819348,,,2.886381856e-08,0.1658616852,,,0.005742158782,0.05754102907,,,0.3408970982,0.06851587432,,,0.2618937801,0.3628550842,0.1379472296,0.6228659805,1.324210956e-09,0.1739415074,,,8.072902651e-09,0.1619015683,0.01209207711,0.780673795,0.5121077123,1.261454193e-05,0.3423980938,0.01770072045,8.214182423e-09,3.591941865e-07,1.691785005e-08,weak
