date,sku_code,sku_name,category_name,sales_qty_kg,log_sales,trend,seasonal_7,seasonal_365,residual
2020-09-12,102900011016701,芜湖青椒(1),辣椒类,13.668,2.68566825,2.102393487,-3.02847375e-07,0.5864628332,-0.003187767376
2020-09-13,102900011016701,芜湖青椒(1),辣椒类,0,0,2.103594331,-1.446487477e-07,-2.100444828,-0.003149358094
2020-09-14,102900011016701,芜湖青椒(1),辣椒类,0,0,2.104795141,-1.669912172e-08,-2.101684107,-0.003111017464
2020-09-15,102900011016701,芜湖青椒(1),辣椒类,0,0,2.105995917,7.657874806e-08,-2.102923248,-0.003072746007
2020-09-16,102900011016701,芜湖青椒(1),辣椒类,0,0,2.107196659,1.271524963e-07,-2.104162242,-0.003034544236
2020-09-17,102900011016701,芜湖青椒(1),辣椒类,0,0,2.108397368,1.250178768e-07,-2.10540108,-0.002996412651
2020-09-18,102900011016701,芜湖青椒(1),辣椒类,0,0,2.109598042,7.080709064e-08,-2.106639761,-0.002958351741
2020-09-19,102900011016701,芜湖青椒(1),辣椒类,0,0,2.110798681,-2.282714645e-07,-2.107878091,-0.002920361984
2020-09-20,102900011016701,芜湖青椒(1),辣椒类,0,0,2.111999286,-1.093009924e-07,-2.109116733,-0.002882443848
2020-09-21,102900011016701,芜湖青椒(1),辣椒类,0,0,2.113199856,-1.469097056e-08,-2.110355244,-0.002844597791
2020-09-22,102900011016701,芜湖青椒(1),辣椒类,0,0,2.114400392,5.352865803e-08,-2.111593621,-0.002806824258
2020-09-23,102900011016701,芜湖青椒(1),辣椒类,0,0,2.115600893,9.117862112e-08,-2.11283186,-0.002769123686
2020-09-24,102900011016701,芜湖青椒(1),辣椒类,0,0,2.116801358,9.160999872e-08,-2.114069953,-0.0027314965
2020-09-25,102900011016701,芜湖青椒(1),辣椒类,0,0,2.118001789,5.431611184e-08,-2.1153079,-0.002693943115
2020-09-26,102900011016701,芜湖青椒(1),辣椒类,0,0,2.119202184,-1.576285033e-07,-2.116545563,-0.002656463938
2020-09-27,102900011016701,芜湖青椒(1),辣椒类,0,0,2.120402545,-7.507037744e-08,-2.11778341,-0.002619059362
2020-09-28,102900011016701,芜湖青椒(1),辣椒类,0,0,2.121602869,-1.243147001e-08,-2.119021127,-0.002581729774
2020-09-29,102900011016701,芜湖青椒(1),辣椒类,0,0,2.122803159,3.089692813e-08,-2.120258714,-0.002544475547
2020-09-30,102900011016701,芜湖青椒(1),辣椒类,0,0,2.124003412,5.533496906e-08,-2.121496171,-0.002507297049
2020-10-01,102900011016701,芜湖青椒(1),辣椒类,0,0,2.12520363,5.84143138e-08,-2.122733494,-0.002470194635
2020-10-02,102900011016701,芜湖青椒(1),辣椒类,0,0,2.126403813,3.890272839e-08,-2.123970683,-0.00243316865
2020-10-03,102900011016701,芜湖青椒(1),辣椒类,0,0,2.127603959,-8.773396278e-08,-2.125207652,-0.002396219433
2020-10-04,102900011016701,芜湖青椒(1),辣椒类,0,0,2.12880407,-4.025404903e-08,-2.126444683,-0.002359347309
2020-10-05,102900011016701,芜湖青椒(1),辣椒类,0,0,2.130004145,-9.383195315e-09,-2.127681583,-0.002322552598
2020-10-06,102900011016701,芜湖青椒(1),辣椒类,0,0,2.131204184,8.363693625e-09,-2.128918357,-0.002285835608
2020-10-07,102900011016701,芜湖青椒(1),辣椒类,0,0,2.132404187,1.883845688e-08,-2.130155009,-0.002249196638
2020-10-08,102900011016701,芜湖青椒(1),辣椒类,0,0,2.133604153,2.4719097e-08,-2.131391542,-0.002212635979
2020-10-09,102900011016701,芜湖青椒(1),辣椒类,0,0,2.134804084,2.458483771e-08,-2.132627955,-0.002176153913
2020-10-10,102900011016701,芜湖青椒(1),辣椒类,0,0,2.136003978,-1.873827524e-08,-2.133864209,-0.002139750712
2020-10-11,102900011016701,芜湖青椒(1),辣椒类,0,0,2.137203837,-3.93525149e-09,-2.135100406,-0.002103426641
2020-10-12,102900011016701,芜湖青椒(1),辣椒类,0,0,2.138403659,-3.521171774e-09,-2.136336473,-0.002067181954
2020-10-13,102900011016701,芜湖青椒(1),辣椒类,0,0,2.139603444,-1.098766499e-08,-2.137572417,-0.002031016898
2020-10-14,102900011016701,芜湖青椒(1),辣椒类,0,0,2.140803194,-1.432829881e-08,-2.138808248,-0.001994931712
2020-10-15,102900011016701,芜湖青椒(1),辣椒类,0,0,2.142002907,-4.847944297e-09,-2.140043975,-0.001958926624
2020-10-16,102900011016701,芜湖青椒(1),辣椒类,0,0,2.143202583,1.631185351e-08,-2.141279598,-0.001923001856
2020-10-17,102900011016701,芜湖青椒(1),辣椒类,0,0,2.144402224,2.419578733e-08,-2.14251509,-0.001887157621
2020-10-18,102900011016701,芜湖青椒(1),辣椒类,0,0,2.145601828,2.09417631e-08,-2.143750454,-0.001851394123
2020-10-19,102900011016701,芜湖青椒(1),辣椒类,0,0,2.146801395,-2.23018942e-10,-2.144985683,-0.001815711559
2020-10-20,102900011016701,芜湖青椒(1),辣椒类,0,0,2.148000926,-2.944886322e-08,-2.146220786,-0.001780110118
2020-10-21,102900011016701,芜湖青椒(1),辣椒类,0,0,2.14920042,-4.725913968e-08,-2.147455783,-0.00174458998
2020-10-22,102900011016701,芜湖青椒(1),辣椒类,0,0,2.150399879,-3.707287256e-08,-2.14869069,-0.001709151317
2020-10-23,102900011016701,芜湖青椒(1),辣椒类,0,0,2.1515993,2.276571855e-09,-2.149925508,-0.001673794296
2020-10-24,102900011016701,芜湖青椒(1),辣椒类,0,0,2.152798685,5.160539265e-08,-2.151160218,-0.001638519071
2020-10-25,102900011016701,芜湖青椒(1),辣椒类,0,0,2.153998034,7.749284432e-08,-2.152394786,-0.001603325794
2020-10-26,102900011016701,芜湖青椒(1),辣椒类,0,0,2.155197346,5.288991706e-08,-2.153629185,-0.001568214606
2020-10-27,102900011016701,芜湖青椒(1),辣椒类,0,0,2.156396622,-1.969245572e-08,-2.154863417,-0.001533185642
2020-10-28,102900011016701,芜湖青椒(1),辣椒类,0,0,2.157595861,-1.025586717e-07,-2.15609752,-0.001498239028
2020-10-29,102900011016701,芜湖青椒(1),辣椒类,0,0,2.158795064,-1.380547328e-07,-2.157331551,-0.001463374885
2020-10-30,102900011016701,芜湖青椒(1),辣椒类,0,0,2.159994231,-7.864016792e-08,-2.158565559,-0.001428593324
2020-10-31,102900011016701,芜湖青椒(1),辣椒类,0,0,2.161193361,7.174384384e-08,-2.159799538,-0.001393894451
2020-11-01,102900011016701,芜湖青椒(1),辣椒类,0,0,2.162392455,2.332030229e-07,-2.16103341,-0.001359278365
2020-11-02,102900011016701,芜湖青椒(1),辣椒类,0,0,2.163591512,2.859973761e-07,-2.162267053,-0.001324745157
2020-11-03,102900011016701,芜湖青椒(1),辣椒类,0,0,2.164790533,1.486441534e-07,-2.163500387,-0.00129029491
2020-11-04,102900011016701,芜湖青椒(1),辣椒类,0,0,2.165989518,-1.487574362e-07,-2.164733442,-0.001255927703
2020-11-05,102900011016701,芜湖青椒(1),辣椒类,0,0,2.167188467,-4.347032772e-07,-2.165966388,-0.001221643606
2020-11-06,102900011016701,芜湖青椒(1),辣椒类,0,0,2.168387379,-4.580737921e-07,-2.167199478,-0.001187442683
2020-11-07,102900011016701,芜湖青椒(1),辣椒类,0,0,2.169586255,-7.535631984e-08,-2.168432855,-0.001153324991
2020-11-08,102900011016701,芜湖青椒(1),辣椒类,0,0,2.170785095,5.649407897e-07,-2.169666369,-0.001119290582
2020-11-09,102900011016701,芜湖青椒(1),辣椒类,0,0,2.171983898,1.055514982e-06,-2.170899614,-0.001085339499
2020-11-10,102900011016701,芜湖青椒(1),辣椒类,0,0,2.173182666,9.611872731e-07,-2.172132155,-0.00105147178
2020-11-11,102900011016701,芜湖青椒(1),辣椒类,0,0,2.174381398,1.406984205e-07,-2.173363851,-0.001017687457
2020-11-12,102900011016701,芜湖青椒(1),辣椒类,0,0,2.175580093,-1.008597371e-06,-2.174595098,-0.0009839865559
2020-11-13,102900011016701,芜湖青椒(1),辣椒类,0,0,2.176778752,-1.612031858e-06,-2.175826771,-0.0009503690948
2020-11-14,102900011016701,芜湖青椒(1),辣椒类,0,0,2.177977376,-9.671530886e-07,-2.177059574,-0.0009168350872
2020-11-15,102900011016701,芜湖青椒(1),辣椒类,0,0,2.179175964,7.836010711e-07,-2.178293363,-0.0008833845398
2020-11-16,102900011016701,芜湖青椒(1),辣椒类,0,0,2.180374515,2.640201858e-06,-2.179527138,-0.0008500174538
2020-11-17,102900011016701,芜湖青椒(1),辣椒类,0,0,2.181573031,3.326300753e-06,-2.180759624,-0.000816733824
2020-11-18,102900011016701,芜湖青椒(1),辣椒类,0,0,2.182771511,1.991433646e-06,-2.181989969,-0.0007835336397
2020-11-19,102900011016701,芜湖青椒(1),辣椒类,0,0,2.183969956,-1.078519278e-06,-2.18321846,-0.0007504168841
2020-11-20,102900011016701,芜湖青椒(1),辣椒类,0,0,2.185168365,-3.80246177e-06,-2.184447179,-0.0007173835349
2020-11-21,102900011016701,芜湖青椒(1),辣椒类,0,0,2.186366738,-4.025770729e-06,-2.185678278,-0.0006844335639
2020-11-22,102900011016701,芜湖青椒(1),辣椒类,0,0,2.187565075,-1.19003194e-06,-2.186912318,-0.0006515669376
2020-11-23,102900011016701,芜湖青椒(1),辣椒类,0,0,2.188763377,3.453561927e-06,-2.188148047,-0.0006187836172
2020-11-24,102900011016701,芜湖青椒(1),辣椒类,0,0,2.189961644,7.760416645e-06,-2.189383321,-0.0005860835586
2020-11-25,102900011016701,芜湖青椒(1),辣椒类,0,0,2.191159875,8.427066985e-06,-2.190614836,-0.0005534667122
2020-11-26,102900011016701,芜湖青椒(1),辣椒类,0,0,2.192358071,2.441228673e-06,-2.191839579,-0.000520933023
2020-11-27,102900011016701,芜湖青椒(1),辣椒类,0,0,2.193556231,-6.871384716e-06,-2.193060878,-0.0004884824305
2020-11-28,102900011016701,芜湖青椒(1),辣椒类,0,0,2.194754357,-1.402740631e-05,-2.194284214,-0.0004561148688
2020-11-29,102900011016701,芜湖青椒(1),辣椒类,0,0,2.195952447,-1.398985736e-05,-2.195514627,-0.000423830267
2020-11-30,102900011016701,芜湖青椒(1),辣椒类,0,0,2.197150502,-3.845021876e-06,-2.196755028,-0.0003916285485
2020-12-01,102900011016701,芜湖青椒(1),辣椒类,0,0,2.198348522,1.54407283e-05,-2.198004453,-0.0003595096318
2020-12-02,102900011016701,芜湖青椒(1),辣椒类,0,0,2.199546506,3.103354218e-05,-2.199250066,-0.0003274734298
2020-12-03,102900011016701,芜湖青椒(1),辣椒类,0,0,2.200744456,2.34774129e-05,-2.200472414,-0.0002955198506
2020-12-04,102900011016701,芜湖青椒(1),辣椒类,0,0,2.201942371,-5.20045304e-06,-2.201673522,-0.0002636487966
2020-12-05,102900011016701,芜湖青椒(1),辣椒类,0,0,2.203140251,-4.470155311e-05,-2.202863689,-0.0002318601654
2020-12-06,102900011016701,芜湖青椒(1),辣椒类,0,0,2.204338096,-6.80485449e-05,-2.204069894,-0.0002001538492
2020-12-07,102900011016701,芜湖青椒(1),辣椒类,0,0,2.205535907,-4.754102754e-05,-2.205319836,-0.0001685297351
2020-12-08,102900011016701,芜湖青椒(1),辣椒类,0,0,2.206733682,2.199961334e-05,-2.206618694,-0.0001369877048
2020-12-09,102900011016701,芜湖青椒(1),辣椒类,0,0,2.207931424,9.258518098e-05,-2.207918481,-0.0001055276351
2020-12-10,102900011016701,芜湖青椒(1),辣椒类,0,0,2.20912913,9.705752627e-05,-2.209152038,-7.414939721e-05
2020-12-11,102900011016701,芜湖青椒(1),辣椒类,0,0,2.210326802,2.874694269e-05,-2.210312696,-4.285285726e-05
2020-12-12,102900011016701,芜湖青椒(1),辣椒类,0,0,2.21152444,-0.0001030835406,-2.211409718,-1.163787598e-05
2020-12-13,102900011016701,芜湖青椒(1),辣椒类,0,0,2.212722043,-0.0002028747109,-2.212538664,1.94956912e-05
2020-12-14,102900011016701,芜湖青椒(1),辣椒类,0,0,2.213919611,-0.0002105460363,-2.213759613,5.05479943e-05
2020-12-15,102900011016701,芜湖青椒(1),辣椒类,0,0,2.215117146,-2.0402516e-05,-2.215178262,8.151918883e-05
2020-12-16,102900011016701,芜湖青椒(1),辣椒类,0,0,2.216314646,0.0001569606001,-2.216584016,0.0001124094358
2020-12-17,102900011016701,芜湖青椒(1),辣椒类,0,0,2.217512112,0.0002214294928,-2.21787676,0.0001432189019
2020-12-18,102900011016701,芜湖青椒(1),辣椒类,0,0,2.218709543,0.0001116950776,-2.218995186,0.0001739477595
2020-12-19,102900011016701,芜湖青椒(1),辣椒类,0,0,2.219906941,-9.734665216e-05,-2.22001419,0.0002045961868
2020-12-20,102900011016701,芜湖青椒(1),辣椒类,0,0,2.221104304,-0.0002907279058,-2.22104874,0.000235164368
2020-12-21,102900011016701,芜湖青椒(1),辣椒类,0,0,2.222301633,-0.0006323732583,-2.221934913,0.0002656524931
2020-12-22,102900011016701,芜湖青椒(1),辣椒类,0,0,2.223498929,-0.0002132410079,-2.223581748,0.0002960607588
2020-12-23,102900011016701,芜湖青椒(1),辣椒类,0,0,2.22469619,-2.582111019e-05,-2.224996758,0.0003263893675
2020-12-24,102900011016701,芜湖青椒(1),辣椒类,0,0,2.225893417,0.0003536833053,-2.226603739,0.0003566385286
2020-12-25,102900011016701,芜湖青椒(1),辣椒类,0,0,2.227090611,0.0003706613815,-2.227848081,0.000386808458
2020-12-26,102900011016701,芜湖青椒(1),辣椒类,0,0,2.228287771,0.00044577451,-2.229150444,0.0004168993785
2020-12-27,102900011016701,芜湖青椒(1),辣椒类,0,0,2.229484896,5.726896266e-05,-2.229989077,0.0004469115198
2020-12-28,102900011016701,芜湖青椒(1),辣椒类,0,0,2.230681988,-0.001839401323,-2.229319432,0.0004768451191
2020-12-29,102900011016701,芜湖青椒(1),辣椒类,0,0,2.231879047,-0.000733726589,-2.23165202,0.0005067004211
2020-12-30,102900011016701,芜湖青椒(1),辣椒类,0,0,2.233076071,-0.0007594639704,-2.232853085,0.0005364776782
2020-12-31,102900011016701,芜湖青椒(1),辣椒类,0,0,2.234273062,0.0007643948245,-2.235603634,0.0005661771509
2021-01-01,102900011016701,芜湖青椒(1),辣椒类,0,0,2.235470019,0.002122076925,-2.238187895,0.0005957991078
2021-01-02,102900011016701,芜湖青椒(1),辣椒类,0,0,2.236666942,0.003462677745,-2.240754964,0.0006253438263
2021-01-03,102900011016701,芜湖青椒(1),辣椒类,0,0,2.237863832,0.001797550708,-2.240316194,0.0006548115927
2021-01-04,102900011016701,芜湖青椒(1),辣椒类,0,0,2.239060688,-0.005108804635,-2.234636086,0.0006842027026
2021-01-05,102900011016701,芜湖青椒(1),辣椒类,0,0,2.24025751,-0.001141026355,-2.239830001,0.0007135174609
2021-01-06,102900011016701,芜湖青椒(1),辣椒类,0,0,2.241454299,-0.009933468638,-2.232263586,0.0007427561827
2021-01-07,102900011016701,芜湖青椒(1),辣椒类,0,0,2.242651054,0.002931064422,-2.246354037,0.0007719191933
2021-01-08,102900011016701,芜湖青椒(1),辣椒类,0,0,2.243847775,0.008917643215,-2.253566425,0.0008010068286
2021-01-09,102900011016701,芜湖青椒(1),辣椒类,0,0,2.245044463,0.01336304187,-2.259237524,0.0008300194356
2021-01-10,102900011016701,芜湖青椒(1),辣椒类,0,0,2.246241117,0.007144449138,-2.254244523,0.0008589573728
2021-01-11,102900011016701,芜湖青椒(1),辣椒类,0,0,2.247437737,-0.01119292238,-2.237132636,0.0008878210103
2021-01-12,102900011016701,芜湖青椒(1),辣椒类,0,0,2.248634324,-0.001052771157,-2.248498163,0.0009166107307
2021-01-13,102900011016701,芜湖青椒(1),辣椒类,0,0,2.249830877,-0.04556031363,-2.20521589,0.0009453269289
2021-01-14,102900011016701,芜湖青椒(1),辣椒类,0,0,2.251027396,0.008447588709,-2.260448955,0.0009739700132
2021-01-15,102900011016701,芜湖青椒(1),辣椒类,0,0,2.252223881,0.02317743378,-2.276403856,0.001002540405
2021-01-16,102900011016701,芜湖青椒(1),辣椒类,0,0,2.253420333,0.03258093324,-2.287032305,0.001031038539
2021-01-17,102900011016701,芜湖青椒(1),辣椒类,0,0,2.254616751,0.01674646192,-2.272422677,0.001059464864
2021-01-18,102900011016701,芜湖青椒(1),辣椒类,0,0,2.255813134,-0.02217308583,-2.234727869,0.001087819844
2021-01-19,102900011016701,芜湖青椒(1),辣椒类,0,0,2.257009484,-0.006094772404,-2.252030816,0.001116103957
2021-01-20,102900011016701,芜湖青椒(1),辣椒类,0,0,2.2582058,-0.0874213468,-2.171928771,0.001144317694
2021-01-21,102900011016701,芜湖青椒(1),辣椒类,0,0,2.259402082,0.01453399576,-2.275108539,0.001172461563
2021-01-22,102900011016701,芜湖青椒(1),辣椒类,0,0,2.26059833,0.04282656951,-2.304625435,0.001200536084
2021-01-23,102900011016701,芜湖青椒(1),辣椒类,0,0,2.261794543,0.0595987402,-2.322621825,0.001228541795
2021-01-24,102900011016701,芜湖青椒(1),辣椒类,0,0,2.262990722,0.03212380035,-2.296371002,0.001256479243
2021-01-25,102900011016701,芜湖青椒(1),辣椒类,0,0,2.264186867,-0.03866189091,-2.226809325,0.001284348993
2021-01-26,102900011016701,芜湖青椒(1),辣椒类,0,0,2.265382978,-0.01938978815,-2.247305341,0.00131215162
2021-01-27,102900011016701,芜湖青椒(1),辣椒类,0,0,2.266579053,-0.1312215004,-2.136697441,0.001339887711
2021-01-28,102900011016701,芜湖青椒(1),辣椒类,0,0,2.267775095,0.01865201289,-2.287794665,0.001367557863
2021-01-29,102900011016701,芜湖青椒(1),辣椒类,0,0,2.268971101,0.06727316492,-2.337639429,0.001395162683
2021-01-30,102900011016701,芜湖青椒(1),辣椒类,0,0,2.270167072,0.09334377958,-2.364933555,0.001422702781
2021-01-31,102900011016701,芜湖青椒(1),辣椒类,0,0,2.271363009,0.05551457864,-2.328327766,0.001450178772
2021-02-01,102900011016701,芜湖青椒(1),辣椒类,0,0,2.27255891,-0.05975299039,-2.214283511,0.00147759127
2021-02-02,102900011016701,芜湖青椒(1),辣椒类,0,0,2.273754776,-0.03961064788,-2.235649069,0.001504940888
2021-02-03,102900011016701,芜湖青椒(1),辣椒类,0,0,2.274950607,-0.1793682389,-2.097114596,0.001532228224
2021-02-04,102900011016701,芜湖青椒(1),辣椒类,0,0,2.276146401,0.01721407718,-2.294919933,0.001559453866
2021-02-05,102900011016701,芜湖青椒(1),辣椒类,0,0,2.277342161,0.09785530723,-2.376784086,0.001586618377
2021-02-06,102900011016701,芜湖青椒(1),辣椒类,0,0,2.278537884,0.13264529,-2.412796896,0.001613722288
2021-02-07,102900011016701,芜湖青椒(1),辣椒类,0,0,2.279733571,0.08761026066,-2.368984597,0.001640766093
2021-02-08,102900011016701,芜湖青椒(1),辣椒类,147.665,5.001695453,2.280929221,-0.08177856966,2.800877051,0.001667750231
2021-02-09,102900011016701,芜湖青椒(1),辣椒类,219.734,5.396958357,2.282124835,-0.06407225114,3.177211098,0.001694675074
2021-02-10,102900011016701,芜湖青椒(1),辣椒类,249.974,5.525349348,2.283320412,-0.2400543462,3.480361741,0.001721540916
2021-02-11,102900011016701,芜湖青椒(1),辣椒类,0,0,2.284515952,0.008204052533,-2.294468353,0.001748347945
2021-02-12,102900011016701,芜湖青椒(1),辣椒类,0,0,2.285711455,0.1347822951,-2.422268847,0.001775096233
2021-02-13,102900011016701,芜湖青椒(1),辣椒类,50.97,3.950666629,2.286906921,0.1739337464,1.488024176,0.0018017857
2021-02-14,102900011016701,芜湖青椒(1),辣椒类,50.27,3.937105786,2.288102348,0.1268322462,1.520342775,0.001828416095
2021-02-15,102900011016701,芜湖青椒(1),辣椒类,85.206,4.456739781,2.289297738,-0.09485693812,2.260443994,0.001854986958
2021-02-16,102900011016701,芜湖青椒(1),辣椒类,80.675,4.402747957,2.290493089,-0.09182659707,2.202199968,0.001881497583
2021-02-17,102900011016701,芜湖青椒(1),辣椒类,79.221,4.384785326,2.291688401,-0.2946062512,2.385795229,0.001907946978
2021-02-18,102900011016701,芜湖青椒(1),辣椒类,62.014,4.143356924,2.292883675,-0.009967126013,1.858506041,0.001934333817
2021-02-19,102900011016701,芜湖青椒(1),辣椒类,78.806,4.37959869,2.294078909,0.1508434788,1.932715646,0.001960656383
2021-02-20,102900011016701,芜湖青椒(1),辣椒类,84.219,4.445224414,2.295274103,0.2111439824,1.936819415,0.001986912513
2021-02-21,102900011016701,芜湖青椒(1),辣椒类,54.828,4.022275536,2.296469258,0.1713405331,1.552452645,0.002013099525
2021-02-22,102900011016701,芜湖青椒(1),辣椒类,44.965,3.827880237,2.297664372,-0.09652875405,1.624705406,0.002039214149
2021-02-23,102900011016701,芜湖青椒(1),辣椒类,61.144,4.129454273,2.298859445,-0.1221453421,1.950674917,0.002065252443
2021-02-24,102900011016701,芜湖青椒(1),辣椒类,33.346,3.536485564,2.300054477,-0.3004032452,1.536431507,0.0004028245558
2021-02-25,102900011016701,芜湖青椒(1),辣椒类,59.275,4.098917424,2.301249467,-0.03869998908,1.834250866,0.002117080387
2021-02-26,102900011016701,芜湖青椒(1),辣椒类,67.95,4.233381604,2.302444415,0.127414923,1.801379408,0.002142857983
2021-02-27,102900011016701,芜湖青椒(1),辣椒类,78.375,4.374183457,2.303639321,0.240856978,1.827518623,0.00216853494
2021-02-28,102900011016701,芜湖青椒(1),辣椒类,34.436,3.567728253,2.304834184,0.2224395448,1.038260421,0.002194102549
2021-03-01,102900011016701,芜湖青椒(1),辣椒类,37.047,3.638822238,2.306029003,-0.08794310018,1.418516784,0.002219550858
2021-03-02,102900011016701,芜湖青椒(1),辣椒类,31.58,3.483698603,2.307223778,-0.1469775036,1.32120746,0.002244868574
2021-03-03,102900011016701,芜湖青椒(1),辣椒类,22.575,3.160186829,2.308418509,-0.3070199435,1.15651822,0.002270042999
2021-03-04,102900011016701,芜湖青椒(1),辣椒类,72.44,4.296468746,2.309613194,-0.07705801494,2.061618507,0.002295059982
2021-03-05,102900011016701,芜湖青椒(1),辣椒类,63.547,4.167393641,2.310807834,0.1082832919,1.745982611,0.002319903911
2021-03-06,102900011016701,芜湖青椒(1),辣椒类,97.965,4.594766252,2.312002427,0.261606531,2.018812736,0.002344557757
2021-03-07,102900011016701,芜湖青椒(1),辣椒类,84.667,4.450467687,2.313196974,0.276116795,1.858784915,0.002369003189
2021-03-08,102900011016701,芜湖青椒(1),辣椒类,47.093,3.873136636,2.314391473,-0.07187783788,1.628229781,0.002393220783
2021-03-09,102900011016701,芜湖青椒(1),辣椒类,34.903,3.580820857,2.315585923,-0.16227527,1.425093014,0.002417190344
2021-03-10,102900011016701,芜湖青椒(1),辣椒类,30.263,3.44243529,2.316780325,-0.3161956442,1.439409718,0.002440891383
2021-03-11,102900011016701,芜湖青椒(1),辣椒类,27.87,3.362802994,2.317974677,-0.1240850342,1.166449047,0.002464303773
2021-03-12,102900011016701,芜湖青椒(1),辣椒类,72.119,4.292088251,2.319168978,0.08823434058,1.882197523,0.002487408637
2021-03-13,102900011016701,芜湖青椒(1),辣椒类,66.488,4.211949804,2.320363229,0.2741350753,1.614941311,0.00251018949
2021-03-14,102900011016701,芜湖青椒(1),辣椒类,89.007,4.499887445,2.321557427,0.3287506429,1.847046741,0.002532633718
2021-03-15,102900011016701,芜湖青椒(1),辣椒类,66.587,4.213415657,2.322751572,-0.04917420904,1.937293083,0.002545210964
2021-03-16,102900011016701,芜湖青椒(1),辣椒类,56.788,4.056781142,2.323945664,-0.1687010581,1.898979095,0.002557440457
2021-03-17,102900011016701,芜湖青椒(1),辣椒类,50.584,3.943211547,2.325139701,-0.3304066201,1.945909145,0.002569321429
2021-03-18,102900011016701,芜湖青椒(1),辣椒类,50.86,3.94854778,2.326333682,-0.1741728309,1.793806076,0.002580853107
2021-03-19,102900011016701,芜湖青椒(1),辣椒类,41.273,3.744148584,2.327527607,0.07346389272,1.34056505,0.002592034706
2021-03-20,102900011016701,芜湖青椒(1),辣椒类,81.981,4.418611666,2.328721474,0.277628957,1.809658369,0.002602865433
2021-03-21,102900011016701,芜湖青椒(1),辣椒类,83.79,4.440177611,2.329915283,0.3772734366,1.730375548,0.00261334448
2021-03-22,102900011016701,芜湖青椒(1),辣椒类,51.26,3.95623126,2.331109032,-0.02233857894,1.644837336,0.002623471029
2021-03-23,102900011016701,芜湖青椒(1),辣椒类,44.415,3.815842447,2.332302719,-0.1707019043,1.651608388,0.002633244249
2021-03-24,102900011016701,芜湖青椒(1),辣椒类,28.033,3.368433114,2.333496345,-0.3143972726,1.346691378,0.002642663291
2021-03-25,102900011016701,芜湖青椒(1),辣椒类,30.723,3.45704197,2.334689908,-0.2206814504,1.340381785,0.002651727292
2021-03-26,102900011016701,芜湖青椒(1),辣椒类,42.361,3.76956042,2.335883406,0.02332547648,1.407691102,0.002660435373
2021-03-27,102900011016701,芜湖青椒(1),辣椒类,48.114,3.894144127,2.337076839,0.2755947689,1.278803732,0.002668786633
2021-03-28,102900011016701,芜湖青椒(1),辣椒类,53.165,3.992034943,2.338270204,0.425569614,1.225518345,0.002676780154
2021-03-29,102900011016701,芜湖青椒(1),辣椒类,44.902,3.826508689,2.339463501,0.006517482811,1.477843291,0.002684414993
2021-03-30,102900011016701,芜湖青椒(1),辣椒类,38.765,3.682987128,2.340656727,-0.1665172342,1.510632332,-0.00178469695
2021-03-31,102900011016701,芜湖青椒(1),辣椒类,43.48,3.79503965,2.341849883,-0.2767949524,1.727286115,0.002698604748
2021-04-01,102900011016701,芜湖青椒(1),辣椒类,36.656,3.628492304,2.343042965,-0.2586284536,1.541372635,0.002705157657
2021-04-02,102900011016701,芜湖青椒(1),辣椒类,51.559,3.961936348,2.344235973,-0.06502632056,1.680015348,0.002711347871
2021-04-03,102900011016701,芜湖青椒(1),辣椒类,62.915,4.157554076,2.345428904,0.2708923053,1.538515692,0.002717174314
2021-04-04,102900011016701,芜湖青椒(1),辣椒类,66.277,4.208818425,2.346621757,0.4746629432,1.384811089,0.00272263588
2021-04-05,102900011016701,芜湖青椒(1),辣椒类,85.561,4.460849368,2.347814531,0.03417891388,2.076128191,0.002727731428
2021-04-06,102900011016701,芜湖青椒(1),辣椒类,26.808,3.325323749,2.349007223,-0.1582473444,1.131831411,0.002732459782
2021-04-07,102900011016701,芜湖青椒(1),辣椒类,39.233,3.694687554,2.350199832,-0.2493809277,1.591131831,0.002736819727
2021-04-08,102900011016701,芜湖青椒(1),辣椒类,28.051,3.369052906,2.351392355,-0.2914221365,1.306341878,0.002740810012
2021-04-09,102900011016701,芜湖青椒(1),辣椒类,26.78,3.324316337,2.35258479,-0.1254912136,1.094478332,0.002744429338
2021-04-10,102900011016701,芜湖青椒(1),辣椒类,58.05,4.078384543,2.353777136,0.2597063333,1.462153397,0.00274767637
2021-04-11,102900011016701,芜湖青椒(1),辣椒类,66.878,4.217711976,2.35496939,0.5187982153,1.341193821,0.002750549726
2021-04-12,102900011016701,芜湖青椒(1),辣椒类,15.82,2.822568655,2.35616155,0.05716783803,0.4064862186,0.002753047973
2021-04-13,102900011016701,芜湖青椒(1),辣椒类,32.195,3.502399262,2.357353614,-0.1497495512,1.29204003,0.002755169634
2021-04-14,102900011016701,芜湖青椒(1),辣椒类,28.417,3.381572739,2.358545578,-0.2332467521,1.253516999,0.002756913174
2021-04-15,102900011016701,芜湖青椒(1),辣椒类,26.874,3.327694355,2.359737441,-0.3190993299,1.284297966,0.002758277008
2021-04-16,102900011016701,芜湖青椒(1),辣椒类,29.198,3.407775697,2.360929201,-0.165478202,1.209565439,0.002759259493
2021-04-17,102900011016701,芜湖青椒(1),辣椒类,48.989,3.911802981,2.362120853,0.2446984514,1.302223818,0.002759858928
2021-04-18,102900011016701,芜湖青椒(1),辣椒类,79.583,4.389287709,2.363312396,0.5602750142,1.462940225,0.00276007355
2021-04-19,102900011016701,芜湖青椒(1),辣椒类,42.657,3.776363636,2.364503827,0.07929416496,1.329805742,0.002759901532
2021-04-20,102900011016701,芜湖青椒(1),辣椒类,42.696,3.777256565,2.365695142,-0.1396088277,1.548410909,0.002759340982
2021-04-21,102900011016701,芜湖青椒(1),辣椒类,34.1,3.55820113,2.366886339,-0.2227163119,1.415269959,-0.001238855652
2021-04-22,102900011016701,芜湖青椒(1),辣椒类,25.972,3.294799291,2.368077414,-0.3349601537,1.258924984,0.002757046358
2021-04-23,102900011016701,芜湖青椒(1),辣椒类,26.595,3.317634597,2.369268364,-0.2057470373,1.151357962,0.002755308135
2021-04-24,102900011016701,芜湖青椒(1),辣椒类,54.921,4.02393998,2.370459186,0.2334974519,1.41723017,0.002753173071
2021-04-25,102900011016701,芜湖青椒(1),辣椒类,35.924,3.608861746,2.371649875,0.5723851319,0.6620761002,0.00275063889
2021-04-26,102900011016701,芜湖青椒(1),辣椒类,40.089,3.715740446,2.372840429,0.105543477,1.234608837,0.002747703225
2021-04-27,102900011016701,芜湖青椒(1),辣椒类,33.231,3.533131666,2.374030843,-0.1250995562,1.281456016,0.002744363621
2021-04-28,102900011016701,芜湖青椒(1),辣椒类,30.578,3.452460676,2.375221113,-0.2167331873,1.291232132,0.002740617526
2021-04-29,102900011016701,芜湖青椒(1),辣椒类,36.559,3.62591303,2.376411236,-0.336831379,1.583596711,0.002736462289
2021-04-30,102900011016701,芜湖青椒(1),辣椒类,28.011,3.367675068,2.377601207,-0.2400980726,1.227440039,0.002731895154
2021-05-01,102900011016701,芜湖青椒(1),辣椒类,51.77,3.965942847,2.378791021,0.228267663,1.35615725,0.002726913255
2021-05-02,102900011016701,芜湖青椒(1),辣椒类,48.895,3.909920797,2.379980675,0.5564317821,0.9707868268,0.002721513612
2021-05-03,102900011016701,芜湖青椒(1),辣椒类,53.554,3.999191037,2.381170163,0.1318827599,1.483422421,0.002715693126
2021-05-04,102900011016701,芜湖青椒(1),辣椒类,22.129,3.141087241,2.38235948,-0.1081983095,0.8642166224,0.002709448571
2021-05-05,102900011016701,芜湖青椒(1),辣椒类,37.902,3.661045663,2.383548621,-0.2197749908,1.494569256,0.002702776592
2021-05-06,102900011016701,芜湖青椒(1),辣椒类,52.619,3.981903483,2.384737582,-0.328841571,1.923311798,0.002695673695
2021-05-07,102900011016701,芜湖青椒(1),辣椒类,53.632,4.000619792,2.385926356,-0.2737551115,1.885760411,0.002688136244
2021-05-08,102900011016701,芜湖青椒(1),辣椒类,42.365,3.769652664,2.387114938,0.2270911351,1.15276643,0.00268016045
2021-05-09,102900011016701,芜湖青椒(1),辣椒类,66.127,4.206586348,2.388303322,0.5476364906,1.267974792,0.00267174237
2021-05-10,102900011016701,芜湖青椒(1),辣椒类,41.488,3.749221683,2.389491502,0.1489642206,1.208103082,0.002662877895
2021-05-11,102900011016701,芜湖青椒(1),辣椒类,23.618,3.203477883,2.390679472,-0.09646580295,0.9066106508,0.002653562748
2021-05-12,102900011016701,芜湖青椒(1),辣椒类,20.502,3.068145954,2.391867225,-0.2299462039,0.9035811404,0.002643792467
2021-05-13,102900011016701,芜湖青椒(1),辣椒类,19.599,3.025242531,2.393054754,-0.3174484943,0.9470027085,0.00263356241
2021-05-14,102900011016701,芜湖青椒(1),辣椒类,26.736,3.322731208,2.394242053,-0.2807630511,1.206629339,0.002622867733
2021-05-15,102900011016701,芜湖青椒(1),辣椒类,34.525,3.570236674,2.395429114,0.2297439178,0.9424519389,0.002611703394
2021-05-16,102900011016701,芜湖青椒(1),辣椒类,100.877,4.623766203,2.396615929,0.5340444418,1.689113406,0.003992425643
2021-05-17,102900011016701,芜湖青椒(1),辣椒类,61.15,4.129550818,2.397802492,0.1549088278,1.574251554,0.002587944481
2021-05-18,102900011016701,芜湖青椒(1),辣椒类,55.477,4.033833476,2.398988793,-0.09316726898,1.725436613,0.002575338718
2021-05-19,102900011016701,芜湖青椒(1),辣椒类,50.797,3.947332233,2.400174825,-0.2404894195,1.788655774,-0.001008946953
2021-05-20,102900011016701,芜湖青椒(1),辣椒类,40.383,3.722870168,2.401360579,-0.2970188383,1.615979783,0.002548644823
2021-05-21,102900011016701,芜湖青椒(1),辣椒类,4.119,1.632959107,2.402546045,-0.283096426,-0.4890250557,0.002534544028
2021-05-22,102900011016701,芜湖青椒(1),辣椒类,67.247,4.223133477,2.403731215,0.2397100772,1.577172253,0.002519931781
2021-05-23,102900011016701,芜湖青椒(1),辣椒类,103.061,4.644977266,2.40491608,0.5175603406,1.719996044,0.002504801069
2021-05-24,102900011016701,芜湖青椒(1),辣椒类,32.455,3.510201252,2.406100629,0.148539715,0.953071764,0.002489144594
2021-05-25,102900011016701,芜湖青椒(1),辣椒类,31.145,3.470256918,2.407284852,-0.09709225538,1.157591367,0.002472954754
2021-05-26,102900011016701,芜湖青椒(1),辣椒类,37.237,3.643803633,2.408468738,-0.2453523502,1.478231022,0.002456223641
2021-05-27,102900011016701,芜湖青椒(1),辣椒类,4.303,1.668272698,2.409652277,-0.2546181185,-0.4892004035,0.002438943029
2021-05-28,102900011016701,芜湖青椒(1),辣椒类,46.071,3.8516571,2.410835458,-0.2916862907,-0.4437328309,2.176240764
2021-05-29,102900011016701,芜湖青椒(1),辣椒类,78.189,4.3718374,2.412018268,0.2609610214,1.696455412,0.002402698749
2021-05-30,102900011016701,芜湖青椒(1),辣椒类,70.004,4.262736213,2.413200696,0.4766326881,1.370519112,0.002383716963
2021-05-31,102900011016701,芜湖青椒(1),辣椒类,35.271,3.591018524,2.41438273,0.1296204615,1.044651183,0.002364149427
2021-06-01,102900011016701,芜湖青椒(1),辣椒类,52.295,3.975842518,2.415564356,-0.1057525428,-1.009339474,2.675370179
2021-06-02,102900011016701,芜湖青椒(1),辣椒类,72.251,4.2938919,2.416745562,-0.2408197059,2.115642827,0.002323216974
2021-06-03,102900011016701,芜湖青椒(1),辣椒类,57.1,4.062165664,2.417926334,-0.1996456683,1.841583167,0.002301831086
2021-06-04,102900011016701,芜湖青椒(1),辣椒类,31.67,3.486457226,2.419106658,-0.3038240346,1.368894784,0.002279817492
2021-06-05,102900011016701,芜湖青椒(1),辣椒类,50.281,3.937320313,2.420286521,0.2915990203,1.223177607,0.00225716477
2021-06-06,102900011016701,芜湖青椒(1),辣椒类,46.398,3.858580034,2.421465907,0.4321067456,1.00277352,0.002233861119
2021-06-07,102900011016701,芜湖青椒(1),辣椒类,37.447,3.64928067,2.422644801,0.1002422832,1.12418369,0.002209894357
2021-06-08,102900011016701,芜湖青椒(1),辣椒类,30.431,3.447794667,2.423823189,-0.121908158,1.143694384,0.002185251929
2021-06-09,102900011016701,芜湖青椒(1),辣椒类,24.07,3.221671912,2.425001055,-0.2287099684,1.023220905,0.002159920907
2021-06-10,102900011016701,芜湖青椒(1),辣椒类,29.559,3.419659241,2.426178381,-0.1407385994,1.132085571,0.002133888004
2021-06-11,102900011016701,芜湖青椒(1),辣椒类,39.864,3.71024948,2.427355154,-0.3201560256,1.600943212,0.002107139585
2021-06-12,102900011016701,芜湖青椒(1),辣椒类,30.849,3.461005984,2.428531355,0.328185239,0.7022097292,0.002079661683
2021-06-13,102900011016701,芜湖青椒(1),辣椒类,44.308,3.813483617,2.429706967,0.3934625708,-1.012244862,2.002558941
2021-06-14,102900011016701,芜湖青椒(1),辣椒类,38.334,3.672089285,2.430881975,0.0619091132,1.177275736,0.002022460037
2021-06-15,102900011016701,芜湖青椒(1),辣椒类,24.872,3.253161303,2.432056361,-0.1414926062,0.9606048413,0.001992706933
2021-06-16,102900011016701,芜湖青椒(1),辣椒类,26.134,3.300787554,2.433230107,-0.2113752001,1.076970482,0.001962165693
2021-06-17,102900011016701,芜湖青椒(1),辣椒类,26.314,3.307399391,2.434403196,-0.07972046412,0.9507858382,0.00193082113
2021-06-18,102900011016701,芜湖青椒(1),辣椒类,22.607,3.161543278,2.435575611,-0.3390004441,1.063069453,0.001898657933
2021-06-19,102900011016701,芜湖青椒(1),辣椒类,49.81,3.928093186,2.436747335,0.3634268379,1.126053352,0.001865660726
2021-06-20,102900011016701,芜湖青椒(1),辣椒类,47.558,3.88275896,2.43791835,0.3562436847,1.086765111,0.001831814132
2021-06-21,102900011016701,芜湖青椒(1),辣椒类,31.343,3.476397614,2.439088639,0.02159774711,1.013914125,0.001797102842
2021-06-22,102900011016701,芜湖青椒(1),辣椒类,25.917,3.292758057,2.440258187,-0.1611023275,-0.8847234253,1.898325623
2021-06-23,102900011016701,芜湖青椒(1),辣椒类,27.017,3.332811469,2.441426976,-0.1880326372,1.078883432,0.0005336979021
2021-06-24,102900011016701,芜湖青椒(1),辣椒类,16.324,2.852092823,2.442594992,-0.01866694313,0.4264771441,0.001687630567
2021-06-25,102900011016701,芜湖青椒(1),辣椒类,18.716,2.981430489,2.443762219,-0.3551882028,0.8912071607,0.001649311905
2021-06-26,102900011016701,芜湖青椒(1),辣椒类,43.285,3.790646019,2.444928644,0.3877689857,0.95728144,0.0006669498429
2021-06-27,102900011016701,芜湖青椒(1),辣椒类,46.928,3.869699885,2.446094253,0.3204924615,1.094852871,0.008260300098
2021-06-28,102900011016701,芜湖青椒(1),辣椒类,24.703,3.246607717,2.447259034,-0.01753412867,-1.029727263,1.846610074
2021-06-29,102900011016701,芜湖青椒(1),辣椒类,17.987,2.943754534,2.448422976,-0.17789339,0.671738406,0.00148654252
2021-06-30,102900011016701,芜湖青椒(1),辣椒类,16.176,2.843513061,2.44958607,-0.1576866228,0.5501701953,0.001443418498
2021-07-01,102900011016701,芜湖青椒(1),辣椒类,28.081,3.37008504,2.450748306,0.03342872188,0.8845087095,0.001399302075
2021-07-02,102900011016701,芜湖青椒(1),辣椒类,12.265,2.585128988,2.45190968,-0.362824416,0.4946895385,0.001354185368
2021-07-03,102900011016701,芜湖青椒(1),辣椒类,35.583,3.599583652,2.453070184,0.3989377279,0.7462676782,0.001308061725
2021-07-04,102900011016701,芜湖青椒(1),辣椒类,25.103,3.26205025,2.454229815,0.289750613,0.5168088963,0.001260925749
2021-07-05,102900011016701,芜湖青椒(1),辣椒类,17.064,2.893921007,2.455388571,-0.05381210176,0.4911317645,0.001212773265
2021-07-06,102900011016701,芜湖青椒(1),辣椒类,15.028,2.774337193,2.456546452,-0.1887551684,0.5053823084,0.001163601227
2021-07-07,102900011016701,芜湖青椒(1),辣椒类,14.549,2.743996328,2.457703456,-0.127542064,0.4127215284,0.001113407545
2021-07-08,102900011016701,芜湖青椒(1),辣椒类,19.599,3.025242531,2.458859585,0.06692031646,0.4984004383,0.001062190806
2021-07-09,102900011016701,芜湖青椒(1),辣椒类,11.39,2.516889696,2.460014841,-0.3593314237,0.4151963281,0.001009949872
2021-07-10,102900011016701,芜湖青椒(1),辣椒类,29.496,3.417595527,2.461169225,0.3972493071,0.5582203118,0.0009566833173
2021-07-11,102900011016701,芜湖青椒(1),辣椒类,18.538,2.972361287,2.462322737,0.2652109045,0.2439252572,0.000902388675
2021-07-12,102900011016701,芜湖青椒(1),辣椒类,28.381,3.380348207,2.463475374,-0.08157290177,0.997598673,0.0008470614544
2021-07-13,102900011016701,芜湖青椒(1),辣椒类,2.276,1.186623166,2.464627132,-0.1904150404,-1.088379619,0.0007906938797
2021-07-14,102900011016701,芜湖青椒(1),辣椒类,19.414,3.01622094,2.465780859,-0.1033891897,0.6530892462,0.0007400248584
2021-07-15,102900011016701,芜湖青椒(1),辣椒类,21.641,3.119762422,2.466933886,0.08497177828,0.5671680317,0.0006887260301
2021-07-16,102900011016701,芜湖青椒(1),辣椒类,40.907,3.735452877,2.468086206,-0.3461168452,1.612846721,0.0006367949522
2021-07-17,102900011016701,芜湖青椒(1),辣椒类,37.842,3.659502135,2.469237811,0.3809804903,0.8086996047,0.0005842290904
2021-07-18,102900011016701,芜湖青椒(1),辣椒类,43.381,3.79281145,2.47038869,0.2463297031,1.075562031,0.000531025773
2021-07-19,102900011016701,芜湖青椒(1),辣椒类,22.758,3.167919316,2.471538829,-0.0968734506,0.7927767553,0.0004771822428
2021-07-20,102900011016701,芜湖青椒(1),辣椒类,24.951,3.256210145,2.472688214,-0.1780206905,0.9611199256,0.0004226956176
2021-07-21,102900011016701,芜湖青椒(1),辣椒类,35.874,3.607506696,2.473836815,-0.08978673096,1.223089049,0.0003675627411
2021-07-22,102900011016701,芜湖青椒(1),辣椒类,41.893,3.758708642,2.474984599,0.0902622871,1.193149976,0.0003117803847
2021-07-23,102900011016701,芜湖青椒(1),辣椒类,23.846,3.212696774,2.476131533,-0.3253694721,1.061679367,0.0002553453086
2021-07-24,102900011016701,芜湖青椒(1),辣椒类,53.437,3.99704407,2.477277584,0.3494077948,1.170160437,0.0001982542635
2021-07-25,102900011016701,芜湖青椒(1),辣椒类,41.309,3.744999829,2.478422716,0.2327795182,1.033657091,0.0001405039916
2021-07-26,102900011016701,芜湖青椒(1),辣椒类,31.341,3.476335775,2.479566897,-0.09389743814,1.090584225,8.20912286e-05
2021-07-27,102900011016701,芜湖青椒(1),辣椒类,31.935,3.494535922,2.480710092,-0.1569936176,1.170796435,2.301270516e-05
2021-07-28,102900011016701,芜湖青椒(1),辣椒类,40.612,3.728388587,2.481852265,-0.0868742742,1.333447332,-3.673485071e-05
2021-07-29,102900011016701,芜湖青椒(1),辣椒类,15.506,2.803723951,2.482993381,0.08291763584,0.237910089,-9.715471145e-05
2021-07-30,102900011016701,芜湖青椒(1),辣椒类,32.3,3.505557397,2.484133406,-0.3017358765,1.323318118,-0.0001582501475
2021-07-31,102900011016701,芜湖青椒(1),辣椒类,32.234,3.503573448,2.485272303,0.3064190172,0.7121021527,-0.0002200244243
2021-08-01,102900011016701,芜湖青椒(1),辣椒类,50.329,3.938255895,2.486410036,0.2277387485,1.224389591,-0.0002824807994
2021-08-02,102900011016701,芜湖青椒(1),辣椒类,50.687,3.945206299,2.48754657,-0.07722362174,1.535228974,-0.000345622519
2021-08-03,102900011016701,芜湖青椒(1),辣椒类,28.374,3.380109929,2.488681867,-0.1291990056,1.02103652,-0.0004094528144
2021-08-04,102900011016701,芜湖青椒(1),辣椒类,59.703,4.10599312,2.489815891,-0.09334942644,1.71000063,-0.0004739748977
2021-08-05,102900011016701,芜湖青椒(1),辣椒类,38.821,3.684394411,2.490948606,0.06252809605,1.131456902,-0.0005391919578
2021-08-06,102900011016701,芜湖青椒(1),辣椒类,23.612,3.203234129,2.492079972,-0.2804138099,0.9921730738,-0.0006051071557
2021-08-07,102900011016701,芜湖青椒(1),辣椒类,42.926,3.7825064,2.493209954,0.2608667688,1.029101401,-0.0006717236192
2021-08-08,102900011016701,芜湖青椒(1),辣椒类,33.754,3.548294673,2.494338513,0.2344422165,0.8202529884,-0.0007390444379
2021-08-09,102900011016701,芜湖青椒(1),辣椒类,36.92,3.635478677,2.495465611,-0.05226457128,1.19308471,-0.0008070726569
2021-08-10,102900011016701,芜湖青椒(1),辣椒类,42.506,3.77289886,2.496591211,-0.09767885003,1.37486231,-0.0008758112709
2021-08-11,102900011016701,芜湖青椒(1),辣椒类,35.612,3.600376056,2.497715273,-0.1054561833,1.209062229,-0.0009452632175
2021-08-12,102900011016701,芜湖青椒(1),辣椒类,58.938,4.093310695,2.49883776,0.02928882248,1.566199544,-0.00101543137
2021-08-13,102900011016701,芜湖青椒(1),辣椒类,53.085,3.990556883,2.499958632,-0.2654435007,1.757128071,-0.001086318528
2021-08-14,102900011016701,芜湖青椒(1),辣椒类,70.933,4.27573513,2.50107785,0.2172882529,1.558526954,-0.001157927415
2021-08-15,102900011016701,芜湖青椒(1),辣椒类,49.406,3.920110216,2.502195376,0.2534724261,1.165672674,-0.00123026066
2021-08-16,102900011016701,芜湖青椒(1),辣椒类,27.723,3.357698196,2.503311171,-0.02093237087,0.8766227164,-0.001303320799
2021-08-17,102900011016701,芜湖青椒(1),辣椒类,37.682,3.655374376,2.504425194,-0.06739323643,1.219719528,-0.001377110256
2021-08-18,102900011016701,芜湖青椒(1),辣椒类,32.368,3.507597357,2.505537407,-0.1189738677,1.122485449,-0.00145163134
2021-08-19,102900011016701,芜湖青椒(1),辣椒类,33.514,3.541365039,2.506647769,-0.01196741309,1.048211569,-0.001526886226
2021-08-20,102900011016701,芜湖青椒(1),辣椒类,31.483,3.480716876,2.507756242,-0.2588225513,1.233386062,-0.001602876952
2021-08-21,102900011016701,芜湖青椒(1),辣椒类,32.592,3.514287943,2.508862785,0.1766135579,0.8304912064,-0.0016796054
2021-08-22,102900011016701,芜湖青椒(1),辣椒类,60.347,4.11654627,2.509967358,0.2818247468,1.326511239,-0.001757073283
2021-08-23,102900011016701,芜湖青椒(1),辣椒类,2.014,1.1032681,2.511069921,0.01454720939,-1.420513748,-0.001835282135
2021-08-24,102900011016701,芜湖青椒(1),辣椒类,35.236,3.5900531,2.512170433,-0.03939423012,1.11919113,-0.001914233327
2021-08-25,102900011016701,芜湖青椒(1),辣椒类,36.323,3.619609759,2.513268842,-0.1318770133,1.240211858,-0.00199392813
2021-08-26,102900011016701,芜湖青椒(1),辣椒类,36.27,3.618188713,2.514365096,-0.05627924227,1.162177228,-0.002074367571
2021-08-27,102900011016701,芜湖青椒(1),辣椒类,44.934,3.827205584,2.515459137,-0.2616989831,1.575600982,-0.002155552434
2021-08-28,102900011016701,芜湖青椒(1),辣椒类,41.349,3.745944808,2.516550892,0.1425716731,1.089059727,-0.002237483486
2021-08-29,102900011016701,芜湖青椒(1),辣椒类,57.434,4.067897912,2.51764026,0.3160591213,1.236518692,-0.00232016143
2021-08-30,102900011016701,芜湖青椒(1),辣椒类,41.602,3.751901201,2.51872714,0.04983812003,1.185739527,-0.002403586507
2021-08-31,102900011016701,芜湖青椒(1),辣椒类,39.277,3.695780586,2.519811426,-0.0160554344,1.194512353,-0.002487758366
2021-09-01,102900011016701,芜湖青椒(1),辣椒类,26.445,3.312184002,2.520893009,-0.1404805042,0.9343441734,-0.002572676429
2021-09-02,102900011016701,芜湖青椒(1),辣椒类,24.285,3.230211335,2.521971754,-0.1006447298,0.8115426516,-0.002658341361
2021-09-03,102900011016701,芜湖青椒(1),辣椒类,21.919,3.131966261,2.523047494,-0.2749386497,0.8866021723,-0.002744755274
2021-09-04,102900011016701,芜湖青椒(1),辣椒类,59.793,4.107474651,2.524120029,0.1177297633,1.46845678,-0.002831921514
2021-09-05,102900011016701,芜湖青椒(1),辣椒类,34.059,3.557032357,2.52518913,0.356921336,0.6778417352,-0.002919844437
2021-09-06,102900011016701,芜湖青椒(1),辣椒类,28.018,3.367916327,2.526254534,0.07830514756,0.7663651745,-0.003008529165
2021-09-07,102900011016701,芜湖青椒(1),辣椒类,28.579,3.38706465,2.527315949,-0.009719903098,0.872566586,-0.003097981323
2021-09-08,102900011016701,芜湖青椒(1),辣椒类,20.324,3.059833199,2.528373048,-0.1470443742,0.6816927321,-0.003188206774
2021-09-09,102900011016701,芜湖青椒(1),辣椒类,26.335,3.308167932,2.529425477,-0.146780011,0.9288016781,-0.003279211319
2021-09-10,102900011016701,芜湖青椒(1),辣椒类,17.725,2.929859529,2.530472848,-0.3012591406,0.7040168221,-0.003371000399
2021-09-11,102900011016701,芜湖青椒(1),辣椒类,34.222,3.561670887,2.531514748,0.1490500735,0.8845696451,-0.003463578767
2021-09-12,102900011016701,芜湖青椒(1),辣椒类,32.012,3.496871132,2.53255073,0.4040201099,0.7011121395,-0.1408118476
2021-09-13,102900011016701,芜湖青椒(1),辣椒类,30.819,3.460063596,2.533580324,0.07497907813,-0.9305866813,1.782090875
2021-09-14,102900011016701,芜湖青椒(1),辣椒类,20.169,3.052537847,2.534603031,-0.01190127749,-1.215165677,1.745001771
2021-09-15,102900011016701,芜湖青椒(1),辣椒类,15.272,2.789445839,2.53561833,-0.1472874473,-1.637889795,2.039004752
2021-09-16,102900011016701,芜湖青椒(1),辣椒类,12.133,2.575128147,2.536625677,-0.1876761292,-1.5147656,1.740944199
2021-09-17,102900011016701,芜湖青椒(1),辣椒类,13.005,2.639414409,2.537624507,-0.2851714095,-1.168666813,1.555628125
2021-09-18,102900011016701,芜湖青椒(1),辣椒类,20.74,3.079153882,2.53861424,0.1815013942,-1.236959072,1.595997319
2021-09-19,102900011016701,芜湖青椒(1),辣椒类,43.134,3.78723046,2.539594282,0.3686390786,-2.464952403,3.343949503
2021-09-20,102900011016701,芜湖青椒(1),辣椒类,48.36,3.89914038,2.540564028,0.08251633401,-2.42771752,3.703777538
2021-09-21,102900011016701,芜湖青椒(1),辣椒类,56.051,4.043945605,2.541522868,-0.01314144718,-1.227638947,2.74320313
2021-09-22,102900011016701,芜湖青椒(1),辣椒类,29.899,3.430723821,2.542470191,-0.1420525471,-1.162202339,2.192508516
2021-09-23,102900011016701,芜湖青椒(1),辣椒类,27.009,3.332525887,2.543405388,-0.222414033,-1.182908054,2.194442586
2021-09-24,102900011016701,芜湖青椒(1),辣椒类,17.804,2.934069613,2.544327857,-0.2647041028,-1.201463217,1.855909076
2021-09-25,102900011016701,芜湖青椒(1),辣椒类,52.619,3.981903483,2.545237014,0.2017244919,-1.48335131,2.718293287
2021-09-26,102900011016701,芜湖青椒(1),辣椒类,24.486,3.238129282,2.546132293,0.3736908177,-1.281758806,1.600064978
2021-09-27,102900011016701,芜湖青椒(1),辣椒类,19.135,3.002459594,2.547013156,0.07413100288,-1.254578676,1.635894112
2021-09-28,102900011016701,芜湖青椒(1),辣椒类,20.721,3.078279535,2.547879099,-0.02186718802,-1.119555663,1.671823286
2021-09-29,102900011016701,芜湖青椒(1),辣椒类,30.537,3.45116146,2.548729661,-0.1399191,-1.293982473,2.336333372
2021-09-30,102900011016701,芜湖青椒(1),辣椒类,21.736,3.123949571,2.549564427,-0.2523783313,-1.09996703,1.926730506
2021-10-01,102900011016701,芜湖青椒(1),辣椒类,46.809,3.867213906,2.55038304,-0.2549905859,-1.002415464,2.574236916
2021-10-02,102900011016701,芜湖青椒(1),辣椒类,45.825,3.846417248,2.551185204,0.2216822209,-1.022543575,2.096093398
2021-10-03,102900011016701,芜湖青椒(1),辣椒类,19.903,3.039892689,2.551970695,0.3801450154,-0.8599214146,0.967698394
2021-10-04,102900011016701,芜湖青椒(1),辣椒类,43.795,3.802096526,2.552739363,0.07220266654,-0.623511985,1.800666482
2021-10-05,102900011016701,芜湖青椒(1),辣椒类,43.292,3.790804074,2.553491143,-0.0285084228,-0.818196284,2.084017638
2021-10-06,102900011016701,芜湖青椒(1),辣椒类,54.424,4.015012713,2.554226058,-0.1463160525,-0.7703511043,2.377453812
2021-10-07,102900011016701,芜湖青椒(1),辣椒类,45.664,3.842972989,2.554944226,-0.277000457,-0.5238121113,2.088841332
2021-10-08,102900011016701,芜湖青椒(1),辣椒类,49.103,3.914080887,2.555645859,-0.2536903366,-1.038205343,2.650330707
2021-10-09,102900011016701,芜湖青椒(1),辣椒类,46.116,3.852612646,2.556331274,0.2382699987,-1.023850679,2.081862052
2021-10-10,102900011016701,芜湖青椒(1),辣椒类,80.322,4.398416583,2.557000888,0.4105034873,-0.8274519805,2.258364188
2021-10-11,102900011016701,芜湖青椒(1),辣椒类,41.774,3.755930441,2.557655222,0.09335767122,-0.9495922088,2.054509757
2021-10-12,102900011016701,芜湖青椒(1),辣椒类,39.552,3.702585101,2.558294898,-0.0412730125,-0.9444112845,2.1299745
2021-10-13,102900011016701,芜湖青椒(1),辣椒类,30.462,3.448780468,2.558920641,-0.1486005,-0.9452110346,1.983671362
2021-10-14,102900011016701,芜湖青椒(1),辣椒类,22.217,3.144884769,2.559533273,-0.2846292531,-1.065351448,1.935332197
2021-10-15,102900011016701,芜湖青椒(1),辣椒类,28.463,3.383135239,2.560133707,-0.2306148072,-0.8381627084,1.891779047
2021-10-16,102900011016701,芜湖青椒(1),辣椒类,56.756,4.05622724,2.560722945,0.2644437234,-0.811319841,2.042380412
2021-10-17,102900011016701,芜湖青椒(1),辣椒类,50.592,3.943366622,2.561302066,0.403210382,-0.8391167003,1.817970874
2021-10-18,102900011016701,芜湖青椒(1),辣椒类,26.567,3.316619405,2.561872221,0.001093254111,-0.5846316031,1.338285533
2021-10-19,102900011016701,芜湖青椒(1),辣椒类,31.366,3.477108489,2.562434622,-0.044654459,-0.7872273316,1.746555657
2021-10-20,102900011016701,芜湖青椒(1),辣椒类,29.213,3.408272295,2.562990533,-0.1256597123,-0.9384918983,1.909433372
2021-10-21,102900011016701,芜湖青椒(1),辣椒类,13.594,2.680610485,2.563541258,-0.2625709279,0.01632638383,0.3633137714
2021-10-22,102900011016701,芜湖青椒(1),辣椒类,18.106,2.950002422,2.564088128,-0.1958797762,-1.155551313,1.737345382
2021-10-23,102900011016701,芜湖青椒(1),辣椒类,35.077,3.585655543,2.564632495,0.2763552529,-0.9015708977,1.646238693
2021-10-24,102900011016701,芜湖青椒(1),辣椒类,25.83,3.289520664,2.565175712,0.3802244233,-1.259004661,1.60312519
2021-10-25,102900011016701,芜湖青椒(1),辣椒类,18.786,2.984974617,2.56571913,-0.08667399121,-1.018905537,1.524835016
2021-10-26,102900011016701,芜湖青椒(1),辣椒类,20.516,3.068796844,2.56626408,-0.04883572482,-0.9182441334,1.469612622
2021-10-27,102900011016701,芜湖青椒(1),辣椒类,23.173,3.185236308,2.566811868,-0.105522249,-0.8523693583,1.576316047
2021-10-28,102900011016701,芜湖青椒(1),辣椒类,15.323,2.792575156,2.567363761,-0.2344132829,-0.9082062453,1.367830924
2021-10-29,102900011016701,芜湖青椒(1),辣椒类,15.218,2.786121737,2.567920979,-0.1791008403,-0.7499135343,1.147215132
2021-10-30,102900011016701,芜湖青椒(1),辣椒类,14.9,2.766319109,2.568484688,0.2569876135,-0.7413065493,0.6821533565
2021-10-31,102900011016701,芜湖青椒(1),辣椒类,22.327,3.149611488,2.569055994,0.3477794516,-0.9674314784,1.20020752
2021-11-01,102900011016701,芜湖青椒(1),辣椒类,16.132,2.84094806,2.569635933,-0.02079308148,-0.8088062421,1.10091145
2021-11-02,102900011016701,芜湖青椒(1),辣椒类,18.231,2.95652356,2.570225471,-0.07341870926,-2.520366122,2.980082921
2021-11-03,102900011016701,芜湖青椒(1),辣椒类,19.697,3.029988762,2.570825496,-0.1032564611,-0.8726315808,1.435051308
2021-11-04,102900011016701,芜湖青椒(1),辣椒类,15.044,2.775334948,2.571436819,-0.2041745676,-2.58621516,2.994287856
2021-11-05,102900011016701,芜湖青椒(1),辣椒类,26.707,3.321685089,2.572060172,-0.1745766438,-1.028648322,1.952849882
2021-11-06,102900011016701,芜湖青椒(1),辣椒类,27.121,3.336516628,2.572696205,0.2365480458,-0.973676511,1.500948888
2021-11-07,102900011016701,芜湖青椒(1),辣椒类,37.328,3.6461807,2.57334549,0.3231015005,-0.9185391958,1.668272905
2021-11-08,102900011016701,芜湖青椒(1),辣椒类,18.308,2.960519518,2.574008517,0.008899203414,-0.8639776814,1.241589479
2021-11-09,102900011016701,芜湖青椒(1),辣椒类,17.034,2.892258865,2.574685704,-0.09316146385,-0.9467294128,1.357464038
2021-11-10,102900011016701,芜湖青椒(1),辣椒类,20.674,3.076113386,2.575377392,-0.09649150883,-0.7991016283,1.396329131
2021-11-11,102900011016701,芜湖青椒(1),辣椒类,14.808,2.760516141,2.576083851,-0.1825611955,-0.7756225479,1.142616033
2021-11-12,102900011016701,芜湖青椒(1),辣椒类,17.595,2.922892727,2.576805286,-0.1704012029,-0.764320182,1.280808826
2021-11-13,102900011016701,芜湖青椒(1),辣椒类,20.74,3.079153882,2.577541837,0.2157435287,-0.7397857747,1.02565429
2021-11-14,102900011016701,芜湖青椒(1),辣椒类,29.229,3.408801729,2.578293586,0.3025165594,-0.8672893656,1.395280949
2021-11-15,102900011016701,芜湖青椒(1),辣椒类,23.385,3.193968189,2.579060559,0.0226343816,-0.8151142398,1.407387489
2021-11-16,102900011016701,芜湖青椒(1),辣椒类,15.864,2.825181172,2.579842731,-0.1103389973,-0.8028188692,1.158496308
2021-11-17,102900011016701,芜湖青椒(1),辣椒类,15.332,2.793126373,2.580640034,-0.09874473983,-0.8240566237,1.135287703
2021-11-18,102900011016701,芜湖青椒(1),辣椒类,8.934,2.295963217,2.581452355,-0.1523924776,-0.4664390103,0.3333423496
2021-11-19,102900011016701,芜湖青椒(1),辣椒类,13.934,2.703640493,2.582279546,-0.1523677338,-0.202926859,0.4766555392
2021-11-20,102900011016701,芜湖青椒(1),辣椒类,22.621,3.162136147,2.583121425,0.1869160251,-0.5669004465,0.958999143
2021-11-21,102900011016701,芜湖青椒(1),辣椒类,17.085,2.895082865,2.583977782,0.2682693447,0.01471227266,0.02812346656
2021-11-22,102900011016701,芜湖青椒(1),辣椒类,15.301,2.791226456,2.584848378,0.06956402252,-1.066062,1.202876055
2021-11-23,102900011016701,芜湖青椒(1),辣椒类,13.112,2.647025499,2.585732958,-0.1367217676,-0.976685436,1.174699745
2021-11-24,102900011016701,芜湖青椒(1),辣椒类,13.125,2.647946277,2.586631243,-0.1210090822,-0.8258541473,1.008178263
2021-11-25,102900011016701,芜湖青椒(1),辣椒类,12.127,2.574671178,2.587542943,-0.1336630734,-1.013105176,1.133896484
2021-11-26,102900011016701,芜湖青椒(1),辣椒类,8.971,2.29968088,2.588467754,-0.1427011712,-0.9712013081,0.8251156052
2021-11-27,102900011016701,芜湖青椒(1),辣椒类,26.175,3.302297433,2.589405361,0.2288325752,-2.146170754,2.630230251
2021-11-28,102900011016701,芜湖青椒(1),辣椒类,18.257,2.957874631,2.590355444,0.2359291002,-1.625443866,1.757033953
2021-11-29,102900011016701,芜湖青椒(1),辣椒类,14.365,2.732092196,2.591317676,0.1209239817,-1.757581579,1.777432117
2021-11-30,102900011016701,芜湖青椒(1),辣椒类,26.219,3.303915259,2.592291729,-0.1664453744,-2.582507277,3.460576182
2021-12-01,102900011016701,芜湖青椒(1),辣椒类,20.724,3.07841764,2.593277271,-0.1458645226,-2.584298196,3.215303088
2021-12-02,102900011016701,芜湖青椒(1),辣椒类,15.584,2.808438375,2.594273973,-0.1696492753,-2.689573911,3.073387589
2021-12-03,102900011016701,芜湖青椒(1),辣椒类,17.576,2.921870425,2.595281504,-0.1238926325,-2.832902586,3.28338414
2021-12-04,102900011016701,芜湖青椒(1),辣椒类,26.95,3.3304172,2.596299539,0.2763917634,-2.83625263,3.293978527
2021-12-05,102900011016701,芜湖青椒(1),辣椒类,24.75,3.248434627,2.597327756,0.2490422921,-0.7946440287,1.196708608
2021-12-06,102900011016701,芜湖青椒(1),辣椒类,27.765,3.35915937,2.598365836,0.07093084004,-0.5380033076,1.227866002
2021-12-07,102900011016701,芜湖青椒(1),辣椒类,19.398,3.015436857,2.599413466,-0.1979604339,-0.690215553,1.304199378
2021-12-08,102900011016701,芜湖青椒(1),辣椒类,18.784,2.98487353,2.600470341,-0.1825574724,-0.7875724743,1.354533136
2021-12-09,102900011016701,芜湖青椒(1),辣椒类,15.443,2.799899855,2.601536159,-0.08080087123,-1.077423713,1.35658828
2021-12-10,102900011016701,芜湖青椒(1),辣椒类,18.371,2.963777102,2.602610628,-0.1139704436,-0.8824740747,1.357610993
2021-12-11,102900011016701,芜湖青椒(1),辣椒类,29.256,3.409694512,2.603693461,0.3226319435,-0.8299116677,1.313280775
2021-12-12,102900011016701,芜湖青椒(1),辣椒类,32.78,3.519868911,2.604784379,0.2438911431,-1.149987195,1.821180585
2021-12-13,102900011016701,芜湖青椒(1),辣椒类,27.989,3.366916448,2.60588311,0.02086063113,-0.8557028846,1.595875591
2021-12-14,102900011016701,芜湖青椒(1),辣椒类,18.416,2.966097468,2.606989391,-0.2252524543,-1.045614184,1.629974716
2021-12-15,102900011016701,芜湖青椒(1),辣椒类,23.307,3.190764375,2.608102966,-0.2179508351,-0.9088016189,1.709413863
2021-12-16,102900011016701,芜湖青椒(1),辣椒类,24.769,3.249172219,2.609223584,-0.05638293944,-0.9882616001,1.684593175
2021-12-17,102900011016701,芜湖青椒(1),辣椒类,24.426,3.235772273,2.610351005,-0.09525638493,-0.9592646117,1.679942264
2021-12-18,102900011016701,芜湖青椒(1),辣椒类,21.33,3.105931066,2.611484995,0.3789681404,-1.026548944,1.142026875
2021-12-19,102900011016701,芜湖青椒(1),辣椒类,46.598,3.862790744,2.612625326,0.2574774591,-0.9895977093,1.982285668
2021-12-20,102900011016701,芜湖青椒(1),辣椒类,21.321,3.105527939,2.613771778,-0.03039360174,-1.11939048,1.641540244
2021-12-21,102900011016701,芜湖青椒(1),辣椒类,20.035,3.046187717,2.614924137,-0.2625915839,-0.9106804069,1.60453557
2021-12-22,102900011016701,芜湖青椒(1),辣椒类,12.258,2.584601144,2.616082198,-0.2684813124,-0.9838662661,1.220866524
2021-12-23,102900011016701,芜湖青椒(1),辣椒类,12.814,2.625682571,2.617245759,-0.03916733396,-1.019301467,1.066905612
2021-12-24,102900011016701,芜湖青椒(1),辣椒类,33.907,3.552687382,2.618414626,-0.02939856478,-1.14052461,2.10419593
2021-12-25,102900011016701,芜湖青椒(1),辣椒类,39.512,3.701598227,2.61958861,0.4280152408,-0.9227643154,1.576758691
2021-12-26,102900011016701,芜湖青椒(1),辣椒类,43.32,3.791436042,2.620767528,0.2771797513,-0.9314373184,1.824926081
2021-12-27,102900011016701,芜湖青椒(1),辣椒类,24.108,3.22318652,2.621951203,-0.08661633567,-0.8549677289,1.542819382
2021-12-28,102900011016701,芜湖青椒(1),辣椒类,22.869,3.172580546,2.623139463,-0.3157144373,-0.893919843,1.759075363
2021-12-29,102900011016701,芜湖青椒(1),辣椒类,14.901,2.766382,2.62433214,-0.3124422334,-1.067581428,1.522073522
2021-12-30,102900011016701,芜湖青椒(1),辣椒类,14.334,2.730072585,2.625529071,-0.02685457769,-0.958181636,1.089579728
2021-12-31,102900011016701,芜湖青椒(1),辣椒类,25.494,3.276918292,2.626730098,0.02910715271,-0.9463775086,1.56745855
2022-01-01,102900011016701,芜湖青椒(1),辣椒类,28.522,3.385135748,2.627935065,0.5129825803,-1.058886166,1.303104269
2022-01-02,102900011016701,芜湖青椒(1),辣椒类,19.704,3.030326918,2.629143822,0.276133398,-1.070741449,1.195791148
2022-01-03,102900011016701,芜湖青椒(1),辣椒类,45.429,3.837924264,2.63035622,-0.1420945949,-1.168596604,2.518259243
2022-01-04,102900011016701,芜湖青椒(1),辣椒类,34.406,3.566881297,2.631572115,-0.3683677402,-1.011265405,2.314942327
2022-01-05,102900011016701,芜湖青椒(1),辣椒类,40.488,3.725404229,2.632791365,-0.3425955603,-1.184876004,2.620084429
2022-01-06,102900011016701,芜湖青椒(1),辣椒类,45.039,3.829488863,2.634013829,-0.03118243168,-1.16266394,2.389321405
2022-01-07,102900011016701,芜湖青椒(1),辣椒类,25.769,3.287244502,2.635239371,0.08798968341,-1.270552763,1.83456821
2022-01-08,102900011016701,芜湖青椒(1),辣椒类,36.886,3.634581651,2.636467855,0.609271208,-1.200843889,1.589686476
2022-01-09,102900011016701,芜湖青椒(1),辣椒类,44.05,3.807772984,2.637699147,0.262919893,-1.235749961,2.142903904
2022-01-10,102900011016701,芜湖青椒(1),辣椒类,32.11,3.499835352,2.638933114,-0.1976035959,-1.017888925,2.076394758
2022-01-11,102900011016701,芜湖青椒(1),辣椒类,52.645,3.982388268,2.640169625,-0.4200076502,-1.003242546,2.765468839
2022-01-12,102900011016701,芜湖青椒(1),辣椒类,52.472,3.979158152,2.641408548,-0.3940371026,-1.02587658,2.757663288
2022-01-13,102900011016701,芜湖青椒(1),辣椒类,41.841,3.757495588,2.642649753,-0.04445049647,-1.153227988,2.312524319
2022-01-14,102900011016701,芜湖青椒(1),辣椒类,40.427,3.723932842,2.64389311,0.1372608185,-1.04301041,1.985789324
2022-01-15,102900011016701,芜湖青椒(1),辣椒类,55.912,4.041506215,2.645138488,0.7032124608,-1.266380326,1.959535592
2022-01-16,102900011016701,芜湖青椒(1),辣椒类,43.579,3.797262896,2.646385757,0.3302458372,-1.175878823,1.996510125
2022-01-17,102900011016701,芜湖青椒(1),辣椒类,17.561,2.921062605,2.647634784,-0.2598252913,-1.246427589,1.779680701
2022-01-18,102900011016701,芜湖青椒(1),辣椒类,31.738,3.488536483,2.648885439,-0.4755447918,-0.5300774194,1.845273255
2022-01-19,102900011016701,芜湖青椒(1),辣椒类,28.457,3.382931573,2.650137587,-0.4545088604,-0.395806414,1.58310926
2022-01-20,102900011016701,芜湖青椒(1),辣椒类,45.808,3.846054128,2.651391094,-0.06374305199,-0.1860948834,1.44450097
2022-01-21,102900011016701,芜湖青椒(1),辣椒类,38.685,3.680973283,2.652645822,0.1784636703,-2.965431932,3.815295722
2022-01-22,102900011016701,芜湖青椒(1),辣椒类,46.998,3.871159343,2.653901631,0.8057666355,-1.648043196,2.059534273
2022-01-23,102900011016701,芜湖青椒(1),辣椒类,64.573,4.183164026,2.655158374,0.3753913566,-1.012396785,2.165011081
2022-01-24,102900011016701,芜湖青椒(1),辣椒类,53.397,3.996309005,2.656415899,-0.3059696448,-0.5945634181,2.240426169
2022-01-25,102900011016701,芜湖青椒(1),辣椒类,42.607,3.775217688,2.657674054,-0.5312191615,-0.6307640524,2.279526847
2022-01-26,102900011016701,芜湖青椒(1),辣椒类,44.472,3.817096752,2.658932685,-0.4944882076,-0.7347370168,2.387389292
2022-01-27,102900011016701,芜湖青椒(1),辣椒类,57.236,4.06450372,2.660191632,-0.08714694548,-0.6190930712,2.110552105
2022-01-28,102900011016701,芜湖青椒(1),辣椒类,86.352,4.469945933,2.661450736,0.06413172411,-1.057219112,2.801582585
2022-01-29,102900011016701,芜湖青椒(1),辣椒类,146.512,4.993909528,2.662709833,0.9420773993,-1.100874382,2.489996679
2022-01-30,102900011016701,芜湖青椒(1),辣椒类,185.982,5.231012356,2.663968754,0.3897882211,-0.9902056777,3.167461058
2022-01-31,102900011016701,芜湖青椒(1),辣椒类,0,0,2.665227327,-0.1460049046,-1.148284356,-1.370938066
2022-02-01,102900011016701,芜湖青椒(1),辣椒类,21.147,3.097702047,2.666485375,-0.5408757185,-1.060811995,2.032904386
2022-02-02,102900011016701,芜湖青椒(1),辣椒类,44.895,3.826356179,2.667742716,-0.5415580915,-1.02666204,2.726833594
2022-02-03,102900011016701,芜湖青椒(1),辣椒类,52.949,3.988039156,2.668999163,-0.09806989269,-0.9817605669,2.398870452
2022-02-04,102900011016701,芜湖青椒(1),辣椒类,73.108,4.305523489,2.670254523,0.05066164174,-1.012702777,2.597310101
2022-02-05,102900011016701,芜湖青椒(1),辣椒类,14.64,2.749831735,2.671508596,0.7515889112,-1.136793342,0.4635275705
2022-02-06,102900011016701,芜湖青椒(1),辣椒类,33.898,3.552429521,2.672761176,0.441507825,-1.445512772,1.883673291
2022-02-07,102900011016701,芜湖青椒(1),辣椒类,20.153,3.051781739,2.674012052,0.007142975552,-1.187632544,1.558259256
2022-02-08,102900011016701,芜湖青椒(1),辣椒类,15.654,2.812650428,2.675261001,-0.5173306784,1.283692312,-0.6289722072
2022-02-09,102900011016701,芜湖青椒(1),辣椒类,17.438,2.914413752,2.676507798,-0.6266267355,1.658549048,-0.794016358
2022-02-10,102900011016701,芜湖青椒(1),辣椒类,33.137,3.53038184,2.677752206,-0.130990943,1.705747129,-0.7221265516
2022-02-11,102900011016701,芜湖青椒(1),辣椒类,21.915,3.131791718,2.678993978,0.03537679898,-1.196856055,1.614276995
2022-02-12,102900011016701,芜湖青椒(1),辣椒类,11.646,2.53734096,2.680232862,0.6336964612,-1.142198704,0.3656103406
2022-02-13,102900011016701,芜湖青椒(1),辣椒类,25.47,3.276012016,2.68146859,0.4700494666,0.6564747539,-0.5319807945
2022-02-14,102900011016701,芜湖青椒(1),辣椒类,21.898,3.131049571,2.682700889,0.1191032345,0.7177303042,-0.3884848571
2022-02-15,102900011016701,芜湖青椒(1),辣椒类,11.459,2.522443253,2.683929471,-0.5207283474,1.011776641,-0.6525345107
2022-02-16,102900011016701,芜湖青椒(1),辣椒类,22.199,3.144109174,2.685154038,-0.4476472458,0.986434219,-0.07983183677
2022-02-17,102900011016701,芜湖青椒(1),辣椒类,15.236,2.787230999,2.686374279,-0.2335048272,0.9861308518,-0.6517693045
2022-02-18,102900011016701,芜湖青椒(1),辣椒类,23.139,3.18382879,2.68758987,-0.03617328039,0.7213891217,-0.1889769218
2022-02-19,102900011016701,芜湖青椒(1),辣椒类,18.24,2.956991445,2.688800475,0.5527893237,0.807238856,-1.091837209
2022-02-20,102900011016701,芜湖青椒(1),辣椒类,34.333,3.564817371,2.69000574,0.4787213964,0.7693451888,-0.3732549537
2022-02-21,102900011016701,芜湖青椒(1),辣椒类,20.123,3.050362494,2.691205299,0.2380093441,0.6564213638,-0.535273513
2022-02-22,102900011016701,芜湖青椒(1),辣椒类,31.157,3.470630156,2.692398769,-0.5290412852,0.6766881296,0.6305845425
2022-02-23,102900011016701,芜湖青椒(1),辣椒类,0,0,2.693585751,-0.3463200951,-2.335515763,-0.01174989335
2022-02-24,102900011016701,芜湖青椒(1),辣椒类,20.208,3.054378469,2.694765827,-0.3287903329,0.6967492831,-0.008346308508
2022-02-25,102900011016701,芜湖青椒(1),辣椒类,23.868,3.213581836,2.695938563,-0.0461136678,0.7786942376,-0.2149372965
2022-02-26,102900011016701,芜湖青椒(1),辣椒类,41.639,3.752769327,2.697103505,0.4245313917,0.7378954458,-0.106761015
2022-02-27,102900011016701,芜湖青椒(1),辣椒类,38.889,3.686100597,2.698260179,0.4838653864,0.6568644772,-0.1528894463
2022-02-28,102900011016701,芜湖青椒(1),辣椒类,25.514,3.277672895,2.699408092,0.3799834837,0.3605116131,-0.1622302934
2022-03-01,102900011016701,芜湖青椒(1),辣椒类,21.862,3.129476144,2.700546728,-0.5219051925,0.4956090494,0.4552255592
2022-03-02,102900011016701,芜湖青椒(1),辣椒类,18.004,2.944649483,2.701675548,-0.251602739,0.39682027,0.09775640455
2022-03-03,102900011016701,芜湖青椒(1),辣椒类,21.329,3.105886282,2.702793991,-0.4093187763,0.4094157475,0.4029953195
2022-03-04,102900011016701,芜湖青椒(1),辣椒类,13.886,2.700421174,2.703901472,-0.03947384021,0.9127981935,-0.8768046516
2022-03-05,102900011016701,芜湖青椒(1),辣椒类,28.874,3.396988537,2.704997379,0.2870986042,0.6183937066,-0.2135011533
2022-03-06,102900011016701,芜湖青椒(1),辣椒类,23.426,3.195648139,2.706081075,0.4979312999,0.7669860976,-0.7753503342
2022-03-07,102900011016701,芜湖青椒(1),辣椒类,14.335,2.730137798,2.707151895,0.3566624959,0.6600542017,-0.9937307953
2022-03-08,102900011016701,芜湖青椒(1),辣椒类,12.652,2.613886031,2.708209146,-0.5008135898,0.5391596945,-0.1326692193
2022-03-09,102900011016701,芜湖青椒(1),辣椒类,25.686,3.284139083,2.709252104,-0.1011153674,0.4223117613,0.2536905852
2022-03-10,102900011016701,芜湖青椒(1),辣椒类,11.507,2.526288488,2.710280018,-0.4959975132,0.4038782965,-0.09187231335
2022-03-11,102900011016701,芜湖青椒(1),辣椒类,18.047,2.946909609,2.711292102,-0.03807984279,0.227287815,0.04640953501
2022-03-12,102900011016701,芜湖青椒(1),辣椒类,33.423,3.538724946,2.712287539,0.2934129443,0.7079901069,-0.1749656449
2022-03-13,102900011016701,芜湖青椒(1),辣椒类,29.043,3.402629689,2.713265481,0.4979229295,0.5409145277,-0.349473249
2022-03-14,102900011016701,芜湖青椒(1),辣椒类,35.229,3.589859903,2.714225041,0.2297195946,0.699052125,-0.05313685762
2022-03-15,102900011016701,芜湖青椒(1),辣椒类,32.397,3.508466076,2.715165301,-0.4905261068,0.6035423667,0.6802845143
2022-03-16,102900011016701,芜湖青椒(1),辣椒类,29.676,3.42348059,2.716085307,0.1243750979,0.7057711849,-0.1227509994
2022-03-17,102900011016701,芜湖青椒(1),辣椒类,21.068,3.094128595,2.716984065,-0.5696764326,1.088755062,-0.1419340989
2022-03-18,102900011016701,芜湖青椒(1),辣椒类,42.99,3.783962335,2.717860548,-0.03251655799,0.678468586,0.4201497598
2022-03-19,102900011016701,芜湖青椒(1),辣椒类,48.079,3.893431245,2.718713689,0.3106010605,0.4585370741,0.405579421
2022-03-20,102900011016701,芜湖青椒(1),辣椒类,53.431,3.996933844,2.719542386,0.5141756128,0.9873322748,-0.2241164289
2022-03-21,102900011016701,芜湖青椒(1),辣椒类,21.56,3.116178427,2.720345496,0.1515746951,0.8401712628,-0.5959130269
2022-03-22,102900011016701,芜湖青椒(1),辣椒类,28.137,3.372008844,2.721121839,-0.4849439832,1.010240621,0.1255903675
2022-03-23,102900011016701,芜湖青椒(1),辣椒类,25.636,3.282263684,2.721870199,-0.07489983597,0.8767842149,-0.2414908934
2022-03-24,102900011016701,芜湖青椒(1),辣椒类,14.373,2.732612724,2.722589322,-0.404665746,0.9352052179,-0.5205160698
2022-03-25,102900011016701,芜湖青椒(1),辣椒类,20.357,3.061379555,2.723277919,-0.0210611701,0.7016682351,-0.3425054297
2022-03-26,102900011016701,芜湖青椒(1),辣椒类,32.046,3.49790053,2.723934669,0.3229570213,0.6936682864,-0.2426594468
2022-03-27,102900011016701,芜湖青椒(1),辣椒类,33.97,3.554490551,2.724558217,0.5154169489,0.5206116554,-0.2060962706
2022-03-28,102900011016701,芜湖青椒(1),辣椒类,15.221,2.786306699,2.725147181,0.06530973976,0.4971533885,-0.5013036099
2022-03-29,102900011016701,芜湖青椒(1),辣椒类,20.785,3.08122166,2.725700147,-0.4939010645,0.7137103858,0.1357121909
2022-03-30,102900011016701,芜湖青椒(1),辣椒类,25.229,3.266865669,2.72621567,-0.003633964323,0.5228265431,0.02145741994
2022-03-31,102900011016701,芜湖青椒(1),辣椒类,17.442,2.914630672,2.726692276,-0.3081546267,0.8063895622,-0.3102965392
2022-04-01,102900011016701,芜湖青椒(1),辣椒类,19.981,3.043617266,2.727128472,-0.03867957555,0.6397436108,-0.2845752411
2022-04-02,102900011016701,芜湖青椒(1),辣椒类,20.328,3.060020763,2.72752275,0.3180164652,0.8100631736,-0.7955816251
2022-04-03,102900011016701,芜湖青椒(1),辣椒类,27.268,3.341730423,2.727873574,0.4935298841,0.7147599367,-0.5944329717
2022-04-04,102900011016701,芜湖青椒(1),辣椒类,41.33,3.745496055,2.728179398,-0.02477718169,0.7740580658,0.2680357722
2022-04-05,102900011016701,芜湖青椒(1),辣椒类,1.642,0.9715362061,2.728438676,-0.4866690352,1.080962581,-2.351196016
2022-04-06,102900011016701,芜湖青椒(1),辣椒类,0.594,0.4662465804,2.728649865,0.009058366264,0.5126603358,-2.784121987
2022-04-07,102900011016701,芜湖青椒(1),辣椒类,0.337,0.2904282981,2.728811441,-0.2144082172,0.7020382418,-2.926013168
2022-04-08,102900011016701,芜湖青椒(1),辣椒类,0,0,2.728921905,-0.03294140742,-2.682811968,-0.01316852895
2022-04-09,102900011016701,芜湖青椒(1),辣椒类,60.42,4.117735515,2.728979793,0.3224756262,0.1973320031,0.8689480926
2022-04-10,102900011016701,芜湖青椒(1),辣椒类,52.31,3.976123931,2.728983695,0.4617919868,0.4452170685,0.3401311809
2022-04-11,102900011016701,芜湖青椒(1),辣椒类,28.656,3.389664466,2.728932262,-0.13378894,0.3598849454,0.4346361987
2022-04-12,102900011016701,芜湖青椒(1),辣椒类,32.696,3.517379136,2.728824228,-0.4728118496,-0.03480411152,1.296170869
2022-04-13,102900011016701,芜湖青椒(1),辣椒类,30.051,3.435631014,2.728658425,-0.007014755895,0.2827153296,0.4312720156
2022-04-14,102900011016701,芜湖青椒(1),辣椒类,30.63,3.454106037,2.728433793,-0.1134342184,0.3255642328,0.5135422296
2022-04-15,102900011016701,芜湖青椒(1),辣椒类,33.142,3.530528298,2.728149377,-0.02882219591,0.3782171075,0.4529840093
2022-04-16,102900011016701,芜湖青椒(1),辣椒类,24.512,3.23914893,2.727804357,0.3626815535,0.3943134805,-0.2456504613
2022-04-17,102900011016701,芜湖青椒(1),辣椒类,21.209,3.100497612,2.727398083,0.4216527332,0.03642398723,-0.08497719081
2022-04-18,102900011016701,芜湖青椒(1),辣椒类,16.708,2.874016515,2.726930094,-0.223237057,0.4642681024,-0.09394462429
2022-04-19,102900011016701,芜湖青椒(1),辣椒类,1.104,0.7438402949,2.726400147,-0.4787084723,0.1938494819,-1.697700861
2022-04-20,102900011016701,芜湖青椒(1),辣椒类,15.192,2.784517293,2.725808239,-0.0002641805312,0.6064474842,-0.5474742494
2022-04-21,102900011016701,芜湖青椒(1),辣椒类,25.176,3.26484296,2.725154638,-0.005209371316,0.5203805394,0.02451715477
2022-04-22,102900011016701,芜湖青椒(1),辣椒类,25.818,3.289073304,2.724439907,-0.03129693565,0.506379576,0.0895507561
2022-04-23,102900011016701,芜湖青椒(1),辣椒类,30.936,3.4637339,2.72366493,0.3778542149,-0.259588974,0.6218037294
2022-04-24,102900011016701,芜湖青椒(1),辣椒类,34.128,3.558998533,2.72283088,0.380820173,0.7485030703,-0.2931555903
2022-04-25,102900011016701,芜湖青椒(1),辣椒类,38.363,3.672826289,2.721939282,-0.1910515809,-0.1303485996,1.272287187
2022-04-26,102900011016701,芜湖青椒(1),辣椒类,34.12,3.558770769,2.720992046,-0.5896943606,-0.2656143629,1.693087446
2022-04-27,102900011016701,芜湖青椒(1),辣椒类,26.246,3.304906721,2.719991506,0.03768954605,0.1958319128,0.351393757
2022-04-28,102900011016701,芜湖青椒(1),辣椒类,28.428,3.381946602,2.718940426,-0.01908951529,-0.5303964349,1.212492126
2022-04-29,102900011016701,芜湖青椒(1),辣椒类,43.634,3.7984959,2.717842003,-0.02928818866,0.717476047,0.3924660394
2022-04-30,102900011016701,芜湖青椒(1),辣椒类,38.112,3.666429325,2.71669981,0.4280612087,0.450393707,0.07127459952
2022-05-01,102900011016701,芜湖青椒(1),辣椒类,47.447,3.880470417,2.715517848,0.330965886,0.5352428557,0.2987438268
2022-05-02,102900011016701,芜湖青椒(1),辣椒类,34.099,3.55817264,2.714300565,-0.1849017038,0.2527804228,0.7759933562
2022-05-03,102900011016701,芜湖青椒(1),辣椒类,30.228,3.441315128,2.713052852,-0.4823065851,0.9459198373,0.264649024
2022-05-04,102900011016701,芜湖青椒(1),辣椒类,26.137,3.30089811,2.711780041,-0.0236460703,0.3861470215,0.2266171178
2022-05-05,102900011016701,芜湖青椒(1),辣椒类,15.225,2.786553263,2.710487889,-0.03740189241,0.5403249991,-0.4268577335
2022-05-06,102900011016701,芜湖青椒(1),辣椒类,35.006,3.583685591,2.70918256,-0.02792376864,0.6804610969,0.2219657032
2022-05-07,102900011016701,芜湖青椒(1),辣椒类,31.904,3.493594231,2.707870597,0.425660159,0.7825773616,-0.4225138863
2022-05-08,102900011016701,芜湖青椒(1),辣椒类,47.67,3.885062824,2.706558892,0.2821858602,0.4263019654,0.4700161061
2022-05-09,102900011016701,芜湖青椒(1),辣椒类,18.52,2.971439581,2.705254647,-0.1799735649,0.3666013154,0.07955718319
2022-05-10,102900011016701,芜湖青椒(1),辣椒类,30.447,3.448303589,2.703965325,-0.3717496965,0.1765806382,0.9395073219
2022-05-11,102900011016701,芜湖青椒(1),辣椒类,20.944,3.088493754,2.7026986,-0.07289941798,0.09270435214,0.3659902194
2022-05-12,102900011016701,芜湖青椒(1),辣椒类,17.721,2.929645888,2.701462297,-0.05421928278,0.1585259951,0.123876879
2022-05-13,102900011016701,芜湖青椒(1),辣椒类,17.287,2.906190425,2.700264331,-0.02605658668,0.1920527396,0.03992994053
2022-05-14,102900011016701,芜湖青椒(1),辣椒类,37.768,3.657595164,2.69911264,0.4235575573,0.178946617,0.3559783498
2022-05-15,102900011016701,芜湖青椒(1),辣椒类,36.014,3.611296219,2.69801511,0.232966503,0.145142029,0.535172577
2022-05-16,102900011016701,芜湖青椒(1),辣椒类,21.286,3.103958679,2.696979509,-0.1744274844,0.6107255409,-0.02931888712
2022-05-17,102900011016701,芜湖青椒(1),辣椒类,19.518,3.02130255,2.696013409,-0.2605099313,0.4433140908,0.1424849816
2022-05-18,102900011016701,芜湖青椒(1),辣椒类,29.057,3.403095579,2.695124114,-0.1142495568,0.5086447688,0.3135762529
2022-05-19,102900011016701,芜湖青椒(1),辣椒类,19.217,3.006523835,2.694318595,-0.06944554078,0.3884468584,-0.006796078117
2022-05-20,102900011016701,芜湖青椒(1),辣椒类,27.085,3.335235626,2.693603418,-0.02176871599,0.2803467249,0.3830541995
2022-05-21,102900011016701,芜湖青椒(1),辣椒类,29.401,3.414475503,2.692984682,0.3879785253,-0.6071712634,0.9406835583
2022-05-22,102900011016701,芜湖青椒(1),辣椒类,22.022,3.13645028,2.69246797,0.1939394211,0.4451014154,-0.1950585257
2022-05-23,102900011016701,芜湖青椒(1),辣椒类,26.262,3.305493791,2.69205829,-0.1640534646,0.4260094932,0.3514794729
2022-05-24,102900011016701,芜湖青椒(1),辣椒类,20.545,3.070143771,2.691760042,-0.1493060332,0.1684830101,0.359206752
2022-05-25,102900011016701,芜湖青椒(1),辣椒类,22.446,3.154699905,2.691576985,-0.1523173505,0.2698455347,0.3455947354
2022-05-26,102900011016701,芜湖青椒(1),辣椒类,27.786,3.359889158,2.691512211,-0.08601032479,0.4099135387,0.3444737326
2022-05-27,102900011016701,芜湖青椒(1),辣椒类,21.392,3.108703752,2.691568135,-0.02023533915,-0.4668052862,0.9041762423
2022-05-28,102900011016701,芜湖青椒(1),辣椒类,37.383,3.647614653,2.691746489,0.3466751106,-0.4333662479,1.042559301
2022-05-29,102900011016701,芜湖青椒(1),辣椒类,38.877,3.685799717,2.692048328,0.1652316207,0.5970241526,0.2314956153
2022-05-30,102900011016701,芜湖青椒(1),辣椒类,16.242,2.847348268,2.692474042,-0.1415396122,0.4509163616,-0.1545025239
2022-05-31,102900011016701,芜湖青椒(1),辣椒类,28.341,3.378985855,2.693023382,-0.03850405674,0.3578063517,0.3666601787
2022-06-01,102900011016701,芜湖青椒(1),辣椒类,19.524,3.021594933,2.693695484,-0.1811913123,-0.9992411437,1.508331905
2022-06-02,102900011016701,芜湖青椒(1),辣椒类,24.167,3.225533613,2.694488908,-0.0990132643,0.4166758529,0.2133821162
2022-06-03,102900011016701,芜湖青椒(1),辣椒类,35.377,3.593936707,2.695401676,-0.007387707798,0.5578780506,0.3480446883
2022-06-04,102900011016701,芜湖青椒(1),辣椒类,20,3.044522438,2.696431316,0.3197277054,0.3589977894,-0.3306343727
2022-06-05,102900011016701,芜湖青椒(1),辣椒类,18.78,2.984671326,2.697574911,0.1559091159,0.3913297485,-0.260142449
2022-06-06,102900011016701,芜湖青椒(1),辣椒类,18.125,2.95099638,2.698829149,-0.1061022743,0.2363786098,0.1218908949
2022-06-07,102900011016701,芜湖青椒(1),辣椒类,16.427,2.858020728,2.700190375,-0.1340701384,0.06715612042,0.2247443703
2022-06-08,102900011016701,芜湖青椒(1),辣椒类,15.705,2.815708076,2.701654641,-0.1659426099,0.2205348459,0.05946119855
2022-06-09,102900011016701,芜湖青椒(1),辣椒类,16.796,2.878973713,2.703217759,-0.07994154232,0.1839779799,0.07171951617
2022-06-10,102900011016701,芜湖青椒(1),辣椒类,14.882,2.765186392,2.704875354,0.00652230909,0.1758084188,-0.1220196891
2022-06-11,102900011016701,芜湖青椒(1),辣椒类,33.551,3.542436493,2.706622905,0.2939750743,0.453804923,0.08803359124
2022-06-12,102900011016701,芜湖青椒(1),辣椒类,42.067,3.762757043,2.708455793,0.1535664409,-0.1663328137,1.067067623
2022-06-13,102900011016701,芜湖青椒(1),辣椒类,15.067,2.776767479,2.710369339,-0.08319412728,-1.003004062,1.152596329
2022-06-14,102900011016701,芜湖青椒(1),辣椒类,14.691,2.7530873,2.712358849,-0.1330220542,0.06748982188,0.1062606831
2022-06-15,102900011016701,芜湖青椒(1),辣椒类,19.084,2.999923478,2.714419643,-0.1501702002,-0.243098237,0.6787722727
2022-06-16,102900011016701,芜湖青椒(1),辣椒类,25.637,3.282301227,2.716547092,-0.06994332878,0.07040594391,0.5652915198
2022-06-17,102900011016701,芜湖青椒(1),辣椒类,24.339,3.232344711,2.718736646,0.006038830533,0.179976284,0.3275929499
2022-06-18,102900011016701,芜湖青椒(1),辣椒类,29.94,3.432049845,2.72098386,0.2706706273,0.146685047,0.2937103112
2022-06-19,102900011016701,芜湖青椒(1),辣椒类,30.75,3.457892725,2.723284411,0.1400657849,0.1971343673,0.3974081621
2022-06-20,102900011016701,芜湖青椒(1),辣椒类,26.458,3.312657564,2.725634123,-0.06412536138,0.009009633282,0.6421391693
2022-06-21,102900011016701,芜湖青椒(1),辣椒类,13.963,2.705580487,2.728028979,-0.1338721634,0.06604672566,0.04537694602
2022-06-22,102900011016701,芜湖青椒(1),辣椒类,15.678,2.814090486,2.730465132,-0.1430157348,-0.8761731193,1.102814208
2022-06-23,102900011016701,芜湖青椒(1),辣椒类,13.463,2.671593664,2.73293892,-0.06660082575,0.01021820811,-0.004962637974
2022-06-24,102900011016701,芜湖青椒(1),辣椒类,18.593,2.97517236,2.735446867,0.005082702214,-0.3433864558,0.5780292463
2022-06-25,102900011016701,芜湖青椒(1),辣椒类,25.636,3.282263684,2.737985693,0.2575080568,-0.2144160347,0.5011859688
2022-06-26,102900011016701,芜湖青椒(1),辣椒类,15.032,2.774586725,2.740552315,0.1286089879,-0.08680299613,-0.007771582281
2022-06-27,102900011016701,芜湖青椒(1),辣椒类,14.774,2.758363015,2.743143849,-0.0476546859,0.09244621089,-0.02957235877
2022-06-28,102900011016701,芜湖青椒(1),辣椒类,12.772,2.622637545,2.745757608,-0.1382864186,-1.021657251,1.036823607
2022-06-29,102900011016701,芜湖青椒(1),辣椒类,0,0,2.748391105,-0.134524622,-0.2369816385,-2.376884844
2022-06-30,102900011016701,芜湖青椒(1),辣椒类,16.168,2.843047186,2.751042048,-0.05894241992,-0.2297888087,0.3807363666
2022-07-01,102900011016701,芜湖青椒(1),辣椒类,14.972,2.770837189,2.753708337,0.008746066397,0.01885877158,-0.01047598573
2022-07-02,102900011016701,芜湖青椒(1),辣椒类,26.264,3.305567151,2.756388061,0.2417633863,0.3177899976,-0.01037429391
2022-07-03,102900011016701,芜湖青椒(1),辣椒类,35.887,3.607859185,2.759079492,0.1019824368,0.7570704326,-0.01027317547
2022-07-04,102900011016701,芜湖青椒(1),辣椒类,19.454,3.018178462,2.761781082,-0.03572452363,0.3022945465,-0.01017264247
2022-07-05,102900011016701,芜湖青椒(1),辣椒类,21.144,3.097566579,2.764491458,-0.1340209322,0.477168758,-0.01007270421
2022-07-06,102900011016701,芜湖青椒(1),辣椒类,21.035,3.092632098,2.767209414,-0.1210933156,0.4564893672,-0.009973367594
2022-07-07,102900011016701,芜湖青椒(1),辣椒类,23.647,3.204655189,2.76993391,-0.04456019745,0.4891561147,-0.009874637563
2022-07-08,102900011016701,芜湖青椒(1),辣椒类,20.743,3.079291867,2.772664059,0.01693571432,0.2994686103,-0.009776517423
2022-07-09,102900011016701,芜湖青椒(1),辣椒类,22.201,3.144195381,2.775399132,0.2274984174,0.1509768411,-0.009679009207
2022-07-10,102900011016701,芜湖青椒(1),辣椒类,20.042,3.04652044,2.778138542,0.07720197867,0.2007620341,-0.009582114005
2022-07-11,102900011016701,芜湖青椒(1),辣椒类,24.44,3.236322738,2.780881844,-0.03267596508,0.4976026914,-0.009485832269
2022-07-12,102900011016701,芜湖青椒(1),辣椒类,26.594,3.317598358,2.783628732,-0.1338460996,0.6772058896,-0.009390164116
2022-07-13,102900011016701,芜湖青椒(1),辣椒类,19.424,3.01671068,2.786379026,-0.112270369,0.3518971321,-0.009295109599
2022-07-14,102900011016701,芜湖青椒(1),辣椒类,13.078,2.644613295,2.789132656,-0.03850625291,-0.09681243923,-0.009200668918
2022-07-15,102900011016701,芜湖青椒(1),辣椒类,15.019,2.773775518,2.791889571,0.0329918919,-0.04199910329,-0.00910684233
2022-07-16,102900011016701,芜湖青椒(1),辣椒类,32.143,3.500831533,2.794649723,0.2195198536,0.4956755859,-0.009013629956
2022-07-17,102900011016701,芜湖青椒(1),辣椒类,28.603,3.387875708,2.797413064,0.06694107487,0.5324426,-0.008921031763
2022-07-18,102900011016701,芜湖青椒(1),辣椒类,21.377,3.108033646,2.800179548,-0.03979901666,0.3564821621,-0.008829047595
2022-07-19,102900011016701,芜湖青椒(1),辣椒类,19.376,3.014357738,2.802949128,-0.1325994759,0.352745763,-0.008737677154
2022-07-20,102900011016701,芜湖青椒(1),辣椒类,20.959,3.089177078,2.80572176,-0.115802103,0.4079043416,-0.00864692002
2022-07-21,102900011016701,芜湖青椒(1),辣椒类,20.422,3.064418431,2.8084974,-0.04443922255,0.3089170298,-0.008556775719
2022-07-22,102900011016701,芜湖青椒(1),辣椒类,27.836,3.361624607,2.811276006,0.05816363563,0.5006522091,-0.008467243657
2022-07-23,102900011016701,芜湖青椒(1),辣椒类,32.473,3.510739144,2.814057535,0.2149739978,0.490085934,-0.008378323103
2022-07-24,102900011016701,芜湖青椒(1),辣椒类,0,0,2.816841947,0.06967953327,-2.878231467,-0.0082900132
2022-07-25,102900011016701,芜湖青椒(1),辣椒类,3.43,1.488399584,2.819629202,-0.05379839502,-1.26922891,-0.008202312971
2022-07-26,102900011016701,芜湖青椒(1),辣椒类,30.12,3.437850699,2.822419261,-0.1274619653,0.7510086253,-0.008115221326
2022-07-27,102900011016701,芜湖青椒(1),辣椒类,31.688,3.487008038,2.825212084,-0.1261619505,0.7959866421,-0.008028737066
2022-07-28,102900011016701,芜湖青椒(1),辣椒类,35.937,3.609213759,2.828007633,-0.05788255814,0.8470315423,-0.007942858894
2022-07-29,102900011016701,芜湖青椒(1),辣椒类,21.172,3.098830232,2.830805873,0.08321461757,0.1926673264,-0.007857585415
2022-07-30,102900011016701,芜湖青椒(1),辣椒类,28.886,3.397390143,2.833606766,0.2183675657,0.3531887269,-0.007772915143
2022-07-31,102900011016701,芜湖青椒(1),辣椒类,46.334,3.857228853,2.836410276,0.08585035875,0.9426570647,-0.007688846507
2022-08-01,102900011016701,芜湖青椒(1),辣椒类,60.549,4.119833606,2.83921637,-0.07679303994,1.365015654,-0.007605377853
2022-08-02,102900011016701,芜湖青椒(1),辣椒类,35.269,3.590963382,2.842025011,-0.1179807414,0.87444162,-0.007522507448
2022-08-03,102900011016701,芜湖青椒(1),辣椒类,49.822,3.928329332,2.844836167,-0.1415723521,1.232505751,-0.007440233487
2022-08-04,102900011016701,芜湖青椒(1),辣椒类,52.045,3.97114061,2.847649804,-0.07798939211,1.208838753,-0.007358554092
2022-08-05,102900011016701,芜湖青椒(1),辣椒类,62.13,4.145196092,2.850465889,0.1022869068,1.199720764,-0.007277467319
2022-08-06,102900011016701,芜湖青椒(1),辣椒类,54.478,4.015986546,2.853284392,0.2311628282,0.9387362968,-0.007196971159
2022-08-07,102900011016701,芜湖青椒(1),辣椒类,62.995,4.158804955,2.85610528,0.1139573304,1.195859409,-0.007117063539
2022-08-08,102900011016701,芜湖青椒(1),辣椒类,50.21,3.935934825,2.858928522,-0.1073293789,1.191373424,-0.007037742331
2022-08-09,102900011016701,芜湖青椒(1),辣椒类,51.754,3.965639599,2.861754089,-0.1046640109,1.215508526,-0.006959005348
2022-08-10,102900011016701,芜湖青椒(1),辣椒类,56.674,4.054806465,2.86458195,-0.1610198458,1.358125212,-0.006880850352
2022-08-11,102900011016701,芜湖青椒(1),辣椒类,57.983,4.077249267,2.867412076,-0.103916153,1.320556619,-0.006803275052
2022-08-12,102900011016701,芜湖青椒(1),辣椒类,58.153,4.080127308,2.870244439,0.1130445484,1.103564598,-0.00672627711
2022-08-13,102900011016701,芜湖青椒(1),辣椒类,65.167,4.192181849,2.873079009,0.254364146,1.071388548,-0.006649854143
2022-08-14,102900011016701,芜湖青椒(1),辣椒类,43.274,3.790397597,2.875915759,0.1503117167,0.7707441249,-0.006574003723
2022-08-15,102900011016701,芜湖青椒(1),辣椒类,24.633,3.243880584,2.878754662,-0.1437331644,0.5153578092,-0.006498723384
2022-08-16,102900011016701,芜湖青椒(1),辣椒类,18.06,2.947591898,2.881595691,-0.08894095644,0.1613611743,-0.00642401062
2022-08-17,102900011016701,芜湖青椒(1),辣椒类,34.02,3.555919327,2.884438819,-0.185878345,0.8637087163,-0.006349862892
2022-08-18,102900011016701,芜湖青椒(1),辣椒类,46.095,3.852166838,2.887284019,-0.1372850646,1.108444162,-0.006276277629
2022-08-19,102900011016701,芜湖青椒(1),辣椒类,61.26,4.131319165,2.890131266,0.112592129,1.134799022,-0.00620325223
2022-08-20,102900011016701,芜湖青椒(1),辣椒类,72.139,4.29236174,2.892980535,0.2836644463,1.121847543,-0.00613078407
2022-08-21,102900011016701,芜湖青椒(1),辣椒类,48.318,3.898289126,2.895831801,0.1867551946,0.8217610012,-0.006058870501
2022-08-22,102900011016701,芜湖青椒(1),辣椒类,32.336,3.506637894,2.898685038,-0.1599652154,0.7739055804,-0.005987508867
2022-08-23,102900011016701,芜湖青椒(1),辣椒类,30.294,3.443426386,2.901540223,-0.07848417483,0.6262870342,-0.005916696531
2022-08-24,102900011016701,芜湖青椒(1),辣椒类,14.233,2.723464127,2.904397332,-0.2017983969,0.02671162308,-0.005846430837
2022-08-25,102900011016701,芜湖青椒(1),辣椒类,21.999,3.135450737,2.907256341,-0.1730632279,0.407034333,-0.005776709067
2022-08-26,102900011016701,芜湖青椒(1),辣椒类,37.225,3.643489752,2.910117226,0.09597418016,0.6431058738,-0.00570752849
2022-08-27,102900011016701,芜湖青椒(1),辣椒类,30.855,3.461194356,2.912979966,0.3137183136,0.2401349623,-0.005638886365
2022-08-28,102900011016701,芜湖青椒(1),辣椒类,47.592,3.883458908,2.915844537,0.217925369,0.7552597822,-0.005570779886
2022-08-29,102900011016701,芜湖青椒(1),辣椒类,19.702,3.030230314,2.918710917,-0.1538755571,0.2708981607,-0.005503206188
2022-08-30,102900011016701,芜湖青椒(1),辣椒类,31.227,3.472804611,2.921579083,-0.07661244755,0.6332741379,-0.005436162426
2022-08-31,102900011016701,芜湖青椒(1),辣椒类,20.005,3.044760505,2.924466109,-0.2045395357,0.3301965092,-0.00536257788
2022-09-01,102900011016701,芜湖青椒(1),辣椒类,21.685,3.121703913,2.927355117,-0.2031694409,0.4028081854,-0.005289948582
2022-09-02,102900011016701,芜湖青椒(1),辣椒类,25.696,3.284513741,2.93024606,0.0655358335,0.2939501179,-0.005218269866
2022-09-03,102900011016701,芜湖青椒(1),辣椒类,36.648,3.628279832,2.933138895,0.3470732124,0.3532152654,-0.005147540654
2022-09-04,102900011016701,芜湖青椒(1),辣椒类,32.819,3.521022775,2.936033583,0.2468118026,0.3432551516,-0.005077762025
2022-09-05,102900011016701,芜湖青椒(1),辣椒类,16.319,2.851804165,2.938930086,-0.1535644756,0.07144749072,-0.005008936082
2022-09-06,102900011016701,芜湖青椒(1),辣椒类,23.519,3.199448327,2.941828368,-0.0811090628,0.3436700867,-0.004941065086
2022-09-07,102900011016701,芜湖青椒(1),辣椒类,17.062,2.893810284,2.944728395,-0.2045908686,0.1585469084,-0.004874150795
2022-09-08,102900011016701,芜湖青椒(1),辣椒类,13.857,2.698471135,2.94763013,-0.2244544318,-0.01989636917,-0.004808193987
2022-09-09,102900011016701,芜湖青椒(1),辣椒类,27.199,3.339286516,2.950533537,0.02674050652,0.3667556672,-0.004743194128
2022-09-10,102900011016701,芜湖青椒(1),辣椒类,39.614,3.704112835,2.95343858,0.3837061245,0.3716472792,-0.004679149158
2022-09-11,102900011016701,芜湖青椒(1),辣椒类,37.263,3.644483372,2.956345223,0.2737676536,0.4189865503,-0.004616055372
2022-09-12,102900011016701,芜湖青椒(1),辣椒类,36.061,3.612565204,2.959253429,-0.1514937805,0.8093594627,-0.004553907377
2022-09-13,102900011016701,芜湖青椒(1),辣椒类,21.118,3.096391757,2.962163159,-0.09400365742,0.2327249527,-0.004492698103
2022-09-14,102900011016701,芜湖青椒(1),辣椒类,10.297,2.424537204,2.965074377,-0.2007664909,-0.3353382634,-0.004432418869
2022-09-15,102900011016701,芜湖青椒(1),辣椒类,3.696,1.546711083,2.967987043,-0.2372110703,-1.179691831,-0.004373059464
2022-09-16,102900011016701,芜湖青椒(1),辣椒类,6.517,2.017167122,2.970901119,-0.01707050605,-0.9323488828,-0.004314608267
2022-09-17,102900011016701,芜湖青椒(1),辣椒类,22.323,3.149439998,2.973816567,0.4189373507,-0.2390568676,-0.004257052373
2022-09-18,102900011016701,芜湖青椒(1),辣椒类,17.097,2.895746179,2.976733349,0.2977602638,-0.3745470565,-0.004200377724
2022-09-19,102900011016701,芜湖青椒(1),辣椒类,0,0,2.979651426,-0.1460671649,-2.829439692,-0.004144569255
2022-09-20,102900011016701,芜湖青椒(1),辣椒类,0.113,0.1070590723,2.98257076,-0.1175465426,-2.753875535,-0.004089611026
2022-09-21,102900011016701,芜湖青椒(1),辣椒类,10.419,2.435278635,2.985491315,-0.1935531244,-0.3526240694,-0.004035486361
2022-09-22,102900011016701,芜湖青椒(1),辣椒类,11.451,2.521800941,2.988413052,-0.2419733262,-0.2206566072,-0.003982177974
2022-09-23,102900011016701,芜湖青椒(1),辣椒类,13.328,2.662215665,2.991335937,-0.06421674206,-0.2609738618,-0.003929668095
2022-09-24,102900011016701,芜湖青椒(1),辣椒类,22.054,3.13783929,2.994259932,0.4444473846,-0.2969900878,-0.003877938578
2022-09-25,102900011016701,芜湖青椒(1),辣椒类,10.576,2.448933989,2.997185004,0.315248201,-0.8596722442,-0.003826971014
2022-09-26,102900011016701,芜湖青椒(1),辣椒类,10.318,2.426394379,3.000111117,-0.1145465793,-0.4553934122,-0.003776746821
2022-09-27,102900011016701,芜湖青椒(1),辣椒类,10.558,2.447377838,3.003038239,-0.1519940966,-0.3999390574,-0.003727247335
2022-09-28,102900011016701,芜湖青椒(1),辣椒类,13.841,2.697393621,3.005966337,-0.1760952843,-0.1287989784,-0.003678453886
2022-09-29,102900011016701,芜湖青椒(1),辣椒类,8.885,2.291018457,3.00889538,-0.2376879921,-0.4765585838,-0.003630347873
2022-09-30,102900011016701,芜湖青椒(1),辣椒类,15.654,2.812650428,3.011825337,-0.1081582828,-0.08743371574,-0.003582910822
2022-10-01,102900011016701,芜湖青椒(1),辣椒类,34.864,3.579734007,3.014756178,0.4597505847,0.1087633684,-0.003536124445
2022-10-02,102900011016701,芜湖青椒(1),辣椒类,29.409,3.414738617,3.017687874,0.3309396429,0.06960107072,-0.003489970686
2022-10-03,102900011016701,芜湖青椒(1),辣椒类,26.74,3.322875415,3.020620398,-0.09023975808,0.3959392068,-0.003444431763
2022-10-04,102900011016701,芜湖青椒(1),辣椒类,39.609,3.703989717,3.023553722,-0.1860165733,0.8698520586,-0.003399490206
2022-10-05,102900011016701,芜湖青椒(1),辣椒类,27.128,3.336765522,3.02648782,-0.1679446132,0.4815774436,-0.003355128886
2022-10-06,102900011016701,芜湖青椒(1),辣椒类,28.284,3.377041292,3.029422667,-0.2274318285,0.5783617843,-0.003311331045
2022-10-07,102900011016701,芜湖青椒(1),辣椒类,51.773,3.965999696,3.032358239,-0.1356242226,1.07253376,-0.003268080312
2022-10-08,102900011016701,芜湖青椒(1),辣椒类,33.623,3.544518201,3.035294512,0.4676077476,0.04484130228,-0.00322536073
2022-10-09,102900011016701,芜湖青椒(1),辣椒类,30.766,3.458396535,3.038231464,0.3487035741,0.0746446544,-0.003183156764
2022-10-10,102900011016701,芜湖青椒(1),辣椒类,29.905,3.430917983,3.041169072,-0.07564569877,0.4685360629,-0.003141453318
2022-10-11,102900011016701,芜湖青椒(1),辣椒类,20.123,3.050362494,3.044107317,-0.2159942963,0.2253497094,-0.003100235739
2022-10-12,102900011016701,芜湖青椒(1),辣椒类,21.442,3.110934203,3.047046177,-0.1698581697,0.2368056858,-0.003059489824
2022-10-13,102900011016701,芜湖青椒(1),辣椒类,20.474,3.066842901,3.049985633,-0.2164238804,0.2363003499,-0.003019201821
2022-10-14,102900011016701,芜湖青椒(1),辣椒类,17.198,2.901311698,3.052925667,-0.1457483513,-0.002886259751,-0.002979358426
2022-10-15,102900011016701,芜湖青椒(1),辣椒类,52.121,3.97257233,3.055866261,0.4670605115,0.4525855045,-0.00293994678
2022-10-16,102900011016701,芜湖青椒(1),辣椒类,50.004,3.931904061,3.058807397,0.3686320226,0.507365596,-0.00290095447
2022-10-17,102900011016701,芜湖青椒(1),辣椒类,30.343,3.444990957,3.061749058,-0.06676201824,0.452866286,-0.002862369519
2022-10-18,102900011016701,芜湖青椒(1),辣椒类,43.044,3.785189134,3.06469123,-0.2396088643,0.9629309494,-0.002824180381
2022-10-19,102900011016701,芜湖青椒(1),辣椒类,30.364,3.445660738,3.067633895,-0.1780208012,0.5588340205,-0.002786375935
2022-10-20,102900011016701,芜湖青椒(1),辣椒类,21.635,3.119497381,3.07057704,-0.205730204,0.2573994904,-0.002748945476
2022-10-21,102900011016701,芜湖青椒(1),辣椒类,162.084,5.094265405,3.07352065,-0.1446741246,2.168130759,-0.002711878707
2022-10-22,102900011016701,芜湖青椒(1),辣椒类,27.689,3.356513774,3.076464712,0.4572540344,-0.1745298066,-0.00267516573
2022-10-23,102900011016701,芜湖青椒(1),辣椒类,43.545,3.796499914,3.079409212,0.3852035164,0.3345259825,-0.002638797035
2022-10-24,102900011016701,芜湖青椒(1),辣椒类,13.026,2.64091275,3.082354138,-0.05959215824,-0.3792464666,-0.002602763495
2022-10-25,102900011016701,芜湖青椒(1),辣椒类,17.751,2.931247084,3.085299478,-0.2535322893,0.1020469518,-0.002567056351
2022-10-26,102900011016701,芜湖青椒(1),辣椒类,23.458,3.196957361,3.08824522,-0.1932211943,0.3044650022,-0.002531667204
2022-10-27,102900011016701,芜湖青椒(1),辣椒类,26.919,3.329307461,3.091191353,-0.1966971811,0.437309877,-0.002496588006
2022-10-28,102900011016701,芜湖青椒(1),辣椒类,25.835,3.289707006,3.094137865,-0.128700603,0.3267315544,-0.002461811047
2022-10-29,102900011016701,芜湖青椒(1),辣椒类,64.192,4.177336762,3.097084747,0.4382667238,0.6444126198,-0.002427328949
2022-10-30,102900011016701,芜湖青椒(1),辣椒类,62.613,4.152817852,3.100031989,0.3924565172,0.6627224803,-0.002393134653
2022-10-31,102900011016701,芜湖青椒(1),辣椒类,25.068,3.260708508,3.102979581,-0.05148061462,0.2115687636,-0.002359221409
2022-11-01,102900011016701,芜湖青椒(1),辣椒类,28.235,3.375366622,3.105927513,-0.2581508655,0.5299155567,-0.002325582768
2022-11-02,102900011016701,芜湖青椒(1),辣椒类,0,0,3.108875777,-0.2144757484,-2.892107816,-0.002292212569
2022-11-03,102900011016701,芜湖青椒(1),辣椒类,26.709,3.32175727,3.111824365,-0.1922656382,0.4044576487,-0.002259104935
2022-11-04,102900011016701,芜湖青椒(1),辣椒类,0,0,3.114773267,-0.09093391607,-3.021613096,-0.002226254257
2022-11-05,102900011016701,芜湖青椒(1),辣椒类,36.371,3.620895003,3.117722476,0.4107489756,0.09461720624,-0.00219365519
2022-11-06,102900011016701,芜湖青椒(1),辣椒类,40.026,3.714206012,3.120671984,0.3900374037,0.2056579267,-0.002161302641
2022-11-07,102900011016701,芜湖青椒(1),辣椒类,28.875,3.39702201,3.123621785,-0.0415008621,0.3170302795,-0.002129191761
2022-11-08,102900011016701,芜湖青椒(1),辣椒类,25.978,3.295021719,3.12657187,-0.2567043475,0.4272515149,-0.002097317938
2022-11-09,102900011016701,芜湖青椒(1),辣椒类,22.596,3.161077206,3.129522233,-0.2292256945,0.2628463449,-0.002065676786
2022-11-10,102900011016701,芜湖青椒(1),辣椒类,32.029,3.497385963,3.132472867,-0.1922525055,0.5591998664,-0.002034264137
2022-11-11,102900011016701,芜湖青椒(1),辣椒类,38.976,3.688279274,3.135423766,-0.05239692306,0.6072555074,-0.002003076036
2022-11-12,102900011016701,芜湖青椒(1),辣椒类,62.184,4.146051105,3.138374924,0.3786906363,0.6309576534,-0.00197210873
2022-11-13,102900011016701,芜湖青椒(1),辣椒类,65.721,4.200519746,3.141326334,0.3800100699,0.6811247007,-0.001941358663
2022-11-14,102900011016701,芜湖青椒(1),辣椒类,33.591,3.543593533,3.144277992,-0.02599091775,0.4272172813,-0.001910822464
2022-11-15,102900011016701,芜湖青椒(1),辣椒类,29.803,3.427612088,3.147229891,-0.2504059982,0.5326686924,-0.001880496948
2022-11-16,102900011016701,芜湖青椒(1),辣椒类,31.347,3.476521281,3.150182026,-0.2301713652,0.5583609997,-0.001850379101
2022-11-17,102900011016701,芜湖青椒(1),辣椒类,31.27,3.474138006,3.153134392,-0.1941621157,0.5169861962,-0.001820466077
2022-11-18,102900011016701,芜湖青椒(1),辣椒类,76.691,4.352739421,3.156086984,-0.03487723556,1.233320428,-0.001790755191
2022-11-19,102900011016701,芜湖青椒(1),辣椒类,192.063,5.263016561,3.159039797,0.3442956783,1.761442329,-0.001761243915
2022-11-20,102900011016701,芜湖青椒(1),辣椒类,94.228,4.556274016,3.161992827,0.3614196812,1.034593438,-0.001731929868
2022-11-21,102900011016701,芜湖青椒(1),辣椒类,211.63,5.359553566,3.164946068,-0.002609702058,2.198920011,-0.00170281081
2022-11-22,102900011016701,芜湖青椒(1),辣椒类,18.385,2.964499571,3.167899517,-0.2402020789,0.03847601734,-0.001673884641
2022-11-23,102900011016701,芜湖青椒(1),辣椒类,22.729,3.166697929,3.17085317,-0.2208459658,0.2183358741,-0.001645149389
2022-11-24,102900011016701,芜湖青椒(1),辣椒类,31.925,3.494232248,3.173807022,-0.1990633929,0.521105222,-0.001616603206
2022-11-25,102900011016701,芜湖青椒(1),辣椒类,26.29,3.306520335,3.176761069,-0.01635917308,0.1477066831,-0.001588244367
2022-11-26,102900011016701,芜湖青椒(1),辣椒类,40.257,3.719820795,3.179715308,0.3090538748,0.232611684,-0.001560071263
2022-11-27,102900011016701,芜湖青椒(1),辣椒类,3.031,1.394014484,3.182669734,0.3291096946,-2.116232862,-0.001532082395
2022-11-28,102900011016701,芜湖青椒(1),辣椒类,7.451,2.134284778,3.185624345,0.02384687322,-1.073682164,-0.00150427637
2022-11-29,102900011016701,芜湖青椒(1),辣椒类,4.066,1.622551552,3.188579137,-0.2276978865,-1.336853047,-0.0014766519
2022-11-30,102900011016701,芜湖青椒(1),辣椒类,0,0,3.191534106,-0.2044955434,-2.985589354,-0.00144920779
2022-12-01,102900011016701,芜湖青椒(1),辣椒类,0,0,3.194489249,-0.2050207912,-2.988046514,-0.001421942942
2022-12-02,102900011016701,芜湖青椒(1),辣椒类,0,0,3.197444563,0.001426794053,-3.1974765,-0.001394856344
2022-12-03,102900011016701,芜湖青椒(1),辣椒类,0,0,3.200400044,0.2840029922,-3.48303509,-0.001367947071
2022-12-04,102900011016701,芜湖青椒(1),辣椒类,0,0,3.203355691,0.2866425819,-3.488657059,-0.001341214278
2022-12-05,102900011016701,芜湖青椒(1),辣椒类,45.612,3.841858019,3.2063115,0.04123325014,0.5956279259,-0.0013146572
2022-12-06,102900011016701,芜湖青椒(1),辣椒类,59.474,4.102213521,3.209267468,-0.2157594739,1.109993802,-0.001288275142
2022-12-07,102900011016701,芜湖青椒(1),辣椒类,45.383,3.836933013,3.212223592,-0.1807266185,0.8066981064,-0.001262067482
2022-12-08,102900011016701,芜湖青椒(1),辣椒类,36.273,3.618269204,3.215179871,-0.2088372421,0.613162609,-0.001236033664
2022-12-09,102900011016701,芜湖青椒(1),辣椒类,25.447,3.27514273,3.2181363,0.02357655449,0.03464004879,-0.001210173198
2022-12-10,102900011016701,芜湖青椒(1),辣椒类,49.153,3.915078333,3.221092879,0.2695162758,0.4256536644,-0.00118448565
2022-12-11,102900011016701,芜湖青椒(1),辣椒类,53.422,3.996768484,3.224049603,0.2420572705,0.5318205807,-0.001158970649
2022-12-12,102900011016701,芜湖青椒(1),辣椒类,22.76,3.168003494,3.227006472,0.04948198791,-0.1073513376,-0.001133627875
2022-12-13,102900011016701,芜湖青椒(1),辣椒类,32.381,3.507986876,3.229963483,-0.2030971747,0.4822290251,-0.001108457061
2022-12-14,102900011016701,芜湖青椒(1),辣椒类,23.332,3.191792356,3.232920632,-0.143555678,0.10351086,-0.00108345799
2022-12-15,102900011016701,芜湖青椒(1),辣椒类,29.277,3.410388348,3.23587792,-0.2028697643,0.3784388234,-0.001058630492
2022-12-16,102900011016701,芜湖青椒(1),辣椒类,30.764,3.458333573,3.238835342,-0.0002772999697,0.2208095052,-0.001033974438
2022-12-17,102900011016701,芜湖青椒(1),辣椒类,43.172,3.788091104,3.241792898,0.2673258627,0.2799818332,-0.001009489744
2022-12-18,102900011016701,芜湖青椒(1),辣椒类,35.418,3.595063158,3.244750585,0.2048798232,0.1464179263,-0.0009851763635
2022-12-19,102900011016701,芜湖青椒(1),辣椒类,32.918,3.523945847,3.247708401,0.05597201437,0.2212264659,-0.0009610342882
2022-12-20,102900011016701,芜湖青椒(1),辣椒类,19.561,3.023396078,3.250666344,-0.1888964855,-0.03743671791,-0.0009370635437
2022-12-21,102900011016701,芜湖青椒(1),辣椒类,32.723,3.518180097,3.253624413,-0.1152892118,0.3807581597,-0.0009132641889
2022-12-22,102900011016701,芜湖青椒(1),辣椒类,26.236,3.304539628,3.256582606,-0.1870759373,0.235922595,-0.0008896363132
2022-12-23,102900011016701,芜湖青椒(1),辣椒类,28.649,3.389428398,3.259540921,-0.03560363097,0.1663572881,-0.000866180035
2022-12-24,102900011016701,芜湖青椒(1),辣椒类,30.855,3.461194356,3.262499356,0.27412905,-0.07459115486,-0.0008428954997
2022-12-25,102900011016701,芜湖青椒(1),辣椒类,43.838,3.803055994,3.26545791,0.1763524482,0.3620654193,-0.0008197828778
2022-12-26,102900011016701,芜湖青椒(1),辣椒类,38.362,3.672800884,3.26841658,0.05926693313,0.3459142129,-0.0007968423632
2022-12-27,102900011016701,芜湖青椒(1),辣椒类,35.354,3.593304239,3.271375366,-0.1768823124,0.4995852595,-0.0007740741717
2022-12-28,102900011016701,芜湖青椒(1),辣椒类,35.04,3.584629433,3.274334266,-0.1098587838,0.4209054288,-0.0007514785392
2022-12-29,102900011016701,芜湖青椒(1),辣椒类,23.236,3.187839131,3.277293279,-0.1645347956,0.07580970376,-0.0007290557205
2022-12-30,102900011016701,芜湖青椒(1),辣椒类,32.508,3.511784216,3.280252402,-0.06346741103,0.2957087815,-0.0007095561895
2022-12-31,102900011016701,芜湖青椒(1),辣椒类,48.009,3.892003955,3.283211635,0.2875157063,0.3219669522,-0.000690338676
2023-01-01,102900011016701,芜湖青椒(1),辣椒类,33.523,3.541625769,3.286170976,0.1566919864,0.09943420352,-0.0006713971491
2023-01-02,102900011016701,芜湖青椒(1),辣椒类,29.57,3.420019136,3.289130424,0.05334948566,0.07819194924,-0.0006527225356
2023-01-03,102900011016701,芜湖青椒(1),辣椒类,19.131,3.002260916,3.292089977,-0.1711398016,-0.118054956,-0.0006343036415
2023-01-04,102900011016701,芜湖青椒(1),辣椒类,28.357,3.379531019,3.295049634,-0.1057329223,0.1908304349,-0.0006161279033
2023-01-05,102900011016701,芜湖青椒(1),辣椒类,19.238,3.007562025,3.298009394,-0.1385563562,-0.1512928307,-0.0005981819907
2023-01-06,102900011016701,芜湖青椒(1),辣椒类,21.151,3.097882642,3.300969256,-0.08797597563,-0.1145301859,-0.0005804522808
2023-01-07,102900011016701,芜湖青椒(1),辣椒类,25.938,3.293537929,3.303929218,0.3064831844,-0.3163115482,-0.0005629252219
2023-01-08,102900011016701,芜湖青椒(1),辣椒类,25.669,3.283501842,3.30688928,0.1469328313,-0.1697746813,-0.0005455876058
2023-01-09,102900011016701,芜湖青椒(1),辣椒类,21.472,3.11227009,3.309849439,0.03695718391,-0.2340081067,-0.0005284267624
2023-01-10,102900011016701,芜湖青椒(1),辣椒类,27.145,3.337369719,3.312809696,-0.1715580116,0.1966294653,-0.000511430693
2023-01-11,102900011016701,芜湖青椒(1),辣椒类,29.541,3.419070043,3.315770048,-0.1049251336,0.2087197167,-0.0004945881531
2023-01-12,102900011016701,芜湖青椒(1),辣椒类,28.396,3.380858611,3.318730496,-0.1121214226,0.1747274264,-0.0004778886965
2023-01-13,102900011016701,芜湖青椒(1),辣椒类,21.018,3.091860301,3.321691036,-0.1060228707,-0.1233465424,-0.0004613226886
2023-01-14,102900011016701,芜湖青椒(1),辣椒类,43.659,3.799055855,3.32465167,0.3226154052,0.1522336608,-0.0004448812988
2023-01-15,102900011016701,芜湖青椒(1),辣椒类,23.441,3.19626205,3.327612395,0.1477166385,-0.2786384275,-0.000428556475
2023-01-16,102900011016701,芜湖青椒(1),辣椒类,24.98,3.257327011,3.330573211,0.01425941315,-0.08709327247,-0.0004123409081
2023-01-17,102900011016701,芜湖青椒(1),辣椒类,17.415,2.91316555,3.333534117,-0.1770864642,-0.2428858751,-0.0003962279888
2023-01-18,102900011016701,芜湖青椒(1),辣椒类,79.447,4.387598583,3.336495112,-0.1005513828,1.152035065,-0.0003802117596
2023-01-19,102900011016701,芜湖青椒(1),辣椒类,107.272,4.684646579,3.339456194,-0.09224161487,1.437796287,-0.0003642868665
2023-01-20,102900011016701,芜湖青椒(1),辣椒类,148.306,5.005997891,3.342417364,-0.1131054429,1.777034419,-0.0003484485085
2023-01-21,102900011016701,芜湖青椒(1),辣椒类,0,0,3.345378619,0.3334960148,-3.678541941,-0.00033269239
2023-01-22,102900011016701,芜湖青椒(1),辣椒类,11.123,2.495104475,3.34833996,0.1614102842,-1.014328754,-0.0003170146743
2023-01-23,102900011016701,芜湖青椒(1),辣椒类,36.198,3.616254996,3.351301384,-0.009625104275,0.2748801281,-0.0003014119397
2023-01-24,102900011016701,芜湖青椒(1),辣椒类,69.599,4.25701598,3.354262893,-0.1811775957,1.084216564,-0.0002858811384
2023-01-25,102900011016701,芜湖青椒(1),辣椒类,64.405,4.180598708,3.357224484,-0.1185303528,0.9421749964,-0.0002704195592
2023-01-26,102900011016701,芜湖青椒(1),辣椒类,55.421,4.03284143,3.360186157,-0.08173701781,0.7546473152,-0.0002550247924
2023-01-27,102900011016701,芜湖青椒(1),辣椒类,61.296,4.131897218,3.363147911,-0.1062613914,0.8752503933,-0.0002396946982
2023-01-28,102900011016701,芜湖青椒(1),辣椒类,46.289,3.85627771,3.366109745,0.340372913,0.1500194793,-0.0002244273782
2023-01-29,102900011016701,芜湖青椒(1),辣椒类,38.25,3.669951444,3.369071659,0.1886105032,0.1124785028,-0.000209221149
2023-01-30,102900011016701,芜湖青椒(1),辣椒类,39.358,3.69778964,3.372033652,-0.0350856351,0.3610356977,-0.0001940745196
2023-01-31,102900011016701,芜湖青椒(1),辣椒类,23.588,3.202258519,3.374995723,-0.1807572893,0.008199071571,-0.00017898617
2023-02-01,102900011016701,芜湖青椒(1),辣椒类,26.092,3.299238481,3.377957871,-0.1475823538,0.06902691892,-0.0001639549327
2023-02-02,102900011016701,芜湖青椒(1),辣椒类,30.781,3.458868627,3.380920096,-0.08052312036,0.158620631,-0.0001489797763
2023-02-03,102900011016701,芜湖青椒(1),辣椒类,29.073,3.403627759,3.383882397,-0.08993878975,0.1098182119,-0.0001340597902
2023-02-04,102900011016701,芜湖青椒(1),辣椒类,52.156,3.973230986,3.386844773,0.3408363057,0.2456691019,-0.0001191941721
2023-02-05,102900011016701,芜湖青椒(1),辣椒类,39.091,3.69115187,3.389807224,0.2221660645,0.07928296405,-0.0001043822158
2023-02-06,102900011016701,芜湖青椒(1),辣椒类,15.887,2.826544095,3.392769749,-0.06392465425,-0.5022113759,-8.962330139e-05
2023-02-07,102900011016701,芜湖青椒(1),辣椒类,23.225,3.187385158,3.395732347,-0.1779416315,-0.0303306406,-7.491688574e-05
2023-02-08,102900011016701,芜湖青椒(1),辣椒类,18.653,2.978229998,3.398695018,-0.162795628,-0.2576091286,-6.026249469e-05
2023-02-09,102900011016701,芜湖青椒(1),辣椒类,29.83,3.428488242,3.40165776,-0.08882847654,0.1157046177,-4.565971585e-05
2023-02-10,102900011016701,芜湖青椒(1),辣椒类,24.604,3.242748589,3.404620575,-0.06872621035,-0.09311466709,-3.110819238e-05
2023-02-11,102900011016701,芜湖青椒(1),辣椒类,36.286,3.618617921,3.40758346,0.3346059373,-0.1235548688,-1.66076174e-05
2023-02-12,102900011016701,芜湖青椒(1),辣椒类,42.761,3.77874301,3.410546416,0.2547014757,0.1134972759,-2.157729141e-06
2023-02-13,102900011016701,芜湖青椒(1),辣椒类,21.698,3.122276815,3.413509441,-0.09173386427,-0.1995110038,1.224169337e-05
2023-02-14,102900011016701,芜湖青椒(1),辣椒类,21.929,3.132402485,3.416472536,-0.1747168481,-0.1093797935,2.659083411e-05
2023-02-15,102900011016701,芜湖青椒(1),辣椒类,18.861,2.98875801,3.419435699,-0.1692698309,-0.261448748,4.088984338e-05
2023-02-16,102900011016701,芜湖青椒(1),辣椒类,20.388,3.062830017,3.42239893,-0.1056749636,-0.2539490882,5.513884083e-05
2023-02-17,102900011016701,芜湖青椒(1),辣椒类,17.995,2.944175787,3.425362229,-0.04304606098,-0.4382097191,6.933791799e-05
2023-02-18,102900011016701,芜湖青椒(1),辣椒类,26.452,3.312439025,3.428325595,0.3244916809,-0.4404617375,8.348714064e-05
2023-02-19,102900011016701,芜湖青椒(1),辣椒类,28.129,3.371734242,3.431289027,0.2833763537,-0.3430287254,9.758655082e-05
2023-02-20,102900011016701,芜湖青椒(1),辣椒类,17.135,2.897843773,3.434252525,-0.1135446024,-0.4229757859,0.0001116361687
2023-02-21,102900011016701,芜湖青椒(1),辣椒类,19.063,2.998877323,3.437216088,-0.1739526805,-0.2645117213,0.000125635994
2023-02-22,102900011016701,芜湖青椒(1),辣椒类,18.599,2.975478545,3.440179717,-0.1685556577,-0.2962851008,0.0001395860077
2023-02-23,102900011016701,芜湖青椒(1),辣椒类,18.185,2.954128724,3.44314341,-0.1316889022,-0.3574792703,0.0001534861732
2023-02-24,102900011016701,芜湖青椒(1),辣椒类,25.083,3.261283761,3.446107167,-0.01523748513,-0.1680550667,-0.001530854114
2023-02-25,102900011016701,芜湖青椒(1),辣椒类,30.817,3.460000738,3.449070988,0.3127239293,-0.3019753155,0.000181136732
2023-02-26,102900011016701,芜湖青椒(1),辣椒类,29.227,3.408735565,3.452034871,0.3072577224,-0.3507519158,0.0001948869733
2023-02-27,102900011016701,芜湖青椒(1),辣椒类,15.253,2.788277507,3.454998817,-0.1279272923,-0.539002605,0.0002085870632
2023-02-28,102900011016701,芜湖青椒(1),辣椒类,17.861,2.937096298,3.457962826,-0.1785900433,-0.3424987212,0.0002222368912
2023-03-01,102900011016701,芜湖青椒(1),辣椒类,16.316,2.85163093,3.460926896,-0.1569239597,-0.4526078428,0.000235836335
2023-03-02,102900011016701,芜湖青椒(1),辣椒类,14.612,2.748039849,3.463891027,-0.163177823,-0.5529227399,0.000249385261
2023-03-03,102900011016701,芜湖青椒(1),辣椒类,21.493,3.11320415,3.466855219,0.009174271334,-0.3630882242,0.0002628835255
2023-03-04,102900011016701,芜湖青椒(1),辣椒类,32.423,3.509244286,3.469819472,0.3006167836,-0.2614683004,0.0002763309746
2023-03-05,102900011016701,芜湖青椒(1),辣椒类,25.152,3.263925669,3.472783784,0.3255372039,-0.5346850459,0.0002897274454
2023-03-06,102900011016701,芜湖青椒(1),辣椒类,15.941,2.829736719,3.475748156,-0.1359414836,-0.5103730259,0.0003030727659
2023-03-07,102900011016701,芜湖青椒(1),辣椒类,14.224,2.72287313,3.478712587,-0.1919052404,-0.5642505836,0.000316366756
2023-03-08,102900011016701,芜湖青椒(1),辣椒类,15.086,2.777949328,3.481677077,-0.1285323768,-0.5755249812,0.0003296092276
2023-03-09,102900011016701,芜湖青椒(1),辣椒类,13.663,2.685327314,3.484641626,-0.1935336032,-0.6061235083,0.000342799985
2023-03-10,102900011016701,芜湖青椒(1),辣椒类,16.403,2.856642605,3.487606232,0.02602589377,-0.6573454593,0.0003559388255
2023-03-11,102900011016701,芜湖青椒(1),辣椒类,19.988,3.043950846,3.490570896,0.2906138638,-0.7376029392,0.0003690255396
2023-03-12,102900011016701,芜湖青椒(1),辣椒类,27.256,3.341305824,3.493535617,0.3393710172,-0.4919828695,0.0003820599113
2023-03-13,102900011016701,芜湖青椒(1),辣椒类,15.457,2.800750919,3.496500395,-0.1372318298,-0.5589126879,0.0003950417186
2023-03-14,102900011016701,芜湖青椒(1),辣椒类,15.606,2.809764076,3.499465229,-0.2153325055,-0.4747766184,0.0004079707335
2023-03-15,102900011016701,芜湖青椒(1),辣椒类,13.216,2.654368091,3.502430119,-0.09241741261,-0.7560654627,0.0004208467226
2023-03-16,102900011016701,芜湖青椒(1),辣椒类,15.009,2.773151064,3.505395066,-0.2193620339,-0.513315637,0.0004336694472
2023-03-17,102900011016701,芜湖青椒(1),辣椒类,41.548,3.75063285,3.508360067,0.03612488575,0.2057014589,0.0004464386635
2023-03-18,102900011016701,芜湖青椒(1),辣椒类,27.118,3.336409941,3.511325124,0.2874135081,-0.4627878452,0.0004591541229
2023-03-19,102900011016701,芜湖青椒(1),辣椒类,29.562,3.419757407,3.514290235,0.3544234315,-0.4494280746,0.0004718155724
2023-03-20,102900011016701,芜湖青椒(1),辣椒类,33.091,3.52903342,3.5172554,-0.1277583683,0.1390519651,0.0004844227545
2023-03-21,102900011016701,芜湖青椒(1),辣椒类,23.516,3.199325966,3.52022062,-0.2453885392,-0.0760030903,0.0004969754077
2023-03-22,102900011016701,芜湖青椒(1),辣椒类,43.28,3.790533108,3.523185893,-0.08282143155,0.3496591733,0.0005094732667
2023-03-23,102900011016701,芜湖青椒(1),辣椒类,27.964,3.36605368,3.526151219,-0.2365812906,0.07596183494,0.0005219160623
2023-03-24,102900011016701,芜湖青椒(1),辣椒类,57.513,4.069248952,3.529116599,0.04188948535,0.4977085644,0.000534303522
2023-03-25,102900011016701,芜湖青椒(1),辣椒类,46.608,3.863000814,3.532082031,0.2934390543,0.03693309412,0.00054663537
2023-03-26,102900011016701,芜湖青椒(1),辣椒类,46.622,3.863294839,3.535047515,0.3740744425,-0.04638602937,0.0005589113273
2023-03-27,102900011016701,芜湖青椒(1),辣椒类,22.737,3.167035012,3.538013051,-0.1079285259,-0.2636206441,0.0005711311121
2023-03-28,102900011016701,芜湖青椒(1),辣椒类,19.187,3.005038833,3.540978639,-0.2792637753,-0.2572593254,0.0005832944398
2023-03-29,102900011016701,芜湖青椒(1),辣椒类,28.114,3.371219158,3.543944278,-0.0968438973,-0.07647662406,0.0005954010231
2023-03-30,102900011016701,芜湖青椒(1),辣椒类,15.541,2.805842147,3.546909969,-0.2452027,-0.4911936817,-0.004671439926
2023-03-31,102900011016701,芜湖青椒(1),辣椒类,30.517,3.450527083,3.54987571,0.04060216428,-0.1405702343,0.0006194427963
2023-04-01,102900011016701,芜湖青椒(1),辣椒类,34.501,3.569560865,3.552841502,0.3040394355,-0.2879514494,0.000631377399
2023-04-02,102900011016701,芜湖青椒(1),辣椒类,46.696,3.864847537,3.555807343,0.394353585,-0.08595664562,0.0006432540833
2023-04-03,102900011016701,芜湖青椒(1),辣椒类,27.24,3.340739413,3.558773235,-0.08362500581,-0.1350638892,0.0006550725503
2023-04-04,102900011016701,芜湖青椒(1),辣椒类,28.52,3.385068,3.561739176,-0.3145757373,0.1372377283,0.0006668324992
2023-04-05,102900011016701,芜湖青椒(1),辣椒类,32.835,3.52149577,3.564705167,-0.1036195236,0.05973159289,0.000678533628
2023-04-06,102900011016701,芜湖青椒(1),辣椒类,23.234,3.187756606,3.567671206,-0.248031774,-0.1325730021,0.0006901756335
2023-04-07,102900011016701,芜湖青椒(1),辣椒类,28.583,3.387199872,3.570637294,0.02897413587,-0.2131133165,0.000701758211
2023-04-08,102900011016701,芜湖青椒(1),辣椒类,31.05,3.467297183,3.573603431,0.3144186323,-0.4214381611,0.0007132810552
2023-04-09,102900011016701,芜湖青椒(1),辣椒类,25.138,3.263390194,3.576569616,0.4119560121,-0.7258601777,0.0007247438595
2023-04-10,102900011016701,芜湖青椒(1),辣椒类,17.637,2.925148852,3.579535849,-0.05736585068,-0.5977572921,0.0007361463165
2023-04-11,102900011016701,芜湖青椒(1),辣椒类,12.373,2.593237749,3.582502129,-0.3425588984,-0.6474529696,0.0007474881179
2023-04-12,102900011016701,芜湖青椒(1),辣椒类,18.478,2.969285624,3.585468457,-0.1148282848,-0.5021133172,0.0007587689554
2023-04-13,102900011016701,芜湖青椒(1),辣椒类,12.36,2.592265168,3.588434831,-0.2443227381,-0.7526169135,0.0007699885209
2023-04-14,102900011016701,芜湖青椒(1),辣椒类,18.546,2.972770662,3.591401253,0.008971838491,-0.6283835758,0.0007811465066
2023-04-15,102900011016701,芜湖青椒(1),辣椒类,27.914,3.364325907,3.594367721,0.3230110706,-0.5538451271,0.0007922426053
2023-04-16,102900011016701,芜湖青椒(1),辣椒类,34.746,3.576438375,3.597334235,0.4252058869,-0.4469050238,0.0008032765109
2023-04-17,102900011016701,芜湖青椒(1),辣椒类,9.139,2.316389374,3.600300796,-0.02939927171,-1.255326398,0.0008142479182
2023-04-18,102900011016701,芜湖青椒(1),辣椒类,13.669,2.685736424,3.603267402,-0.358018711,-0.5603374237,0.0008251565237
2023-04-19,102900011016701,芜湖青椒(1),辣椒类,11.305,2.510005684,3.606234053,-0.1290424979,-0.9680218736,0.0008360020252
2023-04-20,102900011016701,芜湖青椒(1),辣椒类,19.401,3.015583919,3.60920075,-0.2330520427,-0.3614115723,0.0008467841228
2023-04-21,102900011016701,芜湖青椒(1),辣椒类,23.348,3.192449711,3.612167492,-0.01524104196,-0.4005222007,-0.003954538742
2023-04-22,102900011016701,芜湖青椒(1),辣椒类,38.344,3.672343485,3.615134279,0.3283601314,-0.2720190815,0.0008681569161
2023-04-23,102900011016701,芜湖青椒(1),辣椒类,9.541,2.355272415,3.61810111,0.4326588041,-1.696366246,0.0008787470213
2023-04-24,102900011016701,芜湖青椒(1),辣椒类,38.418,3.674222565,3.621067985,-0.001704386238,0.05396969326,0.0008892725417
2023-04-25,102900011016701,芜湖青椒(1),辣椒类,9.148,2.317276642,3.624034905,-0.3591036192,-0.9485543768,0.0008997331884
2023-04-26,102900011016701,芜湖青椒(1),辣椒类,4.342,1.675600115,3.627001868,-0.1607195804,-1.791592301,0.0009101286755
2023-04-27,102900011016701,芜湖青椒(1),辣椒类,11.24,2.504709277,3.629968874,-0.2106606016,-0.9155194545,0.0009204587208
2023-04-28,102900011016701,芜湖青椒(1),辣椒类,2.384,1.219058442,3.632935924,-0.03708454689,-2.377723659,0.0009307230457
2023-04-29,102900011016701,芜湖青椒(1),辣椒类,43.398,3.793194423,3.635903018,0.3306640219,-0.1743135374,0.0009409213756
2023-04-30,102900011016701,芜湖青椒(1),辣椒类,40.275,3.72025699,3.638870153,0.4327264668,-0.3522906839,0.0009510534403
2023-05-01,102900011016701,芜湖青椒(1),辣椒类,27.236,3.34059776,3.641837332,0.009076922078,-0.3112776134,0.0009611189738
2023-05-02,102900011016701,芜湖青椒(1),辣椒类,15.602,2.80952317,3.644804553,-0.3454535466,-0.4907989538,0.0009711177146
2023-05-03,102900011016701,芜湖青椒(1),辣椒类,45.418,3.837687315,3.647771816,-0.1939440477,0.3828784977,0.0009810494063
2023-05-04,102900011016701,芜湖青椒(1),辣椒类,27.66,3.355502422,3.65073912,-0.178801604,-0.1174260079,0.0009909137974
2023-05-05,102900011016701,芜湖青椒(1),辣椒类,22.575,3.160186829,3.653706467,-0.05513409654,-0.4393862526,0.001000710642
2023-05-06,102900011016701,芜湖青椒(1),辣椒类,28.898,3.397791589,3.656673855,0.3279263573,-0.5878190634,0.001010439698
2023-05-07,102900011016701,芜湖青椒(1),辣椒类,40.937,3.736168492,3.659641284,0.4215036205,-0.3459965131,0.001020100732
2023-05-08,102900011016701,芜湖青椒(1),辣椒类,27.408,3.346670796,3.662608754,0.00854594666,-0.3255135987,0.001029693514
2023-05-09,102900011016701,芜湖青椒(1),辣椒类,15.25,2.788092909,3.665576265,-0.3184401285,-0.5600824455,0.00103921782
2023-05-10,102900011016701,芜湖青椒(1),辣椒类,12.067,2.570089968,3.668543816,-0.2192923306,-0.8802101911,0.001048673435
2023-05-11,102900011016701,芜湖青椒(1),辣椒类,15.182,2.783899513,3.671511408,-0.1422426003,-0.7464273544,0.001058060147
2023-05-12,102900011016701,芜湖青椒(1),辣椒类,18.997,2.995582262,3.67447904,-0.06825364785,-0.6117105073,0.001067377753
2023-05-13,102900011016701,芜湖青椒(1),辣椒类,29.288,3.410751594,3.677446711,0.3202617245,-0.5880334674,0.001076626056
2023-05-14,102900011016701,芜湖青椒(1),辣椒类,23.66,3.205182498,3.680414422,0.3975084313,-0.8738261608,0.001085804866
2023-05-15,102900011016701,芜湖青椒(1),辣椒类,19.258,3.008549777,3.683382173,0.001283388149,-0.6772106979,0.001094914001
2023-05-16,102900011016701,芜湖青椒(1),辣椒类,17.473,2.916310207,3.686349963,-0.279921358,-0.4926135748,0.002495176676
2023-05-17,102900011016701,芜湖青椒(1),辣椒类,14.442,2.73709107,3.689317791,-0.2407710817,-0.7125685624,0.001112922549
2023-05-18,102900011016701,芜湖青椒(1),辣椒类,16.398,2.856355257,3.692285659,-0.104010334,-0.7330418893,0.001121821634
2023-05-19,102900011016701,芜湖青椒(1),辣椒类,12.224,2.582033361,3.695253565,-0.07405438913,-1.03673265,-0.002433164818
2023-05-20,102900011016701,芜湖青椒(1),辣椒类,17.712,2.929165029,3.698221509,0.3098814135,-1.080077302,0.00113940866
2023-05-21,102900011016701,芜湖青椒(1),辣椒类,26.509,3.314513224,3.701189491,0.3622306184,-0.7500549821,0.001148096319
2023-05-22,102900011016701,芜湖青椒(1),辣椒类,18.744,2.982849648,3.704157511,-0.01081211516,-0.7116524616,0.001156713233
2023-05-23,102900011016701,芜湖青椒(1),辣椒类,12.207,2.580746992,3.707125569,-0.2349392173,-0.8926046189,0.001165259281
2023-05-24,102900011016701,芜湖青椒(1),辣椒类,15.668,2.813490714,3.710093664,-0.2570998589,-0.640676826,0.00117373435
2023-05-25,102900011016701,芜湖青椒(1),辣椒类,19.231,3.007216081,3.713061796,-0.06461394578,-0.6424139075,0.001182138339
2023-05-26,102900011016701,芜湖青椒(1),辣椒类,18.395,2.965015301,3.716029966,-0.06934603954,-0.6828590965,0.001190471155
2023-05-27,102900011016701,芜湖青椒(1),辣椒类,33.937,3.55354644,3.718998172,0.3021554195,-0.4688058845,0.001198732713
2023-05-28,102900011016701,芜湖青椒(1),辣椒类,35.124,3.586957464,3.721966414,0.3111190998,-0.4473349728,0.001206922941
2023-05-29,102900011016701,芜湖青椒(1),辣椒类,22.441,3.154486626,3.724934693,-0.04498206548,-0.5266810438,0.001215041774
2023-05-30,102900011016701,芜湖青椒(1),辣椒类,20.105,3.049509979,3.727903008,-0.186718119,-0.4928979994,0.00122308916
2023-05-31,102900011016701,芜湖青椒(1),辣椒类,21.595,3.117728643,3.730871359,-0.2611869656,-0.353186816,0.001231065056
2023-06-01,102900011016701,芜湖青椒(1),辣椒类,13.811,2.695370148,3.733839746,-0.02648163218,-1.013226935,0.001238969429
2023-06-02,102900011016701,芜湖青椒(1),辣椒类,9.818,2.381211413,3.736808168,-0.05053345823,-1.306310099,0.001246802258
2023-06-03,102900011016701,芜湖青椒(1),辣椒类,25.728,3.285711705,3.739776626,0.2944604923,-0.7497799763,0.001254563534
2023-06-04,102900011016701,芜湖青椒(1),辣椒类,26.848,3.326761151,3.742745118,0.2575389136,-0.6747851343,0.001262253256
2023-06-05,102900011016701,芜湖青椒(1),辣椒类,23.44,3.196221134,3.745713645,-0.08642623003,-0.4643361523,0.001269871437
2023-06-06,102900011016701,芜湖青椒(1),辣椒类,20.281,3.057814656,3.748682207,-0.1383794104,-0.5537655589,0.001277418101
2023-06-07,102900011016701,芜湖青椒(1),辣椒类,10.885,2.475277101,3.751650803,-0.2641075586,-1.013551037,0.001284893283
2023-06-08,102900011016701,芜湖青椒(1),辣椒类,19.936,3.041470165,3.754619434,0.01179216468,-0.7262337301,0.001292297032
2023-06-09,102900011016701,芜湖青椒(1),辣椒类,20.111,3.049794232,3.757588098,-0.03029093115,-0.6788025646,0.001299629407
2023-06-10,102900011016701,芜湖青椒(1),辣椒类,24.673,3.245439856,3.760556796,0.2875102438,-0.8039340744,0.001306890481
2023-06-11,102900011016701,芜湖青椒(1),辣椒类,24.824,3.251304292,3.763525528,0.2031902623,-0.7167255783,0.001314080338
2023-06-12,102900011016701,芜湖青椒(1),辣椒类,12.174,2.57824519,3.766494293,-0.1313767024,-1.058193599,0.001321199076
2023-06-13,102900011016701,芜湖青椒(1),辣椒类,13.356,2.664167973,3.769463091,-0.08961665986,-1.017006704,0.001328246805
2023-06-14,102900011016701,芜湖青椒(1),辣椒类,10.502,2.442520933,3.772431922,-0.2657822984,-1.065463914,0.00133522365
2023-06-15,102900011016701,芜湖青椒(1),辣椒类,9.562,2.357262654,3.775400785,0.05041244322,-1.469892704,0.001342129748
2023-06-16,102900011016701,芜湖青椒(1),辣椒类,15.637,2.811629131,3.778369681,-0.008916766567,-0.9591727493,0.00134896525
2023-06-17,102900011016701,芜湖青椒(1),辣椒类,30.508,3.450241482,3.78133861,0.2813165437,-0.6137694018,0.001355730319
2023-06-18,102900011016701,芜湖青椒(1),辣椒类,22.128,3.141044005,3.78430757,0.1479306966,-0.7925566868,0.001362425136
2023-06-19,102900011016701,芜湖青椒(1),辣椒类,16.382,2.855435188,3.787276562,-0.1786480527,-0.7545623711,0.001369049891
2023-06-20,102900011016701,芜湖青椒(1),辣椒类,13.29,2.659559992,3.790245586,-0.04061793374,-1.091443265,0.001375604794
2023-06-21,102900011016701,芜湖青椒(1),辣椒类,12.785,2.623581044,3.79321464,-0.2665786746,-0.9044370115,0.001382090064
2023-06-22,102900011016701,芜湖青椒(1),辣椒类,19.017,2.996581913,3.796183727,0.08916701062,-0.8901573307,0.00138850594
2023-06-23,102900011016701,芜湖青椒(1),辣椒类,14.365,2.732092196,3.799152844,0.01364149891,-1.080937145,0.0002349975457
2023-06-24,102900011016701,芜湖青椒(1),辣椒类,17.986,2.943701865,3.802121991,0.2757975053,-1.135618762,0.001401130526
2023-06-25,102900011016701,芜湖青椒(1),辣椒类,11.883,2.555908613,3.80509117,0.09173407022,-1.342323967,0.001407339788
2023-06-26,102900011016701,芜湖青椒(1),辣椒类,10.334,2.427807058,3.808060378,-0.2276329051,-1.153118863,0.0004984473112
2023-06-27,102900011016701,芜湖青椒(1),辣椒类,17.095,2.895635657,3.811029617,0.008551371024,-0.9318482362,0.007902905661
2023-06-28,102900011016701,芜湖青椒(1),辣椒类,11.342,2.51300808,3.813998885,-0.2668004174,-1.035615947,0.001425559106
2023-06-29,102900011016701,芜湖青椒(1),辣椒类,15.098,2.778695041,3.816968183,0.1279390715,-1.167643711,0.001431497182
2023-06-30,102900011016701,芜湖青椒(1),辣椒类,15.896,2.827076908,3.81993751,0.03730454026,-1.031602511,0.001437368353
