source_code,target_code,spearman_raw,spearman_residual,mic_approx,mic_candidate,partial_corr,graphical_lasso_edge,bootstrap_active_rate,bootstrap_same_sign_rate,final_stable_edge,source_item_code,source_item_name,source_category_name,target_item_code,target_item_name,target_category_name
102900005115762,102900005115779,0.3419374779,0.2091940264,0.4665772576,False,0.01154201673,True,0.53,0.53,False,102900005115762,苋菜,花叶类,102900005115779,云南生菜,花叶类
102900005115762,102900005115786,0.7045357145,0.2727547206,0.4926243842,False,0.1050730431,True,0.97,0.97,False,102900005115762,苋菜,花叶类,102900005115786,竹叶菜,花叶类
102900005115762,102900005115793,0.4147350194,0.1307723268,0.3250446075,False,0,False,0.24,0,False,102900005115762,苋菜,花叶类,102900005115793,小白菜,花叶类
102900005115762,102900005115823,0.2461624906,0.129902858,0.4134294288,False,0,False,0.14,0,False,102900005115762,苋菜,花叶类,102900005115823,上海青,花叶类
102900005115762,102900005115878,-0.5433510702,-0.06348599873,0.344458584,False,0,False,0.05,0,False,102900005115762,苋菜,花叶类,102900005115878,茼蒿,花叶类
102900005115762,102900005115908,0.1214518108,0.1119897826,0.4311269863,False,0,False,0.06,0,False,102900005115762,苋菜,花叶类,102900005115908,菜心,花叶类
102900005115762,102900005115946,0.3068194888,0.09284889017,0.4099959868,False,0,False,0.04,0,False,102900005115762,苋菜,花叶类,102900005115946,木耳菜,花叶类
102900005115762,102900005115960,0.2397862179,0.1638759812,0.4393106009,False,0.01871736991,True,0.64,0.64,False,102900005115762,苋菜,花叶类,102900005115960,大白菜,花叶类
102900005115762,102900005115984,0.2322707519,0.2107835139,0.3875340879,False,0,False,0.29,0,False,102900005115762,苋菜,花叶类,102900005115984,云南油麦菜,花叶类
102900005115762,102900005116226,-0.1273370599,-0.05162277713,0.4882081645,False,-0,False,0.1,0,False,102900005115762,苋菜,花叶类,102900005116226,青尖椒,辣椒类
102900005115762,102900005116233,0.01608441715,0.1925070474,0.4117297242,False,0,False,0.2,0,False,102900005115762,苋菜,花叶类,102900005116233,红椒(1),辣椒类
102900005115762,102900005116257,0.4035032905,0.1841232438,0.3958944524,False,0.01246054715,True,0.45,0.45,False,102900005115762,苋菜,花叶类,102900005116257,紫茄子(2),茄类
102900005115762,102900005116509,0.416643536,0.06444778375,0.3878669128,False,0,False,0.07,0,False,102900005115762,苋菜,花叶类,102900005116509,青茄子(1),茄类
102900005115762,102900005116530,-0.2354048017,-0.09245725838,0.4025575618,False,-0,False,0.41,0,False,102900005115762,苋菜,花叶类,102900005116530,西峡香菇(1),食用菌
102900005115762,102900005116547,0.2215494785,0.03170906309,0.4034225546,False,-0,False,0,0,False,102900005115762,苋菜,花叶类,102900005116547,金针菇(1),食用菌
102900005115762,102900005116714,-0.074297769,-0.1443960819,0.4351482816,False,-0,False,0.22,0,False,102900005115762,苋菜,花叶类,102900005116714,西兰花,花菜类
102900005115762,102900005116790,0.2630510836,0.05132820785,0.3478979818,False,0,False,0.05,0,False,102900005115762,苋菜,花叶类,102900005116790,黄心菜(1),花叶类
102900005115762,102900005116837,-0.3165304844,-0.1712047344,0.419629758,False,-0.01613111073,True,0.49,0.49,False,102900005115762,苋菜,花叶类,102900005116837,平菇,食用菌
102900005115762,102900005116899,-0.5209924825,0.02801018658,0.3795345519,False,0,False,0.02,0,False,102900005115762,苋菜,花叶类,102900005116899,净藕(1),水生根茎类
102900005115762,102900005116912,0.112996602,0.1195258319,0.3837515853,False,0,False,0.05,0,False,102900005115762,苋菜,花叶类,102900005116912,姬菇(1),食用菌
102900005115762,102900005116943,-0.03078421246,-0.06549500276,0.4033426895,False,-0,False,0.21,0,False,102900005115762,苋菜,花叶类,102900005116943,红杭椒,辣椒类
102900005115762,102900005117209,-0.080688639,-0.08428698037,0.3231722829,False,-0,False,0.15,0,False,102900005115762,苋菜,花叶类,102900005117209,七彩椒(1),辣椒类
102900005115762,102900005118817,-0.0298883676,0.1101388314,0.3958800341,False,-0,False,0.01,0,False,102900005115762,苋菜,花叶类,102900005118817,菠菜,花叶类
102900005115762,102900005118824,0.5603305971,0.06113994574,0.5079581642,False,0,False,0.12,0,False,102900005115762,苋菜,花叶类,102900005118824,高瓜(1),水生根茎类
102900005115762,102900005118831,0.2460067478,0.2443935868,0.3786115655,False,0.04365013571,True,0.66,0.66,False,102900005115762,苋菜,花叶类,102900005118831,娃娃菜,花叶类
102900005115762,102900005119944,0.233947493,0.01081736716,0.3044664548,False,-0,False,0,0,False,102900005115762,苋菜,花叶类,102900005119944,海鲜菇(1),食用菌
102900005115762,102900005119975,0.6530194859,0.4300570901,0.4214870693,False,0.2152216771,True,1,1,False,102900005115762,苋菜,花叶类,102900005119975,红薯尖,花叶类
102900005115762,102900005122654,-0.6493223585,0.2754432808,0.3666660824,False,0.08737343582,True,0.89,0.89,False,102900005115762,苋菜,花叶类,102900005122654,枝江红菜苔,花叶类
102900005115762,102900005123880,-0.05632682003,-0.1226028794,0.3651823819,False,-0,False,0.04,0,False,102900005115762,苋菜,花叶类,102900005123880,灯笼椒(1),辣椒类
102900005115762,102900005125808,0.04379814611,0.137201116,0.3662385872,False,0,False,0.15,0,False,102900005115762,苋菜,花叶类,102900005125808,小米椒,辣椒类
102900005115762,102900005125815,0.2506104965,0.1578408777,0.4123467585,False,0,False,0.09,0,False,102900005115762,苋菜,花叶类,102900005125815,杏鲍菇(1),食用菌
102900005115762,102900011000328,0.4130965663,0.06848056478,0.4033833819,False,0,False,0,0,False,102900005115762,苋菜,花叶类,102900011000328,螺丝椒,辣椒类
102900005115762,102900011001219,-0.0554794412,-0.1403501892,0.336386741,False,-0,False,0.05,0,False,102900005115762,苋菜,花叶类,102900011001219,红灯笼椒(1),辣椒类
102900005115762,102900011001806,0.1390895841,-0.2150255489,0.3634148161,False,-0.06529480184,True,0.77,0.77,False,102900005115762,苋菜,花叶类,102900011001806,姬菇(包),食用菌
102900005115762,102900011008164,0.4655323099,0.30416518,0.3710343345,False,0.1139174866,True,0.97,0.97,False,102900005115762,苋菜,花叶类,102900011008164,奶白菜,花叶类
102900005115762,102900011008522,-0.07365403206,-0.05044972097,0.2894564737,False,-0,False,0.01,0,False,102900005115762,苋菜,花叶类,102900011008522,甜白菜,花叶类
102900005115762,102900011009246,0.08714705407,-0.09082546915,0.3392805519,False,-0,False,0.01,0,False,102900005115762,苋菜,花叶类,102900011009246,鲜木耳(1),食用菌
102900005115762,102900011009970,0.232170831,-0.01541413119,0.4227951553,False,0,False,0,0,False,102900005115762,苋菜,花叶类,102900011009970,青梗散花,花菜类
102900005115762,102900011012994,0.081249015,-0.05377826486,0.3504315351,False,-0.01453561181,True,0.45,0.45,False,102900005115762,苋菜,花叶类,102900011012994,杏鲍菇(袋),食用菌
102900005115762,102900011013274,0.341951927,0.2924035299,0.3986832811,False,0.08364476069,True,0.89,0.89,False,102900005115762,苋菜,花叶类,102900011013274,白玉菇(袋),食用菌
102900005115762,102900011016701,0.1188777915,0.03001141849,0.3490971971,False,0,False,0.07,0,False,102900005115762,苋菜,花叶类,102900011016701,芜湖青椒(1),辣椒类
102900005115762,102900011021842,-0.1632321764,-0.02616677024,0.4490432882,False,0,False,0.03,0,False,102900005115762,苋菜,花叶类,102900011021842,洪湖莲藕(粉藕),水生根茎类
102900005115762,102900011022764,0.01129739815,0.119641761,0.494876875,False,0,False,0.23,0,False,102900005115762,苋菜,花叶类,102900011022764,长线茄,茄类
102900005115762,102900051000463,0.1614824025,-0.1693264325,0.4305823868,False,-0.03565066779,True,0.77,0.77,False,102900005115762,苋菜,花叶类,102900051000463,圆茄子(2),茄类
102900005115762,102900051004294,0.209663042,0.1626712432,0.4096430384,False,0,False,0.27,0,False,102900005115762,苋菜,花叶类,102900051004294,青线椒,辣椒类
102900005115762,102900051010455,0.38879216,-0.04847601779,0.4233342632,False,-0,False,0.07,0,False,102900005115762,苋菜,花叶类,102900051010455,黄白菜(2),花叶类
102900005115779,102900005115786,0.5440332952,0.1936774931,0.5128747632,False,0.02243121048,True,0.61,0.61,False,102900005115779,云南生菜,花叶类,102900005115786,竹叶菜,花叶类
102900005115779,102900005115793,0.4802843944,0.03249837824,0.2946171007,False,0,False,0.04,0,False,102900005115779,云南生菜,花叶类,102900005115793,小白菜,花叶类
102900005115779,102900005115823,0.5733638356,0.2393502674,0.5299727705,False,0.005012479217,True,0.52,0.52,False,102900005115779,云南生菜,花叶类,102900005115823,上海青,花叶类
102900005115779,102900005115878,-0.1054021736,-0.1556702836,0.4023180146,False,-0,False,0.06,0,False,102900005115779,云南生菜,花叶类,102900005115878,茼蒿,花叶类
102900005115779,102900005115908,0.5385947098,-0.06714239556,0.4712378621,False,-0,False,0.37,0,False,102900005115779,云南生菜,花叶类,102900005115908,菜心,花叶类
102900005115779,102900005115946,0.3026649326,0.1167965718,0.4925111129,False,0,False,0.06,0,False,102900005115779,云南生菜,花叶类,102900005115946,木耳菜,花叶类
102900005115779,102900005115960,0.4427912561,-0.1381048771,0.5241860045,False,-0,False,0.01,0,False,102900005115779,云南生菜,花叶类,102900005115960,大白菜,花叶类
102900005115779,102900005115984,0.6319656277,0.5225516072,0.5561023157,False,0.2556979715,True,1,1,False,102900005115779,云南生菜,花叶类,102900005115984,云南油麦菜,花叶类
102900005115779,102900005116226,0.2988083948,0.07089977062,0.5142048007,False,0,False,0.1,0,False,102900005115779,云南生菜,花叶类,102900005116226,青尖椒,辣椒类
102900005115779,102900005116233,0.371148248,0.3227251212,0.5081272332,False,0.08403063234,True,0.88,0.88,False,102900005115779,云南生菜,花叶类,102900005116233,红椒(1),辣椒类
102900005115779,102900005116257,0.4155725317,0.2910810236,0.4746732767,False,0.03005590471,True,0.69,0.69,False,102900005115779,云南生菜,花叶类,102900005116257,紫茄子(2),茄类
102900005115779,102900005116509,0.4466814953,0.06313963509,0.4410699434,False,-0,False,0.02,0,False,102900005115779,云南生菜,花叶类,102900005116509,青茄子(1),茄类
102900005115779,102900005116530,0.2093005113,-0.003186094574,0.4412219356,False,-0,False,0.09,0,False,102900005115779,云南生菜,花叶类,102900005116530,西峡香菇(1),食用菌
102900005115779,102900005116547,0.4795268031,-0.1020528601,0.4823534064,False,0,False,0,0,False,102900005115779,云南生菜,花叶类,102900005116547,金针菇(1),食用菌
102900005115779,102900005116714,0.0940268333,0.1878654899,0.473681852,False,0,False,0.28,0,False,102900005115779,云南生菜,花叶类,102900005116714,西兰花,花菜类
102900005115779,102900005116790,0.4310117226,-0.1528286542,0.4706528787,False,-0,False,0.01,0,False,102900005115779,云南生菜,花叶类,102900005116790,黄心菜(1),花叶类
102900005115779,102900005116837,-0.1766114158,-0.1526810432,0.4886995271,False,-0,False,0.23,0,False,102900005115779,云南生菜,花叶类,102900005116837,平菇,食用菌
102900005115779,102900005116899,-0.03156612879,0.2872746426,0.481821604,False,0.01159543555,True,0.49,0.49,False,102900005115779,云南生菜,花叶类,102900005116899,净藕(1),水生根茎类
102900005115779,102900005116912,0.4967404583,0.1207723968,0.2331768889,False,0,False,0.18,0,False,102900005115779,云南生菜,花叶类,102900005116912,姬菇(1),食用菌
102900005115779,102900005116943,0.4029925495,-0.109576747,0.4660977343,False,-0,False,0.05,0,False,102900005115779,云南生菜,花叶类,102900005116943,红杭椒,辣椒类
102900005115779,102900005117209,0.2402534343,-0.1358628281,0.4151345837,False,-0,False,0.06,0,False,102900005115779,云南生菜,花叶类,102900005117209,七彩椒(1),辣椒类
102900005115779,102900005118817,0.3323377643,0.346405881,0.484293974,False,0.1251767913,True,0.99,0.99,False,102900005115779,云南生菜,花叶类,102900005118817,菠菜,花叶类
102900005115779,102900005118824,0.5564027155,0.04279026703,0.5268867687,False,0,False,0.03,0,False,102900005115779,云南生菜,花叶类,102900005118824,高瓜(1),水生根茎类
102900005115779,102900005118831,0.4969679431,-0.1677594703,0.4822778379,False,-0,False,0.08,0,False,102900005115779,云南生菜,花叶类,102900005118831,娃娃菜,花叶类
102900005115779,102900005119944,0.4665662145,-0.02907300916,0.2115287576,False,-0,False,0.11,0,False,102900005115779,云南生菜,花叶类,102900005119944,海鲜菇(1),食用菌
102900005115779,102900005119975,0.579302949,0.1520192858,0.4026919002,False,0,False,0.15,0,False,102900005115779,云南生菜,花叶类,102900005119975,红薯尖,花叶类
102900005115779,102900005122654,-0.2717179719,0.3665440966,0.4388892884,False,0.04400493549,True,0.77,0.77,False,102900005115779,云南生菜,花叶类,102900005122654,枝江红菜苔,花叶类
102900005115779,102900005123880,0.2633846749,-0.1513584776,0.3175742845,False,-0,False,0.08,0,False,102900005115779,云南生菜,花叶类,102900005123880,灯笼椒(1),辣椒类
102900005115779,102900005125808,0.4775561166,-0.05363884133,0.3699918643,False,-0,False,0.07,0,False,102900005115779,云南生菜,花叶类,102900005125808,小米椒,辣椒类
102900005115779,102900005125815,0.5157341142,-0.1942657207,0.5309855989,False,-0,False,0.38,0,False,102900005115779,云南生菜,花叶类,102900005125815,杏鲍菇(1),食用菌
102900005115779,102900011000328,0.3254530484,0.2048336298,0.471218084,False,0,False,0.11,0,False,102900005115779,云南生菜,花叶类,102900011000328,螺丝椒,辣椒类
102900005115779,102900011001219,0.1997490382,-0.1572248263,0.3587446832,False,-0,False,0.1,0,False,102900005115779,云南生菜,花叶类,102900011001219,红灯笼椒(1),辣椒类
102900005115779,102900011001806,0.3669962654,-0.1008139486,0.2525497772,False,-0,False,0.12,0,False,102900005115779,云南生菜,花叶类,102900011001806,姬菇(包),食用菌
102900005115779,102900011008164,0.4896672775,0.2702519199,0.4182675683,False,0.03825371942,True,0.66,0.66,False,102900005115779,云南生菜,花叶类,102900011008164,奶白菜,花叶类
102900005115779,102900011008522,0.1603456978,0.08218055786,0.2224083596,False,0,False,0.21,0,False,102900005115779,云南生菜,花叶类,102900011008522,甜白菜,花叶类
102900005115779,102900011009246,0.167847693,-0.2097681547,0.2592777552,False,-0,False,0.18,0,False,102900005115779,云南生菜,花叶类,102900011009246,鲜木耳(1),食用菌
102900005115779,102900011009970,0.3571831798,-0.3266315905,0.5547283094,False,-0.0567745985,True,0.76,0.76,False,102900005115779,云南生菜,花叶类,102900011009970,青梗散花,花菜类
102900005115779,102900011012994,0.3330892384,0.1028626439,0.3676971188,False,0,False,0.03,0,False,102900005115779,云南生菜,花叶类,102900011012994,杏鲍菇(袋),食用菌
102900005115779,102900011013274,0.3694744195,0.01307389245,0.4553611208,False,0,False,0.11,0,False,102900005115779,云南生菜,花叶类,102900011013274,白玉菇(袋),食用菌
102900005115779,102900011016701,0.2770830091,0.2469773869,0.3969327469,False,0.02701086429,True,0.7,0.7,False,102900005115779,云南生菜,花叶类,102900011016701,芜湖青椒(1),辣椒类
102900005115779,102900011021842,0.0209748835,-0.30559614,0.5586749504,False,-0,False,0.15,0,False,102900005115779,云南生菜,花叶类,102900011021842,洪湖莲藕(粉藕),水生根茎类
102900005115779,102900011022764,0.2152766432,0.2040854297,0.476779584,False,0.0222224511,True,0.68,0.68,False,102900005115779,云南生菜,花叶类,102900011022764,长线茄,茄类
102900005115779,102900051000463,0.4390601023,-0.164134241,0.5196315718,False,-0,False,0.12,0,False,102900005115779,云南生菜,花叶类,102900051000463,圆茄子(2),茄类
102900005115779,102900051004294,0.4512475942,0.3147814213,0.4931398195,False,0.02630852393,True,0.65,0.65,False,102900005115779,云南生菜,花叶类,102900051004294,青线椒,辣椒类
102900005115779,102900051010455,0.4494838245,0.138803478,0.4644341961,False,0,False,0.31,0,False,102900005115779,云南生菜,花叶类,102900051010455,黄白菜(2),花叶类
102900005115786,102900005115793,0.5486651087,0.2028207693,0.3623455805,False,0.01201934841,True,0.5,0.5,False,102900005115786,竹叶菜,花叶类,102900005115793,小白菜,花叶类
102900005115786,102900005115823,0.3145213347,0.2762029907,0.5225228645,False,0.1185336344,True,0.94,0.94,False,102900005115786,竹叶菜,花叶类,102900005115823,上海青,花叶类
102900005115786,102900005115878,-0.5279537551,0.09074294229,0.4466062127,False,0,False,0.09,0,False,102900005115786,竹叶菜,花叶类,102900005115878,茼蒿,花叶类
102900005115786,102900005115908,0.3406428352,0.2441909929,0.4863125242,False,0.04606324464,True,0.76,0.76,False,102900005115786,竹叶菜,花叶类,102900005115908,菜心,花叶类
102900005115786,102900005115946,0.5055564624,0.2096461739,0.504762081,False,0.03344036786,True,0.56,0.56,False,102900005115786,竹叶菜,花叶类,102900005115946,木耳菜,花叶类
102900005115786,102900005115960,0.2868526357,0.2427787809,0.5530481482,False,0.06065104848,True,0.81,0.81,False,102900005115786,竹叶菜,花叶类,102900005115960,大白菜,花叶类
102900005115786,102900005115984,0.3837711924,0.2204783734,0.5324826387,False,0,False,0.12,0,False,102900005115786,竹叶菜,花叶类,102900005115984,云南油麦菜,花叶类
102900005115786,102900005116226,-0.04664661788,0.2213396548,0.5542456811,False,0.03342901002,True,0.69,0.69,False,102900005115786,竹叶菜,花叶类,102900005116226,青尖椒,辣椒类
102900005115786,102900005116233,0.1205095163,0.1556708176,0.4688664898,False,0,False,0.27,0,False,102900005115786,竹叶菜,花叶类,102900005116233,红椒(1),辣椒类
102900005115786,102900005116257,0.4220305375,0.2101151116,0.4673770132,False,0.02808203112,True,0.59,0.59,False,102900005115786,竹叶菜,花叶类,102900005116257,紫茄子(2),茄类
102900005115786,102900005116509,0.611259115,0.1834245242,0.4256923224,False,0.04269293245,True,0.76,0.76,False,102900005115786,竹叶菜,花叶类,102900005116509,青茄子(1),茄类
102900005115786,102900005116530,-0.1188183984,0.1061724991,0.4386201013,False,0,False,0.02,0,False,102900005115786,竹叶菜,花叶类,102900005116530,西峡香菇(1),食用菌
102900005115786,102900005116547,0.2897010273,0.09457441947,0.469164368,False,0,False,0.02,0,False,102900005115786,竹叶菜,花叶类,102900005116547,金针菇(1),食用菌
102900005115786,102900005116714,-0.005525698846,-0.06720237734,0.4500384829,False,-0,False,0.23,0,False,102900005115786,竹叶菜,花叶类,102900005116714,西兰花,花菜类
102900005115786,102900005116790,0.3173842224,0.1577821051,0.4681000584,False,0.001130726389,True,0.5,0.5,False,102900005115786,竹叶菜,花叶类,102900005116790,黄心菜(1),花叶类
102900005115786,102900005116837,-0.34805951,0.01300518928,0.4275624433,False,0,False,0.02,0,False,102900005115786,竹叶菜,花叶类,102900005116837,平菇,食用菌
102900005115786,102900005116899,-0.5475629281,0.06900200877,0.4605883616,False,0,False,0.09,0,False,102900005115786,竹叶菜,花叶类,102900005116899,净藕(1),水生根茎类
102900005115786,102900005116912,0.256388035,0.3337293753,0.3942210387,False,0.08621437672,True,0.89,0.89,False,102900005115786,竹叶菜,花叶类,102900005116912,姬菇(1),食用菌
102900005115786,102900005116943,0.08869503202,0.1547566146,0.4545607618,False,0,False,0.24,0,False,102900005115786,竹叶菜,花叶类,102900005116943,红杭椒,辣椒类
102900005115786,102900005117209,0.04581495827,0.05007244684,0.3800919676,False,0,False,0.08,0,False,102900005115786,竹叶菜,花叶类,102900005117209,七彩椒(1),辣椒类
102900005115786,102900005118817,0.07880503833,0.07050677426,0.4338750156,False,-0,False,0.06,0,False,102900005115786,竹叶菜,花叶类,102900005118817,菠菜,花叶类
102900005115786,102900005118824,0.6946812914,0.2314751519,0.5359410794,False,0,False,0.36,0,False,102900005115786,竹叶菜,花叶类,102900005118824,高瓜(1),水生根茎类
102900005115786,102900005118831,0.3117756996,0.1916106545,0.438935188,False,0,False,0.07,0,False,102900005115786,竹叶菜,花叶类,102900005118831,娃娃菜,花叶类
102900005115786,102900005119944,0.3844301882,0.2766212019,0.3756386281,False,0,False,0.19,0,False,102900005115786,竹叶菜,花叶类,102900005119944,海鲜菇(1),食用菌
102900005115786,102900005119975,0.8254225254,0.3307720539,0.4219387046,False,0.1653006113,True,0.99,0.99,False,102900005115786,竹叶菜,花叶类,102900005119975,红薯尖,花叶类
102900005115786,102900005122654,-0.5848738214,0.1338764285,0.4742950888,False,0,False,0.01,0,False,102900005115786,竹叶菜,花叶类,102900005122654,枝江红菜苔,花叶类
102900005115786,102900005123880,0.03875572197,0.1008319254,0.4379646936,False,0,False,0.28,0,False,102900005115786,竹叶菜,花叶类,102900005123880,灯笼椒(1),辣椒类
102900005115786,102900005125808,0.2432458924,0.1869193678,0.4244408168,False,0.000686718847,True,0.39,0.39,False,102900005115786,竹叶菜,花叶类,102900005125808,小米椒,辣椒类
102900005115786,102900005125815,0.3529335806,0.1175294998,0.494158051,False,0,False,0.04,0,False,102900005115786,竹叶菜,花叶类,102900005125815,杏鲍菇(1),食用菌
102900005115786,102900011000328,0.4300304901,0.1075881522,0.4382551614,False,0,False,0.12,0,False,102900005115786,竹叶菜,花叶类,102900011000328,螺丝椒,辣椒类
102900005115786,102900011001219,-0.0004875053098,-0.001014172669,0.3873594424,False,-0,False,0.08,0,False,102900005115786,竹叶菜,花叶类,102900011001219,红灯笼椒(1),辣椒类
102900005115786,102900011001806,0.1573184464,0.08321531775,0.4370154132,False,0,False,0.03,0,False,102900005115786,竹叶菜,花叶类,102900011001806,姬菇(包),食用菌
102900005115786,102900011008164,0.5058546715,0.08181283572,0.4207256264,False,0,False,0.27,0,False,102900005115786,竹叶菜,花叶类,102900011008164,奶白菜,花叶类
102900005115786,102900011008522,0.01019936704,0.1945530135,0.3462572793,False,0,False,0.44,0,False,102900005115786,竹叶菜,花叶类,102900011008522,甜白菜,花叶类
102900005115786,102900011009246,0.01117371079,-0.2102331767,0.3898397863,False,-0,False,0.02,0,False,102900005115786,竹叶菜,花叶类,102900011009246,鲜木耳(1),食用菌
102900005115786,102900011009970,0.2670923045,-0.01015282124,0.4885984725,False,-0,False,0,0,False,102900005115786,竹叶菜,花叶类,102900011009970,青梗散花,花菜类
102900005115786,102900011012994,0.1175072468,0.0008170218684,0.4717414265,False,-0,False,0.1,0,False,102900005115786,竹叶菜,花叶类,102900011012994,杏鲍菇(袋),食用菌
102900005115786,102900011013274,0.2849083728,0.1611877176,0.4535516922,False,0,False,0.33,0,False,102900005115786,竹叶菜,花叶类,102900011013274,白玉菇(袋),食用菌
102900005115786,102900011016701,0.08778695502,0.1499042605,0.4029836213,False,0.002737646933,True,0.5,0.5,False,102900005115786,竹叶菜,花叶类,102900011016701,芜湖青椒(1),辣椒类
102900005115786,102900011021842,-0.271050701,0.1349535494,0.5127115745,False,0,False,0.12,0,False,102900005115786,竹叶菜,花叶类,102900011021842,洪湖莲藕(粉藕),水生根茎类
102900005115786,102900011022764,0.1488807882,-0.1686379176,0.4816953249,False,-0,False,0,0,False,102900005115786,竹叶菜,花叶类,102900011022764,长线茄,茄类
102900005115786,102900051000463,0.2671726944,-0.01143486507,0.5041702541,False,-0,False,0.07,0,False,102900005115786,竹叶菜,花叶类,102900051000463,圆茄子(2),茄类
102900005115786,102900051004294,0.3366799091,0.2846686686,0.4495358719,False,0.0758825152,True,0.91,0.91,False,102900005115786,竹叶菜,花叶类,102900051004294,青线椒,辣椒类
102900005115786,102900051010455,0.4519400873,0.01591113156,0.4755209077,False,0,False,0.03,0,False,102900005115786,竹叶菜,花叶类,102900051010455,黄白菜(2),花叶类
102900005115793,102900005115823,0.1770376015,0.02071513234,0.3631157591,False,-0,False,0.04,0,False,102900005115793,小白菜,花叶类,102900005115823,上海青,花叶类
102900005115793,102900005115878,-0.3131515918,0.06517937163,0.3988478127,False,-0,False,0.03,0,False,102900005115793,小白菜,花叶类,102900005115878,茼蒿,花叶类
102900005115793,102900005115908,0.3804127385,0.1041909644,0.442740508,False,0,False,0.09,0,False,102900005115793,小白菜,花叶类,102900005115908,菜心,花叶类
102900005115793,102900005115946,0.436591135,0.1637592214,0.3562435245,False,0,False,0.29,0,False,102900005115793,小白菜,花叶类,102900005115946,木耳菜,花叶类
102900005115793,102900005115960,0.1490689622,0.2285609629,0.4181623106,False,0,False,0.34,0,False,102900005115793,小白菜,花叶类,102900005115960,大白菜,花叶类
102900005115793,102900005115984,0.2939278724,0.03707057999,0.2918518338,False,0,False,0.12,0,False,102900005115793,小白菜,花叶类,102900005115984,云南油麦菜,花叶类
102900005115793,102900005116226,-0.02310543207,0.08319277266,0.5090024995,False,0,False,0.07,0,False,102900005115793,小白菜,花叶类,102900005116226,青尖椒,辣椒类
102900005115793,102900005116233,0.06951487041,-0.008876828985,0.3441724419,False,0,False,0.01,0,False,102900005115793,小白菜,花叶类,102900005116233,红椒(1),辣椒类
102900005115793,102900005116257,0.1515106602,0.1154890165,0.2973565526,False,0,False,0.14,0,False,102900005115793,小白菜,花叶类,102900005116257,紫茄子(2),茄类
102900005115793,102900005116509,0.4166204619,0.05373121683,0.3532960013,False,0,False,0,0,False,102900005115793,小白菜,花叶类,102900005116509,青茄子(1),茄类
102900005115793,102900005116530,0.09874698886,0.11727785,0.4608233741,False,0,False,0.02,0,False,102900005115793,小白菜,花叶类,102900005116530,西峡香菇(1),食用菌
102900005115793,102900005116547,0.2004927473,0.2293237579,0.4873176907,False,0,False,0.26,0,False,102900005115793,小白菜,花叶类,102900005116547,金针菇(1),食用菌
102900005115793,102900005116714,-0.04910200047,-0.110178226,0.3628458173,False,-0,False,0.11,0,False,102900005115793,小白菜,花叶类,102900005116714,西兰花,花菜类
102900005115793,102900005116790,0.2540741355,0.1099803039,0.4668262174,False,0,False,0.04,0,False,102900005115793,小白菜,花叶类,102900005116790,黄心菜(1),花叶类
102900005115793,102900005116837,-0.4187210563,-0.1769723594,0.403321816,False,-0.06455941811,True,0.74,0.74,False,102900005115793,小白菜,花叶类,102900005116837,平菇,食用菌
102900005115793,102900005116899,-0.2014157947,0.09897213416,0.2962898387,False,0,False,0.38,0,False,102900005115793,小白菜,花叶类,102900005116899,净藕(1),水生根茎类
102900005115793,102900005116912,0.3894851963,0.4661280924,0.647885039,False,0.1638271569,True,1,1,False,102900005115793,小白菜,花叶类,102900005116912,姬菇(1),食用菌
102900005115793,102900005116943,0.04281219354,-0.0208881955,0.3761052965,False,-0,False,0.12,0,False,102900005115793,小白菜,花叶类,102900005116943,红杭椒,辣椒类
102900005115793,102900005117209,0.1279350906,0.1302876669,0.4104955272,False,0,False,0.45,0,False,102900005115793,小白菜,花叶类,102900005117209,七彩椒(1),辣椒类
102900005115793,102900005118817,0.03844364736,0.09944415696,0.3374569884,False,0,False,0.02,0,False,102900005115793,小白菜,花叶类,102900005118817,菠菜,花叶类
102900005115793,102900005118824,0.6060202918,0.2821757759,0.5500163761,False,0,False,0.31,0,False,102900005115793,小白菜,花叶类,102900005118824,高瓜(1),水生根茎类
102900005115793,102900005118831,0.2475880311,0.2800735824,0.3749849903,False,0.07052768011,True,0.81,0.81,False,102900005115793,小白菜,花叶类,102900005118831,娃娃菜,花叶类
102900005115793,102900005119944,0.4687935133,0.4096060318,0.5013368519,False,0.01257484158,True,0.62,0.62,False,102900005115793,小白菜,花叶类,102900005119944,海鲜菇(1),食用菌
102900005115793,102900005119975,0.6765333025,0.1076639155,0.2758962647,False,0,False,0.18,0,False,102900005115793,小白菜,花叶类,102900005119975,红薯尖,花叶类
102900005115793,102900005122654,-0.3853328158,0.0859718692,0.6952100939,False,0,False,0.02,0,False,102900005115793,小白菜,花叶类,102900005122654,枝江红菜苔,花叶类
102900005115793,102900005123880,0.1318568977,0.1447312917,0.433374507,False,0,False,0.27,0,False,102900005115793,小白菜,花叶类,102900005123880,灯笼椒(1),辣椒类
102900005115793,102900005125808,0.2256130438,0.07473439225,0.4631787087,False,-0,False,0.08,0,False,102900005115793,小白菜,花叶类,102900005125808,小米椒,辣椒类
102900005115793,102900005125815,0.3220936453,0.2172062019,0.3630969746,False,0,False,0.33,0,False,102900005115793,小白菜,花叶类,102900005125815,杏鲍菇(1),食用菌
102900005115793,102900011000328,0.08428675801,0.1025103473,0.3754234255,False,0,False,0.06,0,False,102900005115793,小白菜,花叶类,102900011000328,螺丝椒,辣椒类
102900005115793,102900011001219,0.07201625986,0.1555952323,0.3846362999,False,0,False,0.3,0,False,102900005115793,小白菜,花叶类,102900011001219,红灯笼椒(1),辣椒类
102900005115793,102900011001806,0.1814201069,0.2722595001,0.6496503897,False,0.03551947236,True,0.59,0.59,False,102900005115793,小白菜,花叶类,102900011001806,姬菇(包),食用菌
102900005115793,102900011008164,0.3740083508,0.07010517518,0.3833306494,False,0,False,0.35,0,False,102900005115793,小白菜,花叶类,102900011008164,奶白菜,花叶类
102900005115793,102900011008522,0.2016357238,0.1972291146,0.3901247118,False,0,False,0.21,0,False,102900005115793,小白菜,花叶类,102900011008522,甜白菜,花叶类
102900005115793,102900011009246,-0.1422557494,-0.2842216234,0.6986939968,False,-0,False,0.33,0,False,102900005115793,小白菜,花叶类,102900011009246,鲜木耳(1),食用菌
102900005115793,102900011009970,0.09605052308,0.02500326607,0.3222733947,False,-0,False,0.04,0,False,102900005115793,小白菜,花叶类,102900011009970,青梗散花,花菜类
102900005115793,102900011012994,0.05133746088,0.1245069895,0.4390781228,False,0,False,0.07,0,False,102900005115793,小白菜,花叶类,102900011012994,杏鲍菇(袋),食用菌
102900005115793,102900011013274,0.1524934472,0.1397383276,0.3056337802,False,0,False,0.11,0,False,102900005115793,小白菜,花叶类,102900011013274,白玉菇(袋),食用菌
102900005115793,102900011016701,-0.02142046501,0.04405890247,0.3876493632,False,0,False,0.04,0,False,102900005115793,小白菜,花叶类,102900011016701,芜湖青椒(1),辣椒类
102900005115793,102900011021842,-0.2294114721,0.218427661,0.456214823,False,0,False,0.31,0,False,102900005115793,小白菜,花叶类,102900011021842,洪湖莲藕(粉藕),水生根茎类
102900005115793,102900011022764,0.2303081979,-0.3048496012,0.6242775557,False,-0,False,0.05,0,False,102900005115793,小白菜,花叶类,102900011022764,长线茄,茄类
102900005115793,102900051000463,0.3111837993,-0.0421670142,0.3744375286,False,-0,False,0.11,0,False,102900005115793,小白菜,花叶类,102900051000463,圆茄子(2),茄类
102900005115793,102900051004294,0.1852068438,0.1762162092,0.3321406333,False,0.006688333996,True,0.39,0.39,False,102900005115793,小白菜,花叶类,102900051004294,青线椒,辣椒类
102900005115793,102900051010455,0.3333697787,-0.1471847898,0.3763600515,False,-0,False,0.09,0,False,102900005115793,小白菜,花叶类,102900051010455,黄白菜(2),花叶类
102900005115823,102900005115878,0.01677077173,0.2210704191,0.3983176502,False,0.01383509142,True,0.53,0.53,False,102900005115823,上海青,花叶类,102900005115878,茼蒿,花叶类
102900005115823,102900005115908,0.4916024934,0.3668850613,0.5418158523,False,0.1094663797,True,0.95,0.95,False,102900005115823,上海青,花叶类,102900005115908,菜心,花叶类
102900005115823,102900005115946,-0.03708426062,0.02992574718,0.4419954735,False,0,False,0.02,0,False,102900005115823,上海青,花叶类,102900005115946,木耳菜,花叶类
102900005115823,102900005115960,0.5901836282,0.08263282405,0.4968323738,False,0,False,0.09,0,False,102900005115823,上海青,花叶类,102900005115960,大白菜,花叶类
102900005115823,102900005115984,0.7030642406,0.3140258644,0.4615700622,False,0.1484168003,True,0.99,0.99,False,102900005115823,上海青,花叶类,102900005115984,云南油麦菜,花叶类
102900005115823,102900005116226,0.4509760504,0.326813197,0.5469913585,False,0.08140240581,True,0.96,0.96,False,102900005115823,上海青,花叶类,102900005116226,青尖椒,辣椒类
102900005115823,102900005116233,0.5028449902,0.2778810567,0.5023972905,False,0.06088796989,True,0.92,0.92,False,102900005115823,上海青,花叶类,102900005116233,红椒(1),辣椒类
102900005115823,102900005116257,0.5090931697,0.2261192713,0.4703148136,False,0,False,0.38,0,False,102900005115823,上海青,花叶类,102900005116257,紫茄子(2),茄类
102900005115823,102900005116509,0.3193500035,0.1446214734,0.4079371028,False,0,False,0.11,0,False,102900005115823,上海青,花叶类,102900005116509,青茄子(1),茄类
102900005115823,102900005116530,0.2091864508,0.3524370461,0.4439033491,False,0.09382189095,True,0.94,0.94,False,102900005115823,上海青,花叶类,102900005116530,西峡香菇(1),食用菌
102900005115823,102900005116547,0.5859188953,0.0447175748,0.4886977965,False,0,False,0,0,False,102900005115823,上海青,花叶类,102900005116547,金针菇(1),食用菌
102900005115823,102900005116714,0.01614041285,-0.04867892352,0.4562785796,False,-0,False,0.04,0,False,102900005115823,上海青,花叶类,102900005116714,西兰花,花菜类
102900005115823,102900005116790,0.5152540377,0.1270383868,0.5087810817,False,0,False,0.45,0,False,102900005115823,上海青,花叶类,102900005116790,黄心菜(1),花叶类
102900005115823,102900005116837,0.08634546422,0.06234723483,0.4488053198,False,0,False,0.04,0,False,102900005115823,上海青,花叶类,102900005116837,平菇,食用菌
102900005115823,102900005116899,-0.02567230904,0.1200936713,0.4421444188,False,0,False,0.15,0,False,102900005115823,上海青,花叶类,102900005116899,净藕(1),水生根茎类
102900005115823,102900005116912,0.4148270976,0.3364567961,0.3560922874,False,0.01732686102,True,0.59,0.59,False,102900005115823,上海青,花叶类,102900005116912,姬菇(1),食用菌
102900005115823,102900005116943,0.5697707867,0.2915862707,0.4675054945,False,0.09500401894,True,1,1,False,102900005115823,上海青,花叶类,102900005116943,红杭椒,辣椒类
102900005115823,102900005117209,0.2426009504,0.02305697296,0.4269941223,False,0,False,0.01,0,False,102900005115823,上海青,花叶类,102900005117209,七彩椒(1),辣椒类
102900005115823,102900005118817,0.4013634978,0.04734769582,0.4653193152,False,0,False,0.04,0,False,102900005115823,上海青,花叶类,102900005118817,菠菜,花叶类
102900005115823,102900005118824,0.3297947449,0.3494088858,0.5043363166,False,0.1058309162,True,0.9,0.9,False,102900005115823,上海青,花叶类,102900005118824,高瓜(1),水生根茎类
102900005115823,102900005118831,0.6004777943,0.07472810779,0.4475997143,False,0,False,0,0,False,102900005115823,上海青,花叶类,102900005118831,娃娃菜,花叶类
102900005115823,102900005119944,0.4029532853,0.2255360657,0.3364123635,False,0,False,0.03,0,False,102900005115823,上海青,花叶类,102900005119944,海鲜菇(1),食用菌
102900005115823,102900005119975,0.2675194477,0.08776794087,0.3661286265,False,0,False,0.06,0,False,102900005115823,上海青,花叶类,102900005119975,红薯尖,花叶类
102900005115823,102900005122654,-0.1207428311,0.2874404083,0.5067364036,False,0.007029330334,True,0.39,0.39,False,102900005115823,上海青,花叶类,102900005122654,枝江红菜苔,花叶类
102900005115823,102900005123880,0.1786406252,-0.1490613712,0.3787522531,False,-0.002624516918,True,0.5,0.5,False,102900005115823,上海青,花叶类,102900005123880,灯笼椒(1),辣椒类
102900005115823,102900005125808,0.5456223194,0.2180627866,0.4302865485,False,0.01812391412,True,0.54,0.54,False,102900005115823,上海青,花叶类,102900005125808,小米椒,辣椒类
102900005115823,102900005125815,0.5771910236,0.03797840682,0.4761440969,False,0,False,0.01,0,False,102900005115823,上海青,花叶类,102900005125815,杏鲍菇(1),食用菌
102900005115823,102900011000328,0.3966599461,0.1668564409,0.4959895191,False,0,False,0.34,0,False,102900005115823,上海青,花叶类,102900011000328,螺丝椒,辣椒类
102900005115823,102900011001219,0.1812434604,-0.1296654227,0.3757431314,False,-0.006490091302,True,0.51,0.51,False,102900005115823,上海青,花叶类,102900011001219,红灯笼椒(1),辣椒类
102900005115823,102900011001806,0.4508120446,-0.06802556944,0.3252860376,False,-0,False,0.09,0,False,102900005115823,上海青,花叶类,102900011001806,姬菇(包),食用菌
102900005115823,102900011008164,0.309695224,0.1013886109,0.4315401049,False,0,False,0.12,0,False,102900005115823,上海青,花叶类,102900011008164,奶白菜,花叶类
102900005115823,102900011008522,0.05809220824,0.09752758776,0.2914482832,False,0,False,0.25,0,False,102900005115823,上海青,花叶类,102900011008522,甜白菜,花叶类
102900005115823,102900011009246,0.4015934545,-0.3284751255,0.3577535225,False,-0.02213834939,True,0.65,0.65,False,102900005115823,上海青,花叶类,102900011009246,鲜木耳(1),食用菌
102900005115823,102900011009970,0.4963647303,-0.03849323392,0.5374294459,False,-0,False,0,0,False,102900005115823,上海青,花叶类,102900011009970,青梗散花,花菜类
102900005115823,102900011012994,0.5044288836,-0.1789360359,0.5274647997,False,-0,False,0.29,0,False,102900005115823,上海青,花叶类,102900011012994,杏鲍菇(袋),食用菌
102900005115823,102900011013274,0.4104605514,-0.03818264577,0.3689108176,False,-0,False,0.08,0,False,102900005115823,上海青,花叶类,102900011013274,白玉菇(袋),食用菌
102900005115823,102900011016701,0.3580801527,0.2108082542,0.4099056265,False,0,False,0.31,0,False,102900005115823,上海青,花叶类,102900011016701,芜湖青椒(1),辣椒类
102900005115823,102900011021842,0.2060470925,0.04100606119,0.5527052097,False,0,False,0.01,0,False,102900005115823,上海青,花叶类,102900011021842,洪湖莲藕(粉藕),水生根茎类
102900005115823,102900011022764,0.003027918113,-0.2613256104,0.4567288001,False,-0.01381066712,True,0.59,0.59,False,102900005115823,上海青,花叶类,102900011022764,长线茄,茄类
102900005115823,102900051000463,0.405833303,0.2039121886,0.5429842709,False,0.02667719317,True,0.71,0.71,False,102900005115823,上海青,花叶类,102900051000463,圆茄子(2),茄类
102900005115823,102900051004294,0.5177961401,0.2445107178,0.4808720156,False,0,False,0.44,0,False,102900005115823,上海青,花叶类,102900051004294,青线椒,辣椒类
102900005115823,102900051010455,0.3210649796,0.1180652073,0.4763932177,False,0.01607866345,True,0.56,0.56,False,102900005115823,上海青,花叶类,102900051010455,黄白菜(2),花叶类
102900005115878,102900005115908,0.05585238238,0.2404650623,0.4155159285,False,0.03067208544,True,0.63,0.63,False,102900005115878,茼蒿,花叶类,102900005115908,菜心,花叶类
102900005115878,102900005115946,-0.4401791351,-0.001342322255,0.323853366,False,-0,False,0.07,0,False,102900005115878,茼蒿,花叶类,102900005115946,木耳菜,花叶类
102900005115878,102900005115960,-0.0299684404,0.08075191167,0.6481581205,False,0,False,0,0,False,102900005115878,茼蒿,花叶类,102900005115960,大白菜,花叶类
102900005115878,102900005115984,0.0178111627,-0.1152759061,0.3450818726,False,-0,False,0.07,0,False,102900005115878,茼蒿,花叶类,102900005115984,云南油麦菜,花叶类
102900005115878,102900005116226,0.3220599026,0.3109664376,0.4716150527,False,0.07962534012,True,0.94,0.94,False,102900005115878,茼蒿,花叶类,102900005116226,青尖椒,辣椒类
102900005115878,102900005116233,0.2363242916,-0.07935239611,0.4059277236,False,-0,False,0.18,0,False,102900005115878,茼蒿,花叶类,102900005116233,红椒(1),辣椒类
102900005115878,102900005116257,-0.1405892294,0.02022827725,0.3456960138,False,0,False,0.17,0,False,102900005115878,茼蒿,花叶类,102900005116257,紫茄子(2),茄类
102900005115878,102900005116509,-0.249546705,0.1242162173,0.3699528341,False,0,False,0.23,0,False,102900005115878,茼蒿,花叶类,102900005116509,青茄子(1),茄类
102900005115878,102900005116530,0.3787667769,0.2345320869,0.4507737809,False,0,False,0.33,0,False,102900005115878,茼蒿,花叶类,102900005116530,西峡香菇(1),食用菌
102900005115878,102900005116547,-0.06144312054,0.1163656641,0.6048443129,False,0,False,0,0,False,102900005115878,茼蒿,花叶类,102900005116547,金针菇(1),食用菌
102900005115878,102900005116714,0.06247284546,0.1084315755,0.4887680485,False,0.04671966294,True,0.6,0.6,False,102900005115878,茼蒿,花叶类,102900005116714,西兰花,花菜类
102900005115878,102900005116790,-0.1373465811,0.1632591359,0.7062750876,False,0,False,0.08,0,False,102900005115878,茼蒿,花叶类,102900005116790,黄心菜(1),花叶类
102900005115878,102900005116837,0.5422903991,0.196636357,0.4488833002,False,0.06018230688,True,0.77,0.77,False,102900005115878,茼蒿,花叶类,102900005116837,平菇,食用菌
102900005115878,102900005116899,0.5460516887,-0.02200393969,0.3886674143,False,-0,False,0.02,0,False,102900005115878,茼蒿,花叶类,102900005116899,净藕(1),水生根茎类
102900005115878,102900005116912,-0.1483452607,0.2582679041,0.5440263661,False,0,False,0.03,0,False,102900005115878,茼蒿,花叶类,102900005116912,姬菇(1),食用菌
102900005115878,102900005116943,0.1655465315,0.2075822904,0.4595032426,False,0,False,0.42,0,False,102900005115878,茼蒿,花叶类,102900005116943,红杭椒,辣椒类
102900005115878,102900005117209,0.09202008011,0.04215680958,0.386083628,False,-0,False,0.14,0,False,102900005115878,茼蒿,花叶类,102900005117209,七彩椒(1),辣椒类
102900005115878,102900005118817,0.2435324506,-0.2002439259,0.3442058231,False,-0,False,0.05,0,False,102900005115878,茼蒿,花叶类,102900005118817,菠菜,花叶类
102900005115878,102900005118824,-0.4394514785,0.2434728134,0.4831804934,False,0.005593028075,True,0.56,0.56,False,102900005115878,茼蒿,花叶类,102900005118824,高瓜(1),水生根茎类
102900005115878,102900005118831,-0.09330530033,0.08051400652,0.68674788,False,0,False,0.05,0,False,102900005115878,茼蒿,花叶类,102900005118831,娃娃菜,花叶类
102900005115878,102900005119944,-0.2091392259,0.3240745037,0.5132003442,False,0.01403502698,True,0.6,0.6,False,102900005115878,茼蒿,花叶类,102900005119944,海鲜菇(1),食用菌
102900005115878,102900005119975,-0.5170078377,-0.07062187283,0.3783240444,False,-0,False,0.02,0,False,102900005115878,茼蒿,花叶类,102900005119975,红薯尖,花叶类
102900005115878,102900005122654,0.6592616316,-0.1292556362,0.570440864,False,-0,False,0.17,0,False,102900005115878,茼蒿,花叶类,102900005122654,枝江红菜苔,花叶类
102900005115878,102900005123880,0.07097080034,0.07902869621,0.5215714926,False,0,False,0.02,0,False,102900005115878,茼蒿,花叶类,102900005123880,灯笼椒(1),辣椒类
102900005115878,102900005125808,0.1181211339,0.06065854893,0.5049117123,False,0,False,0.08,0,False,102900005115878,茼蒿,花叶类,102900005125808,小米椒,辣椒类
102900005115878,102900005125815,-0.1388783308,0.008472708785,0.559246763,False,-0,False,0,0,False,102900005115878,茼蒿,花叶类,102900005125815,杏鲍菇(1),食用菌
102900005115878,102900011000328,-0.0931655342,-0.08346177108,0.364176178,False,-0,False,0.25,0,False,102900005115878,茼蒿,花叶类,102900011000328,螺丝椒,辣椒类
102900005115878,102900011001219,0.1175260334,0.09710611341,0.3721302399,False,0,False,0.06,0,False,102900005115878,茼蒿,花叶类,102900011001219,红灯笼椒(1),辣椒类
102900005115878,102900011001806,-0.05259042965,0.06175643505,0.4875827364,False,0,False,0.02,0,False,102900005115878,茼蒿,花叶类,102900011001806,姬菇(包),食用菌
102900005115878,102900011008164,-0.160605774,-0.2093165411,0.5211404736,False,-0,False,0.13,0,False,102900005115878,茼蒿,花叶类,102900011008164,奶白菜,花叶类
102900005115878,102900011008522,-0.1848332025,0.1176092627,0.3201040535,False,0,False,0.07,0,False,102900005115878,茼蒿,花叶类,102900011008522,甜白菜,花叶类
102900005115878,102900011009246,0.1744483458,-0.1371844445,0.4058325039,False,-0,False,0.06,0,False,102900005115878,茼蒿,花叶类,102900011009246,鲜木耳(1),食用菌
102900005115878,102900011009970,-0.04025125232,0.1734486225,0.6145759817,False,0,False,0.07,0,False,102900005115878,茼蒿,花叶类,102900011009970,青梗散花,花菜类
102900005115878,102900011012994,0.02899257681,-0.3661994535,0.477438705,False,-0.1303801101,True,0.98,0.98,False,102900005115878,茼蒿,花叶类,102900011012994,杏鲍菇(袋),食用菌
102900005115878,102900011013274,-0.1894800235,-0.132130846,0.5737523961,False,-0,False,0.23,0,False,102900005115878,茼蒿,花叶类,102900011013274,白玉菇(袋),食用菌
102900005115878,102900011016701,0.06688983628,0.2793858815,0.541382572,False,0.1643602934,True,1,1,False,102900005115878,茼蒿,花叶类,102900011016701,芜湖青椒(1),辣椒类
102900005115878,102900011021842,0.3195331882,0.3598624465,0.8868773648,True,0.06065849405,True,0.79,0.79,True,102900005115878,茼蒿,花叶类,102900011021842,洪湖莲藕(粉藕),水生根茎类
102900005115878,102900011022764,-0.07279920141,-0.4982157942,0.6128079572,False,-0.1637058757,True,1,1,False,102900005115878,茼蒿,花叶类,102900011022764,长线茄,茄类
102900005115878,102900051000463,0.003046613278,0.3042866268,0.4978940862,False,0.07771376632,True,0.88,0.88,False,102900005115878,茼蒿,花叶类,102900051000463,圆茄子(2),茄类
102900005115878,102900051004294,0.123246297,0.01572507532,0.3941263217,False,-0,False,0.02,0,False,102900005115878,茼蒿,花叶类,102900051004294,青线椒,辣椒类
102900005115878,102900051010455,-0.4145175375,-0.1431168266,0.3961102151,False,-0,False,0.23,0,False,102900005115878,茼蒿,花叶类,102900051010455,黄白菜(2),花叶类
102900005115908,102900005115946,0.003342235988,-0.03610369266,0.4152235456,False,-0,False,0.25,0,False,102900005115908,菜心,花叶类,102900005115946,木耳菜,花叶类
102900005115908,102900005115960,0.5824936315,0.09539891682,0.4913546525,False,0,False,0.07,0,False,102900005115908,菜心,花叶类,102900005115960,大白菜,花叶类
102900005115908,102900005115984,0.5160145467,0.005604351153,0.4698408627,False,-0,False,0.11,0,False,102900005115908,菜心,花叶类,102900005115984,云南油麦菜,花叶类
102900005115908,102900005116226,0.4761264824,0.4348361726,0.5609495108,False,0.1329910505,True,1,1,False,102900005115908,菜心,花叶类,102900005116226,青尖椒,辣椒类
102900005115908,102900005116233,0.3593726388,0.06749801455,0.5044847178,False,-0,False,0.03,0,False,102900005115908,菜心,花叶类,102900005116233,红椒(1),辣椒类
102900005115908,102900005116257,0.2052200151,0.02352626662,0.4635334827,False,-0,False,0.13,0,False,102900005115908,菜心,花叶类,102900005116257,紫茄子(2),茄类
102900005115908,102900005116509,0.3029148883,-0.02836960263,0.4437818823,False,-0,False,0.37,0,False,102900005115908,菜心,花叶类,102900005116509,青茄子(1),茄类
102900005115908,102900005116530,0.4413565003,0.3632667538,0.4635179681,False,0.04681926724,True,0.78,0.78,False,102900005115908,菜心,花叶类,102900005116530,西峡香菇(1),食用菌
102900005115908,102900005116547,0.5926078436,-0.03875546881,0.4626859097,False,-0,False,0.2,0,False,102900005115908,菜心,花叶类,102900005116547,金针菇(1),食用菌
102900005115908,102900005116714,0.07144993585,-0.2536660378,0.4501759525,False,-0.09717995682,True,0.96,0.96,False,102900005115908,菜心,花叶类,102900005116714,西兰花,花菜类
102900005115908,102900005116790,0.5536206096,0.08204327018,0.5260761541,False,0,False,0,0,False,102900005115908,菜心,花叶类,102900005116790,黄心菜(1),花叶类
102900005115908,102900005116837,0.1881717526,0.3030529362,0.4293768898,False,0.1724844408,True,1,1,False,102900005115908,菜心,花叶类,102900005116837,平菇,食用菌
102900005115908,102900005116899,0.004702826998,0.05000688812,0.4140354529,False,0,False,0.21,0,False,102900005115908,菜心,花叶类,102900005116899,净藕(1),水生根茎类
102900005115908,102900005116912,0.4769546791,0.3688313544,0.3637545226,False,0.02608946757,True,0.74,0.74,False,102900005115908,菜心,花叶类,102900005116912,姬菇(1),食用菌
102900005115908,102900005116943,0.5828906155,0.3954246419,0.4821678209,False,0.1252893094,True,1,1,False,102900005115908,菜心,花叶类,102900005116943,红杭椒,辣椒类
102900005115908,102900005117209,0.2419434916,-0.004850930145,0.4063906762,False,0,False,0,0,False,102900005115908,菜心,花叶类,102900005117209,七彩椒(1),辣椒类
102900005115908,102900005118817,0.3401073286,0.000129812203,0.4822732412,False,-0,False,0.01,0,False,102900005115908,菜心,花叶类,102900005118817,菠菜,花叶类
102900005115908,102900005118824,0.4746365513,0.3529558796,0.4639082238,False,0.03538670153,True,0.67,0.67,False,102900005115908,菜心,花叶类,102900005118824,高瓜(1),水生根茎类
102900005115908,102900005118831,0.5912889017,0.2086799813,0.5000522046,False,0,False,0.07,0,False,102900005115908,菜心,花叶类,102900005118831,娃娃菜,花叶类
102900005115908,102900005119944,0.5523866625,0.3068643601,0.3387823903,False,0,False,0.42,0,False,102900005115908,菜心,花叶类,102900005119944,海鲜菇(1),食用菌
102900005115908,102900005119975,0.3472979717,0.1095579989,0.3918393488,False,0,False,0.19,0,False,102900005115908,菜心,花叶类,102900005119975,红薯尖,花叶类
102900005115908,102900005122654,-0.05724803018,0.3266974458,0.5544181694,False,0.06629352326,True,0.96,0.96,False,102900005115908,菜心,花叶类,102900005122654,枝江红菜苔,花叶类
102900005115908,102900005123880,0.1997942434,-0.1000751226,0.3720716424,False,-0,False,0.1,0,False,102900005115908,菜心,花叶类,102900005123880,灯笼椒(1),辣椒类
102900005115908,102900005125808,0.6631139489,0.3780200174,0.5000057068,False,0.1022884318,True,0.92,0.92,False,102900005115908,菜心,花叶类,102900005125808,小米椒,辣椒类
102900005115908,102900005125815,0.6180249854,0.1479805488,0.4730410875,False,0,False,0.2,0,False,102900005115908,菜心,花叶类,102900005125815,杏鲍菇(1),食用菌
102900005115908,102900011000328,0.2183970785,0.08602597739,0.4779954926,False,0,False,0.1,0,False,102900005115908,菜心,花叶类,102900011000328,螺丝椒,辣椒类
102900005115908,102900011001219,0.1595738541,-0.06164293836,0.3733278977,False,-0,False,0.03,0,False,102900005115908,菜心,花叶类,102900011001219,红灯笼椒(1),辣椒类
102900005115908,102900011001806,0.4399774743,-0.03429551784,0.4446960949,False,-0,False,0.02,0,False,102900005115908,菜心,花叶类,102900011001806,姬菇(包),食用菌
102900005115908,102900011008164,0.2202438899,0.1029474252,0.3744638821,False,0,False,0.19,0,False,102900005115908,菜心,花叶类,102900011008164,奶白菜,花叶类
102900005115908,102900011008522,0.07321050439,-0.02860828385,0.3407020858,False,-0,False,0.01,0,False,102900005115908,菜心,花叶类,102900011008522,甜白菜,花叶类
102900005115908,102900011009246,0.3311940318,-0.3466918475,0.4479740296,False,-0,False,0.46,0,False,102900005115908,菜心,花叶类,102900011009246,鲜木耳(1),食用菌
102900005115908,102900011009970,0.5317499394,-0.07556161873,0.4958060094,False,-0,False,0.05,0,False,102900005115908,菜心,花叶类,102900011009970,青梗散花,花菜类
102900005115908,102900011012994,0.4624400719,-0.24403294,0.4625940245,False,-0.05324016336,True,0.71,0.71,False,102900005115908,菜心,花叶类,102900011012994,杏鲍菇(袋),食用菌
102900005115908,102900011013274,0.2994449226,-0.009935083219,0.3983108487,False,-0,False,0.07,0,False,102900005115908,菜心,花叶类,102900011013274,白玉菇(袋),食用菌
102900005115908,102900011016701,0.2049124902,0.1868147704,0.421057663,False,0.01407457317,True,0.42,0.42,False,102900005115908,菜心,花叶类,102900011016701,芜湖青椒(1),辣椒类
102900005115908,102900011021842,0.1158142117,0.03606738321,0.4950236862,False,-0,False,0.04,0,False,102900005115908,菜心,花叶类,102900011021842,洪湖莲藕(粉藕),水生根茎类
102900005115908,102900011022764,-0.04497680648,-0.1939834536,0.4930644011,False,-0,False,0.15,0,False,102900005115908,菜心,花叶类,102900011022764,长线茄,茄类
102900005115908,102900051000463,0.4780644715,0.1722014643,0.5013735455,False,0.01620397146,True,0.57,0.57,False,102900005115908,菜心,花叶类,102900051000463,圆茄子(2),茄类
102900005115908,102900051004294,0.4298814365,0.114851406,0.4661008719,False,-0,False,0,0,False,102900005115908,菜心,花叶类,102900051004294,青线椒,辣椒类
102900005115908,102900051010455,0.3168847997,-0.05106561698,0.4904021178,False,-0,False,0.12,0,False,102900005115908,菜心,花叶类,102900051010455,黄白菜(2),花叶类
102900005115946,102900005115960,-0.1155951435,0.3205757444,0.5184513783,False,0.01500323292,True,0.56,0.56,False,102900005115946,木耳菜,花叶类,102900005115960,大白菜,花叶类
102900005115946,102900005115984,0.1297206312,0.2509579583,0.4414584903,False,0.108304963,True,0.98,0.98,False,102900005115946,木耳菜,花叶类,102900005115984,云南油麦菜,花叶类
102900005115946,102900005116226,-0.2386420159,-0.09043271011,0.4914048003,False,-0,False,0.09,0,False,102900005115946,木耳菜,花叶类,102900005116226,青尖椒,辣椒类
102900005115946,102900005116233,-0.13522122,0.03452150261,0.385078696,False,0,False,0.06,0,False,102900005115946,木耳菜,花叶类,102900005116233,红椒(1),辣椒类
102900005115946,102900005116257,0.0727403106,0.2595163083,0.4175652576,False,0.04355527855,True,0.71,0.71,False,102900005115946,木耳菜,花叶类,102900005116257,紫茄子(2),茄类
102900005115946,102900005116509,0.2928860562,0.2006474235,0.3703617827,False,0.04425853557,True,0.66,0.66,False,102900005115946,木耳菜,花叶类,102900005116509,青茄子(1),茄类
102900005115946,102900005116530,-0.1937415608,-0.01757133946,0.383672757,False,-0,False,0.07,0,False,102900005115946,木耳菜,花叶类,102900005116530,西峡香菇(1),食用菌
102900005115946,102900005116547,-0.08496550759,0.2331741611,0.4163521757,False,0,False,0.02,0,False,102900005115946,木耳菜,花叶类,102900005116547,金针菇(1),食用菌
102900005115946,102900005116714,0.1467435556,0.008245448059,0.4101548947,False,0,False,0.09,0,False,102900005115946,木耳菜,花叶类,102900005116714,西兰花,花菜类
102900005115946,102900005116790,-0.06972224836,0.1961208459,0.449627756,False,0,False,0.03,0,False,102900005115946,木耳菜,花叶类,102900005116790,黄心菜(1),花叶类
102900005115946,102900005116837,-0.5291756337,-0.1355368144,0.4071859175,False,-0.009465814919,True,0.48,0.48,False,102900005115946,木耳菜,花叶类,102900005116837,平菇,食用菌
102900005115946,102900005116899,-0.1939909359,-0.06596767819,0.3640740429,False,-0,False,0.16,0,False,102900005115946,木耳菜,花叶类,102900005116899,净藕(1),水生根茎类
102900005115946,102900005116912,0.1665968761,0.06721483647,0.372496415,False,-0,False,0.07,0,False,102900005115946,木耳菜,花叶类,102900005116912,姬菇(1),食用菌
102900005115946,102900005116943,-0.2201874911,0.03695340489,0.3699185888,False,-0,False,0.04,0,False,102900005115946,木耳菜,花叶类,102900005116943,红杭椒,辣椒类
102900005115946,102900005117209,0.0617866552,0.1639091462,0.3571986665,False,0,False,0.14,0,False,102900005115946,木耳菜,花叶类,102900005117209,七彩椒(1),辣椒类
102900005115946,102900005118817,-0.08506010956,0.1095771029,0.3827907869,False,0,False,0.07,0,False,102900005115946,木耳菜,花叶类,102900005118817,菠菜,花叶类
102900005115946,102900005118824,0.3707844157,0.07710067648,0.4948921158,False,0,False,0.11,0,False,102900005115946,木耳菜,花叶类,102900005118824,高瓜(1),水生根茎类
102900005115946,102900005118831,-0.02461426527,0.2733179782,0.494025928,False,0,False,0.18,0,False,102900005115946,木耳菜,花叶类,102900005118831,娃娃菜,花叶类
102900005115946,102900005119944,0.1590914342,0.09812699027,0.3795016365,False,-0,False,0.03,0,False,102900005115946,木耳菜,花叶类,102900005119944,海鲜菇(1),食用菌
102900005115946,102900005119975,0.54079814,0.1831275225,0.3623307026,False,0.01403895531,True,0.48,0.48,False,102900005115946,木耳菜,花叶类,102900005119975,红薯尖,花叶类
102900005115946,102900005122654,-0.4866427595,-0.1392970966,0.408617283,False,-0,False,0.04,0,False,102900005115946,木耳菜,花叶类,102900005122654,枝江红菜苔,花叶类
102900005115946,102900005123880,0.1242412066,0.2893556129,0.4111632055,False,0.08100309119,True,0.78,0.78,False,102900005115946,木耳菜,花叶类,102900005123880,灯笼椒(1),辣椒类
102900005115946,102900005125808,-0.05031985555,0.08088593625,0.356287508,False,-0,False,0.03,0,False,102900005115946,木耳菜,花叶类,102900005125808,小米椒,辣椒类
102900005115946,102900005125815,0.05868329536,0.2095774801,0.4298250321,False,0,False,0.01,0,False,102900005115946,木耳菜,花叶类,102900005125815,杏鲍菇(1),食用菌
102900005115946,102900011000328,-0.00359738882,-0.06212908151,0.4090443619,False,-0,False,0.18,0,False,102900005115946,木耳菜,花叶类,102900011000328,螺丝椒,辣椒类
102900005115946,102900011001219,0.06862564655,0.2235513866,0.3486232689,False,0,False,0.42,0,False,102900005115946,木耳菜,花叶类,102900011001219,红灯笼椒(1),辣椒类
102900005115946,102900011001806,-0.00180550588,0.1931250793,0.3721424278,False,0,False,0.3,0,False,102900005115946,木耳菜,花叶类,102900011001806,姬菇(包),食用菌
102900005115946,102900011008164,0.2933910468,-0.05243843443,0.3326344328,False,0,False,0.02,0,False,102900005115946,木耳菜,花叶类,102900011008164,奶白菜,花叶类
102900005115946,102900011008522,0.389923812,0.2829144833,0.2933909295,False,0.008217146164,True,0.49,0.49,False,102900005115946,木耳菜,花叶类,102900011008522,甜白菜,花叶类
102900005115946,102900011009246,-0.3092866007,0.08784447549,0.2854004965,False,0,False,0.09,0,False,102900005115946,木耳菜,花叶类,102900011009246,鲜木耳(1),食用菌
102900005115946,102900011009970,-0.2055211016,0.115617998,0.4881582244,False,-0,False,0,0,False,102900005115946,木耳菜,花叶类,102900011009970,青梗散花,花菜类
102900005115946,102900011012994,-0.1296942431,0.09306923867,0.4071345928,False,-0,False,0.03,0,False,102900005115946,木耳菜,花叶类,102900011012994,杏鲍菇(袋),食用菌
102900005115946,102900011013274,0.1011806457,0.3275861967,0.4237567835,False,0.08105145137,True,0.91,0.91,False,102900005115946,木耳菜,花叶类,102900011013274,白玉菇(袋),食用菌
102900005115946,102900011016701,-0.03019093302,-0.02657127645,0.3233741881,False,0,False,0.09,0,False,102900005115946,木耳菜,花叶类,102900011016701,芜湖青椒(1),辣椒类
102900005115946,102900011021842,-0.251044896,0.2799793511,0.4950150654,False,0.02192896271,True,0.64,0.64,False,102900005115946,木耳菜,花叶类,102900011021842,洪湖莲藕(粉藕),水生根茎类
102900005115946,102900011022764,0.5269416281,-0.107566675,0.4544208853,False,0,False,0.2,0,False,102900005115946,木耳菜,花叶类,102900011022764,长线茄,茄类
102900005115946,102900051000463,-0.01103727258,-0.03905318254,0.3905455669,False,-0,False,0.15,0,False,102900005115946,木耳菜,花叶类,102900051000463,圆茄子(2),茄类
102900005115946,102900051004294,-0.02499154357,0.1924667036,0.3988018611,False,0,False,0.44,0,False,102900005115946,木耳菜,花叶类,102900051004294,青线椒,辣椒类
102900005115946,102900051010455,0.4137476735,0.01195702101,0.4105689522,False,-0,False,0.11,0,False,102900005115946,木耳菜,花叶类,102900051010455,黄白菜(2),花叶类
102900005115960,102900005115984,0.5816258282,-0.04969416411,0.4270651478,False,-0,False,0.03,0,False,102900005115960,大白菜,花叶类,102900005115984,云南油麦菜,花叶类
102900005115960,102900005116226,0.4717956219,-0.1048805473,0.583143084,False,-0,False,0.28,0,False,102900005115960,大白菜,花叶类,102900005116226,青尖椒,辣椒类
102900005115960,102900005116233,0.4285282742,-0.07416708682,0.3682947285,False,-0,False,0.01,0,False,102900005115960,大白菜,花叶类,102900005116233,红椒(1),辣椒类
102900005115960,102900005116257,0.323287792,0.2214598557,0.4532559999,False,0,False,0.31,0,False,102900005115960,大白菜,花叶类,102900005116257,紫茄子(2),茄类
102900005115960,102900005116509,0.2715450483,0.02619667213,0.3728955124,False,-0,False,0,0,False,102900005115960,大白菜,花叶类,102900005116509,青茄子(1),茄类
102900005115960,102900005116530,0.1643005601,-0.00394177009,0.4990469348,False,-0,False,0.1,0,False,102900005115960,大白菜,花叶类,102900005116530,西峡香菇(1),食用菌
102900005115960,102900005116547,0.8778140861,0.7136397384,0.6060498865,False,0.1249354992,True,1,1,False,102900005115960,大白菜,花叶类,102900005116547,金针菇(1),食用菌
102900005115960,102900005116714,-0.05707824721,-0.3434502209,0.3982368559,False,-0.05379042401,True,0.76,0.76,False,102900005115960,大白菜,花叶类,102900005116714,西兰花,花菜类
102900005115960,102900005116790,0.7932551682,0.67868804,0.6420156915,False,0.161288348,True,0.98,0.98,False,102900005115960,大白菜,花叶类,102900005116790,黄心菜(1),花叶类
102900005115960,102900005116837,0.2783009506,0.08530459413,0.4551491811,False,0,False,0.24,0,False,102900005115960,大白菜,花叶类,102900005116837,平菇,食用菌
102900005115960,102900005116899,-0.1382480531,-0.3663531753,0.3720347391,False,-0.02182641551,True,0.64,0.64,False,102900005115960,大白菜,花叶类,102900005116899,净藕(1),水生根茎类
102900005115960,102900005116912,0.543439512,0.283453726,0.5230083657,False,0.02023518289,True,0.55,0.55,False,102900005115960,大白菜,花叶类,102900005116912,姬菇(1),食用菌
102900005115960,102900005116943,0.636337756,0.2918311222,0.4165254577,False,0.005275412351,True,0.46,0.46,False,102900005115960,大白菜,花叶类,102900005116943,红杭椒,辣椒类
102900005115960,102900005117209,0.1549870885,0.2438903127,0.3571107137,False,0,False,0.01,0,False,102900005115960,大白菜,花叶类,102900005117209,七彩椒(1),辣椒类
102900005115960,102900005118817,0.2612337379,0.2034029664,0.442093757,False,0.04092949521,True,0.79,0.79,False,102900005115960,大白菜,花叶类,102900005118817,菠菜,花叶类
102900005115960,102900005118824,0.3847556692,0.2010864593,0.5340501738,False,0,False,0.03,0,False,102900005115960,大白菜,花叶类,102900005118824,高瓜(1),水生根茎类
102900005115960,102900005118831,0.836676487,0.7718115514,0.6234020425,False,0.1772023185,True,1,1,False,102900005115960,大白菜,花叶类,102900005118831,娃娃菜,花叶类
102900005115960,102900005119944,0.5952338228,0.407816249,0.4492302025,False,0.03724547218,True,0.6,0.6,False,102900005115960,大白菜,花叶类,102900005119944,海鲜菇(1),食用菌
102900005115960,102900005119975,0.2146892384,0.1723107486,0.3929182213,False,0,False,0.14,0,False,102900005115960,大白菜,花叶类,102900005119975,红薯尖,花叶类
102900005115960,102900005122654,-0.2085651646,-0.2650683905,0.689406715,False,-0,False,0,0,False,102900005115960,大白菜,花叶类,102900005122654,枝江红菜苔,花叶类
102900005115960,102900005123880,0.1264158208,0.2426797605,0.4521610129,False,-0,False,0.02,0,False,102900005115960,大白菜,花叶类,102900005123880,灯笼椒(1),辣椒类
102900005115960,102900005125808,0.6475131639,0.3765288976,0.4699560169,False,0.04318488594,True,0.77,0.77,False,102900005115960,大白菜,花叶类,102900005125808,小米椒,辣椒类
102900005115960,102900005125815,0.8480220406,0.7619572329,0.5951603152,False,0.1811615711,True,1,1,False,102900005115960,大白菜,花叶类,102900005125815,杏鲍菇(1),食用菌
102900005115960,102900011000328,0.3350454059,-0.2354159134,0.3829135629,False,-0,False,0.09,0,False,102900005115960,大白菜,花叶类,102900011000328,螺丝椒,辣椒类
102900005115960,102900011001219,0.1352346154,0.2420920459,0.4055194514,False,0,False,0,0,False,102900005115960,大白菜,花叶类,102900011001219,红灯笼椒(1),辣椒类
102900005115960,102900011001806,0.5811754198,0.4415827881,0.4407711957,False,0.04924854999,True,0.74,0.74,False,102900005115960,大白菜,花叶类,102900011001806,姬菇(包),食用菌
102900005115960,102900011008164,0.1682087652,-0.1123942295,0.4778239495,False,0,False,0.05,0,False,102900005115960,大白菜,花叶类,102900011008164,奶白菜,花叶类
102900005115960,102900011008522,0.0743796434,0.3534387003,0.3257181169,False,0,False,0.12,0,False,102900005115960,大白菜,花叶类,102900011008522,甜白菜,花叶类
102900005115960,102900011009246,0.6374526686,0.04705134666,0.48021402,False,0,False,0,0,False,102900005115960,大白菜,花叶类,102900011009246,鲜木耳(1),食用菌
102900005115960,102900011009970,0.8193704173,0.581543422,0.6333785107,False,0.08153010581,True,0.97,0.97,False,102900005115960,大白菜,花叶类,102900011009970,青梗散花,花菜类
102900005115960,102900011012994,0.6398742598,0.2957329637,0.4805547435,False,0,False,0.03,0,False,102900005115960,大白菜,花叶类,102900011012994,杏鲍菇(袋),食用菌
102900005115960,102900011013274,0.5555329547,0.6591808494,0.566951133,False,0.1777555191,True,1,1,False,102900005115960,大白菜,花叶类,102900011013274,白玉菇(袋),食用菌
102900005115960,102900011016701,0.3698242768,-0.3902437823,0.5739562302,False,-0.01684202755,True,0.39,0.39,False,102900005115960,大白菜,花叶类,102900011016701,芜湖青椒(1),辣椒类
102900005115960,102900011021842,0.284882761,0.6599129119,0.8004242558,True,0.0847943832,True,0.98,0.98,True,102900005115960,大白菜,花叶类,102900011021842,洪湖莲藕(粉藕),水生根茎类
102900005115960,102900011022764,-0.2564466331,-0.4031026659,0.6089246838,False,-0,False,0,0,False,102900005115960,大白菜,花叶类,102900011022764,长线茄,茄类
102900005115960,102900051000463,0.5260899658,0.1008007775,0.5637161898,False,0,False,0.01,0,False,102900005115960,大白菜,花叶类,102900051000463,圆茄子(2),茄类
102900005115960,102900051004294,0.4662466058,0.01045338276,0.3895130985,False,-0,False,0,0,False,102900005115960,大白菜,花叶类,102900051004294,青线椒,辣椒类
102900005115960,102900051010455,0.3259260781,-0.07291144446,0.4588520189,False,-0,False,0.03,0,False,102900005115960,大白菜,花叶类,102900051010455,黄白菜(2),花叶类
102900005115984,102900005116226,0.4098951801,0.1031972603,0.5240410238,False,0,False,0.14,0,False,102900005115984,云南油麦菜,花叶类,102900005116226,青尖椒,辣椒类
102900005115984,102900005116233,0.4925319416,0.3236168385,0.379211572,False,0.0235487497,True,0.63,0.63,False,102900005115984,云南油麦菜,花叶类,102900005116233,红椒(1),辣椒类
102900005115984,102900005116257,0.473701582,0.4026447041,0.4652651162,False,0.1717459413,True,1,1,False,102900005115984,云南油麦菜,花叶类,102900005116257,紫茄子(2),茄类
102900005115984,102900005116509,0.3916996626,0.2337854888,0.3728401741,False,0.04778741512,True,0.8,0.8,False,102900005115984,云南油麦菜,花叶类,102900005116509,青茄子(1),茄类
102900005115984,102900005116530,0.1911816223,0.108733027,0.4435384974,False,0,False,0.11,0,False,102900005115984,云南油麦菜,花叶类,102900005116530,西峡香菇(1),食用菌
102900005115984,102900005116547,0.5717836064,-0.008663659311,0.4506483687,False,0,False,0.08,0,False,102900005115984,云南油麦菜,花叶类,102900005116547,金针菇(1),食用菌
102900005115984,102900005116714,0.101177731,0.1539734103,0.3989776968,False,0,False,0.33,0,False,102900005115984,云南油麦菜,花叶类,102900005116714,西兰花,花菜类
102900005115984,102900005116790,0.4912891355,-0.03677915515,0.4076332749,False,-0,False,0.06,0,False,102900005115984,云南油麦菜,花叶类,102900005116790,黄心菜(1),花叶类
102900005115984,102900005116837,-0.004284518797,-0.2367177732,0.4022923238,False,-0.08332711743,True,0.89,0.89,False,102900005115984,云南油麦菜,花叶类,102900005116837,平菇,食用菌
102900005115984,102900005116899,0.01709739194,0.1713827812,0.3475794495,False,0,False,0.12,0,False,102900005115984,云南油麦菜,花叶类,102900005116899,净藕(1),水生根茎类
102900005115984,102900005116912,0.4362983805,0.05722629767,0.2815567837,False,-0,False,0.05,0,False,102900005115984,云南油麦菜,花叶类,102900005116912,姬菇(1),食用菌
102900005115984,102900005116943,0.5151670677,0.009578574294,0.3803900327,False,-0,False,0.02,0,False,102900005115984,云南油麦菜,花叶类,102900005116943,红杭椒,辣椒类
102900005115984,102900005117209,0.2710074493,0.04278095235,0.3836050197,False,0,False,0.16,0,False,102900005115984,云南油麦菜,花叶类,102900005117209,七彩椒(1),辣椒类
102900005115984,102900005118817,0.3507063412,0.2620110402,0.4243601884,False,0.02357431692,True,0.61,0.61,False,102900005115984,云南油麦菜,花叶类,102900005118817,菠菜,花叶类
102900005115984,102900005118824,0.3731551765,0.07054955059,0.5198657746,False,0,False,0.1,0,False,102900005115984,云南油麦菜,花叶类,102900005118824,高瓜(1),水生根茎类
102900005115984,102900005118831,0.5952845059,-0.003510150656,0.3764702554,False,0,False,0.06,0,False,102900005115984,云南油麦菜,花叶类,102900005118831,娃娃菜,花叶类
102900005115984,102900005119944,0.4378201099,-0.04114388283,0.2457981443,False,-0,False,0.18,0,False,102900005115984,云南油麦菜,花叶类,102900005119944,海鲜菇(1),食用菌
102900005115984,102900005119975,0.3411927614,0.2357488687,0.3495497473,False,0.04588458103,True,0.62,0.62,False,102900005115984,云南油麦菜,花叶类,102900005119975,红薯尖,花叶类
102900005115984,102900005122654,-0.1668513837,0.272587887,0.449396043,False,0.03941102553,True,0.7,0.7,False,102900005115984,云南油麦菜,花叶类,102900005122654,枝江红菜苔,花叶类
102900005115984,102900005123880,0.2344669748,0.007760016868,0.494101587,False,0,False,0.1,0,False,102900005115984,云南油麦菜,花叶类,102900005123880,灯笼椒(1),辣椒类
102900005115984,102900005125808,0.5515877764,0.1024465685,0.4479617869,False,0,False,0.05,0,False,102900005115984,云南油麦菜,花叶类,102900005125808,小米椒,辣椒类
102900005115984,102900005125815,0.5838491879,-0.05529107191,0.3767990522,False,-0,False,0.05,0,False,102900005115984,云南油麦菜,花叶类,102900005125815,杏鲍菇(1),食用菌
102900005115984,102900011000328,0.3386801457,0.1557270617,0.380635378,False,0,False,0.09,0,False,102900005115984,云南油麦菜,花叶类,102900011000328,螺丝椒,辣椒类
102900005115984,102900011001219,0.2179242358,-0.0257923439,0.3934991954,False,0,False,0.08,0,False,102900005115984,云南油麦菜,花叶类,102900011001219,红灯笼椒(1),辣椒类
102900005115984,102900011001806,0.4760953162,-0.04733333816,0.2730225576,False,-0,False,0.08,0,False,102900005115984,云南油麦菜,花叶类,102900011001806,姬菇(包),食用菌
102900005115984,102900011008164,0.367639512,0.165337555,0.3406342177,False,0,False,0.06,0,False,102900005115984,云南油麦菜,花叶类,102900011008164,奶白菜,花叶类
102900005115984,102900011008522,0.1509478174,0.205541308,0.2523599081,False,0.07407809698,True,0.83,0.83,False,102900005115984,云南油麦菜,花叶类,102900011008522,甜白菜,花叶类
102900005115984,102900011009246,0.3582328469,-0.083917775,0.2790313308,False,-0,False,0,0,False,102900005115984,云南油麦菜,花叶类,102900011009246,鲜木耳(1),食用菌
102900005115984,102900011009970,0.4420790825,-0.2393605313,0.5359801735,False,-0.02220326825,True,0.53,0.53,False,102900005115984,云南油麦菜,花叶类,102900011009970,青梗散花,花菜类
102900005115984,102900011012994,0.47511168,0.09622928775,0.3815342291,False,0,False,0.11,0,False,102900005115984,云南油麦菜,花叶类,102900011012994,杏鲍菇(袋),食用菌
102900005115984,102900011013274,0.4304469934,0.1136268521,0.3763095706,False,0,False,0.35,0,False,102900005115984,云南油麦菜,花叶类,102900011013274,白玉菇(袋),食用菌
102900005115984,102900011016701,0.3548618004,0.1535284416,0.3752305805,False,0,False,0.12,0,False,102900005115984,云南油麦菜,花叶类,102900011016701,芜湖青椒(1),辣椒类
102900005115984,102900011021842,0.2097174588,-0.16533269,0.5406941719,False,-0,False,0.05,0,False,102900005115984,云南油麦菜,花叶类,102900011021842,洪湖莲藕(粉藕),水生根茎类
102900005115984,102900011022764,0.05680960837,0.1352859707,0.4122683505,False,0,False,0.31,0,False,102900005115984,云南油麦菜,花叶类,102900011022764,长线茄,茄类
102900005115984,102900051000463,0.410268948,-0.130788761,0.3734343957,False,-0,False,0.4,0,False,102900005115984,云南油麦菜,花叶类,102900051000463,圆茄子(2),茄类
102900005115984,102900051004294,0.5103971374,0.4275400504,0.4420278618,False,0.1771043109,True,1,1,False,102900005115984,云南油麦菜,花叶类,102900051004294,青线椒,辣椒类
102900005115984,102900051010455,0.3915326555,0.2523669072,0.465530457,False,0.1005475719,True,0.96,0.96,False,102900005115984,云南油麦菜,花叶类,102900051010455,黄白菜(2),花叶类
102900005116226,102900005116233,0.4876239532,0.1624927218,0.5348266326,False,0,False,0.35,0,False,102900005116226,青尖椒,辣椒类,102900005116233,红椒(1),辣椒类
102900005116226,102900005116257,0.1474073485,0.003363607422,0.5180793004,False,-0,False,0.04,0,False,102900005116226,青尖椒,辣椒类,102900005116257,紫茄子(2),茄类
102900005116226,102900005116509,0.06168862013,0.05797277717,0.4806757776,False,0,False,0.14,0,False,102900005116226,青尖椒,辣椒类,102900005116509,青茄子(1),茄类
102900005116226,102900005116530,0.4437705217,0.4082444276,0.527101583,False,0.09197559911,True,0.96,0.96,False,102900005116226,青尖椒,辣椒类,102900005116530,西峡香菇(1),食用菌
102900005116226,102900005116547,0.4482109646,-0.1281460622,0.5816908403,False,-0.01006775775,True,0.38,0.38,False,102900005116226,青尖椒,辣椒类,102900005116547,金针菇(1),食用菌
102900005116226,102900005116714,0.02879750369,-0.0113097992,0.4871999217,False,0,False,0.02,0,False,102900005116226,青尖椒,辣椒类,102900005116714,西兰花,花菜类
102900005116226,102900005116790,0.4211867761,-0.07733229753,0.5908582775,False,-0,False,0.23,0,False,102900005116226,青尖椒,辣椒类,102900005116790,黄心菜(1),花叶类
102900005116226,102900005116837,0.3949752213,0.1151269899,0.4793078777,False,0,False,0.06,0,False,102900005116226,青尖椒,辣椒类,102900005116837,平菇,食用菌
102900005116226,102900005116899,0.2650042013,0.1412678926,0.470855637,False,0,False,0.28,0,False,102900005116226,青尖椒,辣椒类,102900005116899,净藕(1),水生根茎类
102900005116226,102900005116912,0.2417071958,0.3294519801,0.4095670166,False,0,False,0.15,0,False,102900005116226,青尖椒,辣椒类,102900005116912,姬菇(1),食用菌
102900005116226,102900005116943,0.6234314374,0.4139179566,0.5188198908,False,0.1815780086,True,1,1,False,102900005116226,青尖椒,辣椒类,102900005116943,红杭椒,辣椒类
102900005116226,102900005117209,0.3180304643,0.02491142453,0.4693511647,False,0,False,0.21,0,False,102900005116226,青尖椒,辣椒类,102900005117209,七彩椒(1),辣椒类
102900005116226,102900005118817,0.4029835458,0.00391139356,0.4989804675,False,-0,False,0.01,0,False,102900005116226,青尖椒,辣椒类,102900005118817,菠菜,花叶类
102900005116226,102900005118824,0.09077661822,0.3827164544,0.5518790165,False,0.09816823633,True,0.97,0.97,False,102900005116226,青尖椒,辣椒类,102900005118824,高瓜(1),水生根茎类
102900005116226,102900005118831,0.4754377207,-0.002427156097,0.5429870563,False,-0,False,0.03,0,False,102900005116226,青尖椒,辣椒类,102900005118831,娃娃菜,花叶类
102900005116226,102900005119944,0.3019776222,0.2596873543,0.3775759427,False,0,False,0.09,0,False,102900005116226,青尖椒,辣椒类,102900005119944,海鲜菇(1),食用菌
102900005116226,102900005119975,-0.06330250065,-0.02335765315,0.4509012932,False,0,False,0.07,0,False,102900005116226,青尖椒,辣椒类,102900005119975,红薯尖,花叶类
102900005116226,102900005122654,0.2722275866,0.2848554961,0.7912762453,True,0,False,0.16,0,False,102900005116226,青尖椒,辣椒类,102900005122654,枝江红菜苔,花叶类
102900005116226,102900005123880,0.2423650299,0.01602510288,0.509463001,False,0,False,0.36,0,False,102900005116226,青尖椒,辣椒类,102900005123880,灯笼椒(1),辣椒类
102900005116226,102900005125808,0.5404627845,0.192399187,0.5097507997,False,0,False,0.31,0,False,102900005116226,青尖椒,辣椒类,102900005125808,小米椒,辣椒类
102900005116226,102900005125815,0.444258854,-0.06308615266,0.5524068149,False,-0,False,0.03,0,False,102900005116226,青尖椒,辣椒类,102900005125815,杏鲍菇(1),食用菌
102900005116226,102900011000328,0.1083644141,0.1629229175,0.5381690222,False,0,False,0.29,0,False,102900005116226,青尖椒,辣椒类,102900011000328,螺丝椒,辣椒类
102900005116226,102900011001219,0.219122838,-0.04073279107,0.4515557633,False,-0,False,0.1,0,False,102900005116226,青尖椒,辣椒类,102900011001219,红灯笼椒(1),辣椒类
102900005116226,102900011001806,0.3309442698,0.003799142789,0.4924951091,False,0,False,0.05,0,False,102900005116226,青尖椒,辣椒类,102900011001806,姬菇(包),食用菌
102900005116226,102900011008164,0.1036807589,0.05082355401,0.4254614831,False,0,False,0.06,0,False,102900005116226,青尖椒,辣椒类,102900011008164,奶白菜,花叶类
102900005116226,102900011008522,0.03919297035,0.008136460391,0.3511895219,False,0,False,0.05,0,False,102900005116226,青尖椒,辣椒类,102900011008522,甜白菜,花叶类
102900005116226,102900011009246,0.287346612,-0.3149246419,0.5713295093,False,-0,False,0.11,0,False,102900005116226,青尖椒,辣椒类,102900011009246,鲜木耳(1),食用菌
102900005116226,102900011009970,0.3869600924,-0.1984791207,0.536007462,False,-0.07007665084,True,0.81,0.81,False,102900005116226,青尖椒,辣椒类,102900011009970,青梗散花,花菜类
102900005116226,102900011012994,0.4772560889,-0.2466615778,0.5390685405,False,-0.00294318851,True,0.63,0.62,False,102900005116226,青尖椒,辣椒类,102900011012994,杏鲍菇(袋),食用菌
102900005116226,102900011013274,0.2119794886,-0.194417743,0.430951177,False,-0.02509779174,True,0.51,0.51,False,102900005116226,青尖椒,辣椒类,102900011013274,白玉菇(袋),食用菌
102900005116226,102900011016701,0.2413371017,0.3262617325,0.4696164422,False,0.1072818455,True,0.94,0.94,False,102900005116226,青尖椒,辣椒类,102900011016701,芜湖青椒(1),辣椒类
102900005116226,102900011021842,0.2569769047,-0.02816349313,0.526365349,False,-0,False,0,0,False,102900005116226,青尖椒,辣椒类,102900011021842,洪湖莲藕(粉藕),水生根茎类
102900005116226,102900011022764,-0.0888370096,-0.2033782855,0.5370025624,False,-0,False,0.06,0,False,102900005116226,青尖椒,辣椒类,102900011022764,长线茄,茄类
102900005116226,102900051000463,0.3563831856,0.2339706551,0.5640894965,False,0.04223576607,True,0.78,0.78,False,102900005116226,青尖椒,辣椒类,102900051000463,圆茄子(2),茄类
102900005116226,102900051004294,0.4719721488,0.2529231774,0.5235892426,False,0.08168667528,True,0.92,0.92,False,102900005116226,青尖椒,辣椒类,102900051004294,青线椒,辣椒类
102900005116226,102900051010455,0.05741966793,-0.01354710184,0.5530294166,False,0,False,0.08,0,False,102900005116226,青尖椒,辣椒类,102900051010455,黄白菜(2),花叶类
102900005116233,102900005116257,0.4722932108,0.2747575544,0.4507416112,False,0.1097812259,True,0.95,0.95,False,102900005116233,红椒(1),辣椒类,102900005116257,紫茄子(2),茄类
102900005116233,102900005116509,0.2677414247,0.1177025874,0.3605059269,False,0,False,0.34,0,False,102900005116233,红椒(1),辣椒类,102900005116509,青茄子(1),茄类
102900005116233,102900005116530,0.1867686125,0.1963075548,0.4384013787,False,0.04902344984,True,0.78,0.78,False,102900005116233,红椒(1),辣椒类,102900005116530,西峡香菇(1),食用菌
102900005116233,102900005116547,0.437380664,-0.09753257141,0.4198854789,False,-0,False,0.04,0,False,102900005116233,红椒(1),辣椒类,102900005116547,金针菇(1),食用菌
102900005116233,102900005116714,0.04735195003,0.1056368754,0.388058508,False,0,False,0.39,0,False,102900005116233,红椒(1),辣椒类,102900005116714,西兰花,花菜类
102900005116233,102900005116790,0.3127142658,-0.08783320295,0.4028263763,False,-0,False,0.01,0,False,102900005116233,红椒(1),辣椒类,102900005116790,黄心菜(1),花叶类
102900005116233,102900005116837,0.2369008443,-0.108144363,0.4044462927,False,-0,False,0.28,0,False,102900005116233,红椒(1),辣椒类,102900005116837,平菇,食用菌
102900005116233,102900005116899,0.1280159524,0.2337613418,0.3734741371,False,0.05819097043,True,0.79,0.79,False,102900005116233,红椒(1),辣椒类,102900005116899,净藕(1),水生根茎类
102900005116233,102900005116912,0.2798802237,0.06437356297,0.3349876859,False,-0,False,0,0,False,102900005116233,红椒(1),辣椒类,102900005116912,姬菇(1),食用菌
102900005116233,102900005116943,0.565802402,0.1961490866,0.4330474417,False,0.07156720299,True,0.95,0.95,False,102900005116233,红椒(1),辣椒类,102900005116943,红杭椒,辣椒类
102900005116233,102900005117209,0.3081730367,-0.09279946898,0.4063257581,False,0,False,0.09,0,False,102900005116233,红椒(1),辣椒类,102900005117209,七彩椒(1),辣椒类
102900005116233,102900005118817,0.402495924,0.2161692371,0.4358420927,False,0.01806311976,True,0.72,0.72,False,102900005116233,红椒(1),辣椒类,102900005118817,菠菜,花叶类
102900005116233,102900005118824,0.1077689561,0.1213768423,0.4676860445,False,0,False,0.06,0,False,102900005116233,红椒(1),辣椒类,102900005118824,高瓜(1),水生根茎类
102900005116233,102900005118831,0.449192676,-0.008627053731,0.3974862505,False,0,False,0.01,0,False,102900005116233,红椒(1),辣椒类,102900005118831,娃娃菜,花叶类
102900005116233,102900005119944,0.3179773429,-0.1037669982,0.3488131351,False,-0,False,0.39,0,False,102900005116233,红椒(1),辣椒类,102900005119944,海鲜菇(1),食用菌
102900005116233,102900005119975,0.06002383596,0.2290848987,0.3438489595,False,0.04262972783,True,0.71,0.71,False,102900005116233,红椒(1),辣椒类,102900005119975,红薯尖,花叶类
102900005116233,102900005122654,0.1756309564,0.3192666465,0.4884165646,False,0.06593233635,True,0.88,0.88,False,102900005116233,红椒(1),辣椒类,102900005122654,枝江红菜苔,花叶类
102900005116233,102900005123880,0.2522745854,-0.1965441001,0.3517868803,False,-0,False,0.19,0,False,102900005116233,红椒(1),辣椒类,102900005123880,灯笼椒(1),辣椒类
102900005116233,102900005125808,0.5243439226,0.1655418847,0.3936522361,False,0.02223914777,True,0.63,0.63,False,102900005116233,红椒(1),辣椒类,102900005125808,小米椒,辣椒类
102900005116233,102900005125815,0.4365056527,-0.05801481446,0.4264007779,False,-0,False,0.03,0,False,102900005116233,红椒(1),辣椒类,102900005125815,杏鲍菇(1),食用菌
102900005116233,102900011000328,0.3023619923,0.06697324813,0.4178602902,False,0,False,0.11,0,False,102900005116233,红椒(1),辣椒类,102900011000328,螺丝椒,辣椒类
102900005116233,102900011001219,0.2551331027,-0.1618799702,0.367321122,False,-0,False,0.01,0,False,102900005116233,红椒(1),辣椒类,102900011001219,红灯笼椒(1),辣椒类
102900005116233,102900011001806,0.301464668,-0.2308987691,0.3544413869,False,-0.03721718988,True,0.74,0.74,False,102900005116233,红椒(1),辣椒类,102900011001806,姬菇(包),食用菌
102900005116233,102900011008164,0.2791254951,0.2030868606,0.3592845113,False,0,False,0.42,0,False,102900005116233,红椒(1),辣椒类,102900011008164,奶白菜,花叶类
102900005116233,102900011008522,-0.02035189061,-0.02122494782,0.2616691667,False,0,False,0.03,0,False,102900005116233,红椒(1),辣椒类,102900011008522,甜白菜,花叶类
102900005116233,102900011009246,0.2929955644,-0.09386211357,0.3503937569,False,0,False,0,0,False,102900005116233,红椒(1),辣椒类,102900011009246,鲜木耳(1),食用菌
102900005116233,102900011009970,0.3420859541,-0.2110372054,0.4926274092,False,-0,False,0.34,0,False,102900005116233,红椒(1),辣椒类,102900011009970,青梗散花,花菜类
102900005116233,102900011012994,0.4279739795,-0.007560670889,0.4202494937,False,0,False,0.04,0,False,102900005116233,红椒(1),辣椒类,102900011012994,杏鲍菇(袋),食用菌
102900005116233,102900011013274,0.2500704042,0.06722302389,0.4142190821,False,0,False,0.16,0,False,102900005116233,红椒(1),辣椒类,102900011013274,白玉菇(袋),食用菌
102900005116233,102900011016701,0.2577842592,0.1188862635,0.3560539999,False,0,False,0.08,0,False,102900005116233,红椒(1),辣椒类,102900011016701,芜湖青椒(1),辣椒类
102900005116233,102900011021842,0.2708530695,-0.1989295477,0.4928897618,False,-0,False,0.11,0,False,102900005116233,红椒(1),辣椒类,102900011021842,洪湖莲藕(粉藕),水生根茎类
102900005116233,102900011022764,-0.003860492385,0.1477850229,0.4091464715,False,0,False,0.28,0,False,102900005116233,红椒(1),辣椒类,102900011022764,长线茄,茄类
102900005116233,102900051000463,0.3500079027,-0.05868662563,0.4394026004,False,-0,False,0.09,0,False,102900005116233,红椒(1),辣椒类,102900051000463,圆茄子(2),茄类
102900005116233,102900051004294,0.5745735374,0.2819336536,0.4406552629,False,0.1349552514,True,0.97,0.97,False,102900005116233,红椒(1),辣椒类,102900051004294,青线椒,辣椒类
102900005116233,102900051010455,0.06797419005,0.1855579415,0.4862171104,False,0.04739915154,True,0.82,0.82,False,102900005116233,红椒(1),辣椒类,102900051010455,黄白菜(2),花叶类
102900005116257,102900005116509,0.3884602344,0.1591921219,0.3958882585,False,0,False,0.16,0,False,102900005116257,紫茄子(2),茄类,102900005116509,青茄子(1),茄类
102900005116257,102900005116530,-0.1305134558,0.155901964,0.3875536177,False,0.01846252845,True,0.47,0.47,False,102900005116257,紫茄子(2),茄类,102900005116530,西峡香菇(1),食用菌
102900005116257,102900005116547,0.3395099114,0.2173952149,0.4356598855,False,0,False,0.21,0,False,102900005116257,紫茄子(2),茄类,102900005116547,金针菇(1),食用菌
102900005116257,102900005116714,0.07207123326,0.04584791397,0.418804961,False,0,False,0.19,0,False,102900005116257,紫茄子(2),茄类,102900005116714,西兰花,花菜类
102900005116257,102900005116790,0.243373904,0.1643448002,0.4607418529,False,0,False,0.07,0,False,102900005116257,紫茄子(2),茄类,102900005116790,黄心菜(1),花叶类
102900005116257,102900005116837,0.008098585112,-0.1512364375,0.4017403571,False,-0.02570137433,True,0.55,0.55,False,102900005116257,紫茄子(2),茄类,102900005116837,平菇,食用菌
102900005116257,102900005116899,-0.2155035675,0.1491943871,0.398357675,False,0.0692896557,True,0.68,0.68,False,102900005116257,紫茄子(2),茄类,102900005116899,净藕(1),水生根茎类
102900005116257,102900005116912,0.214010011,0.1465332963,0.2707130728,False,0,False,0.06,0,False,102900005116257,紫茄子(2),茄类,102900005116912,姬菇(1),食用菌
102900005116257,102900005116943,0.2801684038,0.07563364433,0.4015457216,False,0,False,0.01,0,False,102900005116257,紫茄子(2),茄类,102900005116943,红杭椒,辣椒类
102900005116257,102900005117209,0.1707282373,0.1914183573,0.3793054847,False,0.08241044584,True,0.82,0.82,False,102900005116257,紫茄子(2),茄类,102900005117209,七彩椒(1),辣椒类
102900005116257,102900005118817,0.3142168902,0.2028649102,0.4423404912,False,0.01829870736,True,0.53,0.53,False,102900005116257,紫茄子(2),茄类,102900005118817,菠菜,花叶类
102900005116257,102900005118824,0.2390431902,0.1906969741,0.4414322183,False,0,False,0.36,0,False,102900005116257,紫茄子(2),茄类,102900005118824,高瓜(1),水生根茎类
102900005116257,102900005118831,0.3301396061,0.2595384535,0.4356639171,False,0.08241197872,True,0.84,0.84,False,102900005116257,紫茄子(2),茄类,102900005118831,娃娃菜,花叶类
102900005116257,102900005119944,0.267503159,0.1078499124,0.265312559,False,0,False,0.05,0,False,102900005116257,紫茄子(2),茄类,102900005119944,海鲜菇(1),食用菌
102900005116257,102900005119975,0.3006196783,0.2201661834,0.3387104328,False,0.01104409375,True,0.48,0.48,False,102900005116257,紫茄子(2),茄类,102900005119975,红薯尖,花叶类
102900005116257,102900005122654,-0.1873589915,0.1148248265,0.4399338,False,0,False,0.33,0,False,102900005116257,紫茄子(2),茄类,102900005122654,枝江红菜苔,花叶类
102900005116257,102900005123880,0.1134660808,0.07596214989,0.3277672521,False,0,False,0.04,0,False,102900005116257,紫茄子(2),茄类,102900005123880,灯笼椒(1),辣椒类
102900005116257,102900005125808,0.3080432554,0.2848992217,0.4012743521,False,0.09244632113,True,0.79,0.79,False,102900005116257,紫茄子(2),茄类,102900005125808,小米椒,辣椒类
102900005116257,102900005125815,0.327496491,0.2520447017,0.4433392158,False,0.01634394253,True,0.56,0.56,False,102900005116257,紫茄子(2),茄类,102900005125815,杏鲍菇(1),食用菌
102900005116257,102900011000328,0.5675508123,0.1160773837,0.4493709147,False,0,False,0.26,0,False,102900005116257,紫茄子(2),茄类,102900011000328,螺丝椒,辣椒类
102900005116257,102900011001219,0.1404343034,0.08816313241,0.3155358071,False,0,False,0.05,0,False,102900005116257,紫茄子(2),茄类,102900011001219,红灯笼椒(1),辣椒类
102900005116257,102900011001806,0.2531879963,0.1352226665,0.2604896776,False,0,False,0.16,0,False,102900005116257,紫茄子(2),茄类,102900011001806,姬菇(包),食用菌
102900005116257,102900011008164,0.3729439683,0.1116182634,0.3635524116,False,0.03643777479,True,0.55,0.55,False,102900005116257,紫茄子(2),茄类,102900011008164,奶白菜,花叶类
102900005116257,102900011008522,-0.1380025888,0.2414890836,0.2373184158,False,0.01472488349,True,0.44,0.44,False,102900005116257,紫茄子(2),茄类,102900011008522,甜白菜,花叶类
102900005116257,102900011009246,0.2408137921,-0.07799814869,0.2868172596,False,-0,False,0.01,0,False,102900005116257,紫茄子(2),茄类,102900011009246,鲜木耳(1),食用菌
102900005116257,102900011009970,0.3075146458,0.07767041441,0.4704305892,False,0,False,0.06,0,False,102900005116257,紫茄子(2),茄类,102900011009970,青梗散花,花菜类
102900005116257,102900011012994,0.3123109766,0.1922315821,0.4063192494,False,0.03953342164,True,0.69,0.69,False,102900005116257,紫茄子(2),茄类,102900011012994,杏鲍菇(袋),食用菌
102900005116257,102900011013274,0.3424380712,0.2612611789,0.3731520387,False,0.0628095261,True,0.84,0.84,False,102900005116257,紫茄子(2),茄类,102900011013274,白玉菇(袋),食用菌
102900005116257,102900011016701,0.2949705031,0.04944984663,0.3511509139,False,0,False,0.18,0,False,102900005116257,紫茄子(2),茄类,102900011016701,芜湖青椒(1),辣椒类
102900005116257,102900011021842,0.1095452476,0.1019587641,0.4631282283,False,0,False,0.02,0,False,102900005116257,紫茄子(2),茄类,102900011021842,洪湖莲藕(粉藕),水生根茎类
102900005116257,102900011022764,0.06126030067,-0.08151607126,0.4447477438,False,0,False,0.02,0,False,102900005116257,紫茄子(2),茄类,102900011022764,长线茄,茄类
102900005116257,102900051000463,0.1726701648,-0.05089285047,0.4694657579,False,-0,False,0.16,0,False,102900005116257,紫茄子(2),茄类,102900051000463,圆茄子(2),茄类
102900005116257,102900051004294,0.4461016601,0.2978890447,0.4519409827,False,0.06535791557,True,0.96,0.96,False,102900005116257,紫茄子(2),茄类,102900051004294,青线椒,辣椒类
102900005116257,102900051010455,0.1860663154,0.01487364253,0.4251571631,False,-0,False,0.02,0,False,102900005116257,紫茄子(2),茄类,102900051010455,黄白菜(2),花叶类
102900005116509,102900005116530,0.01620926128,0.1223124632,0.3828650576,False,0,False,0.2,0,False,102900005116509,青茄子(1),茄类,102900005116530,西峡香菇(1),食用菌
102900005116509,102900005116547,0.2958659542,0.03990348807,0.3893011764,False,-0,False,0.05,0,False,102900005116509,青茄子(1),茄类,102900005116547,金针菇(1),食用菌
102900005116509,102900005116714,0.1442718779,0.2505514942,0.4105035724,False,0.111967026,True,0.98,0.98,False,102900005116509,青茄子(1),茄类,102900005116714,西兰花,花菜类
102900005116509,102900005116790,0.2655940009,0.01675758069,0.4146530481,False,-0,False,0.07,0,False,102900005116509,青茄子(1),茄类,102900005116790,黄心菜(1),花叶类
102900005116509,102900005116837,-0.1540573799,0.008092438154,0.3894275157,False,0,False,0.04,0,False,102900005116509,青茄子(1),茄类,102900005116837,平菇,食用菌
102900005116509,102900005116899,-0.3410326605,0.06216414504,0.3748256736,False,0,False,0.08,0,False,102900005116509,青茄子(1),茄类,102900005116899,净藕(1),水生根茎类
102900005116509,102900005116912,0.2849606303,0.03387926445,0.3044463552,False,-0,False,0.05,0,False,102900005116509,青茄子(1),茄类,102900005116912,姬菇(1),食用菌
102900005116509,102900005116943,0.1591759919,-0.01393191077,0.3701112976,False,-0,False,0.3,0,False,102900005116509,青茄子(1),茄类,102900005116943,红杭椒,辣椒类
102900005116509,102900005117209,0.06742158774,0.06604456878,0.3352105125,False,0,False,0.03,0,False,102900005116509,青茄子(1),茄类,102900005117209,七彩椒(1),辣椒类
102900005116509,102900005118817,0.2178940707,0.05304821954,0.4068849435,False,0,False,0.11,0,False,102900005116509,青茄子(1),茄类,102900005118817,菠菜,花叶类
102900005116509,102900005118824,0.5547809109,0.06410349664,0.4358335086,False,0,False,0.02,0,False,102900005116509,青茄子(1),茄类,102900005118824,高瓜(1),水生根茎类
102900005116509,102900005118831,0.3086616964,-0.009986789175,0.3370459125,False,-0,False,0.07,0,False,102900005116509,青茄子(1),茄类,102900005118831,娃娃菜,花叶类
102900005116509,102900005119944,0.3228382639,0.0286089958,0.3343544469,False,-0,False,0.1,0,False,102900005116509,青茄子(1),茄类,102900005119944,海鲜菇(1),食用菌
102900005116509,102900005119975,0.5876793067,-0.0204157574,0.310538709,False,-0,False,0.07,0,False,102900005116509,青茄子(1),茄类,102900005119975,红薯尖,花叶类
102900005116509,102900005122654,-0.347233329,-0.1216777005,0.418923016,False,-0,False,0.15,0,False,102900005116509,青茄子(1),茄类,102900005122654,枝江红菜苔,花叶类
102900005116509,102900005123880,0.06460515969,0.213450241,0.3861830646,False,0.06984163435,True,0.78,0.78,False,102900005116509,青茄子(1),茄类,102900005123880,灯笼椒(1),辣椒类
102900005116509,102900005125808,0.2834310658,0.02857399159,0.3785455293,False,0,False,0.08,0,False,102900005116509,青茄子(1),茄类,102900005125808,小米椒,辣椒类
102900005116509,102900005125815,0.328575239,-0.0196633162,0.3458096323,False,-0,False,0.06,0,False,102900005116509,青茄子(1),茄类,102900005125815,杏鲍菇(1),食用菌
102900005116509,102900011000328,0.4307164033,0.05979329246,0.3691886175,False,0,False,0.13,0,False,102900005116509,青茄子(1),茄类,102900011000328,螺丝椒,辣椒类
102900005116509,102900011001219,0.06004536673,0.08434648752,0.330503135,False,0,False,0.01,0,False,102900005116509,青茄子(1),茄类,102900011001219,红灯笼椒(1),辣椒类
102900005116509,102900011001806,0.1767773701,0.01454590825,0.308820731,False,-0,False,0.02,0,False,102900005116509,青茄子(1),茄类,102900011001806,姬菇(包),食用菌
102900005116509,102900011008164,0.343269093,-0.1077570623,0.3421196654,False,-0,False,0.21,0,False,102900005116509,青茄子(1),茄类,102900011008164,奶白菜,花叶类
102900005116509,102900011008522,-0.04154747918,0.2150153443,0.2953709267,False,0.009195903199,True,0.5,0.5,False,102900005116509,青茄子(1),茄类,102900011008522,甜白菜,花叶类
102900005116509,102900011009246,0.1315500979,0.06406653457,0.3447568803,False,0,False,0.17,0,False,102900005116509,青茄子(1),茄类,102900011009246,鲜木耳(1),食用菌
102900005116509,102900011009970,0.2840812561,0.0006832939407,0.4610463038,False,-0,False,0.02,0,False,102900005116509,青茄子(1),茄类,102900011009970,青梗散花,花菜类
102900005116509,102900011012994,0.1648005934,-0.09976815351,0.3914069183,False,-0,False,0.28,0,False,102900005116509,青茄子(1),茄类,102900011012994,杏鲍菇(袋),食用菌
102900005116509,102900011013274,0.2850365419,0.1209759552,0.3539615498,False,0.01572728094,True,0.68,0.68,False,102900005116509,青茄子(1),茄类,102900011013274,白玉菇(袋),食用菌
102900005116509,102900011016701,0.1173625078,0.1854811102,0.3116607975,False,0.01969358157,True,0.52,0.52,False,102900005116509,青茄子(1),茄类,102900011016701,芜湖青椒(1),辣椒类
102900005116509,102900011021842,-0.08854004352,0.1613142074,0.4479939238,False,0.01465365475,True,0.49,0.49,False,102900005116509,青茄子(1),茄类,102900011021842,洪湖莲藕(粉藕),水生根茎类
102900005116509,102900011022764,0.09196412201,-0.1403975932,0.3797640782,False,-0,False,0.1,0,False,102900005116509,青茄子(1),茄类,102900011022764,长线茄,茄类
102900005116509,102900051000463,0.3307305128,0.002883990489,0.4053646474,False,-0,False,0.19,0,False,102900005116509,青茄子(1),茄类,102900051000463,圆茄子(2),茄类
102900005116509,102900051004294,0.3683366118,0.326529129,0.4088615011,False,0.164230169,True,1,1,False,102900005116509,青茄子(1),茄类,102900051004294,青线椒,辣椒类
102900005116509,102900051010455,0.3360357953,0.1553642045,0.4197200159,False,0.07127274956,True,0.82,0.82,False,102900005116509,青茄子(1),茄类,102900051010455,黄白菜(2),花叶类
102900005116530,102900005116547,0.1431794756,-0.05663626917,0.4480734293,False,-0,False,0.25,0,False,102900005116530,西峡香菇(1),食用菌,102900005116547,金针菇(1),食用菌
102900005116530,102900005116714,0.1773513103,-0.04962285046,0.3834598546,False,-0,False,0.04,0,False,102900005116530,西峡香菇(1),食用菌,102900005116714,西兰花,花菜类
102900005116530,102900005116790,0.2229178664,0.02649082611,0.4912392164,False,-0,False,0.01,0,False,102900005116530,西峡香菇(1),食用菌,102900005116790,黄心菜(1),花叶类
102900005116530,102900005116837,0.2945690113,0.08979136189,0.3855770432,False,-0,False,0.09,0,False,102900005116530,西峡香菇(1),食用菌,102900005116837,平菇,食用菌
102900005116530,102900005116899,0.4103573396,0.1994034097,0.3971765329,False,0.0768804679,True,0.77,0.77,False,102900005116530,西峡香菇(1),食用菌,102900005116899,净藕(1),水生根茎类
102900005116530,102900005116912,0.1226564615,0.4453127531,0.4678802248,False,0.006269997969,True,0.48,0.48,False,102900005116530,西峡香菇(1),食用菌,102900005116912,姬菇(1),食用菌
102900005116530,102900005116943,0.3534146535,0.3291612079,0.4362293701,False,0.05474524953,True,0.79,0.79,False,102900005116530,西峡香菇(1),食用菌,102900005116943,红杭椒,辣椒类
102900005116530,102900005117209,0.1890889581,0.0556733569,0.4117124919,False,0,False,0.33,0,False,102900005116530,西峡香菇(1),食用菌,102900005117209,七彩椒(1),辣椒类
102900005116530,102900005118817,0.3169830408,0.04940167135,0.3831881346,False,0,False,0.01,0,False,102900005116530,西峡香菇(1),食用菌,102900005118817,菠菜,花叶类
102900005116530,102900005118824,0.1281213299,0.4792819605,0.5066395283,False,0.1829794604,True,1,1,False,102900005116530,西峡香菇(1),食用菌,102900005118824,高瓜(1),水生根茎类
102900005116530,102900005118831,0.1775972111,0.1417986597,0.3745177192,False,0,False,0.17,0,False,102900005116530,西峡香菇(1),食用菌,102900005118831,娃娃菜,花叶类
102900005116530,102900005119944,0.1216224991,0.3282667021,0.4059906775,False,0,False,0.03,0,False,102900005116530,西峡香菇(1),食用菌,102900005119944,海鲜菇(1),食用菌
102900005116530,102900005119975,-0.04180273972,-0.01077162438,0.3451241082,False,-0,False,0.05,0,False,102900005116530,西峡香菇(1),食用菌,102900005119975,红薯尖,花叶类
102900005116530,102900005122654,0.2603252624,0.3222898232,0.6338976132,False,0.05473985005,True,0.86,0.86,False,102900005116530,西峡香菇(1),食用菌,102900005122654,枝江红菜苔,花叶类
102900005116530,102900005123880,0.1355857683,-0.02619768073,0.4553520736,False,0,False,0.05,0,False,102900005116530,西峡香菇(1),食用菌,102900005123880,灯笼椒(1),辣椒类
102900005116530,102900005125808,0.377389798,0.2911913165,0.5604350489,False,0.07722817502,True,0.81,0.81,False,102900005116530,西峡香菇(1),食用菌,102900005125808,小米椒,辣椒类
102900005116530,102900005125815,0.1611065084,0.04632127374,0.4161879902,False,0,False,0.03,0,False,102900005116530,西峡香菇(1),食用菌,102900005125815,杏鲍菇(1),食用菌
102900005116530,102900011000328,-0.05707056619,0.1667668538,0.3927385816,False,0,False,0.24,0,False,102900005116530,西峡香菇(1),食用菌,102900011000328,螺丝椒,辣椒类
102900005116530,102900011001219,0.1497372776,0.04472018529,0.4120067389,False,0,False,0.14,0,False,102900005116530,西峡香菇(1),食用菌,102900011001219,红灯笼椒(1),辣椒类
102900005116530,102900011001806,0.175813283,0.1074648662,0.4681293753,False,0,False,0.16,0,False,102900005116530,西峡香菇(1),食用菌,102900011001806,姬菇(包),食用菌
102900005116530,102900011008164,0.01783419299,0.01660652865,0.3918124674,False,0,False,0.07,0,False,102900005116530,西峡香菇(1),食用菌,102900011008164,奶白菜,花叶类
102900005116530,102900011008522,0.09544647572,0.05663882033,0.333086886,False,0,False,0.06,0,False,102900005116530,西峡香菇(1),食用菌,102900011008522,甜白菜,花叶类
102900005116530,102900011009246,0.02591531518,-0.3944617297,0.565903383,False,-0,False,0.33,0,False,102900005116530,西峡香菇(1),食用菌,102900011009246,鲜木耳(1),食用菌
102900005116530,102900011009970,0.1200603372,-0.09564993849,0.4622894551,False,-0,False,0,0,False,102900005116530,西峡香菇(1),食用菌,102900011009970,青梗散花,花菜类
102900005116530,102900011012994,0.1434761467,-0.1603833922,0.5342340924,False,-0,False,0.23,0,False,102900005116530,西峡香菇(1),食用菌,102900011012994,杏鲍菇(袋),食用菌
102900005116530,102900011013274,-0.07986389958,-0.1631741172,0.3617329321,False,-0.03789719705,True,0.69,0.69,False,102900005116530,西峡香菇(1),食用菌,102900011013274,白玉菇(袋),食用菌
102900005116530,102900011016701,0.2293069665,0.2579698938,0.4068940503,False,0.05633307218,True,0.67,0.67,False,102900005116530,西峡香菇(1),食用菌,102900011016701,芜湖青椒(1),辣椒类
102900005116530,102900011021842,0.08468959476,0.0554772147,0.4773791297,False,0,False,0.01,0,False,102900005116530,西峡香菇(1),食用菌,102900011021842,洪湖莲藕(粉藕),水生根茎类
102900005116530,102900011022764,-0.06138893937,-0.3902558262,0.5047595976,False,-0.1028944574,True,0.98,0.98,False,102900005116530,西峡香菇(1),食用菌,102900011022764,长线茄,茄类
102900005116530,102900051000463,0.3173446336,0.2024821185,0.4066046774,False,0.0183147651,True,0.64,0.64,False,102900005116530,西峡香菇(1),食用菌,102900051000463,圆茄子(2),茄类
102900005116530,102900051004294,0.2478795107,0.1972325557,0.3801021979,False,0,False,0.14,0,False,102900005116530,西峡香菇(1),食用菌,102900051004294,青线椒,辣椒类
102900005116530,102900051010455,0.04565611586,0.04636805272,0.4257003287,False,0,False,0.31,0,False,102900005116530,西峡香菇(1),食用菌,102900051010455,黄白菜(2),花叶类
102900005116547,102900005116714,-0.01752056791,-0.1829863191,0.4706811866,False,0,False,0.01,0,False,102900005116547,金针菇(1),食用菌,102900005116714,西兰花,花菜类
102900005116547,102900005116790,0.783110793,0.6778523888,0.5390671991,False,0.138949587,True,0.99,0.99,False,102900005116547,金针菇(1),食用菌,102900005116790,黄心菜(1),花叶类
102900005116547,102900005116837,0.1991406202,0.01207342482,0.4268606663,False,0,False,0.02,0,False,102900005116547,金针菇(1),食用菌,102900005116837,平菇,食用菌
102900005116547,102900005116899,-0.1364549739,-0.2804366009,0.4246009666,False,-0,False,0.17,0,False,102900005116547,金针菇(1),食用菌,102900005116899,净藕(1),水生根茎类
102900005116547,102900005116912,0.6277839201,0.1923019465,0.5716194835,False,0,False,0.05,0,False,102900005116547,金针菇(1),食用菌,102900005116912,姬菇(1),食用菌
102900005116547,102900005116943,0.6355216023,0.2014621909,0.4514035566,False,0,False,0.02,0,False,102900005116547,金针菇(1),食用菌,102900005116943,红杭椒,辣椒类
102900005116547,102900005117209,0.2112070083,0.294283137,0.3968880094,False,0,False,0.03,0,False,102900005116547,金针菇(1),食用菌,102900005117209,七彩椒(1),辣椒类
102900005116547,102900005118817,0.261057798,0.1031504496,0.4233507391,False,0,False,0.15,0,False,102900005116547,金针菇(1),食用菌,102900005118817,菠菜,花叶类
102900005116547,102900005118824,0.3874499908,0.08991939422,0.5220713545,False,-0,False,0.07,0,False,102900005116547,金针菇(1),食用菌,102900005118824,高瓜(1),水生根茎类
102900005116547,102900005118831,0.8757536809,0.653994244,0.5852604825,False,0.08143867788,True,0.92,0.92,False,102900005116547,金针菇(1),食用菌,102900005118831,娃娃菜,花叶类
102900005116547,102900005119944,0.6692576351,0.3733304033,0.539437491,False,0.05058157264,True,0.79,0.79,False,102900005116547,金针菇(1),食用菌,102900005119944,海鲜菇(1),食用菌
102900005116547,102900005119975,0.2365331322,-0.04542098133,0.3460029591,False,-0,False,0.4,0,False,102900005116547,金针菇(1),食用菌,102900005119975,红薯尖,花叶类
102900005116547,102900005122654,-0.2334917103,-0.3978338212,0.6312890692,False,-0.01287741312,True,0.49,0.49,False,102900005116547,金针菇(1),食用菌,102900005122654,枝江红菜苔,花叶类
102900005116547,102900005123880,0.2026622017,0.326832479,0.4811096694,False,0,False,0.18,0,False,102900005116547,金针菇(1),食用菌,102900005123880,灯笼椒(1),辣椒类
102900005116547,102900005125808,0.6588000674,0.2422516413,0.4618628971,False,0,False,0,0,False,102900005116547,金针菇(1),食用菌,102900005125808,小米椒,辣椒类
102900005116547,102900005125815,0.8705104904,0.6819525091,0.6068320186,False,0.1911969389,True,1,1,False,102900005116547,金针菇(1),食用菌,102900005125815,杏鲍菇(1),食用菌
102900005116547,102900011000328,0.3305691658,-0.2208985425,0.3947798308,False,-0,False,0.02,0,False,102900005116547,金针菇(1),食用菌,102900011000328,螺丝椒,辣椒类
102900005116547,102900011001219,0.1858353604,0.2809121835,0.4469148736,False,0,False,0.05,0,False,102900005116547,金针菇(1),食用菌,102900011001219,红灯笼椒(1),辣椒类
102900005116547,102900011001806,0.5903327823,0.4572827672,0.5630252275,False,0.07824086741,True,0.94,0.94,False,102900005116547,金针菇(1),食用菌,102900011001806,姬菇(包),食用菌
102900005116547,102900011008164,0.1655615509,-0.149745733,0.5343293985,False,0,False,0.16,0,False,102900005116547,金针菇(1),食用菌,102900011008164,奶白菜,花叶类
102900005116547,102900011008522,0.1538878195,0.4301121475,0.392854846,False,0.06027884491,True,0.67,0.67,False,102900005116547,金针菇(1),食用菌,102900011008522,甜白菜,花叶类
102900005116547,102900011009246,0.6004044567,0.1587469753,0.5655660235,False,0,False,0.2,0,False,102900005116547,金针菇(1),食用菌,102900011009246,鲜木耳(1),食用菌
102900005116547,102900011009970,0.7830631896,0.6058572239,0.5773691739,False,0.1290308,True,0.94,0.94,False,102900005116547,金针菇(1),食用菌,102900011009970,青梗散花,花菜类
102900005116547,102900011012994,0.6622568979,0.2879351542,0.4875548704,False,0,False,0.37,0,False,102900005116547,金针菇(1),食用菌,102900011012994,杏鲍菇(袋),食用菌
102900005116547,102900011013274,0.5757853714,0.5611775604,0.5768888765,False,0.09388454244,True,0.96,0.96,False,102900005116547,金针菇(1),食用菌,102900011013274,白玉菇(袋),食用菌
102900005116547,102900011016701,0.3446573488,-0.3288952946,0.517565781,False,-0.006168072868,True,0.29,0.29,False,102900005116547,金针菇(1),食用菌,102900011016701,芜湖青椒(1),辣椒类
102900005116547,102900011021842,0.3183866828,0.6842066012,0.6548593415,False,0.09536507232,True,1,1,False,102900005116547,金针菇(1),食用菌,102900011021842,洪湖莲藕(粉藕),水生根茎类
102900005116547,102900011022764,-0.1715169991,-0.4580063456,0.6294637187,False,-0,False,0.03,0,False,102900005116547,金针菇(1),食用菌,102900011022764,长线茄,茄类
102900005116547,102900051000463,0.5268280734,0.1531518794,0.4885532979,False,0,False,0.03,0,False,102900005116547,金针菇(1),食用菌,102900051000463,圆茄子(2),茄类
102900005116547,102900051004294,0.4666437821,-0.01566752603,0.4267759695,False,-0,False,0.01,0,False,102900005116547,金针菇(1),食用菌,102900051004294,青线椒,辣椒类
102900005116547,102900051010455,0.3689259902,-0.0386409042,0.4442688606,False,-0,False,0.05,0,False,102900005116547,金针菇(1),食用菌,102900051010455,黄白菜(2),花叶类
102900005116714,102900005116790,-0.09443055237,-0.3032627834,0.4449332495,False,-0.02541400725,True,0.48,0.48,False,102900005116714,西兰花,花菜类,102900005116790,黄心菜(1),花叶类
102900005116714,102900005116837,0.02480553571,0.03909839136,0.4146528172,False,0,False,0.22,0,False,102900005116714,西兰花,花菜类,102900005116837,平菇,食用菌
102900005116714,102900005116899,0.2954802384,0.3276632059,0.3976823078,False,0.1335449308,True,0.96,0.96,False,102900005116714,西兰花,花菜类,102900005116899,净藕(1),水生根茎类
102900005116714,102900005116912,-0.04712342889,-0.2062180757,0.3367388114,False,-0.02060044639,True,0.58,0.58,False,102900005116714,西兰花,花菜类,102900005116912,姬菇(1),食用菌
102900005116714,102900005116943,0.07966094848,-0.09119319129,0.4124255127,False,-0,False,0.01,0,False,102900005116714,西兰花,花菜类,102900005116943,红杭椒,辣椒类
102900005116714,102900005117209,-0.008875258051,-0.1194802671,0.3765609949,False,-0,False,0.1,0,False,102900005116714,西兰花,花菜类,102900005117209,七彩椒(1),辣椒类
102900005116714,102900005118817,0.2042578122,0.0700531435,0.3949845712,False,0,False,0.4,0,False,102900005116714,西兰花,花菜类,102900005118817,菠菜,花叶类
102900005116714,102900005118824,0.05179031622,-0.2372641948,0.4775961698,False,-0.07302614416,True,0.82,0.82,False,102900005116714,西兰花,花菜类,102900005118824,高瓜(1),水生根茎类
102900005116714,102900005118831,-0.06568268824,-0.4050451267,0.442071556,False,-0.06152155781,True,0.86,0.86,False,102900005116714,西兰花,花菜类,102900005118831,娃娃菜,花叶类
102900005116714,102900005119944,-0.0188046445,-0.1893059426,0.347190798,False,-0,False,0.1,0,False,102900005116714,西兰花,花菜类,102900005119944,海鲜菇(1),食用菌
102900005116714,102900005119975,-0.03132280986,-0.2197323092,0.3388211231,False,-0.05537392327,True,0.82,0.82,False,102900005116714,西兰花,花菜类,102900005119975,红薯尖,花叶类
102900005116714,102900005122654,0.1069258347,-0.07013934877,0.4016990413,False,-0,False,0.33,0,False,102900005116714,西兰花,花菜类,102900005122654,枝江红菜苔,花叶类
102900005116714,102900005123880,-0.06290200779,0.05258361288,0.3328014247,False,0,False,0.1,0,False,102900005116714,西兰花,花菜类,102900005123880,灯笼椒(1),辣椒类
102900005116714,102900005125808,0.08890306831,-0.2011139287,0.3823805571,False,-0,False,0.1,0,False,102900005116714,西兰花,花菜类,102900005125808,小米椒,辣椒类
102900005116714,102900005125815,-0.08131821009,-0.3695715021,0.4193169318,False,-0.02496628377,True,0.74,0.74,False,102900005116714,西兰花,花菜类,102900005125815,杏鲍菇(1),食用菌
102900005116714,102900011000328,0.07528894596,0.1301417765,0.38699329,False,0,False,0.2,0,False,102900005116714,西兰花,花菜类,102900011000328,螺丝椒,辣椒类
102900005116714,102900011001219,0.007289236521,0.022497143,0.3334896422,False,0,False,0.07,0,False,102900005116714,西兰花,花菜类,102900011001219,红灯笼椒(1),辣椒类
102900005116714,102900011001806,-0.0315860089,-0.08515627123,0.3516123073,False,-0,False,0.01,0,False,102900005116714,西兰花,花菜类,102900011001806,姬菇(包),食用菌
102900005116714,102900011008164,-0.04815000753,-0.01144281517,0.4005875076,False,-0,False,0.02,0,False,102900005116714,西兰花,花菜类,102900011008164,奶白菜,花叶类
102900005116714,102900011008522,0.05444748989,0.001258252835,0.2819342943,False,0,False,0.05,0,False,102900005116714,西兰花,花菜类,102900011008522,甜白菜,花叶类
102900005116714,102900011009246,-0.0376192814,0.08887395508,0.3086489511,False,0,False,0.21,0,False,102900005116714,西兰花,花菜类,102900011009246,鲜木耳(1),食用菌
102900005116714,102900011009970,-0.04624930442,-0.2337373728,0.536709262,False,-0,False,0.15,0,False,102900005116714,西兰花,花菜类,102900011009970,青梗散花,花菜类
102900005116714,102900011012994,-0.02696004474,-0.01822935918,0.38146862,False,0,False,0.12,0,False,102900005116714,西兰花,花菜类,102900011012994,杏鲍菇(袋),食用菌
102900005116714,102900011013274,-0.03645494667,-0.2656949658,0.4196206554,False,-0,False,0.42,0,False,102900005116714,西兰花,花菜类,102900011013274,白玉菇(袋),食用菌
102900005116714,102900011016701,0.2598892322,0.2925851958,0.3908233971,False,0.1047706908,True,0.9,0.9,False,102900005116714,西兰花,花菜类,102900011016701,芜湖青椒(1),辣椒类
102900005116714,102900011021842,0.0467223171,-0.2263466207,0.568186975,False,-0,False,0.02,0,False,102900005116714,西兰花,花菜类,102900011021842,洪湖莲藕(粉藕),水生根茎类
102900005116714,102900011022764,0.1860825481,0.147869033,0.4160661066,False,0,False,0.03,0,False,102900005116714,西兰花,花菜类,102900011022764,长线茄,茄类
102900005116714,102900051000463,-0.02429347413,-0.07133916238,0.4136145973,False,-0,False,0.07,0,False,102900005116714,西兰花,花菜类,102900051000463,圆茄子(2),茄类
102900005116714,102900051004294,0.07750683394,0.1490359189,0.4311954823,False,0.006148827708,True,0.49,0.49,False,102900005116714,西兰花,花菜类,102900051004294,青线椒,辣椒类
102900005116714,102900051010455,0.2495551164,0.109310181,0.4283003037,False,0,False,0.39,0,False,102900005116714,西兰花,花菜类,102900051010455,黄白菜(2),花叶类
102900005116790,102900005116837,0.1079477654,0.1407776558,0.4276632252,False,0.03656027421,True,0.57,0.57,False,102900005116790,黄心菜(1),花叶类,102900005116837,平菇,食用菌
102900005116790,102900005116899,-0.1666761376,-0.3549843436,0.4062176131,False,-0.06793446811,True,0.86,0.86,False,102900005116790,黄心菜(1),花叶类,102900005116899,净藕(1),水生根茎类
102900005116790,102900005116912,0.575071664,0.2010412505,0.4674412966,False,0,False,0.32,0,False,102900005116790,黄心菜(1),花叶类,102900005116912,姬菇(1),食用菌
102900005116790,102900005116943,0.5638888726,0.249924207,0.4159750703,False,0,False,0.13,0,False,102900005116790,黄心菜(1),花叶类,102900005116943,红杭椒,辣椒类
102900005116790,102900005117209,0.1437268936,0.2545293958,0.4514525497,False,-0,False,0.02,0,False,102900005116790,黄心菜(1),花叶类,102900005117209,七彩椒(1),辣椒类
102900005116790,102900005118817,0.2358668203,0.01523377054,0.5049729461,False,0,False,0.04,0,False,102900005116790,黄心菜(1),花叶类,102900005118817,菠菜,花叶类
102900005116790,102900005118824,0.4557723515,0.2112920242,0.5090352636,False,0,False,0.26,0,False,102900005116790,黄心菜(1),花叶类,102900005118824,高瓜(1),水生根茎类
102900005116790,102900005118831,0.7619059866,0.6388309556,0.5800716478,False,0.09608946446,True,0.95,0.95,False,102900005116790,黄心菜(1),花叶类,102900005118831,娃娃菜,花叶类
102900005116790,102900005119944,0.5903092937,0.3367382536,0.4214501147,False,0.01743761401,True,0.43,0.43,False,102900005116790,黄心菜(1),花叶类,102900005119944,海鲜菇(1),食用菌
102900005116790,102900005119975,0.3163069209,0.07402356958,0.2837104817,False,0,False,0.04,0,False,102900005116790,黄心菜(1),花叶类,102900005119975,红薯尖,花叶类
102900005116790,102900005122654,-0.3007808753,-0.3509901266,0.7905135935,True,-0,False,0.3,0,False,102900005116790,黄心菜(1),花叶类,102900005122654,枝江红菜苔,花叶类
102900005116790,102900005123880,0.09378944892,0.153348437,0.4861676145,False,-0,False,0.37,0,False,102900005116790,黄心菜(1),花叶类,102900005123880,灯笼椒(1),辣椒类
102900005116790,102900005125808,0.5539405963,0.2844339031,0.4982107034,False,0,False,0.24,0,False,102900005116790,黄心菜(1),花叶类,102900005125808,小米椒,辣椒类
102900005116790,102900005125815,0.7663730332,0.6021077071,0.5597347532,False,0.009336515154,True,0.58,0.58,False,102900005116790,黄心菜(1),花叶类,102900005125815,杏鲍菇(1),食用菌
102900005116790,102900011000328,0.2602076385,-0.2916157573,0.4168696643,False,-0.0154337209,True,0.48,0.48,False,102900005116790,黄心菜(1),花叶类,102900011000328,螺丝椒,辣椒类
102900005116790,102900011001219,0.0815259356,0.1582654005,0.4482883255,False,-0,False,0.3,0,False,102900005116790,黄心菜(1),花叶类,102900011001219,红灯笼椒(1),辣椒类
102900005116790,102900011001806,0.5270239689,0.2891288569,0.5008767928,False,0,False,0.17,0,False,102900005116790,黄心菜(1),花叶类,102900011001806,姬菇(包),食用菌
102900005116790,102900011008164,0.148554634,-0.2592949512,0.5457570942,False,-0,False,0.16,0,False,102900005116790,黄心菜(1),花叶类,102900011008164,奶白菜,花叶类
102900005116790,102900011008522,0.1502603129,0.247374655,0.3311734327,False,0,False,0.12,0,False,102900005116790,黄心菜(1),花叶类,102900011008522,甜白菜,花叶类
102900005116790,102900011009246,0.4570044855,0.1332971979,0.4132388771,False,0,False,0.06,0,False,102900005116790,黄心菜(1),花叶类,102900011009246,鲜木耳(1),食用菌
102900005116790,102900011009970,0.6992421008,0.6320382331,0.5926416931,False,0.2013901083,True,1,1,False,102900005116790,黄心菜(1),花叶类,102900011009970,青梗散花,花菜类
102900005116790,102900011012994,0.5553996369,0.09178292315,0.6051196771,False,-0,False,0.02,0,False,102900005116790,黄心菜(1),花叶类,102900011012994,杏鲍菇(袋),食用菌
102900005116790,102900011013274,0.4521970421,0.4694305908,0.55121805,False,0,False,0.14,0,False,102900005116790,黄心菜(1),花叶类,102900011013274,白玉菇(袋),食用菌
102900005116790,102900011016701,0.2686586572,-0.3619319663,0.6133792312,False,-0.007716903653,True,0.39,0.39,False,102900005116790,黄心菜(1),花叶类,102900011016701,芜湖青椒(1),辣椒类
102900005116790,102900011021842,0.1475086895,0.7064579435,0.7528620972,True,0.1133701537,True,0.98,0.98,True,102900005116790,黄心菜(1),花叶类,102900011021842,洪湖莲藕(粉藕),水生根茎类
102900005116790,102900011022764,-0.1659944333,-0.5257948951,0.5499415683,False,-0.07210403935,True,1,1,False,102900005116790,黄心菜(1),花叶类,102900011022764,长线茄,茄类
102900005116790,102900051000463,0.5323187544,0.2604316386,0.5873188729,False,0.01124117675,True,0.44,0.44,False,102900005116790,黄心菜(1),花叶类,102900051000463,圆茄子(2),茄类
102900005116790,102900051004294,0.3976029437,-0.04382318771,0.443888038,False,-0,False,0.05,0,False,102900005116790,黄心菜(1),花叶类,102900051004294,青线椒,辣椒类
102900005116790,102900051010455,0.3764731585,0.0569472133,0.4754736588,False,0,False,0.39,0,False,102900005116790,黄心菜(1),花叶类,102900051010455,黄白菜(2),花叶类
102900005116837,102900005116899,0.1884243809,-0.07515770581,0.4303184306,False,-0,False,0.12,0,False,102900005116837,平菇,食用菌,102900005116899,净藕(1),水生根茎类
102900005116837,102900005116912,-0.1199967796,0.06505774685,0.3706235839,False,-0,False,0.01,0,False,102900005116837,平菇,食用菌,102900005116912,姬菇(1),食用菌
102900005116837,102900005116943,0.3060895521,0.1873748377,0.4250121772,False,0.02776247336,True,0.68,0.68,False,102900005116837,平菇,食用菌,102900005116943,红杭椒,辣椒类
102900005116837,102900005117209,0.03594560813,-0.123495368,0.3659900004,False,-0.004353913806,True,0.47,0.47,False,102900005116837,平菇,食用菌,102900005117209,七彩椒(1),辣椒类
102900005116837,102900005118817,0.2942583919,0.02071186924,0.3979507854,False,0,False,0.12,0,False,102900005116837,平菇,食用菌,102900005118817,菠菜,花叶类
102900005116837,102900005118824,-0.3125984973,0.007311251099,0.4455478568,False,-0,False,0.06,0,False,102900005116837,平菇,食用菌,102900005118824,高瓜(1),水生根茎类
102900005116837,102900005118831,0.1539998307,-0.006925255992,0.4325078454,False,-0,False,0.15,0,False,102900005116837,平菇,食用菌,102900005118831,娃娃菜,花叶类
102900005116837,102900005119944,-0.09661807568,0.1316309384,0.3818181414,False,0,False,0.24,0,False,102900005116837,平菇,食用菌,102900005119944,海鲜菇(1),食用菌
102900005116837,102900005119975,-0.4707374807,-0.1774781998,0.3668992435,False,-0.03755705464,True,0.57,0.57,False,102900005116837,平菇,食用菌,102900005119975,红薯尖,花叶类
102900005116837,102900005122654,0.495273482,-0.04695469946,0.443066593,False,-0.001339763592,True,0.38,0.38,False,102900005116837,平菇,食用菌,102900005122654,枝江红菜苔,花叶类
102900005116837,102900005123880,-0.03514435251,-0.01681412138,0.3292054372,False,-0,False,0.01,0,False,102900005116837,平菇,食用菌,102900005123880,灯笼椒(1),辣椒类
102900005116837,102900005125808,0.2492255821,0.148220143,0.3719884905,False,0.01248409564,True,0.51,0.51,False,102900005116837,平菇,食用菌,102900005125808,小米椒,辣椒类
102900005116837,102900005125815,0.08114662523,0.05618071272,0.4437328874,False,0,False,0.17,0,False,102900005116837,平菇,食用菌,102900005125815,杏鲍菇(1),食用菌
102900005116837,102900011000328,0.1640550934,-0.06236402498,0.4007024345,False,-0,False,0.14,0,False,102900005116837,平菇,食用菌,102900011000328,螺丝椒,辣椒类
102900005116837,102900011001219,0.007743936734,-0.079676274,0.3412687901,False,-0,False,0.36,0,False,102900005116837,平菇,食用菌,102900011001219,红灯笼椒(1),辣椒类
102900005116837,102900011001806,0.115498355,0.002609889768,0.3794318909,False,0,False,0.09,0,False,102900005116837,平菇,食用菌,102900011001806,姬菇(包),食用菌
102900005116837,102900011008164,-0.2178611935,-0.1066792294,0.42155163,False,-0,False,0.1,0,False,102900005116837,平菇,食用菌,102900011008164,奶白菜,花叶类
102900005116837,102900011008522,-0.3539642917,-0.05581800139,0.2771510603,False,-0,False,0.11,0,False,102900005116837,平菇,食用菌,102900011008522,甜白菜,花叶类
102900005116837,102900011009246,0.4222452762,-0.06673984721,0.3959639451,False,0,False,0.02,0,False,102900005116837,平菇,食用菌,102900011009246,鲜木耳(1),食用菌
102900005116837,102900011009970,0.3100535854,0.09216494361,0.5228043564,False,0,False,0.07,0,False,102900005116837,平菇,食用菌,102900011009970,青梗散花,花菜类
102900005116837,102900011012994,0.3130610941,-0.1512350136,0.4690386098,False,-0,False,0.39,0,False,102900005116837,平菇,食用菌,102900011012994,杏鲍菇(袋),食用菌
102900005116837,102900011013274,0.05175074767,-0.01154189487,0.4204907962,False,0,False,0.04,0,False,102900005116837,平菇,食用菌,102900011013274,白玉菇(袋),食用菌
102900005116837,102900011016701,0.1701036372,0.1349993515,0.387681637,False,0.02191730871,True,0.59,0.59,False,102900005116837,平菇,食用菌,102900011016701,芜湖青椒(1),辣椒类
102900005116837,102900011021842,0.3241437666,0.06369744786,0.5614595595,False,0,False,0.05,0,False,102900005116837,平菇,食用菌,102900011021842,洪湖莲藕(粉藕),水生根茎类
102900005116837,102900011022764,-0.3134058954,-0.08683475251,0.4941408129,False,0,False,0.05,0,False,102900005116837,平菇,食用菌,102900011022764,长线茄,茄类
102900005116837,102900051000463,0.03475997885,0.08896781381,0.4318515809,False,0,False,0.14,0,False,102900005116837,平菇,食用菌,102900051000463,圆茄子(2),茄类
102900005116837,102900051004294,0.2026840794,-0.0918522196,0.4049037497,False,-0,False,0.18,0,False,102900005116837,平菇,食用菌,102900051004294,青线椒,辣椒类
102900005116837,102900051010455,-0.3387760675,0.05761787013,0.4188637006,False,0,False,0.28,0,False,102900005116837,平菇,食用菌,102900051010455,黄白菜(2),花叶类
102900005116899,102900005116912,-0.02576050537,0.1047941047,0.2885828157,False,0,False,0.03,0,False,102900005116899,净藕(1),水生根茎类,102900005116912,姬菇(1),食用菌
102900005116899,102900005116943,0.1249802418,-0.06657443751,0.3677291133,False,-0,False,0.1,0,False,102900005116899,净藕(1),水生根茎类,102900005116943,红杭椒,辣椒类
102900005116899,102900005117209,0.1973083247,-0.09520277461,0.3432773568,False,0,False,0.05,0,False,102900005116899,净藕(1),水生根茎类,102900005117209,七彩椒(1),辣椒类
102900005116899,102900005118817,0.1805223844,0.08890456893,0.3792582925,False,0,False,0.12,0,False,102900005116899,净藕(1),水生根茎类,102900005118817,菠菜,花叶类
102900005116899,102900005118824,-0.3302122328,0.0308875322,0.4262908097,False,0,False,0.07,0,False,102900005116899,净藕(1),水生根茎类,102900005118824,高瓜(1),水生根茎类
102900005116899,102900005118831,-0.1081635424,-0.2894222271,0.3618493516,False,-0,False,0.09,0,False,102900005116899,净藕(1),水生根茎类,102900005118831,娃娃菜,花叶类
102900005116899,102900005119944,-0.09903743995,-0.05201245105,0.2524776008,False,-0,False,0.1,0,False,102900005116899,净藕(1),水生根茎类,102900005119944,海鲜菇(1),食用菌
102900005116899,102900005119975,-0.481077126,-0.07619038917,0.3071936961,False,-0,False,0.31,0,False,102900005116899,净藕(1),水生根茎类,102900005119975,红薯尖,花叶类
102900005116899,102900005122654,0.4898742822,0.3143261886,0.4100076856,False,0,False,0.43,0,False,102900005116899,净藕(1),水生根茎类,102900005122654,枝江红菜苔,花叶类
102900005116899,102900005123880,0.2691378206,-0.1121343084,0.2897507297,False,0,False,0.08,0,False,102900005116899,净藕(1),水生根茎类,102900005123880,灯笼椒(1),辣椒类
102900005116899,102900005125808,0.05523494907,-0.1239095449,0.3761260968,False,-0,False,0.19,0,False,102900005116899,净藕(1),水生根茎类,102900005125808,小米椒,辣椒类
102900005116899,102900005125815,-0.1167395358,-0.2841213104,0.3858482481,False,-0,False,0.05,0,False,102900005116899,净藕(1),水生根茎类,102900005125815,杏鲍菇(1),食用菌
102900005116899,102900011000328,-0.3671494066,0.3303247121,0.3839877101,False,0.07771117779,True,0.81,0.81,False,102900005116899,净藕(1),水生根茎类,102900011000328,螺丝椒,辣椒类
102900005116899,102900011001219,0.2536184132,-0.05557700634,0.3176047365,False,0,False,0.18,0,False,102900005116899,净藕(1),水生根茎类,102900011001219,红灯笼椒(1),辣椒类
102900005116899,102900011001806,0.02886479243,-0.09727775267,0.2785422797,False,-0,False,0.08,0,False,102900005116899,净藕(1),水生根茎类,102900011001806,姬菇(包),食用菌
102900005116899,102900011008164,-0.09080520445,0.245814832,0.3996875175,False,0.03171485811,True,0.64,0.64,False,102900005116899,净藕(1),水生根茎类,102900011008164,奶白菜,花叶类
102900005116899,102900011008522,0.3239094528,-0.03577939947,0.2409506842,False,0,False,0.1,0,False,102900005116899,净藕(1),水生根茎类,102900011008522,甜白菜,花叶类
102900005116899,102900011009246,-0.1274707929,-0.257450111,0.2674388434,False,-0.03360427136,True,0.65,0.65,False,102900005116899,净藕(1),水生根茎类,102900011009246,鲜木耳(1),食用菌
102900005116899,102900011009970,-0.2422878951,-0.3932063246,0.5241488399,False,-0.06731136634,True,0.83,0.83,False,102900005116899,净藕(1),水生根茎类,102900011009970,青梗散花,花菜类
102900005116899,102900011012994,-0.01517162238,-0.0236564348,0.3682675489,False,0,False,0.05,0,False,102900005116899,净藕(1),水生根茎类,102900011012994,杏鲍菇(袋),食用菌
102900005116899,102900011013274,-0.1307776014,-0.2593003502,0.409329163,False,-0,False,0.12,0,False,102900005116899,净藕(1),水生根茎类,102900011013274,白玉菇(袋),食用菌
102900005116899,102900011016701,0.1929873134,0.3529006442,0.3836942762,False,0.09461436725,True,0.87,0.87,False,102900005116899,净藕(1),水生根茎类,102900011016701,芜湖青椒(1),辣椒类
102900005116899,102900011021842,0.2185609165,-0.3674690975,0.5393493957,False,-0.02674406519,True,0.67,0.67,False,102900005116899,净藕(1),水生根茎类,102900011021842,洪湖莲藕(粉藕),水生根茎类
102900005116899,102900011022764,0.2039587069,0.1173951437,0.3986958692,False,0,False,0.01,0,False,102900005116899,净藕(1),水生根茎类,102900011022764,长线茄,茄类
102900005116899,102900051000463,-0.01875221203,-0.08759725088,0.3880377582,False,-0,False,0.08,0,False,102900005116899,净藕(1),水生根茎类,102900051000463,圆茄子(2),茄类
102900005116899,102900051004294,-0.01576839677,0.1698466306,0.3913493776,False,0,False,0.29,0,False,102900005116899,净藕(1),水生根茎类,102900051004294,青线椒,辣椒类
102900005116899,102900051010455,-0.0347120101,-0.002789716453,0.4240707497,False,0,False,0.04,0,False,102900005116899,净藕(1),水生根茎类,102900051010455,黄白菜(2),花叶类
102900005116912,102900005116943,0.461311686,0.1519564562,0.3268163402,False,-0,False,0.02,0,False,102900005116912,姬菇(1),食用菌,102900005116943,红杭椒,辣椒类
102900005116912,102900005117209,0.2434519396,-0.05436746275,0.406403868,False,-0,False,0.06,0,False,102900005116912,姬菇(1),食用菌,102900005117209,七彩椒(1),辣椒类
102900005116912,102900005118817,0.2515260867,0.2419237884,0.3005941014,False,0.04120807336,True,0.55,0.55,False,102900005116912,姬菇(1),食用菌,102900005118817,菠菜,花叶类
102900005116912,102900005118824,0.4096004773,0.5875517454,0.5826826434,False,0.13780167,True,0.98,0.98,False,102900005116912,姬菇(1),食用菌,102900005118824,高瓜(1),水生根茎类
102900005116912,102900005118831,0.6676038062,0.3397825123,0.4698446529,False,0.01484212713,True,0.56,0.56,False,102900005116912,姬菇(1),食用菌,102900005118831,娃娃菜,花叶类
102900005116912,102900005119944,0.7405351018,0.7783580038,0.7543429658,True,0.312476114,True,1,1,True,102900005116912,姬菇(1),食用菌,102900005119944,海鲜菇(1),食用菌
102900005116912,102900005119975,0.3196562416,0.06421764594,0.4641945638,False,-0,False,0.01,0,False,102900005116912,姬菇(1),食用菌,102900005119975,红薯尖,花叶类
102900005116912,102900005122654,-0.1809671689,0.4834223053,0.5894237236,False,0.08872093052,True,0.91,0.91,False,102900005116912,姬菇(1),食用菌,102900005122654,枝江红菜苔,花叶类
102900005116912,102900005123880,0.320481879,-0.08933434936,0.3994581731,False,-0,False,0.08,0,False,102900005116912,姬菇(1),食用菌,102900005123880,灯笼椒(1),辣椒类
102900005116912,102900005125808,0.5328102657,0.2948743521,0.4088207187,False,0,False,0.25,0,False,102900005116912,姬菇(1),食用菌,102900005125808,小米椒,辣椒类
102900005116912,102900005125815,0.7195405227,0.2204543549,0.4544789821,False,0,False,0.1,0,False,102900005116912,姬菇(1),食用菌,102900005125815,杏鲍菇(1),食用菌
102900005116912,102900011000328,0.1164146147,0.26884748,0.3590091528,False,0.001214832461,True,0.37,0.37,False,102900005116912,姬菇(1),食用菌,102900011000328,螺丝椒,辣椒类
102900005116912,102900011001219,0.2303434655,-0.0503559809,0.4689232023,False,-0,False,0.02,0,False,102900005116912,姬菇(1),食用菌,102900011001219,红灯笼椒(1),辣椒类
102900005116912,102900011001806,0.5275784637,0.27058268,0.6556532739,False,0.02909696427,True,0.68,0.68,False,102900005116912,姬菇(1),食用菌,102900011001806,姬菇(包),食用菌
102900005116912,102900011008164,0.1890152083,0.0224200151,0.3808136574,False,0,False,0,0,False,102900005116912,姬菇(1),食用菌,102900011008164,奶白菜,花叶类
102900005116912,102900011008522,0.4167976932,0.146489452,0.4265245369,False,0,False,0.27,0,False,102900005116912,姬菇(1),食用菌,102900011008522,甜白菜,花叶类
102900005116912,102900011009246,0.2651055472,-0.759373681,0.5307174528,False,-0.360096606,True,1,1,False,102900005116912,姬菇(1),食用菌,102900011009246,鲜木耳(1),食用菌
102900005116912,102900011009970,0.4210671537,-0.05849908615,0.3143426792,False,-0,False,0.01,0,False,102900005116912,姬菇(1),食用菌,102900011009970,青梗散花,花菜类
102900005116912,102900011012994,0.4293547468,0.01798432974,0.5006633074,False,0,False,0.02,0,False,102900005116912,姬菇(1),食用菌,102900011012994,杏鲍菇(袋),食用菌
102900005116912,102900011013274,0.4499111469,0.03511242105,0.4708568925,False,0,False,0,0,False,102900005116912,姬菇(1),食用菌,102900011013274,白玉菇(袋),食用菌
102900005116912,102900011016701,0.1062025656,0.2858502088,0.440467802,False,0.0201707782,True,0.59,0.59,False,102900005116912,姬菇(1),食用菌,102900011016701,芜湖青椒(1),辣椒类
102900005116912,102900011021842,0.07012729915,0.1937573501,0.5836657114,False,0,False,0.02,0,False,102900005116912,姬菇(1),食用菌,102900011021842,洪湖莲藕(粉藕),水生根茎类
102900005116912,102900011022764,0.2295809825,-0.5943878886,0.902265865,True,-0.1157125077,True,1,1,True,102900005116912,姬菇(1),食用菌,102900011022764,长线茄,茄类
102900005116912,102900051000463,0.4630463182,-0.003946931727,0.4219164945,False,-0,False,0.08,0,False,102900005116912,姬菇(1),食用菌,102900051000463,圆茄子(2),茄类
102900005116912,102900051004294,0.2412027258,0.2304863722,0.3264999212,False,0,False,0.07,0,False,102900005116912,姬菇(1),食用菌,102900051004294,青线椒,辣椒类
102900005116912,102900051010455,0.3556252582,-0.2185471499,0.3331402815,False,-0,False,0.03,0,False,102900005116912,姬菇(1),食用菌,102900051010455,黄白菜(2),花叶类
102900005116943,102900005117209,0.3563490977,0.1717967207,0.3478101093,False,0.01853830098,True,0.41,0.41,False,102900005116943,红杭椒,辣椒类,102900005117209,七彩椒(1),辣椒类
102900005116943,102900005118817,0.4164021231,0.04758625837,0.3740940171,False,0,False,0.11,0,False,102900005116943,红杭椒,辣椒类,102900005118817,菠菜,花叶类
102900005116943,102900005118824,0.2337271342,0.3108626709,0.4863470625,False,0.05312744222,True,0.89,0.89,False,102900005116943,红杭椒,辣椒类,102900005118824,高瓜(1),水生根茎类
102900005116943,102900005118831,0.6523395105,0.3424971776,0.4319037808,False,0.02487428093,True,0.59,0.59,False,102900005116943,红杭椒,辣椒类,102900005118831,娃娃菜,花叶类
102900005116943,102900005119944,0.5053169472,0.235971531,0.3473695869,False,0,False,0.46,0,False,102900005116943,红杭椒,辣椒类,102900005119944,海鲜菇(1),食用菌
102900005116943,102900005119975,0.04369813834,0.02012890091,0.3525440297,False,-0,False,0.06,0,False,102900005116943,红杭椒,辣椒类,102900005119975,红薯尖,花叶类
102900005116943,102900005122654,0.1306682773,0.04778323118,0.4861403996,False,-0,False,0.03,0,False,102900005116943,红杭椒,辣椒类,102900005122654,枝江红菜苔,花叶类
102900005116943,102900005123880,0.2903051524,0.09944018191,0.3638056377,False,0,False,0.27,0,False,102900005116943,红杭椒,辣椒类,102900005123880,灯笼椒(1),辣椒类
102900005116943,102900005125808,0.6303099123,0.3180636291,0.3979942199,False,0.0493546268,True,0.72,0.72,False,102900005116943,红杭椒,辣椒类,102900005125808,小米椒,辣椒类
102900005116943,102900005125815,0.6241527993,0.3097985272,0.4261829563,False,0.04791587949,True,0.78,0.78,False,102900005116943,红杭椒,辣椒类,102900005125815,杏鲍菇(1),食用菌
102900005116943,102900011000328,0.2521836153,-0.08542491367,0.3858545018,False,-0,False,0.12,0,False,102900005116943,红杭椒,辣椒类,102900011000328,螺丝椒,辣椒类
102900005116943,102900011001219,0.2560989566,0.1149139982,0.3899086719,False,0,False,0.04,0,False,102900005116943,红杭椒,辣椒类,102900011001219,红灯笼椒(1),辣椒类
102900005116943,102900011001806,0.4919175715,0.1612872719,0.3630068346,False,0.01703309891,True,0.41,0.41,False,102900005116943,红杭椒,辣椒类,102900011001806,姬菇(包),食用菌
102900005116943,102900011008164,0.1108233275,0.05225902305,0.368375912,False,0,False,0.39,0,False,102900005116943,红杭椒,辣椒类,102900011008164,奶白菜,花叶类
102900005116943,102900011008522,0.1050039505,0.1272745169,0.2977113476,False,0,False,0.13,0,False,102900005116943,红杭椒,辣椒类,102900011008522,甜白菜,花叶类
102900005116943,102900011009246,0.4224261819,-0.09518094148,0.3023843695,False,0,False,0.06,0,False,102900005116943,红杭椒,辣椒类,102900011009246,鲜木耳(1),食用菌
102900005116943,102900011009970,0.5546523109,0.1733123435,0.4957973947,False,0,False,0.05,0,False,102900005116943,红杭椒,辣椒类,102900011009970,青梗散花,花菜类
102900005116943,102900011012994,0.5638287384,-0.004422988911,0.3422006402,False,0,False,0.04,0,False,102900005116943,红杭椒,辣椒类,102900011012994,杏鲍菇(袋),食用菌
102900005116943,102900011013274,0.3069376029,0.1325977071,0.4190333694,False,0,False,0,0,False,102900005116943,红杭椒,辣椒类,102900011013274,白玉菇(袋),食用菌
102900005116943,102900011016701,0.341767389,-0.09897616854,0.4399235172,False,-0,False,0.08,0,False,102900005116943,红杭椒,辣椒类,102900011016701,芜湖青椒(1),辣椒类
102900005116943,102900011021842,0.2699494251,0.1987607562,0.5350111031,False,0,False,0.05,0,False,102900005116943,红杭椒,辣椒类,102900011021842,洪湖莲藕(粉藕),水生根茎类
102900005116943,102900011022764,-0.114258837,-0.2236676124,0.4728726549,False,-0,False,0.04,0,False,102900005116943,红杭椒,辣椒类,102900011022764,长线茄,茄类
102900005116943,102900051000463,0.5087406062,0.3627785341,0.4431228217,False,0.169219369,True,1,1,False,102900005116943,红杭椒,辣椒类,102900051000463,圆茄子(2),茄类
102900005116943,102900051004294,0.5203707783,0.05635380304,0.4015213343,False,0,False,0.02,0,False,102900005116943,红杭椒,辣椒类,102900051004294,青线椒,辣椒类
102900005116943,102900051010455,0.1425094491,-0.01676909055,0.4274634965,False,-0,False,0.04,0,False,102900005116943,红杭椒,辣椒类,102900051010455,黄白菜(2),花叶类
102900005117209,102900005118817,0.2664066381,-0.1363539549,0.3815841109,False,-0,False,0.21,0,False,102900005117209,七彩椒(1),辣椒类,102900005118817,菠菜,花叶类
102900005117209,102900005118824,0.07087496239,0.1101768021,0.4767143818,False,0,False,0.2,0,False,102900005117209,七彩椒(1),辣椒类,102900005118824,高瓜(1),水生根茎类
102900005117209,102900005118831,0.2727175356,0.2822087797,0.3439756046,False,0,False,0.39,0,False,102900005117209,七彩椒(1),辣椒类,102900005118831,娃娃菜,花叶类
102900005117209,102900005119944,0.2738915407,0.08797529629,0.3545538634,False,-0,False,0.05,0,False,102900005117209,七彩椒(1),辣椒类,102900005119944,海鲜菇(1),食用菌
102900005117209,102900005119975,0.0159113008,-0.004749121305,0.2922662594,False,0,False,0.05,0,False,102900005117209,七彩椒(1),辣椒类,102900005119975,红薯尖,花叶类
102900005117209,102900005122654,0.03654590823,-0.4030602456,0.5512482426,False,-0.008819449328,True,0.55,0.55,False,102900005117209,七彩椒(1),辣椒类,102900005122654,枝江红菜苔,花叶类
102900005117209,102900005123880,0.6038637405,0.5452941356,0.4153875235,False,0.1879724694,True,1,1,False,102900005117209,七彩椒(1),辣椒类,102900005123880,灯笼椒(1),辣椒类
102900005117209,102900005125808,0.3432100844,0.1505498211,0.3691996987,False,0,False,0.39,0,False,102900005117209,七彩椒(1),辣椒类,102900005125808,小米椒,辣椒类
102900005117209,102900005125815,0.287327198,0.2934716755,0.3729601245,False,0,False,0.17,0,False,102900005117209,七彩椒(1),辣椒类,102900005125815,杏鲍菇(1),食用菌
102900005117209,102900011000328,0.08046749283,-0.08491177576,0.3862776052,False,0,False,0.31,0,False,102900005117209,七彩椒(1),辣椒类,102900011000328,螺丝椒,辣椒类
102900005117209,102900011001219,0.567316669,0.5439446345,0.3875930103,False,0.2392478109,True,1,1,False,102900005117209,七彩椒(1),辣椒类,102900011001219,红灯笼椒(1),辣椒类
102900005117209,102900011001806,0.2060534234,0.3247930985,0.4138494611,False,0.01580316882,True,0.5,0.5,False,102900005117209,七彩椒(1),辣椒类,102900011001806,姬菇(包),食用菌
102900005117209,102900011008164,0.1579027789,-0.1706198082,0.3516485593,False,-0,False,0.1,0,False,102900005117209,七彩椒(1),辣椒类,102900011008164,奶白菜,花叶类
102900005117209,102900011008522,0.2601032337,0.393215758,0.296672681,False,0.08032557023,True,0.95,0.95,False,102900005117209,七彩椒(1),辣椒类,102900011008522,甜白菜,花叶类
102900005117209,102900011009246,-0.01425002599,0.235564355,0.5336141016,False,0,False,0.28,0,False,102900005117209,七彩椒(1),辣椒类,102900011009246,鲜木耳(1),食用菌
102900005117209,102900011009970,0.08780107863,0.3119180773,0.4883158732,False,0,False,0.22,0,False,102900005117209,七彩椒(1),辣椒类,102900011009970,青梗散花,花菜类
102900005117209,102900011012994,0.32800065,0.1723858,0.4420777362,False,0.06945330586,True,0.8,0.8,False,102900005117209,七彩椒(1),辣椒类,102900011012994,杏鲍菇(袋),食用菌
102900005117209,102900011013274,0.1027734601,0.1729424262,0.3523344655,False,0,False,0.08,0,False,102900005117209,七彩椒(1),辣椒类,102900011013274,白玉菇(袋),食用菌
102900005117209,102900011016701,0.2094470044,-0.1866519119,0.3461532233,False,-0,False,0.2,0,False,102900005117209,七彩椒(1),辣椒类,102900011016701,芜湖青椒(1),辣椒类
102900005117209,102900011021842,0.2087111344,0.4395094119,0.5019573138,False,0.06297084803,True,0.84,0.84,False,102900005117209,七彩椒(1),辣椒类,102900011021842,洪湖莲藕(粉藕),水生根茎类
102900005117209,102900011022764,0.1512774459,-0.2525652446,0.4371216442,False,-0,False,0.15,0,False,102900005117209,七彩椒(1),辣椒类,102900011022764,长线茄,茄类
102900005117209,102900051000463,0.2472952057,0.1967187059,0.4021544359,False,0,False,0.26,0,False,102900005117209,七彩椒(1),辣椒类,102900051000463,圆茄子(2),茄类
102900005117209,102900051004294,0.2950757582,0.05752626591,0.4093141072,False,0.01762760168,True,0.5,0.5,False,102900005117209,七彩椒(1),辣椒类,102900051004294,青线椒,辣椒类
102900005117209,102900051010455,0.09865234048,-0.01710441897,0.3956781864,False,-0,False,0.06,0,False,102900005117209,七彩椒(1),辣椒类,102900051010455,黄白菜(2),花叶类
102900005118817,102900005118824,0.08438832966,0.1195921025,0.4898004008,False,0,False,0.12,0,False,102900005118817,菠菜,花叶类,102900005118824,高瓜(1),水生根茎类
102900005118817,102900005118831,0.2631495984,0.1957170633,0.4386613414,False,0.04041247397,True,0.65,0.65,False,102900005118817,菠菜,花叶类,102900005118831,娃娃菜,花叶类
102900005118817,102900005119944,0.2180028254,0.1818272646,0.2676466817,False,0,False,0.15,0,False,102900005118817,菠菜,花叶类,102900005119944,海鲜菇(1),食用菌
102900005118817,102900005119975,0.04141095111,0.02903349594,0.328017898,False,-0,False,0.12,0,False,102900005118817,菠菜,花叶类,102900005119975,红薯尖,花叶类
102900005118817,102900005122654,0.2728681261,0.3687904766,0.4870844229,False,0.1245345577,True,0.95,0.95,False,102900005118817,菠菜,花叶类,102900005122654,枝江红菜苔,花叶类
102900005118817,102900005123880,0.222730788,-0.1060072673,0.2839112864,False,-0,False,0.12,0,False,102900005118817,菠菜,花叶类,102900005123880,灯笼椒(1),辣椒类
102900005118817,102900005125808,0.4000561856,0.1887768451,0.4015591787,False,0.004890577867,True,0.42,0.42,False,102900005118817,菠菜,花叶类,102900005125808,小米椒,辣椒类
102900005118817,102900005125815,0.2549998368,0.2127591251,0.4290564427,False,0.02661714484,True,0.56,0.56,False,102900005118817,菠菜,花叶类,102900005125815,杏鲍菇(1),食用菌
102900005118817,102900011000328,0.2499137236,0.09841200756,0.4437448001,False,-0,False,0.05,0,False,102900005118817,菠菜,花叶类,102900011000328,螺丝椒,辣椒类
102900005118817,102900011001219,0.2225370294,-0.1274925515,0.3429664291,False,-0,False,0.13,0,False,102900005118817,菠菜,花叶类,102900011001219,红灯笼椒(1),辣椒类
102900005118817,102900011001806,0.2036211542,0.1968505352,0.3125119053,False,0,False,0.4,0,False,102900005118817,菠菜,花叶类,102900011001806,姬菇(包),食用菌
102900005118817,102900011008164,0.2227204845,0.2209197823,0.371502572,False,0.02253740667,True,0.49,0.49,False,102900005118817,菠菜,花叶类,102900011008164,奶白菜,花叶类
102900005118817,102900011008522,-0.04452557043,0.1018014232,0.2048725145,False,0,False,0.17,0,False,102900005118817,菠菜,花叶类,102900011008522,甜白菜,花叶类
102900005118817,102900011009246,0.1334288636,-0.2663695976,0.3390880722,False,-0,False,0.2,0,False,102900005118817,菠菜,花叶类,102900011009246,鲜木耳(1),食用菌
102900005118817,102900011009970,0.2312522422,-0.08890302637,0.4964984419,False,0,False,0,0,False,102900005118817,菠菜,花叶类,102900011009970,青梗散花,花菜类
102900005118817,102900011012994,0.2566737496,0.4653806043,0.436502801,False,0.2364173376,True,1,1,False,102900005118817,菠菜,花叶类,102900011012994,杏鲍菇(袋),食用菌
102900005118817,102900011013274,0.09523580549,0.2628118059,0.3928018713,False,0.05439526924,True,0.78,0.78,False,102900005118817,菠菜,花叶类,102900011013274,白玉菇(袋),食用菌
102900005118817,102900011016701,0.1830682393,-0.01714529676,0.3250536006,False,0,False,0.01,0,False,102900005118817,菠菜,花叶类,102900011016701,芜湖青椒(1),辣椒类
102900005118817,102900011021842,0.1086943588,-0.1849117876,0.5335342816,False,-0,False,0.11,0,False,102900005118817,菠菜,花叶类,102900011021842,洪湖莲藕(粉藕),水生根茎类
102900005118817,102900011022764,0.1367905469,0.1593035421,0.4451113806,False,0.04000572616,True,0.75,0.75,False,102900005118817,菠菜,花叶类,102900011022764,长线茄,茄类
102900005118817,102900051000463,0.2589281999,-0.1736863545,0.4552331766,False,-0,False,0.09,0,False,102900005118817,菠菜,花叶类,102900051000463,圆茄子(2),茄类
102900005118817,102900051004294,0.4606779948,0.2612065961,0.4919766157,False,0.05611828355,True,0.81,0.81,False,102900005118817,菠菜,花叶类,102900051004294,青线椒,辣椒类
102900005118817,102900051010455,0.03129890929,0.02345851272,0.4619501131,False,0,False,0.04,0,False,102900005118817,菠菜,花叶类,102900051010455,黄白菜(2),花叶类
102900005118824,102900005118831,0.4425424458,0.3163448228,0.4935620043,False,0.05620042686,True,0.91,0.91,False,102900005118824,高瓜(1),水生根茎类,102900005118831,娃娃菜,花叶类
102900005118824,102900005119944,0.5131111441,0.4966279085,0.5264887931,False,0.01123686726,True,0.57,0.57,False,102900005118824,高瓜(1),水生根茎类,102900005119944,海鲜菇(1),食用菌
102900005118824,102900005119975,0.7560551185,0.1362699448,0.4227051198,False,0.01300258711,True,0.57,0.57,False,102900005118824,高瓜(1),水生根茎类,102900005119975,红薯尖,花叶类
102900005118824,102900005122654,-0.5273622124,0.3101955145,0.5273294138,False,0.0659736089,True,0.87,0.87,False,102900005118824,高瓜(1),水生根茎类,102900005122654,枝江红菜苔,花叶类
102900005118824,102900005123880,0.08200445312,-0.03805010443,0.435413164,False,-0,False,0.08,0,False,102900005118824,高瓜(1),水生根茎类,102900005123880,灯笼椒(1),辣椒类
102900005118824,102900005125808,0.3462835061,0.3002465483,0.4354682661,False,0.01535331704,True,0.53,0.53,False,102900005118824,高瓜(1),水生根茎类,102900005125808,小米椒,辣椒类
102900005118824,102900005125815,0.4824461616,0.1642106939,0.5575601256,False,0,False,0.01,0,False,102900005118824,高瓜(1),水生根茎类,102900005125815,杏鲍菇(1),食用菌
102900005118824,102900011000328,0.2793602206,0.1612214759,0.4811656518,False,0,False,0.1,0,False,102900005118824,高瓜(1),水生根茎类,102900011000328,螺丝椒,辣椒类
102900005118824,102900011001219,0.009552091332,0.005185368622,0.4167114881,False,-0,False,0,0,False,102900005118824,高瓜(1),水生根茎类,102900011001219,红灯笼椒(1),辣椒类
102900005118824,102900011001806,0.3075618896,0.1574997576,0.5148556147,False,0,False,0.04,0,False,102900005118824,高瓜(1),水生根茎类,102900011001806,姬菇(包),食用菌
102900005118824,102900011008164,0.3505687736,0.002428520524,0.4145550767,False,0,False,0.02,0,False,102900005118824,高瓜(1),水生根茎类,102900011008164,奶白菜,花叶类
102900005118824,102900011008522,0.1499187549,0.04546524088,0.3730508661,False,0,False,0.01,0,False,102900005118824,高瓜(1),水生根茎类,102900011008522,甜白菜,花叶类
102900005118824,102900011009246,0.1075826971,-0.475398155,0.5677501575,False,-0.06278741576,True,0.96,0.96,False,102900005118824,高瓜(1),水生根茎类,102900011009246,鲜木耳(1),食用菌
102900005118824,102900011009970,0.3634855124,0.06318015691,0.5261124959,False,0,False,0.03,0,False,102900005118824,高瓜(1),水生根茎类,102900011009970,青梗散花,花菜类
102900005118824,102900011012994,0.2042539379,-0.1176547088,0.486774619,False,-0,False,0.22,0,False,102900005118824,高瓜(1),水生根茎类,102900011012994,杏鲍菇(袋),食用菌
102900005118824,102900011013274,0.3405528332,-0.01460102504,0.4483268552,False,-0,False,0.02,0,False,102900005118824,高瓜(1),水生根茎类,102900011013274,白玉菇(袋),食用菌
102900005118824,102900011016701,0.1408396977,0.1664715726,0.4013983358,False,0,False,0.22,0,False,102900005118824,高瓜(1),水生根茎类,102900011016701,芜湖青椒(1),辣椒类
102900005118824,102900011021842,-0.2124606974,0.216887476,0.5702168848,False,0,False,0.02,0,False,102900005118824,高瓜(1),水生根茎类,102900011021842,洪湖莲藕(粉藕),水生根茎类
102900005118824,102900011022764,0.03927571354,-0.5079030595,0.6611683398,False,-0.1695864495,True,1,1,False,102900005118824,高瓜(1),水生根茎类,102900011022764,长线茄,茄类
102900005118824,102900051000463,0.3678838002,0.1773590668,0.5051424475,False,0,False,0.21,0,False,102900005118824,高瓜(1),水生根茎类,102900051000463,圆茄子(2),茄类
102900005118824,102900051004294,0.2963743301,0.1406242899,0.4642846892,False,0,False,0.06,0,False,102900005118824,高瓜(1),水生根茎类,102900051004294,青线椒,辣椒类
102900005118824,102900051010455,0.5290613089,-0.08870581624,0.4464907801,False,-0,False,0.04,0,False,102900005118824,高瓜(1),水生根茎类,102900051010455,黄白菜(2),花叶类
102900005118831,102900005119944,0.70703579,0.3933139711,0.4640660738,False,0,False,0.2,0,False,102900005118831,娃娃菜,花叶类,102900005119944,海鲜菇(1),食用菌
102900005118831,102900005119975,0.2739805489,0.2651005033,0.3867841899,False,0.04007631956,True,0.79,0.79,False,102900005118831,娃娃菜,花叶类,102900005119975,红薯尖,花叶类
102900005118831,102900005122654,-0.2710636952,-0.1037811841,0.5549594814,False,0,False,0.06,0,False,102900005118831,娃娃菜,花叶类,102900005122654,枝江红菜苔,花叶类
102900005118831,102900005123880,0.2980167447,0.1849938508,0.3194911194,False,0,False,0.02,0,False,102900005118831,娃娃菜,花叶类,102900005123880,灯笼椒(1),辣椒类
102900005118831,102900005125808,0.6642801826,0.4842074072,0.4222608179,False,0.1228849056,True,0.95,0.95,False,102900005118831,娃娃菜,花叶类,102900005125808,小米椒,辣椒类
102900005118831,102900005125815,0.8895624766,0.7904457645,0.66682376,False,0.2924289619,True,1,1,False,102900005118831,娃娃菜,花叶类,102900005125815,杏鲍菇(1),食用菌
102900005118831,102900011000328,0.2829679311,-0.220375925,0.3557814321,False,-0.01030928727,True,0.44,0.44,False,102900005118831,娃娃菜,花叶类,102900011000328,螺丝椒,辣椒类
102900005118831,102900011001219,0.2422688865,0.2463297348,0.3354691843,False,0,False,0.19,0,False,102900005118831,娃娃菜,花叶类,102900011001219,红灯笼椒(1),辣椒类
102900005118831,102900011001806,0.633382773,0.3376091664,0.4203154761,False,0,False,0.35,0,False,102900005118831,娃娃菜,花叶类,102900011001806,姬菇(包),食用菌
102900005118831,102900011008164,0.2136923498,-0.03286628031,0.5120423599,False,0,False,0.18,0,False,102900005118831,娃娃菜,花叶类,102900011008164,奶白菜,花叶类
102900005118831,102900011008522,0.2691352714,0.3149720052,0.2864990671,False,0.02347921901,True,0.44,0.44,False,102900005118831,娃娃菜,花叶类,102900011008522,甜白菜,花叶类
102900005118831,102900011009246,0.5337298789,-0.0328834561,0.3587639724,False,-0,False,0,0,False,102900005118831,娃娃菜,花叶类,102900011009246,鲜木耳(1),食用菌
102900005118831,102900011009970,0.7443664892,0.5053398621,0.5741284411,False,0.005280141505,True,0.5,0.5,False,102900005118831,娃娃菜,花叶类,102900011009970,青梗散花,花菜类
102900005118831,102900011012994,0.6653529714,0.2465450996,0.4313270791,False,0,False,0.24,0,False,102900005118831,娃娃菜,花叶类,102900011012994,杏鲍菇(袋),食用菌
102900005118831,102900011013274,0.5672466523,0.6538068232,0.5813263675,False,0.1903315173,True,1,1,False,102900005118831,娃娃菜,花叶类,102900011013274,白玉菇(袋),食用菌
102900005118831,102900011016701,0.3506632436,-0.3506752578,0.5925044779,False,-0.005185371376,True,0.39,0.39,False,102900005118831,娃娃菜,花叶类,102900011016701,芜湖青椒(1),辣椒类
102900005118831,102900011021842,0.2969299122,0.6287532445,0.7280823395,True,0.07197032363,True,0.96,0.96,True,102900005118831,娃娃菜,花叶类,102900011021842,洪湖莲藕(粉藕),水生根茎类
102900005118831,102900011022764,-0.1274136943,-0.4124329425,0.6014345984,False,-0,False,0.01,0,False,102900005118831,娃娃菜,花叶类,102900011022764,长线茄,茄类
102900005118831,102900051000463,0.5562317223,0.1189906602,0.5122863708,False,-0,False,0.01,0,False,102900005118831,娃娃菜,花叶类,102900051000463,圆茄子(2),茄类
102900005118831,102900051004294,0.4663560823,0.007190991317,0.3731163171,False,-0,False,0,0,False,102900005118831,娃娃菜,花叶类,102900051004294,青线椒,辣椒类
102900005118831,102900051010455,0.3943692835,-0.07735004153,0.410864673,False,-0,False,0.02,0,False,102900005118831,娃娃菜,花叶类,102900051010455,黄白菜(2),花叶类
102900005119944,102900005119975,0.4022916301,-0.07308842335,0.3565114543,False,-0.004773379772,True,0.53,0.53,False,102900005119944,海鲜菇(1),食用菌,102900005119975,红薯尖,花叶类
102900005119944,102900005122654,-0.2115331503,0.1837908818,0.5131587794,False,0,False,0,0,False,102900005119944,海鲜菇(1),食用菌,102900005122654,枝江红菜苔,花叶类
102900005119944,102900005123880,0.3085037186,0.06796962205,0.3767002898,False,-0,False,0.01,0,False,102900005119944,海鲜菇(1),食用菌,102900005123880,灯笼椒(1),辣椒类
102900005119944,102900005125808,0.584578031,0.2766964313,0.3896221964,False,0,False,0.15,0,False,102900005119944,海鲜菇(1),食用菌,102900005125808,小米椒,辣椒类
102900005119944,102900005125815,0.7918464087,0.3572480933,0.4808749427,False,0,False,0.39,0,False,102900005119944,海鲜菇(1),食用菌,102900005125815,杏鲍菇(1),食用菌
102900005119944,102900011000328,0.1527211814,0.120537394,0.3249393663,False,0,False,0,0,False,102900005119944,海鲜菇(1),食用菌,102900011000328,螺丝椒,辣椒类
102900005119944,102900011001219,0.270878986,0.1154043537,0.4342840203,False,0,False,0.17,0,False,102900005119944,海鲜菇(1),食用菌,102900011001219,红灯笼椒(1),辣椒类
102900005119944,102900011001806,0.517865836,0.4471482786,0.6239664668,False,0.1634488065,True,0.99,0.99,False,102900005119944,海鲜菇(1),食用菌,102900011001806,姬菇(包),食用菌
102900005119944,102900011008164,0.2319166017,-0.07840550271,0.4405660707,False,-0,False,0,0,False,102900005119944,海鲜菇(1),食用菌,102900011008164,奶白菜,花叶类
102900005119944,102900011008522,0.3520933545,0.2503234922,0.4106727958,False,0,False,0.24,0,False,102900005119944,海鲜菇(1),食用菌,102900011008522,甜白菜,花叶类
102900005119944,102900011009246,0.2205451809,-0.5802486817,0.5109847814,False,-0.1164810733,True,0.98,0.98,False,102900005119944,海鲜菇(1),食用菌,102900011009246,鲜木耳(1),食用菌
102900005119944,102900011009970,0.5010564684,0.1728981666,0.3329275722,False,0,False,0.11,0,False,102900005119944,海鲜菇(1),食用菌,102900011009970,青梗散花,花菜类
102900005119944,102900011012994,0.4565637667,0.1182033255,0.4657651563,False,0,False,0.02,0,False,102900005119944,海鲜菇(1),食用菌,102900011012994,杏鲍菇(袋),食用菌
102900005119944,102900011013274,0.3842468135,0.1106721412,0.397873431,False,-0,False,0,0,False,102900005119944,海鲜菇(1),食用菌,102900011013274,白玉菇(袋),食用菌
102900005119944,102900011016701,0.1872903193,0.112040865,0.4977070106,False,0,False,0.02,0,False,102900005119944,海鲜菇(1),食用菌,102900011016701,芜湖青椒(1),辣椒类
102900005119944,102900011021842,0.01018060612,0.3946875365,0.5151432191,False,0,False,0.38,0,False,102900005119944,海鲜菇(1),食用菌,102900011021842,洪湖莲藕(粉藕),水生根茎类
102900005119944,102900011022764,0.1007188079,-0.6642396096,0.7461337958,True,-0.1746002975,True,1,1,True,102900005119944,海鲜菇(1),食用菌,102900011022764,长线茄,茄类
102900005119944,102900051000463,0.4570950135,0.09453407564,0.3994781114,False,0,False,0.02,0,False,102900005119944,海鲜菇(1),食用菌,102900051000463,圆茄子(2),茄类
102900005119944,102900051004294,0.3666441109,0.1469249281,0.3393658649,False,0,False,0.03,0,False,102900005119944,海鲜菇(1),食用菌,102900051004294,青线椒,辣椒类
102900005119944,102900051010455,0.3514447528,-0.3438501587,0.3609152769,False,-0.1623676229,True,1,1,False,102900005119944,海鲜菇(1),食用菌,102900051010455,黄白菜(2),花叶类
102900005119975,102900005122654,-0.6113917205,0.1891729859,0.3464492071,False,0.03198464514,True,0.66,0.66,False,102900005119975,红薯尖,花叶类,102900005122654,枝江红菜苔,花叶类
102900005119975,102900005123880,0.01478215057,-0.115528767,0.302735223,False,-0,False,0.23,0,False,102900005119975,红薯尖,花叶类,102900005123880,灯笼椒(1),辣椒类
102900005119975,102900005125808,0.1915583263,0.1684824158,0.3388310086,False,0,False,0.24,0,False,102900005119975,红薯尖,花叶类,102900005125808,小米椒,辣椒类
102900005119975,102900005125815,0.3297164784,0.1282067023,0.3776423267,False,-0,False,0.01,0,False,102900005119975,红薯尖,花叶类,102900005125815,杏鲍菇(1),食用菌
102900005119975,102900011000328,0.2994242456,0.04734917904,0.3280268054,False,0,False,0.07,0,False,102900005119975,红薯尖,花叶类,102900011000328,螺丝椒,辣椒类
102900005119975,102900011001219,-0.0178150172,-0.03718627185,0.3348987293,False,-0,False,0.01,0,False,102900005119975,红薯尖,花叶类,102900011001219,红灯笼椒(1),辣椒类
102900005119975,102900011001806,0.1371487066,-0.1555691868,0.3128218717,False,-0.001334583026,True,0.42,0.42,False,102900005119975,红薯尖,花叶类,102900011001806,姬菇(包),食用菌
102900005119975,102900011008164,0.5035574086,0.1815809892,0.3086187285,False,0,False,0.36,0,False,102900005119975,红薯尖,花叶类,102900011008164,奶白菜,花叶类
102900005119975,102900011008522,0.09349748045,-0.01425543268,0.2598515246,False,-0,False,0.2,0,False,102900005119975,红薯尖,花叶类,102900011008522,甜白菜,花叶类
102900005119975,102900011009246,-0.05489615202,-0.0210161685,0.3756463221,False,0,False,0,0,False,102900005119975,红薯尖,花叶类,102900011009246,鲜木耳(1),食用菌
102900005119975,102900011009970,0.1963246329,-0.02171263352,0.3455714828,False,-0,False,0.03,0,False,102900005119975,红薯尖,花叶类,102900011009970,青梗散花,花菜类
102900005119975,102900011012994,0.05494890607,-0.05272368903,0.4156831609,False,-0.03002797343,True,0.51,0.51,False,102900005119975,红薯尖,花叶类,102900011012994,杏鲍菇(袋),食用菌
102900005119975,102900011013274,0.2364486562,0.2344373976,0.4240484997,False,0,False,0.32,0,False,102900005119975,红薯尖,花叶类,102900011013274,白玉菇(袋),食用菌
102900005119975,102900011016701,-0.0009680142415,-0.04014590702,0.3386418387,False,0,False,0.05,0,False,102900005119975,红薯尖,花叶类,102900011016701,芜湖青椒(1),辣椒类
102900005119975,102900011021842,-0.2797544202,0.02370828849,0.4798787679,False,0,False,0,0,False,102900005119975,红薯尖,花叶类,102900011021842,洪湖莲藕(粉藕),水生根茎类
102900005119975,102900011022764,0.1740305737,0.09197342908,0.4660975092,False,0,False,0.12,0,False,102900005119975,红薯尖,花叶类,102900011022764,长线茄,茄类
102900005119975,102900051000463,0.2971077787,-0.1571286537,0.348865046,False,-0.03373543092,True,0.73,0.73,False,102900005119975,红薯尖,花叶类,102900051000463,圆茄子(2),茄类
102900005119975,102900051004294,0.2785388105,0.1519657115,0.346173829,False,0,False,0.23,0,False,102900005119975,红薯尖,花叶类,102900051004294,青线椒,辣椒类
102900005119975,102900051010455,0.4699337916,0.05313893382,0.3613179959,False,0,False,0.11,0,False,102900005119975,红薯尖,花叶类,102900051010455,黄白菜(2),花叶类
102900005122654,102900005123880,0.02069210677,-0.5296976266,0.7088529402,True,-0.1197948473,True,1,1,True,102900005122654,枝江红菜苔,花叶类,102900005123880,灯笼椒(1),辣椒类
102900005122654,102900005125808,0.005530445712,0.1777651749,0.7544926705,True,0.05559474558,True,0.72,0.72,True,102900005122654,枝江红菜苔,花叶类,102900005125808,小米椒,辣椒类
102900005122654,102900005125815,-0.2893298999,-0.1905562241,0.518792154,False,-0,False,0.01,0,False,102900005122654,枝江红菜苔,花叶类,102900005125815,杏鲍菇(1),食用菌
102900005122654,102900011000328,-0.1908645016,0.4497900282,0.480598134,False,0.0891802509,True,0.95,0.95,False,102900005122654,枝江红菜苔,花叶类,102900011000328,螺丝椒,辣椒类
102900005122654,102900011001219,0.0292362435,-0.469584016,0.5129727268,False,-0.007106478041,True,0.64,0.64,False,102900005122654,枝江红菜苔,花叶类,102900011001219,红灯笼椒(1),辣椒类
102900005122654,102900011001806,-0.1624454261,-0.2528821216,0.6011162195,False,-0.04789678551,True,0.76,0.76,False,102900005122654,枝江红菜苔,花叶类,102900011001806,姬菇(包),食用菌
102900005122654,102900011008164,-0.2555254822,0.4466006705,0.4114596769,False,0.1158499117,True,0.91,0.91,False,102900005122654,枝江红菜苔,花叶类,102900011008164,奶白菜,花叶类
102900005122654,102900011008522,-0.2955858322,-0.3143379951,0.5263840062,False,-0.0120932688,True,0.6,0.6,False,102900005122654,枝江红菜苔,花叶类,102900011008522,甜白菜,花叶类
102900005122654,102900011009246,-0.03915482794,-0.704584388,0.5934391184,False,-0.2909957716,True,1,1,False,102900005122654,枝江红菜苔,花叶类,102900011009246,鲜木耳(1),食用菌
102900005122654,102900011009970,-0.1810160116,-0.5478007926,0.5526044333,False,-0.1002902334,True,0.97,0.97,False,102900005122654,枝江红菜苔,花叶类,102900011009970,青梗散花,花菜类
102900005122654,102900011012994,-0.05110078357,-0.01447667112,0.7056281106,False,0,False,0,0,False,102900005122654,枝江红菜苔,花叶类,102900011012994,杏鲍菇(袋),食用菌
102900005122654,102900011013274,-0.3257700842,-0.171390672,0.4243051651,False,0,False,0,0,False,102900005122654,枝江红菜苔,花叶类,102900011013274,白玉菇(袋),食用菌
102900005122654,102900011016701,-0.1206342412,0.3494682149,0.4680864365,False,0.04473349541,True,0.79,0.79,False,102900005122654,枝江红菜苔,花叶类,102900011016701,芜湖青椒(1),辣椒类
102900005122654,102900011021842,0.08778704751,-0.6084887095,0.5407662616,False,-0.2883702591,True,1,1,False,102900005122654,枝江红菜苔,花叶类,102900011021842,洪湖莲藕(粉藕),水生根茎类
102900005122654,102900011022764,-0.04171435603,0.1944666896,0.6635731138,False,0.04293551904,True,0.59,0.59,False,102900005122654,枝江红菜苔,花叶类,102900011022764,长线茄,茄类
102900005122654,102900051000463,-0.1421162935,-0.1812311845,0.5361007011,False,-0.02241137582,True,0.37,0.37,False,102900005122654,枝江红菜苔,花叶类,102900051000463,圆茄子(2),茄类
102900005122654,102900051004294,0.04390195473,0.2270586299,0.472022309,False,0,False,0.11,0,False,102900005122654,枝江红菜苔,花叶类,102900051004294,青线椒,辣椒类
102900005122654,102900051010455,-0.5328021295,-0.09217514823,0.4871166276,False,-0,False,0.01,0,False,102900005122654,枝江红菜苔,花叶类,102900051010455,黄白菜(2),花叶类
102900005123880,102900005125808,0.2948169973,0.01427572326,0.5532202223,False,0,False,0.03,0,False,102900005123880,灯笼椒(1),辣椒类,102900005125808,小米椒,辣椒类
102900005123880,102900005125815,0.2911149994,0.2138648131,0.3756657144,False,0,False,0,0,False,102900005123880,灯笼椒(1),辣椒类,102900005125815,杏鲍菇(1),食用菌
102900005123880,102900011000328,0.008932517392,-0.1491313796,0.3296328296,False,0,False,0.08,0,False,102900005123880,灯笼椒(1),辣椒类,102900011000328,螺丝椒,辣椒类
102900005123880,102900011001219,0.6483656208,0.6484940064,0.456859164,False,0.3245026178,True,1,1,False,102900005123880,灯笼椒(1),辣椒类,102900011001219,红灯笼椒(1),辣椒类
102900005123880,102900011001806,0.3077724529,0.3925230307,0.4795110171,False,0.06726822688,True,0.83,0.83,False,102900005123880,灯笼椒(1),辣椒类,102900011001806,姬菇(包),食用菌
102900005123880,102900011008164,0.2270546797,-0.2303455841,0.3376774834,False,-0,False,0.08,0,False,102900005123880,灯笼椒(1),辣椒类,102900011008164,奶白菜,花叶类
102900005123880,102900011008522,0.4035674835,0.4670246153,0.452175516,False,0.1370742865,True,0.94,0.94,False,102900005123880,灯笼椒(1),辣椒类,102900011008522,甜白菜,花叶类
102900005123880,102900011009246,-0.04433584295,0.3264660028,0.4977233947,False,0.01643226888,True,0.51,0.51,False,102900005123880,灯笼椒(1),辣椒类,102900011009246,鲜木耳(1),食用菌
102900005123880,102900011009970,0.0379755751,0.2582644037,0.3682226049,False,-0,False,0.1,0,False,102900005123880,灯笼椒(1),辣椒类,102900011009970,青梗散花,花菜类
102900005123880,102900011012994,0.2539972976,0.1343733696,0.5005263065,False,0,False,0.01,0,False,102900005123880,灯笼椒(1),辣椒类,102900011012994,杏鲍菇(袋),食用菌
102900005123880,102900011013274,0.1551535137,0.206872417,0.3574669159,False,0,False,0.15,0,False,102900005123880,灯笼椒(1),辣椒类,102900011013274,白玉菇(袋),食用菌
102900005123880,102900011016701,0.15037854,-0.07983124176,0.3846309617,False,0,False,0.04,0,False,102900005123880,灯笼椒(1),辣椒类,102900011016701,芜湖青椒(1),辣椒类
102900005123880,102900011021842,0.1607575068,0.4503340766,0.4809741816,False,0,False,0.42,0,False,102900005123880,灯笼椒(1),辣椒类,102900011021842,洪湖莲藕(粉藕),水生根茎类
102900005123880,102900011022764,0.2134325139,-0.2172826082,0.5459127465,False,-0,False,0.04,0,False,102900005123880,灯笼椒(1),辣椒类,102900011022764,长线茄,茄类
102900005123880,102900051000463,0.245606732,0.1825951619,0.377987406,False,0,False,0.34,0,False,102900005123880,灯笼椒(1),辣椒类,102900051000463,圆茄子(2),茄类
102900005123880,102900051004294,0.1847766689,0.09392357858,0.3285669326,False,0,False,0.26,0,False,102900005123880,灯笼椒(1),辣椒类,102900051004294,青线椒,辣椒类
102900005123880,102900051010455,0.1192493457,0.0216293947,0.3585305899,False,0,False,0.04,0,False,102900005123880,灯笼椒(1),辣椒类,102900051010455,黄白菜(2),花叶类
102900005125808,102900005125815,0.6821915359,0.3965047469,0.4192473005,False,0.03845808909,True,0.69,0.69,False,102900005125808,小米椒,辣椒类,102900005125815,杏鲍菇(1),食用菌
102900005125808,102900011000328,0.2604714361,-0.06719994485,0.3961044122,False,-0,False,0.07,0,False,102900005125808,小米椒,辣椒类,102900011000328,螺丝椒,辣椒类
102900005125808,102900011001219,0.2525845817,0.1073087711,0.3966098835,False,0,False,0.11,0,False,102900005125808,小米椒,辣椒类,102900011001219,红灯笼椒(1),辣椒类
102900005125808,102900011001806,0.5161438668,0.07311974915,0.4401435685,False,-0,False,0.12,0,False,102900005125808,小米椒,辣椒类,102900011001806,姬菇(包),食用菌
102900005125808,102900011008164,0.1726990934,-0.04459464478,0.4383969542,False,-0,False,0.21,0,False,102900005125808,小米椒,辣椒类,102900011008164,奶白菜,花叶类
102900005125808,102900011008522,0.1518527563,0.1834874725,0.3536620419,False,0.02718983926,True,0.5,0.5,False,102900005125808,小米椒,辣椒类,102900011008522,甜白菜,花叶类
102900005125808,102900011009246,0.3937947721,-0.1758589884,0.4546535065,False,-0,False,0.02,0,False,102900005125808,小米椒,辣椒类,102900011009246,鲜木耳(1),食用菌
102900005125808,102900011009970,0.5642769703,0.1561171509,0.404396711,False,0,False,0.01,0,False,102900005125808,小米椒,辣椒类,102900011009970,青梗散花,花菜类
102900005125808,102900011012994,0.5755968535,0.004125631158,0.4927864061,False,-0,False,0.11,0,False,102900005125808,小米椒,辣椒类,102900011012994,杏鲍菇(袋),食用菌
102900005125808,102900011013274,0.3746889707,0.2860648617,0.3622493401,False,0,False,0.06,0,False,102900005125808,小米椒,辣椒类,102900011013274,白玉菇(袋),食用菌
102900005125808,102900011016701,0.2873712729,-0.01160869951,0.4594620652,False,0,False,0.37,0,False,102900005125808,小米椒,辣椒类,102900011016701,芜湖青椒(1),辣椒类
102900005125808,102900011021842,0.2372669762,0.2903735827,0.5221139145,False,0.0240212468,True,0.71,0.71,False,102900005125808,小米椒,辣椒类,102900011021842,洪湖莲藕(粉藕),水生根茎类
102900005125808,102900011022764,-0.01687148329,-0.2192944007,0.5147641437,False,-0,False,0.09,0,False,102900005125808,小米椒,辣椒类,102900011022764,长线茄,茄类
102900005125808,102900051000463,0.5222143541,0.1790832909,0.4258635618,False,0,False,0.56,0,False,102900005125808,小米椒,辣椒类,102900051000463,圆茄子(2),茄类
102900005125808,102900051004294,0.5317231664,0.1218868358,0.3629459573,False,0,False,0.18,0,False,102900005125808,小米椒,辣椒类,102900051004294,青线椒,辣椒类
102900005125808,102900051010455,0.2794175481,0.0830160311,0.4442431867,False,0.003344372266,True,0.37,0.37,False,102900005125808,小米椒,辣椒类,102900051010455,黄白菜(2),花叶类
102900005125815,102900011000328,0.2695026769,-0.1915485637,0.3614057502,False,-0,False,0.03,0,False,102900005125815,杏鲍菇(1),食用菌,102900011000328,螺丝椒,辣椒类
102900005125815,102900011001219,0.2573596621,0.2618075232,0.3504286937,False,0,False,0.29,0,False,102900005125815,杏鲍菇(1),食用菌,102900011001219,红灯笼椒(1),辣椒类
102900005125815,102900011001806,0.653214715,0.4099539859,0.4000613163,False,0.05470828801,True,0.82,0.82,False,102900005125815,杏鲍菇(1),食用菌,102900011001806,姬菇(包),食用菌
102900005125815,102900011008164,0.239840047,-0.006384500232,0.4329692146,False,0.001363594715,True,0.3,0.3,False,102900005125815,杏鲍菇(1),食用菌,102900011008164,奶白菜,花叶类
102900005125815,102900011008522,0.3233062573,0.314780842,0.3114083087,False,0,False,0.32,0,False,102900005125815,杏鲍菇(1),食用菌,102900011008522,甜白菜,花叶类
102900005125815,102900011009246,0.4681191786,0.06212855031,0.4320399758,False,0,False,0.02,0,False,102900005125815,杏鲍菇(1),食用菌,102900011009246,鲜木耳(1),食用菌
102900005125815,102900011009970,0.7048638787,0.5060697813,0.6237855905,False,0,False,0.41,0,False,102900005125815,杏鲍菇(1),食用菌,102900011009970,青梗散花,花菜类
102900005125815,102900011012994,0.6347693752,0.3729360886,0.4778061838,False,0.07491805687,True,0.86,0.86,False,102900005125815,杏鲍菇(1),食用菌,102900011012994,杏鲍菇(袋),食用菌
102900005125815,102900011013274,0.5750973515,0.6598872517,0.5771465338,False,0.1513441988,True,0.98,0.98,False,102900005125815,杏鲍菇(1),食用菌,102900011013274,白玉菇(袋),食用菌
102900005125815,102900011016701,0.3270651964,-0.4076780302,0.45448888,False,-0.02208265277,True,0.55,0.55,False,102900005125815,杏鲍菇(1),食用菌,102900011016701,芜湖青椒(1),辣椒类
102900005125815,102900011021842,0.2004986422,0.5362742879,0.7376321416,True,0,False,0,0,False,102900005125815,杏鲍菇(1),食用菌,102900011021842,洪湖莲藕(粉藕),水生根茎类
102900005125815,102900011022764,-0.05897252883,-0.3093550417,0.6214302183,False,-0,False,0,0,False,102900005125815,杏鲍菇(1),食用菌,102900011022764,长线茄,茄类
102900005125815,102900051000463,0.5797700898,0.1080057453,0.4938941221,False,0,False,0.01,0,False,102900005125815,杏鲍菇(1),食用菌,102900051000463,圆茄子(2),茄类
102900005125815,102900051004294,0.4715880775,-0.007838776678,0.4388540214,False,-0,False,0.02,0,False,102900005125815,杏鲍菇(1),食用菌,102900051004294,青线椒,辣椒类
102900005125815,102900051010455,0.4141327908,-0.08347978119,0.4362039989,False,-0,False,0.11,0,False,102900005125815,杏鲍菇(1),食用菌,102900051010455,黄白菜(2),花叶类
102900011000328,102900011001219,0.02150891251,-0.1192739202,0.3582587967,False,0,False,0.04,0,False,102900011000328,螺丝椒,辣椒类,102900011001219,红灯笼椒(1),辣椒类
102900011000328,102900011001806,0.202239643,-0.04700400199,0.3176424393,False,-0,False,0.01,0,False,102900011000328,螺丝椒,辣椒类,102900011001806,姬菇(包),食用菌
102900011000328,102900011008164,0.2729399579,0.3235231578,0.4077303663,False,0.09571614367,True,0.96,0.96,False,102900011000328,螺丝椒,辣椒类,102900011008164,奶白菜,花叶类
102900011000328,102900011008522,-0.3167665191,-0.1221398153,0.2651078889,False,-0,False,0.2,0,False,102900011000328,螺丝椒,辣椒类,102900011008522,甜白菜,花叶类
102900011000328,102900011009246,0.3224828526,-0.3653172289,0.3698647252,False,-0.03585877307,True,0.73,0.73,False,102900011000328,螺丝椒,辣椒类,102900011009246,鲜木耳(1),食用菌
102900011000328,102900011009970,0.3846025267,-0.3769446171,0.4983786883,False,-0.05975838694,True,0.8,0.8,False,102900011000328,螺丝椒,辣椒类,102900011009970,青梗散花,花菜类
102900011000328,102900011012994,0.2813298981,-0.004183773736,0.4289810357,False,0,False,0.05,0,False,102900011000328,螺丝椒,辣椒类,102900011012994,杏鲍菇(袋),食用菌
102900011000328,102900011013274,0.2797273113,-0.2303997516,0.3919648791,False,-0.008540822753,True,0.5,0.5,False,102900011000328,螺丝椒,辣椒类,102900011013274,白玉菇(袋),食用菌
102900011000328,102900011016701,0.2596573963,0.3403649859,0.3416935787,False,0.08010648219,True,0.76,0.76,False,102900011000328,螺丝椒,辣椒类,102900011016701,芜湖青椒(1),辣椒类
102900011000328,102900011021842,0.06309156796,-0.3537478053,0.5126758064,False,-0.009510345817,True,0.5,0.5,False,102900011000328,螺丝椒,辣椒类,102900011021842,洪湖莲藕(粉藕),水生根茎类
102900011000328,102900011022764,-0.08109205517,0.08853447362,0.4218835392,False,0,False,0.14,0,False,102900011000328,螺丝椒,辣椒类,102900011022764,长线茄,茄类
102900011000328,102900051000463,0.2172890772,-0.06894475613,0.4409109092,False,0,False,0.14,0,False,102900011000328,螺丝椒,辣椒类,102900051000463,圆茄子(2),茄类
102900011000328,102900051004294,0.3727236442,0.220446039,0.4467750662,False,0.03484258159,True,0.64,0.64,False,102900011000328,螺丝椒,辣椒类,102900051004294,青线椒,辣椒类
102900011000328,102900051010455,0.08917901275,-0.1309595697,0.4959877422,False,-0,False,0.42,0,False,102900011000328,螺丝椒,辣椒类,102900051010455,黄白菜(2),花叶类
102900011001219,102900011001806,0.2307779123,0.342149251,0.4074153037,False,0.01951381307,True,0.54,0.54,False,102900011001219,红灯笼椒(1),辣椒类,102900011001806,姬菇(包),食用菌
102900011001219,102900011008164,0.1354018299,-0.2413103842,0.3337413578,False,-0,False,0.15,0,False,102900011001219,红灯笼椒(1),辣椒类,102900011008164,奶白菜,花叶类
102900011001219,102900011008522,0.2782508347,0.4044766699,0.3554693915,False,0.05570234881,True,0.84,0.84,False,102900011001219,红灯笼椒(1),辣椒类,102900011008522,甜白菜,花叶类
102900011001219,102900011009246,-0.01094334777,0.2499138244,0.5075047054,False,0,False,0.09,0,False,102900011001219,红灯笼椒(1),辣椒类,102900011009246,鲜木耳(1),食用菌
102900011001219,102900011009970,0.08169800341,0.2507670371,0.3577017814,False,-0,False,0.04,0,False,102900011001219,红灯笼椒(1),辣椒类,102900011009970,青梗散花,花菜类
102900011001219,102900011012994,0.2637183153,0.1010866848,0.4118172898,False,0,False,0,0,False,102900011001219,红灯笼椒(1),辣椒类,102900011012994,杏鲍菇(袋),食用菌
102900011001219,102900011013274,0.1227359919,0.147802347,0.3103661452,False,0,False,0.02,0,False,102900011001219,红灯笼椒(1),辣椒类,102900011013274,白玉菇(袋),食用菌
102900011001219,102900011016701,0.190347631,-0.1176138903,0.3822466122,False,0,False,0.01,0,False,102900011001219,红灯笼椒(1),辣椒类,102900011016701,芜湖青椒(1),辣椒类
102900011001219,102900011021842,0.1752180717,0.4708157487,0.3703805475,False,0.0964507313,True,0.98,0.98,False,102900011001219,红灯笼椒(1),辣椒类,102900011021842,洪湖莲藕(粉藕),水生根茎类
102900011001219,102900011022764,0.1498351021,-0.2744352784,0.4933381321,False,-0,False,0.19,0,False,102900011001219,红灯笼椒(1),辣椒类,102900011022764,长线茄,茄类
102900011001219,102900051000463,0.2168015047,0.1737390388,0.4094125204,False,0,False,0.09,0,False,102900011001219,红灯笼椒(1),辣椒类,102900051000463,圆茄子(2),茄类
102900011001219,102900051004294,0.1911392019,0.0576420171,0.3366406238,False,0,False,0.17,0,False,102900011001219,红灯笼椒(1),辣椒类,102900051004294,青线椒,辣椒类
102900011001219,102900051010455,0.1094979523,0.04501333067,0.3661893709,False,0,False,0.16,0,False,102900011001219,红灯笼椒(1),辣椒类,102900051010455,黄白菜(2),花叶类
102900011001806,102900011008164,0.1494539515,-0.1534924882,0.4066143532,False,-0,False,0.05,0,False,102900011001806,姬菇(包),食用菌,102900011008164,奶白菜,花叶类
102900011001806,102900011008522,0.2878422921,0.4035555847,0.4295303337,False,0.04010324026,True,0.6,0.6,False,102900011001806,姬菇(包),食用菌,102900011008522,甜白菜,花叶类
102900011001806,102900011009246,0.3846942953,-0.03550998575,0.711973171,True,-0,False,0,0,False,102900011001806,姬菇(包),食用菌,102900011009246,鲜木耳(1),食用菌
102900011001806,102900011009970,0.4746090248,0.2381261288,0.3241140616,False,0,False,0.15,0,False,102900011001806,姬菇(包),食用菌,102900011009970,青梗散花,花菜类
102900011001806,102900011012994,0.515237514,0.5385179742,0.4855196846,False,0.3227602872,True,1,1,False,102900011001806,姬菇(包),食用菌,102900011012994,杏鲍菇(袋),食用菌
102900011001806,102900011013274,0.4650758131,0.258976235,0.51744105,False,0,False,0,0,False,102900011001806,姬菇(包),食用菌,102900011013274,白玉菇(袋),食用菌
102900011001806,102900011016701,0.2543222314,-0.2712424796,0.4313773131,False,-0.03028801882,True,0.64,0.64,False,102900011001806,姬菇(包),食用菌,102900011016701,芜湖青椒(1),辣椒类
102900011001806,102900011021842,0.1900009578,0.3690778077,0.5071417214,False,0,False,0.15,0,False,102900011001806,姬菇(包),食用菌,102900011021842,洪湖莲藕(粉藕),水生根茎类
102900011001806,102900011022764,-0.02495954949,-0.3428458347,0.6754485702,False,-0,False,0.42,0,False,102900011001806,姬菇(包),食用菌,102900011022764,长线茄,茄类
102900011001806,102900051000463,0.3745967778,0.07451220454,0.3730340959,False,0,False,0.09,0,False,102900011001806,姬菇(包),食用菌,102900051000463,圆茄子(2),茄类
102900011001806,102900051004294,0.3208162308,-0.000299908906,0.3508097782,False,-0,False,0.06,0,False,102900011001806,姬菇(包),食用菌,102900051004294,青线椒,辣椒类
102900011001806,102900051010455,0.2952605659,-0.2051636779,0.3234001726,False,-0.00111463091,True,0.44,0.44,False,102900011001806,姬菇(包),食用菌,102900051010455,黄白菜(2),花叶类
102900011008164,102900011008522,0.1307834928,-0.1749411069,0.257451287,False,-0,False,0.08,0,False,102900011008164,奶白菜,花叶类,102900011008522,甜白菜,花叶类
102900011008164,102900011009246,-0.08734354528,-0.1629609475,0.3601776898,False,-0,False,0,0,False,102900011008164,奶白菜,花叶类,102900011009246,鲜木耳(1),食用菌
102900011008164,102900011009970,0.04051411565,-0.2198751145,0.556473869,False,0,False,0.09,0,False,102900011008164,奶白菜,花叶类,102900011009970,青梗散花,花菜类
102900011008164,102900011012994,0.0807818349,0.1437641671,0.4167287058,False,0.006675637364,True,0.46,0.46,False,102900011008164,奶白菜,花叶类,102900011012994,杏鲍菇(袋),食用菌
102900011008164,102900011013274,0.2221347313,0.0657375997,0.4521113044,False,0.06095451695,True,0.68,0.68,False,102900011008164,奶白菜,花叶类,102900011013274,白玉菇(袋),食用菌
102900011008164,102900011016701,0.1166127805,0.03402539217,0.439892207,False,-0,False,0.09,0,False,102900011008164,奶白菜,花叶类,102900011016701,芜湖青椒(1),辣椒类
102900011008164,102900011021842,-0.1083951039,-0.4447332258,0.7317970928,True,-0.07945463404,True,0.96,0.96,True,102900011008164,奶白菜,花叶类,102900011021842,洪湖莲藕(粉藕),水生根茎类
102900011008164,102900011022764,0.2659277355,0.3574971709,0.4820870496,False,0.07360225817,True,0.96,0.96,False,102900011008164,奶白菜,花叶类,102900011022764,长线茄,茄类
102900011008164,102900051000463,0.2423245918,-0.1200128056,0.4532838016,False,-0,False,0.07,0,False,102900011008164,奶白菜,花叶类,102900051000463,圆茄子(2),茄类
102900011008164,102900051004294,0.3530067834,0.09702423917,0.3478780725,False,0,False,0.05,0,False,102900011008164,奶白菜,花叶类,102900051004294,青线椒,辣椒类
102900011008164,102900051010455,0.2066638321,-0.2153884654,0.4159334343,False,-0.1406035771,True,0.99,0.99,False,102900011008164,奶白菜,花叶类,102900051010455,黄白菜(2),花叶类
102900011008522,102900011009246,-0.2205634548,0.08003450347,0.4486340371,False,-0,False,0,0,False,102900011008522,甜白菜,花叶类,102900011009246,鲜木耳(1),食用菌
102900011008522,102900011009970,-0.1036312657,0.2043733541,0.2587874331,False,-0,False,0.08,0,False,102900011008522,甜白菜,花叶类,102900011009970,青梗散花,花菜类
102900011008522,102900011012994,0.0986292143,0.2924797679,0.3865746321,False,0.09008618263,True,0.83,0.83,False,102900011008522,甜白菜,花叶类,102900011012994,杏鲍菇(袋),食用菌
102900011008522,102900011013274,0.09798937935,0.3014413782,0.3009252032,False,0.01216174878,True,0.38,0.38,False,102900011008522,甜白菜,花叶类,102900011013274,白玉菇(袋),食用菌
102900011008522,102900011016701,0.1516260551,-0.1360202877,0.3604763751,False,-0,False,0.03,0,False,102900011008522,甜白菜,花叶类,102900011016701,芜湖青椒(1),辣椒类
102900011008522,102900011021842,0.02951518568,0.4035853086,0.3371791757,False,0.03657270125,True,0.72,0.72,False,102900011008522,甜白菜,花叶类,102900011021842,洪湖莲藕(粉藕),水生根茎类
102900011008522,102900011022764,0.388721188,-0.2776702602,0.4750560077,False,-0,False,0.12,0,False,102900011008522,甜白菜,花叶类,102900011022764,长线茄,茄类
102900011008522,102900051000463,0.2040941561,0.02570275687,0.2678994433,False,-0,False,0,0,False,102900011008522,甜白菜,花叶类,102900051000463,圆茄子(2),茄类
102900011008522,102900051004294,-0.02410091125,0.2306345764,0.2996820016,False,0.06426820695,True,0.81,0.81,False,102900011008522,甜白菜,花叶类,102900051004294,青线椒,辣椒类
102900011008522,102900051010455,0.4366681982,-0.01434496039,0.273359098,False,0,False,0.1,0,False,102900011008522,甜白菜,花叶类,102900051010455,黄白菜(2),花叶类
102900011009246,102900011009970,0.6580241811,0.3040573196,0.4486907548,False,0,False,0.27,0,False,102900011009246,鲜木耳(1),食用菌,102900011009970,青梗散花,花菜类
102900011009246,102900011012994,0.4641799498,0.03039966852,0.4328966756,False,0,False,0.02,0,False,102900011009246,鲜木耳(1),食用菌,102900011012994,杏鲍菇(袋),食用菌
102900011009246,102900011013274,0.4506258833,0.2181439489,0.3062292231,False,0.04535212588,True,0.86,0.86,False,102900011009246,鲜木耳(1),食用菌,102900011013274,白玉菇(袋),食用菌
102900011009246,102900011016701,0.2646664571,-0.3755962432,0.4181214485,False,-0.08834433894,True,0.91,0.91,False,102900011009246,鲜木耳(1),食用菌,102900011016701,芜湖青椒(1),辣椒类
102900011009246,102900011021842,0.4356529835,0.2189043114,0.4730875772,False,0,False,0.06,0,False,102900011009246,鲜木耳(1),食用菌,102900011021842,洪湖莲藕(粉藕),水生根茎类
102900011009246,102900011022764,-0.4108121295,0.2818489909,0.6243419858,False,0,False,0,0,False,102900011009246,鲜木耳(1),食用菌,102900011022764,长线茄,茄类
102900011009246,102900051000463,0.234223433,0.0510640151,0.4573138341,False,0,False,0.05,0,False,102900011009246,鲜木耳(1),食用菌,102900051000463,圆茄子(2),茄类
102900011009246,102900051004294,0.2758262723,-0.1838388198,0.3833646863,False,-0,False,0,0,False,102900011009246,鲜木耳(1),食用菌,102900051004294,青线椒,辣椒类
102900011009246,102900051010455,0.04907372517,0.2301977951,0.3965569336,False,0.01624205684,True,0.67,0.67,False,102900011009246,鲜木耳(1),食用菌,102900051010455,黄白菜(2),花叶类
102900011009970,102900011012994,0.5838399027,0.05967125238,0.4765015855,False,-0,False,0,0,False,102900011009970,青梗散花,花菜类,102900011012994,杏鲍菇(袋),食用菌
102900011009970,102900011013274,0.4871144656,0.384428872,0.6147612426,False,0,False,0.09,0,False,102900011009970,青梗散花,花菜类,102900011013274,白玉菇(袋),食用菌
102900011009970,102900011016701,0.3084954085,-0.3811096428,0.5924841438,False,-0.04403332443,True,0.77,0.77,False,102900011009970,青梗散花,花菜类,102900011016701,芜湖青椒(1),辣椒类
102900011009970,102900011021842,0.2689942188,0.6841762247,0.6370289469,False,0.1469986415,True,1,1,False,102900011009970,青梗散花,花菜类,102900011021842,洪湖莲藕(粉藕),水生根茎类
102900011009970,102900011022764,-0.3621506014,-0.3862400133,0.5459029827,False,-0,False,0.15,0,False,102900011009970,青梗散花,花菜类,102900011022764,长线茄,茄类
102900011009970,102900051000463,0.4256007353,0.2507942098,0.662204557,False,0,False,0.15,0,False,102900011009970,青梗散花,花菜类,102900051000463,圆茄子(2),茄类
102900011009970,102900051004294,0.4029847967,-0.204374778,0.4830621315,False,-0.0001563519883,True,0.4,0.4,False,102900011009970,青梗散花,花菜类,102900051004294,青线椒,辣椒类
102900011009970,102900051010455,0.2318384208,-0.01301088488,0.4947087756,False,-0,False,0.04,0,False,102900011009970,青梗散花,花菜类,102900051010455,黄白菜(2),花叶类
102900011012994,102900011013274,0.4048048513,0.3944342009,0.4158629827,False,0.07110221019,True,0.83,0.83,False,102900011012994,杏鲍菇(袋),食用菌,102900011013274,白玉菇(袋),食用菌
102900011012994,102900011016701,0.3403044714,-0.3900809238,0.4287136935,False,-0.1351133587,True,0.91,0.91,False,102900011012994,杏鲍菇(袋),食用菌,102900011016701,芜湖青椒(1),辣椒类
102900011012994,102900011021842,0.3099052124,-0.05889647287,0.4781900393,False,-0.04288045301,True,0.62,0.62,False,102900011012994,杏鲍菇(袋),食用菌,102900011021842,洪湖莲藕(粉藕),水生根茎类
102900011012994,102900011022764,-0.09359170388,0.1951332527,0.6627853352,False,0.06732587403,True,0.79,0.79,False,102900011012994,杏鲍菇(袋),食用菌,102900011022764,长线茄,茄类
102900011012994,102900051000463,0.4489579624,-0.227583159,0.5111283999,False,-0,False,0.41,0,False,102900011012994,杏鲍菇(袋),食用菌,102900051000463,圆茄子(2),茄类
102900011012994,102900051004294,0.428250133,0.06128144579,0.3939201023,False,0,False,0.07,0,False,102900011012994,杏鲍菇(袋),食用菌,102900051004294,青线椒,辣椒类
102900011012994,102900051010455,0.2426680953,-0.09306241582,0.424599619,False,-0,False,0.12,0,False,102900011012994,杏鲍菇(袋),食用菌,102900051010455,黄白菜(2),花叶类
102900011013274,102900011016701,0.2248929409,-0.3646819915,0.4524623447,False,-0.004548239586,True,0.36,0.36,False,102900011013274,白玉菇(袋),食用菌,102900011016701,芜湖青椒(1),辣椒类
102900011013274,102900011021842,0.2470254333,0.3890421295,0.7276943643,True,0,False,0.05,0,False,102900011013274,白玉菇(袋),食用菌,102900011021842,洪湖莲藕(粉藕),水生根茎类
102900011013274,102900011022764,-0.03902329793,-0.04087156198,0.5243511006,False,0.02629850297,True,0.64,0.64,False,102900011013274,白玉菇(袋),食用菌,102900011022764,长线茄,茄类
102900011013274,102900051000463,0.2499319396,-0.05173657046,0.4907305534,False,-0.009338390309,True,0.61,0.61,False,102900011013274,白玉菇(袋),食用菌,102900051000463,圆茄子(2),茄类
102900011013274,102900051004294,0.2368711737,0.07321022612,0.4237619236,False,0,False,0.12,0,False,102900011013274,白玉菇(袋),食用菌,102900051004294,青线椒,辣椒类
102900011013274,102900051010455,0.3674526519,0.003336671983,0.3790723534,False,-0,False,0.03,0,False,102900011013274,白玉菇(袋),食用菌,102900051010455,黄白菜(2),花叶类
102900011016701,102900011021842,0.1777474617,-0.2439874939,0.7953251719,True,-0,False,0,0,False,102900011016701,芜湖青椒(1),辣椒类,102900011021842,洪湖莲藕(粉藕),水生根茎类
102900011016701,102900011022764,-0.06088002418,-0.05211663306,0.7097573225,True,-0,False,0.02,0,False,102900011016701,芜湖青椒(1),辣椒类,102900011022764,长线茄,茄类
102900011016701,102900051000463,0.2559827906,-0.06785731195,0.438553293,False,-0,False,0.08,0,False,102900011016701,芜湖青椒(1),辣椒类,102900051000463,圆茄子(2),茄类
102900011016701,102900051004294,0.3346030918,0.2848722269,0.3570559108,False,0.0774656006,True,0.92,0.92,False,102900011016701,芜湖青椒(1),辣椒类,102900051004294,青线椒,辣椒类
102900011016701,102900051010455,0.2759097224,0.02949982314,0.3589177065,False,0,False,0.21,0,False,102900011016701,芜湖青椒(1),辣椒类,102900051010455,黄白菜(2),花叶类
102900011021842,102900011022764,-0.1722713708,-0.7022017289,0.7061874797,False,-0.3206774342,True,1,1,False,102900011021842,洪湖莲藕(粉藕),水生根茎类,102900011022764,长线茄,茄类
102900011021842,102900051000463,0.07308105646,0.2763606876,0.7707874297,True,0,False,0.2,0,False,102900011021842,洪湖莲藕(粉藕),水生根茎类,102900051000463,圆茄子(2),茄类
102900011021842,102900051004294,0.1701015948,-0.07291227507,0.4813725031,False,-0,False,0.02,0,False,102900011021842,洪湖莲藕(粉藕),水生根茎类,102900051004294,青线椒,辣椒类
102900011021842,102900051010455,-0.01928446243,0.004416403374,0.4742881104,False,0,False,0.05,0,False,102900011021842,洪湖莲藕(粉藕),水生根茎类,102900051010455,黄白菜(2),花叶类
102900011022764,102900051000463,-0.02740207548,-0.3190896676,0.5688496023,False,-0.08858573506,True,0.89,0.89,False,102900011022764,长线茄,茄类,102900051000463,圆茄子(2),茄类
102900011022764,102900051004294,-0.00627999819,-0.002143799883,0.4007342553,False,0,False,0.07,0,False,102900011022764,长线茄,茄类,102900051004294,青线椒,辣椒类
102900011022764,102900051010455,0.2010445536,0.1314986937,0.4099635892,False,0,False,0.06,0,False,102900011022764,长线茄,茄类,102900051010455,黄白菜(2),花叶类
102900051000463,102900051004294,0.4330390306,-0.08799890929,0.4244557878,False,-0,False,0.15,0,False,102900051000463,圆茄子(2),茄类,102900051004294,青线椒,辣椒类
102900051000463,102900051010455,0.2362642004,0.05883987285,0.5097098484,False,0,False,0.22,0,False,102900051000463,圆茄子(2),茄类,102900051010455,黄白菜(2),花叶类
102900051004294,102900051010455,0.1587085475,0.1167702297,0.4799072376,False,0,False,0.37,0,False,102900051004294,青线椒,辣椒类,102900051010455,黄白菜(2),花叶类
