date,102900005115762,102900005115779,102900005115786,102900005115793,102900005115823,102900005115878,102900005115908,102900005115946,102900005115960,102900005115984,102900005116226,102900005116233,102900005116257,102900005116509,102900005116530,102900005116547,102900005116714,102900005116790,102900005116837,102900005116899,102900005116912,102900005116943,102900005117209,102900005118817,102900005118824,102900005118831,102900005119944,102900005119975,102900005122654,102900005123880,102900005125808,102900005125815,102900011000328,102900011001219,102900011001806,102900011008164,102900011008522,102900011009246,102900011009970,102900011012994,102900011013274,102900011016701,102900011021842,102900011022764,102900051000463,102900051004294,102900051010455
2021-01-30,-0.0004523864497,1.353459331e-05,3.846446304e-06,0.001875503655,8.400977736e-08,-9.954458637e-05,-2.778640713e-05,0.005838085696,-0.0001297855101,1.592077867e-05,-1.986243796e-05,0.0002335838971,6.50264763e-05,0.0004647882002,9.23936183e-05,-0.0004711543537,0.001151141092,-0.0003596952501,-2.10301529e-05,0.00504567215,0.01006039152,-0.00215143136,0.0001809452645,0.001649654186,1.714813435e-05,-1.433964059e-12,0.006415628516,0.008806252155,-0.003707861612,0.001722617109,-7.562553794e-07,-1.394218074e-12,0.0007880860098,0.0008218549365,0.01389852627,4.610978542e-06,0.008137527439,-0.002534423873,-0.0003612331268,0.002374555423,-8.352829539e-11,0.001422702781,0.03928770856,-0.002045897496,-1.13520423e-05,6.278193444e-05,-0.0001280441218
2021-01-31,-0.0004545522002,1.36073301e-05,3.88027929e-06,0.001894055584,8.443880528e-08,-0.0001028472192,-2.80098683e-05,0.005851713258,-0.0001304370529,1.599232267e-05,-1.976352656e-05,0.0002322966542,6.50250035e-05,0.0004636581335,9.32437047e-05,-0.0004735051778,0.001155425012,-0.0003631722335,-2.000593902e-05,0.005079947209,0.0102019937,-0.002171497219,0.0001825410846,0.001665360044,1.729992398e-05,-1.441069486e-12,0.006565488515,0.003906302416,-0.003682220908,-0.001875966346,-7.56428465e-07,-1.401767591e-12,0.0007950000258,0.000832170123,0.01409203321,4.693834623e-06,0.008233263405,-0.002616633127,-0.0003663872769,0.002506538324,-8.436518151e-11,0.001450178772,0.03639085649,-0.002035670295,-1.15835938e-05,6.365933641e-05,-0.0001306491627
2021-02-01,-0.0004567140084,1.367886538e-05,3.91406682e-06,0.001912615263,8.485983383e-08,-0.0001061494623,-2.82304803e-05,0.005864443398,-0.000131082307,1.60621126e-05,-1.96569306e-05,0.0002310076828,6.501517875e-05,0.0004624781273,9.409295266e-05,-0.000475856256,0.001159528697,-0.0003666490694,-1.897819548e-05,0.005113824414,0.01034351845,-0.002191426263,0.0001841434869,0.001681067892,1.745143012e-05,-1.446842646e-12,0.006715064913,0.008030618908,-0.003656576243,0.001770968101,-7.565066247e-07,-1.409983241e-12,0.0008019054286,0.0008425246125,0.01428557777,4.776621945e-06,0.007303329622,-0.002698889034,-0.0003715569534,0.00263880678,-8.519673855e-11,0.00147759127,0.03841055107,-0.002025366596,-1.181512005e-05,6.453812163e-05,-0.0001332895342
2021-02-02,-0.0004588723312,1.374916868e-05,3.947807826e-06,0.001931183034,8.527266004e-08,-0.000109451315,-2.844806653e-05,0.006013665631,-0.0001317212094,1.613010753e-05,-1.954250854e-05,0.0002297169762,6.499695289e-05,0.0004612490007,9.494134258e-05,-0.0004782075903,0.00116345168,-0.0003701257546,-1.794686088e-05,0.005147301919,0.01048496461,-0.002211217363,0.0001857524598,0.001696777784,1.760264644e-05,-1.455058296e-12,0.006864357178,0.004381111141,-0.005376801073,0.001795217152,-7.564879039e-07,-1.415534356e-12,0.000808802014,0.0008529178083,0.01447915877,4.859340072e-06,-0.003787987627,-0.002781195324,-0.0003767423439,0.002771380597,-8.602474288e-11,0.001504940888,0.03797205977,-0.002014985979,-1.204662088e-05,6.54183088e-05,-0.0001359656491
2021-02-03,-0.0004610276052,1.381820843e-05,3.981501204e-06,0.001949759231,8.567706544e-08,-0.0001127527763,-2.866244604e-05,0.005955830981,-0.0001323536958,1.619626494e-05,-1.942011586e-05,0.0002284245269,6.497027406e-05,0.000459971551,9.578885418e-05,-0.0004805591827,0.001167193527,-0.0003736022859,-1.691187163e-05,0.005180377855,0.01062633101,-0.002230869347,0.0001873679895,0.001712489771,1.775356639e-05,-1.462163723e-12,0.007013364793,-0.007017490679,-0.003605278138,0.00181951434,-7.563703015e-07,-1.423972051e-12,0.0008156895706,0.0008633490931,0.01467277513,4.941988539e-06,0.01833377244,-0.002863555013,-0.0003819436399,0.002904278641,-8.684364339e-11,0.001532228224,0.03753362953,-0.00200452805,-1.227809608e-05,6.629991691e-05,-0.0001386779186
2021-02-04,-0.000463180244,1.388595186e-05,4.015145805e-06,0.001968344184,8.607283775e-08,-0.0001160538453,-2.887343375e-05,0.005924862489,-0.0001329797001,1.626054073e-05,-1.928960489e-05,0.000227130327,6.493508757e-05,0.0004586465531,9.663546642e-05,-0.0004829110357,0.001170753831,-0.0003770786599,0.05568441984,0.005213050323,0.01076761657,-0.002250380994,0.00018899006,0.001728203911,1.790418316e-05,-1.470379374e-12,0.007162087258,0.009092056533,-0.003579626309,0.001843859094,-7.561517776e-07,-1.431743613e-12,0.0008225678792,0.0008738178277,0.01486642589,5.024566872e-06,0.008617247506,-0.002945970113,-0.0003871610363,0.003037517851,-8.766298798e-11,0.001559453866,0.03709526244,-0.001993992446,-1.250954545e-05,6.718296524e-05,-0.0001414267518
2021-02-05,-0.000465330634,1.395236501e-05,4.048740444e-06,0.001986938212,8.645974159e-08,-0.0001193545212,-2.908084059e-05,0.006060904912,-0.000133599154,1.63228891e-05,-1.915082468e-05,0.0002258343673,6.489133581e-05,0.000457274758,9.748115747e-05,-0.0004852631519,0.001174132213,-0.0003805548732,-1.483066391e-05,0.005245317396,0.01090882019,-0.002269751034,0.0001906186531,0.001743920259,1.80544897e-05,-1.476818667e-12,0.007310524083,0.007848398153,-0.003553973743,0.001868250927,-7.558302444e-07,-1.43884904e-12,0.0008294367129,0.0008843233496,0.01506011022,5.107074586e-06,0.0148936714,-0.00302844128,-0.000392394732,0.003171111983,-8.84730067e-11,0.001586618377,0.03665696059,-0.001983378832,-1.274096876e-05,6.806747338e-05,-0.0001442125565
2021-02-06,-0.0004674791276,1.401741267e-05,4.082283891e-06,0.002005541625,8.683754205e-08,-0.0001226548026,-2.928447366e-05,0.005962915307,-0.0001342119875,1.638326252e-05,-1.900362086e-05,0.000224536638,6.483895809e-05,0.0004558568918,9.832590473e-05,-0.000487615534,0.001177328324,-0.000384030922,-1.378430879e-05,0.005277177114,0.01104994083,-0.002288978147,-0.01447228561,0.001759638878,1.820447872e-05,-1.483480006e-12,0.007458674778,0.007966193648,-0.003528321308,0.001892689438,-7.554035588e-07,-1.4446222e-12,0.0008362958364,0.0008948649713,0.01525382737,5.189511177e-06,0.008809902833,-0.003110967392,-0.0003976449301,0.003305070037,-8.927858453e-11,0.001613722288,0.03621872605,-0.001972686903,-1.29723658e-05,6.895346124e-05,-0.0001470357391
2021-02-07,-0.0004696260379,1.40810583e-05,4.115774864e-06,0.002024154725,8.720599665e-08,-0.0001259546886,-2.948413637e-05,0.005972341309,-0.0001348181284,1.644161165e-05,-1.88478355e-05,0.000223237128,6.477789054e-05,0.0004543936552,9.916968474e-05,-0.0004899681852,0.001180341843,-0.0003875068028,-1.273402564e-05,0.005308627487,0.01119097746,-0.00230806096,0.0001938953235,0.00177535983,1.835414264e-05,-1.489919299e-12,0.007606538855,0.005051074798,-0.0035026699,0.001886500534,-7.548695282e-07,-1.450173315e-12,0.0008431450056,0.0009054419787,0.01544757672,5.271876129e-06,0.0125005392,-0.003194115634,-0.0004029118379,0.003447453758,-9.00799435e-11,0.001640766093,0.03578056091,-0.00196191638,-1.320373631e-05,6.984094903e-05,-0.0001498967047
2021-02-08,-0.0004717716326,1.414326402e-05,4.14921204e-06,0.002042777804,8.756484471e-08,-0.0001292541778,-2.967962861e-05,0.005980320555,-0.0001354175022,1.649788526e-05,-1.868330691e-05,0.0002219358254,6.470806597e-05,0.0004528857214,0.0001000124732,-0.0004923211091,0.001183172476,-0.0003909825116,-1.167974101e-05,0.005339666492,0.01133192905,-0.002326998044,0.0001955433595,0.001791083181,1.850347361e-05,-1.497024726e-12,0.007754115815,0.008455270306,-0.00347702044,0.001941705317,-7.542258997e-07,-1.456390564e-12,0.0008499839679,-0.007453258584,0.01564135773,5.354168905e-06,0.01245867568,-0.003277258207,-0.0004081956675,0.003590150902,-9.087375297e-11,0.001667750231,0.03534246723,-0.001951067015,-1.343508005e-05,7.072995726e-05,-0.0001527958576
2021-02-09,-0.0004739161297,1.420399054e-05,4.18259405e-06,0.002061411142,8.791382688e-08,-0.000132553269,-2.987074695e-05,0.00610618938,-0.0001360100321,1.655203016e-05,-1.850986949e-05,0.0002206327172,6.462941371e-05,0.0004513337361,0.0001008542448,-0.0004946743094,0.001185819956,-0.0003944580444,-1.062137877e-05,0.01599687037,0.0114727946,-0.002345787913,0.0001971978358,0.001806808998,1.865246348e-05,-1.501465619e-12,0.007901405144,0.007138110556,-0.003451373879,0.001966282312,-7.534703581e-07,-1.463051902e-12,0.0008568124612,0.0009266991499,0.01583516999,5.436388958e-06,0.009099779952,-0.003360393897,-0.0004134966354,0.00373316145,-9.166445381e-11,0.001694675074,0.03490444707,-0.001940138584,-1.366639676e-05,7.162050682e-05,-0.0001557336016
2021-02-10,-0.0004760596936,1.426319712e-05,4.215919468e-06,0.002080055011,8.82526705e-08,-0.0001358519606,-3.005728476e-05,0.006096920149,-0.0001365956387,1.660399112e-05,-1.832735357e-05,0.0002193277888,6.454185946e-05,0.0004497383156,0.0001016949735,-0.0004970277902,0.001188284046,-0.0003979333971,-9.558860086e-06,0.02357067508,0.0116135731,-0.002364429019,0.0001988587299,0.001822537354,1.88011038e-05,-1.511457626e-12,0.00804840631,-0.007208988106,-0.003425731194,0.001990905236,-7.526005126e-07,-1.470601418e-12,0.0008636302139,0.000937377729,0.01602901314,5.518535726e-06,0.01914193132,-0.00344352151,-0.0004188149633,0.003876485457,-9.244804922e-11,0.001721540916,0.0344665025,-0.001929130893,-1.389768617e-05,7.251261888e-05,-0.00015871034
2021-02-11,-0.000478202431,1.43208415e-05,4.24918682e-06,0.002098709671,8.858108691e-08,-0.0001391502513,-3.023903241e-05,0.006030744642,-0.0001371742403,1.66537108e-05,-1.81355852e-05,0.0002180210246,6.444532514e-05,0.0004481000461,0.000102534632,-0.0004993815561,0.001190564534,-0.0004014085654,-8.492103243e-06,0.005430294544,0.01175426355,-0.002382919752,0.0002005260181,0.001838268321,1.894938583e-05,-1.515898518e-12,0.008195118748,0.006782528626,-0.003400093386,0.002015574117,-7.516139113e-07,-1.475930489e-12,0.0008704369443,0.0009480885209,0.01622288695,5.600608614e-06,0.009293662021,-0.003526639877,-0.0004241508782,0.004020123051,-9.322809191e-11,0.001748347945,0.03402863556,-0.001918043775,-1.412894798e-05,7.340631496e-05,-0.0001617264763
2021-02-12,-0.0004803443883,1.437687984e-05,4.282394573e-06,0.00211737537,8.889879322e-08,-0.0001424481393,-3.041577743e-05,0.00606077446,-0.000137745752,1.670112964e-05,-1.793438596e-05,0.0002167124075,6.43397287e-05,0.0004464194822,0.0001033731924,-0.000501735612,0.001192661236,-0.0004048835448,-7.421023576e-06,0.005459667213,0.01189486493,-0.002401258437,0.0002021996747,0.001854001978,1.909730048e-05,-1.518118964e-12,0.00834154186,0.002918228831,-0.003374461488,0.002040289069,-7.505080177e-07,-1.481481604e-12,0.0008772323604,0.0009588306451,0.01641679123,5.682607024e-06,0.01102907307,-0.00360974785,-0.0004295046122,0.004164074434,-9.399880874e-11,0.001775096233,0.03359084831,-0.001906877086,-1.436018189e-05,7.430161691e-05,-0.0001647824141
2021-02-13,-0.0004824855484,1.443126671e-05,4.315541141e-06,0.002136052347,8.920547012e-08,-0.0001457456229,-3.058730472e-05,0.006057280036,-0.0001383100863,1.674618579e-05,-1.772357277e-05,0.0002154019187,6.422498396e-05,0.0004446971455,0.0001042106253,-0.0005040899634,0.001194573993,-0.0004083583307,-6.345533309e-06,0.005488617972,0.01203537621,-0.002419443328,0.0002038796727,0.001869738405,1.924483832e-05,-1.528110971e-12,0.008487675001,-0.007284662625,-0.003348836554,0.002065050288,-7.492802145e-07,-1.487254764e-12,0.0008840161595,0.0009696031844,0.01661072589,5.764530334e-06,0.01507071608,-0.003692844305,-0.0004348764036,0.004308339881,-9.476641694e-11,0.0018017857,0.03315314277,-0.001895630712,-1.459138761e-05,7.519854692e-05,-0.000167878558
2021-02-14,-0.0004846258289,1.448395492e-05,4.348624882e-06,0.002154740827,8.950080854e-08,-0.0001490427004,-3.075339665e-05,0.006056663203,-0.0001388671525,1.678881505e-05,-1.750295767e-05,0.000214089538,6.410100041e-05,0.0004429335234,0.0001050469004,-0.000506444616,0.001196302674,-0.0004118329185,-5.26554146e-06,0.005517144616,0.01217579635,-0.002437472609,0.0002055659835,0.001885477684,1.939198959e-05,-1.532773908e-12,0.008633517475,0.0006606684324,-0.003323219669,0.002089858054,-7.479277866e-07,-1.492583834e-12,0.0008907880277,0.3511134529,0.01680469091,5.846377905e-06,0.01753657143,-0.00377592814,-0.0004402664961,0.004452919742,-9.553025038e-11,0.001828416095,0.032715521,-0.001884304557,-1.482256479e-05,7.609712749e-05,0.6941753246
2021-02-15,-0.0004867650801,1.453489559e-05,4.381644083e-06,0.002173441027,8.978447941e-08,-0.0001523393699,-3.091383332e-05,0.00605584427,-0.0001394168567,1.682895067e-05,-1.727234758e-05,0.0002127752432,6.396768299e-05,0.0004411290677,0.0001058819865,-0.0005087995763,0.001197847172,-0.000415307303,-4.180953697e-06,0.005545244896,0.01231612427,-0.002455344387,0.0002072585772,0.001901219904,1.953874414e-05,-1.538325023e-12,0.00877906852,0.007302283381,-0.00329761194,0.002114712731,-7.464479357e-07,-1.498356994e-12,0.0008975476395,0.0009912356451,0.01699868632,5.928149074e-06,0.01837323432,-0.003858998278,-0.00044567514,0.00459781444,-9.628320363e-11,0.001854986958,0.032277985,-0.001872898553,-1.505371311e-05,7.699738149e-05,-0.000174193088
2021-02-16,-0.000488903084,1.458403797e-05,4.414596979e-06,0.00219215315,9.005614521e-08,-0.0001556356293,-3.106839267e-05,0.006093427472,-0.0001399591018,1.686652338e-05,-1.703154411e-05,0.0002114590104,6.382493195e-05,0.0004392841929,0.0001067158507,-0.0005111548511,0.001199207409,-0.0004187814792,-3.091672207e-06,0.005572916514,0.01245635887,-0.002473056692,0.0002089574224,0.001916965154,1.968509146e-05,-1.541877737e-12,0.008924327303,-0.007356292367,-0.003272014504,0.00213961476,-7.448377544e-07,-1.502575842e-12,0.0009042946571,0.001002093534,0.0171927122,6.009843156e-06,-0.009315294873,-0.003942053665,-0.0004511025918,0.004743024473,-9.703327031e-11,0.001881497583,0.0318405368,-0.001861412655,-1.52848322e-05,7.789933208e-05,-0.0001774122897
2021-02-17,-0.000491039553,1.463132944e-05,4.447481732e-06,0.002210877388,9.031545289e-08,-0.0001589314764,-3.12168507e-05,0.006927327079,-0.0001404937867,1.69014612e-05,-1.678034328e-05,0.0002101408136,6.367264252e-05,0.0004373992754,0.0001075484594,-0.000513510448,0.001200383328,-0.0004222554418,-1.997595555e-06,0.005600157117,0.01259649899,-0.00249060747,0.0002106624868,0.001932713529,1.983102064e-05,-1.546096584e-12,0.009069292904,-0.00737924593,-0.003246428522,0.002164564662,-7.430942273e-07,-1.509903313e-12,0.0009110287305,0.001012977771,0.0173867687,6.09145945e-06,0.02049319694,-0.00402509327,-0.000456549115,0.004888550411,-9.777356702e-11,0.001907946978,0.03140317838,-1.209550287,-1.551592171e-05,7.880300278e-05,-0.0001806733296
2021-02-18,-0.0004931741297,1.467671541e-05,4.480296434e-06,0.002229613924,9.05620352e-08,-0.0001622269091,-3.135898164e-05,0.006066465627,-0.000141020807,1.693368935e-05,-1.651853527e-05,0.0002088206244,6.351070479e-05,0.000435474652,0.0001083797774,-0.000515866375,0.0012013749,-0.0004257291852,-8.986185287e-07,0.005626964298,0.01273654344,-0.002507994581,0.0002123737367,0.001948465127,1.997652036e-05,-1.552535878e-12,0.009213964309,-0.001769353752,-0.003220855183,0.002189563036,-7.41214228e-07,-1.51212376e-12,0.0009177494965,0.001023887231,0.01758085599,6.172997227e-06,0.01827515364,-0.004108116081,-0.0004620149798,0.005034392897,-9.851164329e-11,0.001934333817,0.03096591173,-0.001838201124,-1.574698123e-05,7.970841741e-05,-0.0001839766215
2021-02-19,-0.0004953063872,1.472013927e-05,4.513039112e-06,0.002248362927,9.079550889e-08,-0.0001655219249,-3.14945581e-05,0.005786492176,-0.0001415400541,1.696313015e-05,-1.62459042e-05,0.0002074984124,6.33390034e-05,0.0004335106183,0.0001092097682,-0.000518222641,0.00120218212,-0.0004292027038,2.05368007e-07,0.00565333559,0.01287649098,-0.002525215796,0.0002140911377,0.001964220049,2.012157886e-05,-1.558086993e-12,0.009358340398,-0.007423737974,-0.003195295699,0.002214610559,-7.391945038e-07,-1.51745283e-12,0.0009244565785,0.001034820742,0.01777497429,6.254455741e-06,0.01345636162,-0.004191121107,-0.0004675004637,0.005180552644,-9.924105981e-11,0.001960656383,0.03052873883,-0.001826475518,-1.597801039e-05,8.061560009e-05,-0.0001873225826
2021-02-20,-0.000497435829,1.476154226e-05,4.545707713e-06,0.002267124556,9.10154907e-08,-0.0001688165214,-3.162335128e-05,0.006082934562,-0.0001420514154,1.69897029e-05,-1.596222781e-05,0.0002061741445,6.31574173e-05,0.0004315074279,0.0001100383942,-0.0005205792555,0.001202805006,-0.0004326759915,1.314477278e-06,0.005679268464,0.01301634027,-0.00254226879,0.0002158146543,0.001979978401,2.026618396e-05,-1.560973573e-12,0.009502419929,-0.01402912838,-0.00316975131,0.002239707979,-7.370316728e-07,-1.523003945e-12,0.0009311495855,0.001045777083,0.01796912385,6.335834215e-06,0.02099177961,-0.004274107377,-0.0004730058521,0.005327030434,-9.996226069e-11,0.001986912513,0.03009166163,-0.001814670076,-1.620900875e-05,8.152457527e-05,-0.0001907116341
2021-02-21,-0.00049956189,1.480086345e-05,4.578300113e-06,0.002285898961,9.122156674e-08,-0.0001721106958,-3.174513113e-05,0.00596586257,-0.0001425547739,1.701332375e-05,-1.566727717e-05,0.0002048477849,6.296581951e-05,-0.4861927456,0.0001108656159,0.1462033796,0.001203243602,-0.0004361490423,2.428826761e-06,0.005704760324,0.01315608995,-0.002559151139,0.0002175442504,0.001995740294,2.041032299e-05,-1.567856955e-12,0.009646201533,-0.007466309766,-0.003144223281,0.002264856121,-7.347222164e-07,-1.526334614e-12,0.0009378281124,0.001056754983,0.01816330497,6.417131853e-06,0.02092657674,-0.004357073932,-0.0004785314378,0.005473827117,-1.006792427e-10,0.002013099525,0.02965468207,-0.001802784862,-1.643997588e-05,8.243536766e-05,-0.0001941442017
2021-02-22,-0.0005016839386,1.483803963e-05,4.610814106e-06,0.002304686279,9.141331203e-08,-0.0001754044456,-3.185966653e-05,0.006116034639,-0.0001430500081,1.703390558e-05,-1.536081645e-05,0.000203519295,6.276407681e-05,0.0004273843732,0.0001116913928,-0.0005252935718,0.001203497973,-0.0004396218498,3.548538366e-06,0.0057298085,0.01329573852,-0.002575860315,0.0002192798892,0.002011505841,2.055398285e-05,-1.571409669e-12,0.009789683698,-0.00748686316,-0.003118712901,0.002290055876,-7.32262472e-07,-1.530997551e-12,0.0009444917386,0.001067753116,0.01835751794,6.498347824e-06,0.02029907441,-0.004440019831,-0.0004840775219,0.005620943607,-1.013866768e-10,0.002039214149,0.02921780207,-0.001790819968,-1.667091134e-05,8.334800226e-05,-0.000197620716
2021-02-23,-0.0005038012801,1.487300521e-05,4.643247404e-06,0.002323486637,9.159029268e-08,-0.0001786977677,-3.196672546e-05,0.006093622433,-0.0001435369915,1.705135786e-05,-0.001643256823,0.0002021886332,-0.344787355,0.000425264795,0.0001125156825,-0.0005276512972,0.001203568208,-0.0004430944073,4.673738615e-06,0.005754410249,0.01343528443,-0.002592393684,0.0002210215333,0.002027275161,2.069714988e-05,-1.574518294e-12,0.009932864755,-0.007506921684,-0.003093221483,0.002315308206,-7.296486246e-07,-1.535438443e-12,0.0009511400278,0.001078770103,0.0185517631,6.579481279e-06,0.002343677777,-0.004522944147,-0.0004896444141,0.005768380887,-1.020910023e-10,0.002065252443,0.02878102355,-0.001778775505,-1.690181465e-05,8.42625043e-05,-0.0002011416136
2021-02-24,-0.0005059131627,1.490569217e-05,4.675597626e-06,0.002342300153,9.175205662e-08,-0.0001819906591,-3.206607517e-05,0.008393348978,-0.0001440155929,1.706558653e-05,-1.471238457e-05,0.0002008557543,6.232959101e-05,0.0004231066303,0.0001133384412,-0.0005300094183,0.001203454421,-0.0004465667079,5.804558835e-06,0.005778562747,0.01357472602,-0.002608748494,0.0002227691446,0.002043048378,2.083980996e-05,-1.578293052e-12,0.01007574287,-0.007526480473,-0.003067750363,0.002340614135,-7.268766906e-07,-1.538325023e-12,0.0009577725275,0.001089804507,0.01874604081,6.660531341e-06,0.02173797403,-0.004605845963,-0.0004952324326,0.005916140005,-1.02786446e-10,0.0004028245558,0.0283443484,-0.001766651606,-1.713268533e-05,8.517889928e-05,-0.0002047073371
2021-02-25,-0.0005080187844,1.493602995e-05,4.707862313e-06,0.002361126935,9.189812644e-08,-0.0001852831167,-3.215748238e-05,0.006052754983,-0.0001444856757,1.707649384e-05,-1.436990303e-05,0.00019952061,0.9440666742,0.0004209099047,0.0001141596233,-0.0005323679495,0.001203156744,-0.0004500387446,6.941135345e-06,0.01214077499,0.01371406151,-0.002624921876,0.0002245226844,0.002058825621,2.09819484e-05,-1.580957587e-12,0.01021831602,-0.007545534696,-0.003042300902,0.002365974747,-7.239425261e-07,-1.540767514e-12,0.000964388768,0.00110085483,0.01894035141,6.7414971e-06,0.01151298742,-0.004688724375,-0.0005008419046,0.006064222074,-1.034738961e-10,0.002117080387,0.02790777849,-0.001754448426,-1.736352286e-05,8.609721287e-05,-0.0002083183364
2021-02-26,-0.0005101172991,1.496394533e-05,4.740038908e-06,0.002379967082,9.20280141e-08,-0.000188575137,-3.224071341e-05,0.005155655486,-0.0001449470977,1.708397823e-05,-1.401488992e-05,0.000198183148,6.185275992e-05,0.0004186745946,0.0001149791816,-0.0005347269063,0.001202675333,-0.0004535105099,8.083609673e-06,0.005825508254,0.01385328901,-0.002640910836,0.0002262821131,0.002074607021,2.112354996e-05,-1.583400078e-12,0.01036058199,-0.007564079546,-0.00301687448,0.002391391184,-7.208417963e-07,-1.544764316e-12,0.0009709882623,0.001111919515,0.0191346953,6.822377618e-06,0.01752495316,-0.004771578487,-0.0005064731669,0.006212628273,-1.041535747e-10,0.002142857983,0.02747131569,-0.001742166143,-1.759432673e-05,8.701747094e-05,-0.0002119750686
2021-02-27,-0.000512207822,1.498936236e-05,4.772124753e-06,0.002398820681,9.214121421e-08,-0.0001918667167,-3.231553438e-05,0.006258827903,-0.0001453997111,1.708793413e-05,-1.364706858e-05,0.0001968433118,6.159805842e-05,0.000416400626,0.0001157970669,-0.0005370863055,0.001202010366,-0.0004569819961,9.232128772e-06,0.005848295171,0.0139924065,-0.00265671225,0.0002280473909,0.002090392717,2.126459882e-05,-1.586286658e-12,0.01050253836,-0.007582110245,-0.002991472497,0.002416864643,-7.17569989e-07,-1.54543045e-12,0.0009775705047,0.001122996939,0.01932907287,6.903171923e-06,0.02076587362,-0.004854407409,-0.0005121265655,0.006361359846,-1.048265919e-10,0.00216853494,0.02703496185,-0.001729804953,-1.782509638e-05,8.79396995e-05,-0.0002156779995
2021-02-28,-0.0005142894353,1.501220229e-05,4.804117104e-06,0.002417687814,9.223720365e-08,-0.0001951578521,-3.238171136e-05,0.005708521708,-0.0001458433617,1.708825187e-05,-1.326615334e-05,0.000195501041,6.133226729e-05,0.0004140878735,0.0001166132285,-0.0005394461651,0.00120116204,-0.0004604531953,1.038684523e-05,0.00587062064,0.01413141185,-0.002672322853,0.0002298184769,0.002106182854,2.140507857e-05,-1.589395282e-12,0.01064418247,-0.007599622041,-0.002966096375,0.00244239637,-7.141223874e-07,-1.549427253e-12,0.0009841349708,0.001134085411,0.01952348449,6.983879015e-06,0.02206955003,-0.004937210257,-0.0005178024568,0.006510418104,-1.05489173e-10,0.002194102549,0.02659871879,-0.001717365074,-1.805583124e-05,8.886392467e-05,-0.0002194276039
2021-03-01,-0.0005163611929,1.503238339e-05,4.836013101e-06,0.002436568552,9.231543174e-08,-0.0001984485392,-3.243901054e-05,0.006406828787,-0.0001462778895,1.708481746e-05,-1.287184909e-05,0.0001941562703,6.10552018e-05,0.0004117361592,0.0001174276133,-0.0005418065043,0.001200130573,-0.0004639240992,1.154791751e-05,0.005892481359,0.01427030276,-0.00268773924,0.00023159533,0.002121977579,2.154497217e-05,-1.591615728e-12,0.01078551143,-0.007616610204,-0.002940747554,0.00246798766,-7.104940658e-07,-1.549649298e-12,0.0009906811164,0.001145183173,0.01971793058,7.064497859e-06,0.02237365623,-0.005019986152,-0.0005235012071,0.006659804425,-1.061468691e-10,0.002219550858,0.02616258834,-0.001704846742,-1.828653072e-05,8.979017263e-05,-0.0002232243661
2021-03-02,-0.0005184221256,1.504982092e-05,4.867809778e-06,0.00245546296,9.237533849e-08,-0.0002017387743,-3.248719842e-05,0.006432337232,-0.0001467031272,1.707751244e-05,-1.246385096e-05,0.0001928089296,6.076666836e-05,0.0004093452518,0.0001182401666,-0.000544167344,0.001198916203,-0.0004673946991,1.27155102e-05,0.005913873906,0.0144090768,-0.002702957853,0.0002333779081,0.002137777047,2.168426192e-05,-1.592725951e-12,0.01092652208,-0.007633070025,-0.002915427491,0.002493639846,-7.066798866e-07,-1.554978368e-12,0.000997208377,0.001156288393,0.01991241153,7.145027387e-06,0.01343851946,-0.005102734214,-0.0005292231933,0.006809520255,-1.067941291e-10,0.002244868574,0.02572657229,-0.001692250214,-1.851719421e-05,9.071846957e-05,-0.0002270687812
2021-03-03,-0.0005204712455,1.506442697e-05,4.899504067e-06,0.002474371093,9.241633148e-08,-0.000205028553,-3.252604191e-05,0.008985996931,-0.0001471189012,1.706621374e-05,-1.204184383e-05,0.0001914589434,6.046646411e-05,0.0004069148654,0.0001190508313,-0.0005465287063,0.001197519185,-0.0004708649861,1.388979423e-05,0.005934794738,0.0145477314,-0.002717974978,0.0002351661691,0.002153581418,2.182292947e-05,-1.594502308e-12,0.011067211,-0.007648996818,-0.002890137659,0.002519354304,-7.026744797e-07,-1.555422457e-12,0.001003716167,0.001167399165,0.02010692772,7.225466485e-06,0.02318630212,-0.005185453566,-0.0005349688031,0.006959567108,-1.074345057e-10,0.002270042999,0.0252906724,-0.001679575765,-1.874782107e-05,9.164884167e-05,-0.0002309613555
2021-03-04,-0.00052250755,1.50761104e-05,4.931092774e-06,0.002493293001,9.24378103e-08,-0.000208317871,-3.255530858e-05,0.006200340534,-0.00014752503,1.705079345e-05,-1.160550198e-05,0.0001901062308,6.015437664e-05,0.0004044446589,0.0001198595484,-0.0005488906153,0.001195939794,-0.000474334951,1.507094718e-05,0.005955240175,0.01468626381,-0.002732786734,0.0002369600698,0.002169390859,2.196095576e-05,-1.596722754e-12,0.01120757447,-0.004376693841,-0.002864879551,0.00254513244,-6.984722387e-07,-1.556310636e-12,0.001010203878,0.001178513507,0.02030147956,7.30581402e-06,-0.003591976455,-0.005268143325,-0.0005407384353,0.007109946568,-1.080657785e-10,0.002295059982,0.02485489043,-0.001666823688,-1.897841064e-05,9.258131498e-05,-0.0002349026075
2021-03-05,-0.0005245300265,1.508477665e-05,4.962572596e-06,0.002512228724,9.243913901e-08,-0.0002116067238,-3.25747667e-05,0.004273202793,-0.000147921325,1.703111867e-05,-1.115448862e-05,0.0001887507048,5.983018371e-05,0.0004019342349,0.0001206662565,-0.0005512530965,0.001194178323,-0.0004778045842,1.62591535e-05,0.0059752064,0.01482467114,-0.007545890465,0.0002387595671,0.002185205541,2.209832099e-05,-1.597388888e-12,0.01134760847,0.002084848247,-0.00283965467,0.002570975693,-6.940673076e-07,-1.557198814e-12,0.00101667088,0.001189629353,0.02049606741,7.386068805e-06,0.02037671256,-0.005350802607,-0.0005465325001,0.007260660289,-1.086890578e-10,0.002319903911,0.02441922813,-0.001653994296,-1.920896222e-05,9.351591539e-05,-0.0002388930684
2021-03-06,-0.0005265376556,1.509032772e-05,4.993940101e-06,0.0025311783,9.241967014e-08,-0.0002148951067,-3.258418552e-05,0.007017047895,-0.0001483075894,1.700705132e-05,-1.068845545e-05,0.0001873922718,5.949365263e-05,0.0003993831386,0.0001214708919,-0.0005536161776,0.001192235081,-0.0004812738755,1.745460484e-05,0.005994689443,0.01496295033,-0.002761777742,0.0002405646171,0.002201025643,2.223500466e-05,-1.597388888e-12,0.01148730869,-0.007693532383,-0.002814464537,0.002596885524,-6.894535756e-07,-1.558753127e-12,0.001023116518,0.001200744556,0.02069069164,7.466229619e-06,0.02007599346,-0.005433430521,-0.0005523514193,0.007411709999,-1.093001245e-10,0.002344557757,0.02398368719,-0.001641087918,-1.94394751e-05,9.445266854e-05,-0.0002429332833
2021-03-07,-0.000528529415,1.509266197e-05,5.025191725e-06,0.002550141756,9.237872245e-08,-0.0002181830146,-3.258333532e-05,0.005884921685,-0.0001486836181,1.697844793e-05,-1.020704227e-05,0.0001860308316,5.914453975e-05,0.0003967908576,0.0001222733885,-0.0005559798879,0.001190110393,-0.0004847428146,1.865750029e-05,0.006013685177,0.01510109815,-0.002775948343,0.0002423751759,0.002216851349,2.237098544e-05,-1.598055022e-12,0.01162667047,0.0004154315183,-0.002789310686,0.002622863416,-6.846246554e-07,-1.560085394e-12,0.001029540115,0.001211856881,0.02088535259,7.546295199e-06,0.01872108464,-0.00551602617,-0.0005581956265,0.0075630975,-1.099020874e-10,0.002369003189,0.02354826932,-0.0016281049,-1.966994855e-05,9.539159976e-05,-0.0002470238117
2021-03-08,-0.0005305042828,1.509167407e-05,5.056323779e-06,0.002569119116,9.231559739e-08,-0.0002214704425,-3.257198763e-05,0.007604576281,-0.0001490491973,1.694515954e-05,-9.70987641e-06,0.0001846662766,5.87825899e-05,0.0003941568197,0.0001230736778,-0.0005583442592,0.001187804599,-0.0004882113908,1.98680467e-05,0.006032189304,0.01523911118,-0.002789896257,0.000244191199,0.002232682851,2.250624124e-05,-1.597610932e-12,0.01176568882,-0.007720472387,-0.002764194662,0.002648910865,-6.795738856e-07,-1.557864948e-12,0.001035940967,0.001222964006,0.02108005059,7.626264234e-06,0.02353010972,-0.005598588647,-0.0005640655674,0.007714824668,-1.105018299e-10,0.002393220783,0.04391551001,-0.001615045605,-1.990038179e-05,9.633273392e-05,-0.0002511652286
2021-03-09,-0.0005324612404,1.508725482e-05,5.08733244e-06,0.002588110398,9.222956754e-08,-0.0002247573849,-3.254991532e-05,0.007741784624,-0.0001494041041,1.69070314e-05,-9.196572375e-06,0.0001832984913,5.840753594e-05,0.0003914803925,0.0001238716886,-0.0005607093253,0.001185318053,-0.0004916795927,2.1086459e-05,0.006050197347,0.01537698586,-0.02291628221,0.000246012642,0.002248520346,2.264074911e-05,-1.595612531e-12,0.01190435839,-0.007611008848,-0.002739118022,0.002675029374,-6.742943073e-07,-1.557198814e-12,0.001042318343,0.001234063514,0.02127478593,7.706135375e-06,0.01785181528,-0.005681117032,-0.0005699617,0.007866893459,-1.110851411e-10,0.002417190344,0.02267780945,-0.001601910414,-2.013077402e-05,9.727609538e-05,-0.0002553581253
2021-03-10,-0.0005343992756,1.507929106e-05,5.118213738e-06,0.002607115615,9.211987839e-08,-0.0002280438363,-3.25168928e-05,0.009298380077,-0.0001497481063,1.68639028e-05,-8.666731303e-06,0.0001819273519,5.801909825e-05,0.0003887608812,0.0001246673471,-0.0005630751224,0.001182651124,-0.0004951474088,2.231296051e-05,0.00606770464,0.0155147184,-0.002817104529,0.0002478394603,0.002264364039,2.277448526e-05,-1.596278665e-12,0.01204267351,-0.01667678667,-0.002714082335,0.002701220447,-6.687786662e-07,-1.556754725e-12,0.001048671488,0.001245152891,0.02146955888,7.785907225e-06,0.02362132994,-0.005763610397,-0.0005758844948,0.008019305906,-1.116611248e-10,0.002440891383,0.02224277075,-0.001588699721,-2.036112442e-05,9.822170785e-05,-0.0002596031102
2021-03-11,-0.000536317385,1.506766556e-05,5.148963562e-06,0.002626134775,9.198575324e-08,-0.0002313297908,-3.24726961e-05,0.007565974707,-0.0001500809618,1.681560683e-05,-8.119940508e-06,0.0001805527257,5.761698419e-05,0.0003859975271,0.0001254605769,-0.0005654416893,0.001179804192,-0.000498614827,2.354778325e-05,0.006084706313,0.01565230486,-0.002830354648,0.0002496716095,0.002280214141,2.290742499e-05,-1.595834576e-12,0.01218062811,-0.008321544192,-0.002689089177,0.002727485584,-6.630193885e-07,-1.557864948e-12,0.001054999616,0.001256229527,0.02166436967,7.865578329e-06,0.0009195879544,-0.005846067799,-0.0005818344349,0.008172064125,-1.122257842e-10,0.002464303773,0.02180786172,-0.001575413937,-2.059143212e-05,9.916959424e-05,-0.0002639008096
2021-03-12,-0.0005382145767,1.505225688e-05,5.179577644e-06,0.00264516788,9.182638205e-08,-0.0002346152424,-3.241710305e-05,-0.0003349690915,-0.000150402418,1.676197025e-05,-7.555772996e-06,0.0001791744704,5.720088763e-05,0.0003831895052,0.0001262512985,-0.0005678090676,0.001176777649,-0.0005020818347,2.47911683e-05,0.006101197283,0.01578974111,-0.002843361589,0.0002515090453,0.002296070872,2.303954272e-05,-1.592947996e-12,0.01231821576,-0.007767585867,-0.002664140131,0.00275382627,-6.570085818e-07,-1.555866547e-12,0.001061301914,0.001267290706,0.02185921852,7.945147199e-06,0.02026786939,-0.005928488278,-0.0005878120159,0.008325170316,-1.127791194e-10,0.002487408637,0.02137308396,-0.001562053488,-2.082169624e-05,0.0001001197765,-0.0002682518686
2021-03-13,-0.0005400898721,1.503293927e-05,5.210051574e-06,0.002664214929,9.164093084e-08,-0.0002379001847,-3.234989342e-05,0.008893539486,-0.0001507122119,1.670281318e-05,-6.973786979e-06,0.0001777924336,-0.1759717942,0.0003803359227,0.0001270394297,-0.0005701773016,0.001173571902,-0.0005055484189,2.604336615e-05,0.006124195037,0.01592702283,-0.002856119679,0.0002533517237,0.002311934456,2.31708119e-05,-1.591615728e-12,0.01245542964,-0.007777927792,-0.002639236784,0.002780243977,-6.507380177e-07,-1.552535878e-12,0.001067577539,0.001278333608,0.02205410557,8.024612272e-06,0.01975954079,-0.006010870861,-0.0005938177466,0.008478626765,-1.133237948e-10,0.00251018949,0.02093843907,-0.001548618815,-2.105191585e-05,0.0001010722757,-0.0002726569521
2021-03-14,-0.0005419423083,1.500958253e-05,5.240380774e-06,0.002683275918,9.142853052e-08,-0.0002411846112,-3.227084899e-05,0.007451347132,-0.0001510100691,1.663794895e-05,-6.373525404e-06,0.000176406452,5.632545178e-05,0.0003774358164,0.0001278248852,-0.0005725464389,0.001170187366,-0.0005090145659,2.730463703e-05,0.006132625635,0.01606414549,-0.002868622987,0.0002551996012,0.002327805126,2.3301205e-05,-1.59028346e-12,0.01259226254,-0.007787685946,-0.002614380718,0.002806740149,-6.441991227e-07,-1.550315432e-12,0.001073825619,0.001289355304,0.02224903095,8.103971953e-06,0.01944094055,-0.006093214558,-0.0005998521482,0.008632435845,-1.138549255e-10,0.002532633718,0.0205039286,-0.001535110371,-2.128208999e-05,0.0001020271112,-0.0002771167455
2021-03-15,-0.0005437709395,1.49820519e-05,5.270560503e-06,0.002702350835,9.118829247e-08,-0.0002444685151,-3.217975376e-05,0.009468486526,-0.000151295704,1.656718392e-05,-5.754515463e-06,0.0001750163507,5.586542849e-05,0.0003744881511,0.0001286075767,-0.0005749165301,0.001166624467,-0.0005124802619,2.857525131e-05,0.006147551666,0.01620110439,-0.002880865319,0.0002570526349,0.002343683123,2.343069352e-05,-1.586508702e-12,0.01272870687,-0.0128179018,-0.002589573502,0.002833316201,-6.373829675e-07,-1.546762718e-12,0.001080045247,0.001300352753,0.02244399471,8.183224576e-06,0.02186466136,-0.006175518358,-0.0006059157547,0.008786600023,-1.143765083e-10,0.002545210964,0.02006955408,-0.001521528625,-2.151221766e-05,0.0001029843015,-0.0002816319554
2021-03-16,-0.0005455748387,1.495020799e-05,5.300585864e-06,0.002721439667,9.091928144e-08,-0.0002477518891,-3.2076394e-05,0.009585798986,-0.000151568819,1.649031722e-05,-5.116268142e-06,0.0001736219424,-0.6563018594,0.0003714918174,0.0001293874127,-0.0005772876295,0.001162883637,-0.0005159454921,2.985548984e-05,0.006161944261,0.01633789462,-0.02211788731,0.0002589107829,0.002359568694,2.355924789e-05,-1.583400078e-12,0.01286475463,-0.007805432441,-0.002564816693,0.002859973509,-6.30280262e-07,-1.544986361e-12,0.001086235488,0.001311322795,0.02263899688,8.262368424e-06,0.01896275809,-0.006257781236,-0.0006120091129,0.008941121857,-1.14887877e-10,0.002557440457,0.01963531702,-0.001507874058,-2.174229784e-05,0.0001039438629,-0.0002862033108
2021-03-17,-0.0005473530989,1.491390663e-05,5.330451774e-06,0.002740542396,9.062054973e-08,-0.000251034726,-3.196055841e-05,0.007869736946,-0.0001518291042,1.640714058e-05,-4.458277755e-06,0.0001722230268,5.489894651e-05,0.0003684456301,0.0001301642983,-0.0005796597949,0.001158965319,-0.0005194102415,3.114564432e-05,0.006175797067,0.0164745111,-0.002904540873,0.0002607740043,0.002375462093,2.368683753e-05,-1.579625319e-12,0.01300039742,-0.007813411478,-0.002540111826,0.002886713406,-6.228813449e-07,-1.541655692e-12,0.001092395372,0.001322262156,0.02283403742,8.341401708e-06,0.02141430146,-0.006340002143,-0.0006181327819,0.009096004001,-1.153830365e-10,0.002569321429,0.0192012189,-0.001494147165,-2.197232946e-05,0.0001049058101,-0.0002908315634
2021-03-18,-0.0005491048343,1.487299879e-05,5.360152989e-06,0.002759659,9.029110082e-08,-0.0002543170179,-3.183203821e-05,0.009642665594,-0.0001520762369,1.631743813e-05,-3.780021513e-06,0.0001708193893,5.43917101e-05,0.0003653483261,0.0001309381356,-0.000582033088,0.001154869959,-0.0005228744943,3.244601774e-05,0.006189103433,0.01661094851,-0.002915960322,-0.01194800797,0.002391363582,2.381343074e-05,-1.576072606e-12,0.01313562643,-0.00782078813,-0.002515460412,0.002913537171,-6.151761669e-07,-1.538325023e-12,0.001098523894,0.001333167435,0.02302911623,8.420322588e-06,0.005522468251,-0.006422180013,-0.0006242873331,0.009251249211,-1.158710905e-10,0.002580853107,0.01876726118,-0.001480348451,-2.22023114e-05,0.0001058701555,-0.0002955174884
2021-03-19,-0.0005508291812,1.482733051e-05,5.389684076e-06,0.002778789453,8.992991818e-08,-0.000257598757,-3.169062727e-05,0.003624624663,-0.000152309881,1.622098626e-05,-3.080959119e-06,0.0001694108004,5.386793061e-05,0.0003621985634,0.0001317088232,-0.0005844075748,0.001150598007,-0.0005263382343,3.375692469e-05,0.006201856393,0.01674720136,-0.002927091227,0.0002645155134,0.00240727343,2.393899473e-05,-1.569855357e-12,0.01327043244,-0.007827557672,-0.002490863933,0.002940446026,-6.071542971e-07,-1.532995952e-12,0.001104620018,0.00134403511,0.02322423314,8.499129149e-06,0.01957769878,-0.006504313759,-0.0006304733495,0.009406860342,-1.163433794e-10,0.002592034706,0.01833344529,-0.001466478437,-2.243224251e-05,0.0001068369091,-0.0003002618856
2021-03-20,-0.0005525252984,1.477674278e-05,5.419039428e-06,0.002797933722,8.953594222e-08,-0.0002608799349,-3.153612221e-05,0.00948156197,-0.0001525296869,1.611755336e-05,-2.360532373e-06,0.0001679970145,5.33271768e-05,0.0003589949189,0.000132476256,-0.0005867833255,0.001146149917,-0.0005298014446,3.507869181e-05,0.006214048649,0.01688326396,-0.002937925944,0.0002663937409,0.002423191914,2.40634956e-05,-1.566080599e-12,0.01340480582,-0.007833715341,-0.002466323828,0.002967441124,-5.98804907e-07,-1.527444837e-12,0.001110682669,0.001354861528,0.02341938794,8.577819413e-06,0.01942993931,-0.006586402273,-0.0006366914258,0.009562840354,-1.168012354e-10,0.002602865433,0.01789977262,-0.00145253765,-2.266212161e-05,0.0001078060781,-0.0003050655795
2021-03-21,-0.0005541923679,1.472107155e-05,5.448213254e-06,0.002817091772,8.910807736e-08,-0.000264160543,-3.136832247e-05,-0.0003552331737,-0.0001527352909,1.600689977e-05,-1.618164842e-06,0.0001665777693,5.27689996e-05,0.0003557358877,0.0001332403257,-0.000589160415,0.001141526142,-0.0005332641077,3.641165814e-05,0.006225672556,0.01701913041,-0.002948456495,0.0002682769232,0.002439119316,2.418689827e-05,-1.559197216e-12,0.01353873653,-0.007839256329,-0.00244184149,0.002994523544,-5.901167679e-07,-1.52322599e-12,0.00111671074,-0.3024806967,0.02361458031,8.656391325e-06,0.01923807608,-0.006668444427,-0.0006429421671,0.009719192317,-1.172502095e-10,0.00261334448,0.01746624455,-0.001438526633,-2.289194746e-05,0.0001087776665,-0.0003099294199
2021-03-22,-0.0005558295951,1.46601476e-05,5.477199572e-06,0.00283626356,8.864521384e-08,-0.0002674405723,-3.118703045e-05,0.009540636522,-0.0001529263148,1.588877758e-05,-8.532615489e-07,0.0001651527839,5.21929318e-05,0.0003524198814,0.0001340009205,-0.0005915389231,0.00113672713,-0.0005367262054,3.775617553e-05,0.006236720103,0.01715479459,-0.002958674551,0.0002701650446,0.002455055925,2.430916652e-05,-1.550981565e-12,0.01367221412,-0.007844175784,-0.00241741825,0.00302169428,-5.810782517e-07,-1.516120562e-12,0.001122703085,0.001376375339,0.0238098099,8.734842759e-06,0.01922773174,-0.006750439069,-0.0006492261887,0.009875919409,-1.176823083e-10,0.002623471029,0.04120095527,-0.001424445938,-2.312171877e-05,0.000109751675,-0.0003148542828
2021-03-23,-0.0005574362086,1.459379657e-05,5.505992216e-06,0.002855449038,8.81461899e-08,-0.0002707200134,-3.099205156e-05,0.009420577768,0.0256047922,1.576293052e-05,-6.520873752e-08,0.0001637217584,5.159848764e-05,0.0003490452272,0.0001347579247,-0.0005939189349,0.001131753328,-0.000540187719,3.911260903e-05,0.006247182896,0.01729025021,-0.002968571425,0.0002720580936,0.002471002039,2.443026293e-05,-1.545652495e-12,0.01380522772,-0.02145210662,-0.002393055371,0.003048954229,-5.716773197e-07,-1.509681269e-12,0.001128658522,0.00138705477,0.02400507625,8.813171509e-06,0.01872282819,-0.006832385027,-0.0006555441151,0.01003302492,-1.181013065e-10,0.002633244249,0.01659962754,-0.001410296125,-2.335143422e-05,0.0001107281003,-0.00031984107
2021-03-24,-0.0005590114603,1.452183894e-05,5.534584829e-06,0.00287464815,8.760981007e-08,-0.0002739988567,-3.078319433e-05,0.006471511472,-0.0001532630317,1.56290939e-05,7.466263084e-07,0.0001622843721,5.098516265e-05,0.0003456101675,0.0001355112193,-0.0005963005409,0.001126605171,-0.0005436486291,4.048133723e-05,0.006257052132,0.01742549076,-0.002978138058,0.0002739560629,0.002486957958,2.455014891e-05,-1.537658889e-12,0.01393776607,-0.007852130409,-0.002368754024,0.003076304185,-5.619015271e-07,-1.503019931e-12,0.001134575833,0.001397677023,0.02420037879,8.89137529e-06,0.0190352168,-0.006914281108,-0.0006618965788,0.01019051226,-1.1850676e-10,0.002642663291,0.01616654124,-0.001396077766,-2.358109243e-05,0.0001117069347,-0.0003248907099
2021-03-25,-0.0005605546247,1.444409e-05,5.562970868e-06,0.002893860832,8.703484999e-08,-0.0002772770922,-3.056027045e-05,0.003819271392,-0.0001534078767,1.548699451e-05,1.582895373e-06,0.0001608402826,5.035243341e-05,0.0003421128588,0.0001362606815,-0.0005986838372,0.001121283085,-0.0005471089156,4.186275264e-05,0.006266318585,0.01756050949,-0.002987365005,-0.00707209379,0.002502923991,2.466878466e-05,-1.530553462e-12,0.01406981748,-0.007855155622,-0.002344515279,0.003103744818,-5.517380313e-07,-1.495026325e-12,0.001140453763,0.001408237777,0.0243957169,8.96945173e-06,0.01207543809,-0.006996126095,-0.0006682842191,0.01034838494,-1.188948939e-10,0.002651727292,0.01573360478,-0.001381791443,-2.381069198e-05,0.0001126881659,-0.0003300041575
2021-03-26,-0.0005620649981,1.436035999e-05,5.591143601e-06,0.002913087012,8.642005822e-08,-0.0002805547093,-3.032309489e-05,0.003851491623,-0.0001535364436,0.9261092349,2.444269312e-06,0.0001593891241,4.969975748e-05,0.000338551371,0.0001370061852,-0.0006010689264,0.001115787479,-0.0005505685577,4.325726209e-05,0.006274972576,0.01769529949,-0.002996242427,0.0002777667616,0.002518900449,2.478612919e-05,-1.520117365e-12,0.01420136989,-0.007857539377,-0.002320340081,0.00313127667,-5.411735817e-07,-1.487032719e-12,0.001146291019,0.02565971615,0.02459108983,9.047398376e-06,0.01832603339,-0.007077918749,-0.0006747076808,0.01050664661,-1.192717036e-10,0.002660435373,0.01530081941,-0.001367437745,-2.404023137e-05,0.0001136717761,-0.0003351823938
2021-03-27,-0.0005635418984,1.427045409e-05,5.619096112e-06,0.002932326604,8.576413046e-08,-0.0002838316972,-3.007148591e-05,0.007408089502,-0.000153648259,1.517687215e-05,3.331437964e-06,0.0001579305061,4.902657339e-05,0.000334923687,0.0001377476003,-0.0006034559172,0.001110118744,-0.000554027534,4.466528698e-05,0.006283003956,0.01782985362,-0.003004760081,0.0002796795163,0.002534887651,2.490214032e-05,-1.510791492e-12,0.01433241081,-0.007859276547,-0.002296229229,0.003158900134,-5.301945443e-07,-1.47837298e-12,0.001152086271,0.001429156831,0.02478649672,9.125212676e-06,0.01818324084,-0.007159657809,-0.0006811676114,0.01066530103,-1.196278632e-10,0.002668786633,0.01486818635,-0.001353017269,-2.426970909e-05,0.0001146577417,-0.0003404264264
2021-03-28,-0.000564984663,1.417417257e-05,5.646821303e-06,0.002951579514,8.506575e-08,-0.0002871080447,-2.980526513e-05,0.003875331492,-0.0001537428322,1.500826068e-05,4.245109947e-06,0.0001564640119,4.833230075e-05,-0.001689981517,0.0001384847937,-0.0006058449251,0.001104277246,-0.0005574858224,4.608726361e-05,0.006290402078,0.01796416451,-0.003012907306,0.0002815972438,0.002971346059,2.501677469e-05,-1.501465619e-12,0.01446292738,-0.007860361927,-0.002272183345,0.003186615445,-5.18786897e-07,-1.467270749e-12,0.001157838156,0.00143950581,0.02498193659,9.202891989e-06,0.0179722706,-0.007241341988,-0.0006876646603,0.01082435209,-1.19970256e-10,0.002676780154,0.01443570679,-0.001338530622,-2.449912354e-05,0.0001156460326,-0.0003457372881
2021-03-29,-0.0005663926485,1.407131096e-05,5.674311889e-06,0.002970845631,8.432355836e-08,-0.0002903837401,-2.952425758e-05,0.008539324075,-0.0001538196553,1.483020964e-05,5.186012305e-06,0.0001549891969,4.76163405e-05,0.0003274612203,0.0001392176286,-0.0006082360729,0.001098263322,-0.0005609434002,4.752364352e-05,0.006297155781,0.0180982246,-0.003020673021,0.000283519982,0.00256689557,2.512998779e-05,-1.491695656e-12,0.01459290638,-0.007860790235,-0.002248202851,0.003214422661,-5.069362563e-07,-1.456168519e-12,0.001163545271,0.001449774653,0.02517740835,9.280433568e-06,0.01778207452,-0.007322969977,-0.000694199476,0.0109838038,-1.202968836e-10,0.002684414993,0.01400338187,-0.001323978416,-2.472847307e-05,0.0001166366114,-0.0003511160367
2021-03-30,-0.0005677652282,1.396166024e-05,5.701560423e-06,0.002990124829,8.353616376e-08,-0.0002936587712,-2.922829174e-05,0.007817365008,-0.000153878203,1.464240436e-05,6.154890004e-06,0.000153505587,4.687807531e-05,0.0003236219558,0.000139945965,-0.0006106294906,0.001092077276,-0.0005644002437,4.897489362e-05,0.006303253364,0.01823202609,-0.00302804571,0.0002854477782,0.002582916934,2.524173397e-05,-1.478817069e-12,0.01472233418,-0.007860556104,-0.002224287929,0.003242321652,-4.946278858e-07,-1.445732423e-12,0.001169206182,0.001459958368,0.02537291077,9.357834574e-06,0.01747201735,-0.00740454044,-0.0007007727041,0.01114366031,-1.206033051e-10,-0.00178469695,0.01357121271,-0.001309361273,-2.495775598e-05,0.0001176294331,-0.0003565637542
2021-03-31,-0.0005691017912,1.38450071e-05,5.728559296e-06,0.003009416961,8.270215357e-08,-0.0002969331255,-2.891719952e-05,0.005968737272,-0.0001539179325,1.444452235e-05,7.152505264e-06,0.0001520126769,4.61168701e-05,0.0003197075312,0.0001406696596,-0.0006130253161,0.00108571937,-0.000567856329,5.044149647e-05,0.006308682571,0.01836556099,-0.003035013422,0.0002873806897,0.002598950333,2.53519665e-05,-1.465050303e-12,0.01485119684,-0.007859654083,-0.002200438483,0.003270312082,-4.818467219e-07,-1.433742014e-12,0.001174819422,0.001470051833,0.02556844246,9.435092047e-06,0.01740422335,-0.007486052016,-0.0007073849839,0.01130392591,-1.208955158e-10,0.002698604748,0.0131392004,-0.001294679819,-2.51869705e-05,0.0001186244437,-0.0003620815448
2021-04-01,-0.0005704017397,1.372113425e-05,5.75530074e-06,0.003028721862,8.182008449e-08,-0.0003002067898,-2.859081636e-05,0.00404307243,-0.000153938284,1.423623365e-05,8.179636682e-06,0.000150509928,4.533207283e-05,0.0003157154826,0.0001413885665,-0.0006154236955,0.001079189821,-0.0005713116312,5.192395037e-05,0.006313430569,0.01849882107,-0.003041563766,0.0002893187854,0.002614996092,2.546063763e-05,-1.45283785e-12,0.01497948007,-0.007858078627,-0.002176654095,0.003298393395,-4.685774078e-07,-1.421085472e-12,0.00118038349,0.001480049803,0.02576400191,9.512202927e-06,0.01674492077,-0.007567503317,-0.0007140369457,0.01146460504,-1.211659661e-10,0.002705157657,0.01270734599,-0.001279934686,-2.541611478e-05,0.0001196215802,-0.3831595035
2021-04-02,-0.0005716644872,1.358982082e-05,5.781776846e-06,0.003048039341,8.08884919e-08,-0.0003034797506,-2.824898112e-05,0.004074666913,-0.0001539386804,1.401720122e-05,9.237078145e-06,0.000148996767,4.452301543e-05,0.00031164326,0.0001421025369,-0.0006178247834,0.001072488791,-0.0005747661248,5.342276948e-05,0.00631748393,0.01863179789,-0.003047683908,0.0002912621461,0.002631054531,2.556769863e-05,-1.439293129e-12,0.01510716927,-0.0078558241,-0.002152933973,0.0033265648,-4.548043189e-07,-1.409317107e-12,0.001185896859,0.0008511966629,0.02595958741,9.589164032e-06,0.01693367097,-0.007648892929,-0.0007207292066,0.01162570226,-1.21418875e-10,0.002711347871,0.02569864715,-0.001265126513,-2.564518694e-05,0.0001206207689,-0.0003733318659
2021-04-03,-0.0005728894563,1.345084282e-05,5.807979583e-06,0.00306736918,7.990588191e-08,-0.0003067519938,-2.789153616e-05,0.005724271288,-0.0001539185283,1.378708154e-05,1.03256375e-05,0.0001474725835,4.368901499e-05,0.0003074882291,0.0001428114195,-0.0006202287431,0.001065616385,-0.0005782197839,5.493848379e-05,0.006320828615,0.01876448276,-0.003053360572,0.0002932108663,0.002647125967,2.567309987e-05,-1.423527962e-12,0.01523424953,-0.007852884771,-0.002129276897,0.003354825254,-4.405116074e-07,-1.392885807e-12,0.001191357973,0.001499737712,0.02615519711,9.665972063e-06,0.01681656603,-0.007730219406,-0.0007274623669,0.01178722231,-1.216537981e-10,0.002717174314,0.0118441149,-0.001250255944,-2.587418499e-05,0.0001216219251,-0.0003790667004
2021-04-04,-0.0005740760756,1.330397363e-05,5.833900809e-06,0.003086711127,7.887074904e-08,-0.0003100235048,-2.751832726e-05,0.004137522508,-0.000153877218,1.354552521e-05,1.144613495e-05,0.0001459367283,4.282937522e-05,0.0003032476732,0.000143515061,-0.0006226357472,0.001058572639,-0.0005816725819,5.647163906e-05,0.006323449964,0.0188968668,-0.003058580043,0.000295165055,0.002663210713,2.577679094e-05,-1.408206884e-12,0.01536070569,-0.007849254813,-0.002105681154,0.003383173445,-4.256832455e-07,-1.378674952e-12,0.001196765257,0.001509416613,0.02635082895,9.742623579e-06,0.01668655551,-0.007811481273,-0.0007342370054,0.01194917008,-1.218676271e-10,0.00272263588,0.01141274018,-0.001235323627,-2.61031069e-05,0.0001226249518,-0.0003848762108
2021-04-05,-0.0005752237773,1.314898466e-05,5.859532298e-06,0.0031060649,7.778157762e-08,-0.0003132942685,-2.712920364e-05,0.01026260858,-0.0001538141244,1.329217774e-05,1.25994012e-05,0.0001443885112,4.194338816e-05,0.0002989187967,0.0001442133065,-0.0006250459778,0.001051357513,-0.0005851244915,5.802279664e-05,0.006325332676,0.01902894088,-0.003063328177,0.0002971248367,0.002679309071,2.587872073e-05,-1.391553539e-12,0.01548652233,-0.007844928299,-0.002082144469,0.003411607781,-4.103030788e-07,-1.364242053e-12,0.001202117112,0.001518977967,0.02654648066,9.819115032e-06,0.01654319208,-0.007892677022,-0.0007410536749,0.01211155062,-1.220588075e-10,0.002727731428,-0.01661324857,-0.001220330213,-2.633195056e-05,0.0001236297387,-0.0003907615808
2021-04-06,-0.0005763319942,1.298564605e-05,5.884865748e-06,0.003125430171,7.663683332e-08,-0.0003165642691,-2.672401783e-05,0.009464574685,-0.000153728608,1.302668042e-05,1.378627522e-05,0.0001428271991,4.103033623e-05,0.0002944987287,0.0001449059997,-0.0006274596268,0.001043970884,-0.0005885754853,5.959253323e-05,0.006326460805,0.01916069565,-0.003067590409,0.0002990903536,0.002695421334,2.597883761e-05,-1.375344283e-12,0.01561168381,-0.007839899208,-0.002058663924,0.003440126366,-3.94354889e-07,-1.344480083e-12,0.001207411928,0.001528416048,0.02674214979,9.895442713e-06,0.01642092322,-0.007973805111,-0.0007479128961,0.01227436915,-1.2223067e-10,0.002732459782,0.01055047705,-0.001205276357,-2.656071375e-05,0.0001246361613,-0.0003967240009
2021-04-07,-0.000577400157,1.281372746e-05,5.909892831e-06,0.003144806572,7.54349827e-08,-0.0003198334902,-2.630262565e-05,0.004230893664,-0.0001536200159,1.274867134e-05,1.500760175e-05,0.0001412520136,4.008949458e-05,0.0002899845279,0.0001455929836,-0.0006298768963,0.001036412534,-0.0005920255349,6.118144042e-05,0.006326817752,0.01929212152,-0.003071351769,0.000301061766,0.002711547784,2.60770895e-05,-1.355138224e-12,0.01573617431,-0.007834161419,-0.00203523588,0.003468726987,-3.778224633e-07,-1.32893696e-12,0.001212648081,0.001537725071,0.0269378336,9.971602789e-06,0.01631805076,-0.008054863959,-0.0007548151525,0.01243763107,-1.223805501e-10,0.002736819727,0.01435344665,-0.001190162718,-2.678939423e-05,0.0001256440795,-0.0004027646638
2021-04-08,-0.0005784276905,1.2632999e-05,5.934605211e-06,0.003164193684,7.417448833e-08,-0.000323101915,-2.586488613e-05,0.004261752837,-0.0001534876827,1.245778664e-05,1.626422843e-05,0.0001396621295,3.912013381e-05,0.0002853731885,0.0001462741012,-0.0006322979984,0.001028682139,-0.0005954746122,6.279012422e-05,0.006326386259,0.01942320868,-0.003074596902,0.0003030392543,0.002727688684,2.617342412e-05,-1.337374655e-12,0.01585997784,-0.007827708719,-0.002011855881,0.003497407098,-3.606896675e-07,-1.311617481e-12,0.001217823946,0.001546899215,0.02713352916,1.004759126e-05,0.01594373778,-0.008135851945,-0.0007617608839,0.01260134194,-1.225053392e-10,0.002740810012,0.009688868113,-0.001174989955,-2.701798962e-05,0.0001266533366,-0.0004088847598
2021-04-09,-0.0005794140111,1.24432322e-05,5.95899457e-06,0.003183591031,7.285383186e-08,-0.0003263695259,-2.541066137e-05,0.001851019438,-0.0001533309326,1.215366176e-05,1.755700252e-05,0.0001380566718,3.812152301e-05,0.0002806616469,0.0001469491959,-0.0006347231562,0.001020779261,-0.0005989226882,6.441920432e-05,0.006325148418,0.01955394709,-0.003077310092,0.0003050230203,0.00274384428,2.626778914e-05,-1.317168596e-12,0.01598307827,-0.007820534805,-0.001988518558,0.003592738203,-3.429405386e-07,-1.292299601e-12,0.001222937901,0.002062678847,0.02732923321,1.012340399e-05,0.01602121898,-0.008216767406,-0.0007687504794,0.01276550754,-1.226108104e-10,0.002744429338,0.009258311004,-0.001159758733,-2.724649749e-05,0.000127663758,-0.0004150854711
2021-04-10,-0.0005803585231,1.224420118e-05,5.983052665e-06,0.003202998076,7.14714985e-08,-0.0003296363046,-2.493981648e-05,0.004323042225,-0.0001531490811,1.183593298e-05,1.888676734e-05,0.0001364347145,3.709293324e-05,0.0002758467897,0.0001476181123,-0.0006371526035,0.001012703337,-0.0006023697341,6.606931327e-05,0.006323085684,0.01968432648,-0.003079475295,0.0003070132887,0.002760014796,2.636013239e-05,-1.296962537e-12,0.01610545936,-0.007812633288,-0.001965217526,0.004364074311,-3.245593712e-07,-1.272315586e-12,0.001227988329,0.001564819525,0.02752494223,1.019903665e-05,0.01588059318,-0.008297608631,-0.0007757842704,0.01293013383,-1.226894142e-10,0.00274767637,0.008827919823,-0.001144469718,-2.74749153e-05,0.00012867515,-0.0004213679658
2021-04-11,-0.0005812606158,1.20356838e-05,6.006771349e-06,0.003222414218,7.002600633e-08,-0.0003329022323,-2.445221938e-05,0.004353461751,-0.0001529414367,1.150423903e-05,2.025435823e-05,0.0001347952781,3.603364134e-05,0.0002709254627,0.0001482806972,-0.0006395865846,0.001004453662,-0.0006058157209,6.774109543e-05,0.006320178875,0.01981433633,-0.003081076172,0.0003090103086,0.00277620043,2.645040212e-05,-1.276312389e-12,0.01622710483,-0.007803997696,-0.001941945279,0.004744263178,-3.055308253e-07,-1.249444992e-12,0.001232973636,0.001573554064,0.02772065238,1.027448478e-05,0.0157399091,-0.008378373862,-0.0007828625231,0.01309522694,-1.227422608e-10,0.002750549726,0.008397695275,-0.001129123576,-2.770324043e-05,0.0001296872986,-0.0004277333916
2021-04-12,-0.0005821196603,1.181746306e-05,6.030142636e-06,0.003241838777,6.851589829e-08,-0.0003361672893,-2.39477407e-05,0.006054924769,-0.0001527073032,1.115822292e-05,2.166059824e-05,0.0001331373279,3.494293409e-05,0.0002658944815,0.0001489368002,-0.0006420253552,0.0009960293826,-0.0006092606196,6.943520575e-05,0.006316408186,0.01994396594,-0.003082096134,0.0003110143551,0.002792401351,2.653854722e-05,-1.250555215e-12,0.01634799834,-0.02371090942,-0.001918693085,0.005166470415,-2.858400401e-07,-1.227684621e-12,0.00123789225,0.001582130526,0.02791635947,1.034974371e-05,0.01559497514,-0.008459061292,-0.0007899854304,0.01326079325,-1.227720148e-10,0.002753047973,-0.005825380584,-0.001113720979,-2.793147017e-05,0.000130699968,-0.0004341828679
2021-04-13,-0.0005829350066,1.158932843e-05,6.053158727e-06,0.003261270994,6.693975729e-08,-0.0003394314553,-2.342625358e-05,0.004413824006,-0.0001524459825,1.079753385e-05,2.310629346e-05,0.0001314597721,3.382011282e-05,0.0002607506427,0.0001495862748,-0.0006444691816,0.0009874294816,-0.0006127044011,7.115230834e-05,0.006311753204,0.02007320434,-0.003082518392,0.0003130257307,0.002808617695,2.662451755e-05,-1.227240531e-12,0.01646812354,-0.007784498065,-0.00189545088,0.005645117668,-2.654727409e-07,-1.204591982e-12,0.001242742639,0.001590543272,0.02811205892,1.04248086e-05,0.01546339006,-0.00853966906,-0.0007971531039,0.01342683931,-1.227717927e-10,0.002755169634,0.007537748664,-0.001098262597,-2.815960169e-05,0.0001317128996,-0.0004407174787
2021-04-14,-0.0005837059808,1.135107741e-05,6.075812084e-06,0.003280710023,6.529621688e-08,-0.0003426947091,-2.288763353e-05,0.004443756326,-0.0001521567772,1.042182931e-05,2.459222803e-05,0.0001297614599,3.266449814e-05,0.0002554907367,0.0001502289794,-0.0006469183412,0.0009786527661,-0.0006161470369,7.289307475e-05,0.006306192941,0.02020204039,-0.003082326013,0.0003150447669,0.00282484956,2.670826417e-05,-1.200817223e-12,0.01658746412,0.004328860304,-0.001872207182,0.006013689847,-2.444153748e-07,-1.180167075e-12,0.001247523313,0.0219410003,0.02830774579,1.049967443e-05,0.01532184977,-0.008620195251,-0.0008043655654,0.01359337192,-1.227475899e-10,0.002756913174,0.007108027786,-0.001082749102,-2.838763208e-05,0.0001327258109,-0.0004473382641
2021-04-15,-0.000584431883,1.1102517e-05,6.098095464e-06,0.003300154923,6.358397853e-08,-0.0003459570288,-2.23317582e-05,0.004473515979,-0.0001518389934,1.003077719e-05,2.611915894e-05,0.0001280411805,3.147543514e-05,0.0002501115612,0.0001508647781,-0.0006493731219,0.0009696978552,-0.0006195884987,7.465818212e-05,0.006299705867,0.02033046273,-0.003081501982,0.0003170718252,0.002841097003,2.678973968e-05,-1.173505737e-12,0.01670600382,-0.007761982984,-0.001848949004,0.006283140724,-2.226552323e-07,-1.154409901e-12,0.001252232843,0.001606855733,0.02850341467,1.057433595e-05,0.01511162004,-0.008700637893,-0.0008116227388,0.01376039807,-1.226920787e-10,0.002758277008,0.00667847591,-0.001067181167,-2.861555831e-05,0.0001337383942,-0.0004540462121
2021-04-16,-0.0005851119851,1.08434653e-05,6.120001979e-06,0.00331960465,6.18018059e-08,-0.0003492183919,-2.175850722e-05,0.004503098006,-0.000151491944,9.624058013e-06,2.768781079e-05,0.0001262976612,3.025229856e-05,0.0002446099358,0.000151493542,-0.0006518338223,0.0009605631684,-0.0006230287588,7.6448311e-05,0.006292269956,0.0204584598,-0.003080029273,0.0003191072985,0.002857360037,2.686889854e-05,-1.146860384e-12,0.01682372647,-0.007749577997,-0.001825661813,0.006463115585,-2.001805741e-07,-1.128652727e-12,0.001256869864,0.001614744956,0.0286990597,1.064878772e-05,0.01502817078,-0.008780994959,-0.0008189244419,0.01392792499,-1.226070356e-10,0.002759259493,0.02058564822,-0.001051559464,-2.884337724e-05,0.0001347503156,-0.0004608422494
2021-04-17,-0.00058574553,1.057375307e-05,-1.107449446,0.003339058053,5.994854657e-08,-0.0003524787745,-2.116776198e-05,0.004532497585,-0.0001511149517,9.201367151e-06,2.929887046e-05,0.0001245295668,2.899449807e-05,0.0002389827171,0.0001521151504,-0.0006543007508,0.0009512469139,-0.00062646779,7.826414295e-05,0.006283862733,0.02058601987,-0.00307789092,0.0003211516122,0.002873638624,2.694569733e-05,-1.11866072e-12,0.01694061602,-0.007736399159,-0.001802329508,0.006529535822,-1.769807585e-07,-1.100675107e-12,0.001261433093,0.001622449553,0.0288946745,1.072302408e-05,0.01487893621,-0.008861264358,-0.000826270379,0.01409596013,-1.224929047e-10,0.002759858928,0.005819880974,-0.001035884669,-2.907108563e-05,0.0001357612142,-0.0004677272332
2021-04-18,-0.0005863317305,1.029322517e-05,6.16265897e-06,0.003358513868,5.802313741e-08,-0.0003557381524,-2.055940548e-05,0.00456171005,-0.0001507073521,8.762416939e-06,3.095298203e-05,0.0001227354983,2.770148339e-05,0.0002332268143,0.0001527294912,-0.0006567742258,0.000941747079,-0.0006299055662,8.010635793e-05,0.006274461341,0.02071313104,-0.003075070104,0.000323205225,0.002889932674,2.702009511e-05,-1.085354029e-12,0.01705665656,-0.007722439808,-0.001778934462,0.006555170214,-1.530463545e-07,-1.072697486e-12,0.001265921338,0.001629964888,0.02909025217,1.079703914e-05,0.01473229109,-0.008941443942,-0.000833660134,0.01426451118,-1.223465773e-10,0.00276007355,0.005390838677,-0.001020157452,-2.929868011e-05,0.0001367707016,-0.0004747019424
2021-04-19,-0.0005868697701,1.000174192e-05,6.183397925e-06,0.00337797071,5.602461162e-08,-0.0003589965002,-1.99333221e-05,0.004590730915,-0.0001502684968,8.306938636e-06,3.265074215e-05,0.0001209139925,2.637274905e-05,0.0002273392044,0.0001533364624,-0.0006592545747,0.0009320614219,-0.0006333420618,8.197563141e-05,0.006264042611,0.0208397813,-0.003071550226,0.0003252686288,0.002906242041,2.709205363e-05,-1.056932319e-12,0.01717183236,-0.007707693308,-0.001755457632,0.006555112915,-1.283692515e-07,-1.042943509e-12,0.001270333505,0.001637286631,0.02928578519,1.087082678e-05,0.01459006384,-0.009021531499,-0.0008410931653,0.01443358607,-1.221682755e-10,0.002759901532,0.004961966903,-0.001004378486,-2.952615718e-05,0.0001377783614,-0.0004817670704
2021-04-20,-0.0005873588039,9.699180183e-06,6.203737057e-06,0.003397427071,5.395211389e-08,-0.0003622537914,-1.928939749e-05,0.00461955589,-0.0001497977557,7.834684083e-06,3.439269613e-05,0.0001190635217,2.500783846e-05,0.0002213169469,0.0001539359725,-0.0006617421337,0.0009221874656,-0.0006367772527,8.387263131e-05,0.006252583166,0.02096595852,-0.003067314999,0.0003273423496,0.002922566519,2.71615376e-05,-1.024069718e-12,0.01728612789,-0.02529233527,-0.00173187876,0.006504457531,-1.029427352e-07,-1.010969086e-12,0.001274668616,-0.3465468384,0.02948126545,1.094438061e-05,0.01444755298,-0.009101524756,-0.0008485688012,0.01460319294,0.9266305663,0.002759340982,0.004533265873,-0.0009885484425,-2.975351324e-05,0.0001387837492,-0.0004889232177
2021-04-21,-0.0005877979618,9.385434142e-06,6.223671978e-06,0.003416881318,5.180489504e-08,-0.0003655099989,-1.862751848e-05,0.00941726307,-0.0001492945194,7.345426914e-06,3.617933508e-05,0.0001171824937,2.360634698e-05,0.000215157196,0.0001545279415,-0.0006642372467,0.0009121224945,-0.0006402111156,8.579801474e-05,0.006240059489,0.02109165047,-0.003062348521,0.0003294269465,0.002938905845,2.722851484e-05,-9.900968934e-13,0.01739952785,-0.007675812522,-0.0017081767,0.006424399441,-7.676153779e-08,-9.816591984e-13,0.001278925807,0.001651333698,0.02967668412,1.101769401e-05,0.01429793439,-0.009181421377,-0.0008560862389,0.0147733402,-1.217090873e-10,-0.001238855652,0.004104735739,-0.0009726679905,-2.998074454e-05,0.0001397863928,-0.0004961708876
2021-04-22,-0.0005881863525,9.060415623e-06,6.243198878e-06,0.003436331691,4.958232047e-08,-0.0003687650944,-1.794757299e-05,0.004676602109,-0.0001487582002,6.838963101e-06,3.801109472e-05,0.0001152692513,2.216792357e-05,0.0002088572119,0.0001551123006,-0.0006667402651,0.0009018635548,-0.0006436436285,8.775242467e-05,0.006226448012,0.02121684492,-0.003056635358,0.0003315230114,0.002955259692,2.72929563e-05,-9.563461134e-13,0.01751201715,-0.007658665264,-0.00168432989,0.006325439265,-4.982184465e-08,-9.45910017e-13,0.001283104339,0.001658052095,0.02987203166,1.109076007e-05,0.01414139837,-0.009261218964,-0.0008636445455,0.01494403648,-1.214273126e-10,0.002757046358,0.003676376577,-0.0009567377979,-3.020784718e-05,0.0001407857932,-0.0005035104828
2021-04-23,-0.0005885230689,8.724053705e-06,6.262314515e-06,0.003455776304,4.728386704e-08,-0.0003720190483,-1.72494501e-05,0.004704815916,-0.0001481882323,6.315110643e-06,3.988835625e-05,0.0001133220735,2.069227034e-05,0.0002024143661,0.0001556889923,-0.0006692515472,0.0008914074595,-0.0006470747704,8.973648653e-05,0.006211725232,0.02134152965,-0.003050160598,0.0003336311667,0.002971627676,2.735483605e-05,-9.214851104e-13,0.01762358098,-0.007640704938,-0.001660317022,0.00619116927,-2.212123662e-08,-9.130474155e-13,0.001287203601,0.001664563053,0.03006729776,1.116357161e-05,0.013999282,-0.009340915054,-0.0008712426633,0.01511529064,-1.211089007e-10,0.002755308135,0.003248188387,-0.00094075853,-3.043481716e-05,0.0001417814259,-0.8899369995
2021-04-24,-0.0005888071967,8.376293598e-06,6.281016178e-06,0.003475213153,4.490911376e-08,-0.0003752718304,-1.653304016e-05,0.004732818976,-0.0001475840697,0.001134076123,4.181145005e-05,0.0001113391748,1.917913944e-05,0.0001958261425,0.0001562579699,-0.000671771457,0.000880750798,-0.0006505045214,9.17508049e-05,0.006195867837,0.02146569249,-0.003042909906,0.000335752064,0.002988009356,2.741413105e-05,-8.841816168e-13,0.01773420477,-0.007621925289,-0.001636117938,0.005971822067,6.341435821e-09,-8.766321002e-13,0.001291223102,0.001670863977,0.03026247129,1.123612116e-05,0.01385153979,-0.009420507123,-0.000878879419,0.0152871118,-1.207491884e-10,0.002753173071,0.002820171083,-0.0009247308494,-3.066165029e-05,0.0001427727429,-0.0005184665665
2021-04-25,-0.0005890378238,8.017094388e-06,6.299301597e-06,0.003494640121,4.245772667e-08,-0.0003785234088,-1.579823509e-05,0.004760608198,-0.0001469451828,5.214613486e-06,4.378066302e-05,-0.1846380043,1.762832647e-05,0.0001890901313,0.0001568191956,-0.0006743003645,0.0008698899531,-0.0006539328626,9.379596035e-05,0.006178852802,0.02158932143,-0.003034869538,0.0003378863804,0.00300440424,2.747082065e-05,-8.444356325e-13,0.01784387424,-0.007602320153,-0.001611714809,0.005901281951,3.556628436e-08,-8.40216785e-13,0.001295162466,0.001676952555,0.0304575402,1.130840093e-05,0.01370439852,-0.009499992584,-0.0008865535396,0.01545950929,-1.203530609e-10,0.00275063889,0.002392324495,-0.000908655416,-3.088834228e-05,0.0001437591753,-0.000526083384
2021-04-26,-0.000589214053,7.646425451e-06,6.31716883e-06,0.003514054995,3.992944331e-08,-0.0003817737509,-1.50449288e-05,0.004788180738,-0.0001462710518,4.637705683e-06,4.579625055e-05,0.0001072587544,1.603965936e-05,0.0001822040117,0.0001573726387,-0.0006768386455,0.0008588211242,-0.0006573597755,9.587250676e-05,0.006160657499,0.02171240467,-0.003026026325,0.000340034815,0.003411510549,2.75248859e-05,-8.044676036e-13,0.01795257535,-0.007581883449,-0.001587093643,0.005777576458,6.555273069e-08,-8.015810238e-13,0.001299021409,0.001682826668,0.03065249154,1.138040282e-05,0.01355552042,-0.009579368787,-0.01210180038,0.01563249266,-1.199145228e-10,0.002747703225,0.001964648357,-0.0008925328856,-3.111488863e-05,0.0001447401374,-0.0005337928119
2021-04-27,-0.0005893350171,7.264261217e-06,6.334616079e-06,0.003533455481,3.732402076e-08,-0.0003850228226,-1.42730179e-05,0.004815533984,-0.0001455611563,4.042871574e-06,4.785845421e-05,0.0001051573413,1.441298171e-05,-0.01599345472,0.0001579182719,-0.0006793866813,0.00084754036,-0.0006607852414,9.798096909e-05,0.006141259842,0.02183493072,-0.003016367616,0.0003421980843,0.003037231463,2.75763085e-05,-7.647216194e-13,0.01806029429,-0.007560609166,-0.001562246197,0.005625275983,9.630001585e-08,-7.629452625e-13,0.001302799719,0.001688484263,0.03084731136,1.145211841e-05,0.01340647164,-0.009658633023,-0.0009020084127,0.01580607168,-1.194335741e-10,0.002744363621,0.001537142307,-0.0008763639107,-3.134128472e-05,0.0001457150306,-0.0005415948599
2021-04-28,-0.0005893998972,6.870573836e-06,6.351641422e-06,0.003552839228,3.464120235e-08,-0.0003882705885,-1.348240259e-05,0.004842665524,-0.0001448149604,3.429993976e-06,4.996752656e-05,0.0001030124216,1.274812904e-05,0.0001679724165,0.0001584560665,-0.0006819448603,0.0008360436003,-0.0006642092414,0.0001001218422,0.006120638381,0.02195688849,-0.003005881149,0.0003443769163,0.003053662664,2.762506927e-05,-7.22755189e-13,0.01816701753,-0.007538491332,-0.001527448222,0.005450276159,1.278078917e-07,-7.229772336e-13,0.001306497206,0.001693923179,0.03104198466,1.152353892e-05,0.01325607728,-0.00973778252,-0.0009097862929,0.01598025634,-1.189111032e-10,0.002740617526,0.001109805875,-0.0008601491388,-3.156752575e-05,0.0001466832492,-0.0005494895306
2021-04-29,-0.0005894079442,6.4653234e-06,6.368242485e-06,0.003572203867,3.188065145e-08,-0.0003915170121,-1.267298796e-05,0.004869573109,-0.000144031893,2.798937803e-06,5.212376453e-05,0.0001008218795,1.104489654e-05,0.000160622378,0.0001589859863,-0.0006845135791,0.0008243267293,-0.0006676317547,0.0001022955905,0.006098772353,0.02207826744,-0.002994554851,0.0003465720442,0.003070104835,2.767114615e-05,-6.792344465e-13,0.01827273169,-0.007515523969,-0.001492459709,0.005278587869,1.600775386e-07,-6.818989817e-13,0.001310113655,0.001699140904,0.03123649535,1.159465521e-05,0.01311018152,-0.009816814444,-0.000917595881,0.0161550568,-1.18342669e-10,0.002736462289,0.0006826384833,-0.0008438892131,-3.179360675e-05,0.0001476441874,-0.0005574768684
2021-04-30,-0.0005893585036,6.04844508e-06,6.384415984e-06,0.003591547043,2.904185603e-08,-0.0003947620552,-1.184468563e-05,0.004896254591,-0.0001432113203,2.149531821e-06,5.432755286e-05,9.858352251e-05,9.302996427e-06,0.0001531129475,0.000159507979,-0.0006870932457,0.0008123856408,-0.0006710527577,0.00010450265,0.006075641718,0.0221990577,-0.002982376537,0.0003487841988,0.003086557449,2.771451159e-05,-6.350475701e-13,0.0183774236,-0.007491701023,-0.001457281541,0.005080185501,1.931127713e-07,-6.39044373e-13,0.00131364874,0.001704134255,0.03143082621,1.166545777e-05,0.01296999536,-0.009895725901,-0.0009254358489,0.0163304834,-1.177271614e-10,0.002731895154,0.0002556394306,-0.0008275847709,-3.201952258e-05,0.0001485972468,-0.0005655570235
2021-05-01,-0.0005892510445,5.619832689e-06,6.400157148e-06,0.003610866471,2.612403227e-08,-0.0003980056785,-1.099741589e-05,0.00492270784,-0.0001423525105,1.481545143e-06,5.657942127e-05,9.629507211e-05,7.522002571e-06,0.0001454414001,0.0001600219651,-0.0006896842831,0.0008002163174,-0.0006744722225,0.0001067434311,0.0140820256,0.02231925024,-0.002969333489,0.0003510141,0.003103020058,2.775512912e-05,-5.879741138e-13,0.01848108015,-0.007467016275,-0.001421914584,0.004782675876,2.269215674e-07,-0.1385934587,0.001317101936,0.001708898967,0.03162495882,1.173593672e-05,0.01283250723,-0.009974513935,-0.0009333050546,0.01650654666,-1.170619157e-10,0.002726913255,-0.0001711921113,-0.0008112364443,-3.22452679e-05,0.0001495418457,-0.0005737303352
2021-05-02,-0.000586083188,5.26419316e-06,6.417385477e-06,0.003629402726,2.373877495e-08,-0.000401247841,-1.011908057e-05,0.004945982252,-0.0001416408391,9.132924657e-07,5.858228088e-05,9.337782292e-05,6.036741748e-06,0.0001383898824,0.0001605776398,-0.0006922475233,0.0007853329015,-0.0006778915586,0.0001090183256,0.006025510107,0.02241914887,-0.002954193261,0.000353153302,0.003118209023,2.779121555e-05,-5.50226531e-13,0.01855410432,-0.007405268551,-0.00138635968,0.004708994595,2.519541856e-07,-5.59774449e-13,0.001320472381,0.001715244138,0.03181887355,1.180608175e-05,0.01270782214,-0.01005317553,-0.0009405787249,0.01668325721,-1.163500407e-10,0.002721513612,-0.0005978571091,-0.0007948448592,-3.247083721e-05,0.0001503480604,-0.0005810218349
2021-05-03,-0.0005828240915,4.901663105e-06,6.434327972e-06,0.003647893348,2.130762322e-08,-0.0004044885002,-9.220946805e-06,0.004969147479,-0.0001409061876,3.343434711e-07,6.061423661e-05,9.041509273e-05,4.531289503e-06,0.0001312362625,0.0001611285699,-0.0006948153087,0.000770184994,-0.0006813098901,0.000111327716,0.005998472553,0.02251834614,-0.00293848121,0.0003552915981,0.003133352795,2.782487035e-05,-5.115907697e-13,0.01862552502,-0.007342557105,-0.001350617643,0.0045652578,2.773416974e-07,-5.222489108e-13,0.001324399085,0.001721472402,0.03201254951,1.187588213e-05,0.01257170012,-0.0101317076,-0.0009478704477,0.01686062579,-1.155857632e-10,0.002715693126,-0.001024356679,-0.0007784106354,-3.26962248e-05,0.0001511481201,-0.0005883586595
2021-05-04,-0.0005794758487,4.532172821e-06,6.450981666e-06,0.003666335336,1.883008949e-08,-0.0004077276121,-8.302938361e-06,0.004992206654,-0.0001401482243,-2.554217509e-07,6.267545075e-05,8.740605874e-05,3.005402587e-06,0.0001239789985,0.0001616747033,-0.0006973876511,0.0007547716355,-0.0006847272054,0.0001136719893,0.0059700969,0.02261683505,-0.002922195074,0.000357428541,0.003148450302,2.785607487e-05,-4.733990977e-13,0.01869535069,0.0005453887898,-0.001314689246,0.004388919999,3.030888747e-07,-4.831690603e-13,0.001328277579,0.00172758152,0.03220596455,1.194532672e-05,0.01243597609,-0.01021010702,-0.0009551800108,0.01703866324,-1.147688611e-10,0.002709448571,-0.001450692097,-0.0007619343859,-3.292142476e-05,0.000151941871,-0.0005957406884
2021-05-05,-7.86020296e-05,4.155651721e-06,6.467343558e-06,0.0036847254,1.630566571e-08,-0.0004109651309,-7.364982163e-06,0.005015162853,-0.0001393666103,-8.561253062e-07,6.476608625e-05,8.434988894e-05,1.458817745e-06,0.000116616546,0.0001622159872,-0.000699964563,0.0007390918743,-0.0006881434926,0.000116051556,0.005940365556,0.02271460856,-0.00290533273,0.0003595636778,0.003163500471,2.788481146e-05,-4.312106228e-13,0.01876359025,-0.007214346908,-0.001278575214,0.004113593507,3.292005822e-07,-4.443112545e-13,0.001332107317,0.001733569251,0.03239909525,1.20144039e-05,0.01230560359,-0.01028837057,-0.000962507201,0.01721738042,-1.138993344e-10,0.002702776592,-0.001876864815,-0.000745416717,-3.314643098e-05,0.2095934322,-0.0006031677931
2021-05-06,-0.000572520423,3.772028359e-06,6.483410628e-06,0.003703059942,1.373384828e-08,-0.0004142010091,-6.407008241e-06,0.005038019071,-0.0001385609991,-1.467891563e-06,6.688630671e-05,8.124574214e-05,-1.087406547e-07,0.0001091473331,0.0001627523677,-0.000702546058,0.000723144767,-0.0006915587396,0.0001184668752,0.0125293162,0.02281165956,-0.002887892175,0.0003616965498,0.003178502224,2.791106346e-05,-3.914646385e-13,0.01883025304,-0.007148899324,-0.001242276217,0.003894337644,3.556817766e-07,-4.058975378e-13,0.001335887744,0.001739433352,0.03259191692,1.208310159e-05,0.01219084853,-0.010366495,-0.0009698518039,0.01739678821,-1.129694116e-10,0.002695673695,-0.002302876474,-0.0007288582276,-3.337123715e-05,0.0001535098286,-0.0006106398365
2021-05-07,-0.0005689175509,3.381230406e-06,6.499179823e-06,0.003721335033,1.111412473e-08,-0.0004174351974,-5.428949703e-06,0.00506077821,-0.0001377310364,-2.090847198e-06,6.903627633e-05,7.809276819e-05,-1.697557826e-06,1.11416532,0.0001632837896,-0.0007051321509,0.0007069293777,-0.0006949729343,0.0001209184879,0.005876762339,0.0229079809,-0.00286987147,0.0003638266924,0.003193454483,2.793481526e-05,-3.494982082e-13,0.01889534886,-0.007082590198,-0.001205792861,0.003594929762,3.825375003e-07,-3.654854197e-13,0.001339618298,0.001745171579,0.03278440362,1.215140724e-05,0.01209590492,-0.01044447698,-0.0009772136038,0.01757689746,-1.119833115e-10,0.002688136244,-0.002728728921,-0.0007122595091,-3.359583672e-05,0.0001542837251,-0.0006181566716
2021-05-08,-0.003210399378,2.983184666e-06,6.514648064e-06,0.003739546397,8.44597503e-09,-0.0004206676449,-4.430742682e-06,0.005083443075,-0.0001368763596,-2.725121258e-06,7.121615984e-05,7.489010803e-05,-3.307928726e-06,9.38822513e-05,0.0001638101971,-0.0007077228578,0.0006904447788,-0.0006983860642,0.000123300695,0.005842849967,0.02300356538,-0.002851268803,0.0003659536351,0.003208356165,2.795605226e-05,-3.064215548e-13,0.01895888784,-0.007015443948,-0.001169125676,0.004372773668,4.097728786e-07,-3.250733016e-13,0.001343298407,0.001750781685,0.03297652825,1.221930775e-05,0.01200716306,-0.01052231311,-0.0009845923839,0.0177577189,-1.109372594e-10,0.00268016045,-0.003154424226,-0.0006956211448,-3.382022296e-05,0.0001550506927,-0.0006257181461
2021-05-09,-0.0005614724102,2.577817049e-06,6.529812255e-06,0.003757689405,5.728870267e-09,-0.0004238982983,-3.412326308e-06,0.005106016367,-0.0001359965982,-3.370845211e-06,7.342612246e-05,7.163689391e-05,-4.940158199e-06,8.60831371e-05,0.0001643315329,-0.0007103181959,0.000673690051,-0.0007017981165,0.0001257047351,0.005808158701,0.02309840578,-0.002832082511,0.0003680769017,0.003223206185,2.797476094e-05,-2.633449014e-13,0.01902088049,-0.006947484125,-0.001132275114,0.00321515388,4.37393108e-07,-2.837730051e-13,0.001346927493,0.001756261428,0.03316826258,1.228678956e-05,0.01190931103,-0.01059999996,-0.0009919879264,0.01793926314,-1.098310332e-10,0.00267174237,-0.003579964706,-0.0006789437096,-3.404438888e-05,0.0001558105755,-0.0006333241262
2021-05-10,-0.0005576345541,2.165052609e-06,6.54466926e-06,0.003775759039,2.962287304e-09,-0.0004271271027,-2.373642656e-06,0.005128500676,-0.0001350913729,-4.028153016e-06,7.566632984e-05,6.833224947e-05,-6.594561127e-06,7.817080465e-05,0.0001648477388,-0.0007129181839,0.0006566642827,-0.0007052090785,0.0001281308643,0.005772410736,0.0231924949,-0.002812310591,0.0003701960098,0.003238003456,2.799092886e-05,-2.189359805e-13,0.01908133762,-0.006878733689,-0.001095241531,0.003084649349,4.654034559e-07,-2.415845302e-13,0.001350504966,0.001761608562,0.03335957739,1.235383852e-05,0.01180686856,-0.01067753399,-0.0009994000126,0.01812154057,-1.086588597e-10,0.002662877895,-0.004005352947,-0.0006622277696,-3.426832728e-05,0.0001565632174,-0.0006409745011
2021-05-11,-0.0005537228002,1.744815511e-06,6.559215928e-06,0.003793749877,1.456803567e-10,-0.0004303540009,-1.314636703e-06,0.005150898484,-0.0001341602958,-4.697181186e-06,7.793694801e-05,6.497528999e-05,-8.271462568e-06,7.014362813e-05,0.0001653587556,-0.0007155228419,0.0006393665708,-0.000708618937,0.0001305793438,0.005735594655,0.02328582548,-0.002791949236,0.0003723104715,0.003252746888,2.800454462e-05,-1.756372825e-13,0.0191402703,-0.006809215083,-0.001058025182,0.002903553611,4.938092476e-07,-1.985078768e-13,0.001354030231,0.001766820849,0.03355044261,1.242043996e-05,0.01168371963,-0.01075491162,-0.001006828423,0.01830456131,-0.7172882931,0.002653562748,-0.004430591827,-0.0006454738817,-3.449203071e-05,0.59518172,-0.0006486691621
2021-05-12,-0.000549739372,1.317029044e-06,6.573449071e-06,0.003811656066,-2.721491033e-09,-0.0004335789336,-2.35256286e-07,0.005173212164,-0.00013320297,-5.378068838e-06,8.023814332e-05,6.156512252e-05,-9.971197896e-06,6.199998508e-05,0.0001658645227,-0.0007181321914,0.0006217960201,-0.0007120276787,0.0001330504396,0.005697698995,0.02337839026,-0.002770994326,0.0003744197924,0.003267435388,2.801559797e-05,-1.290079155e-13,0.01919768981,-0.006738950192,-0.001020626206,0.002539715287,5.226158644e-07,-1.547650896e-13,0.001357502681,0.02384685452,0.03374082747,1.248657861e-05,0.01156669416,-0.01083212921,-0.001014272935,0.01848833511,-1.061193355e-10,0.002643792467,-0.004855684549,-0.0006286825931,-3.47154915e-05,0.0001580461531,-0.000656407996
2021-05-13,-0.0005456864932,8.816156307e-07,6.587365487e-06,0.003829471311,-5.639779754e-09,-0.0004368018394,8.645479501e-07,0.005195443972,0.8102013548,-6.070957774e-06,8.257008232e-05,5.810084608e-05,-1.169411292e-05,5.373824821e-05,0.0001663649784,-0.0007207462556,0.0006039517438,-0.00071543529,0.000135544423,0.005658712265,0.02347018192,-0.002749441926,0.0003765234724,0.003282067861,2.802407973e-05,-8.304468224e-14,0.01925360761,-0.006667960318,-0.0009830446152,0.002296399058,5.518287258e-07,-1.10134124e-13,0.001360921703,0.001776831939,0.03393070077,1.255223864e-05,0.0114966903,-0.01090918304,-0.00102173333,0.01867287131,-1.047459897e-10,0.00263356241,-0.00528063467,-0.000611854441,-3.493870173e-05,0.0001587761346,-0.0006641908841
2021-05-14,-0.0005415663839,4.384968011e-07,6.600961939e-06,0.003847188851,-8.609740032e-09,-0.0004400226543,1.984822594e-06,0.005217596062,-0.000131207938,-6.775992542e-06,8.493293179e-05,5.458155188e-05,-1.3440564e-05,4.535675181e-05,0.0001668600599,-0.0007233650594,0.0005858328631,-0.0007188417572,0.0001380615709,0.005618622943,0.0235611932,-0.002727288288,0.0003786210053,0.00329664321,2.802998185e-05,-3.441691376e-14,0.01930803531,-0.006596266152,-0.0009452802845,0.001917602144,5.814532877e-07,-6.572520306e-14,0.001364286674,0.001781626285,0.03412003112,1.26174036e-05,0.01140216614,-0.01098606934,-0.001029209382,0.0188581787,-1.033018115e-10,0.002622867733,-0.005705446139,-0.0005949899519,-3.516165324e-05,0.0001594982506,-0.0006720177078
2021-05-15,-0.000537381259,-1.240676362e-08,6.614235176e-06,0.003864801446,-1.163193519e-08,-0.0004432413122,3.125611526e-06,0.005239670453,-0.000130169393,-7.493320509e-06,8.732685856e-05,5.100632355e-05,-1.521091819e-05,3.685381798e-05,0.0001673497031,-0.0007259886293,0.0005674385075,-0.0007222470662,0.0001406021656,0.005577419483,0.0236514168,-0.00270452985,-0.3355230459,0.003311160333,2.80332974e-05,1.287858709e-14,0.01936098465,-0.006523887745,-0.0009073329373,0.001595160835,6.114951375e-07,-1.82076576e-14,0.01842479376,0.001786276875,0.03430878731,1.268205642e-05,0.01133359182,-0.01106278425,-0.00103670087,0.01904426545,0.3870197841,0.002611703394,-0.006130123334,-0.0005780896413,-3.538433761e-05,0.0001602123453,-0.0006798883701
2021-05-16,-0.0005331333251,-4.711752601e-07,6.627181914e-06,0.003882301367,-1.470693567e-08,-0.0004464577442,4.286955966e-06,0.005261669014,-0.0001291029212,-8.223091926e-06,8.975202952e-05,-0.01774636985,-1.70055533e-05,2.82277674e-05,0.0001678338426,-0.0007286169938,0.0005487678145,-0.0007256512027,0.0001431664955,0.005535090317,0.02374084542,-0.002681163239,-0.3359241507,0.003325618128,2.803402058e-05,6.239453398e-14,0.01941246746,-0.00645084448,-0.0008692021356,0.001598277113,6.419603672e-07,2.70894418e-14,0.001370851926,0.001790781501,0.03449693868,1.274617941e-05,0.01127441963,-0.01113932388,-0.001044207568,0.01923113899,-1.001920769e-10,0.003992425643,-0.006554671107,-0.0005611540138,-3.56067462e-05,0.0001609182633,-0.0006878027784
2021-05-17,-0.0005288247785,-9.378897401e-07,6.63979884e-06,0.003899680393,-1.783531545e-08,-0.0004496718791,5.468894521e-06,0.005283593467,-0.000128008079,-8.96546001e-06,9.220861146e-05,4.368436246e-05,-0.6612876728,1.947692074e-05,0.0001683124119,-0.000731250183,0.0005298199315,-0.0007290541523,0.0001457548548,0.005491623863,0.02382947168,-0.002657185036,0.0003848715652,0.003340015489,2.803214673e-05,1.10134124e-13,0.01946249564,-0.006377155038,-0.0008308872685,0.001495147476,6.728552874e-07,7.460698725e-14,0.00137405092,0.001795137967,0.03464059321,1.280975421e-05,0.01138071539,-0.01121568424,-0.001051729251,0.01941880592,-9.852452187e-11,0.002587944481,-0.006979094838,-1.502226323,-3.58288701e-05,0.0001616158494,-0.000695760838
2021-05-18,-0.0005244578025,-1.412632128e-06,6.652082633e-06,0.003916929795,-2.101765317e-08,-0.0004528836428,6.671463242e-06,0.005305445396,-0.0001268844125,-9.720580999e-06,9.469677104e-05,3.993576173e-05,-2.066923189e-05,1.059960013e-05,0.000168785343,-0.0007338882293,0.0005105940192,-0.0007324559,0.0001483675443,0.005447008556,0.02391728821,-0.002632591083,-0.3374309251,0.003354351307,2.802767233e-05,1.6298074e-13,0.01951108114,-0.006302837408,-0.0007923875428,0.001339179374,7.041863309e-07,1.239008895e-13,0.001377193284,0.001799344089,0.03478120637,1.287276184e-05,0.01127392305,-0.0112918613,-0.001059265693,0.01960727187,-9.677747492e-11,0.002575338718,-0.00740340048,-0.0005271787658,-3.605070016e-05,0.0001623049489,-0.000703762451
2021-05-19,-0.0005200345659,-1.895485182e-06,6.664029935e-06,0.003934040319,-2.425453727e-08,-0.0004560929586,7.894695682e-06,0.005327226255,-0.0001257314566,-1.048861426e-05,9.721667466e-05,3.612749153e-05,-2.253908505e-05,1.59413082e-06,0.0001692525669,-0.000736531167,0.0004910892489,-0.0007358564309,0.0001510048711,0.005401232824,0.02400428763,-0.0026073772,-0.3372230437,0.003368624472,2.802059499e-05,2.129407761e-13,0.01955823596,-0.006227908895,-0.0007537019727,0.00101042954,7.359600501e-07,1.727507026e-13,0.001380278354,0.001803397696,0.03491872186,1.293518264e-05,0.01116932965,-0.01136785096,-0.001066816665,0.01979654139,-9.495049191e-11,-0.001008946953,-0.007827594626,-0.0005101400938,-3.627222698e-05,0.0001629854076,-0.0007118075162
2021-05-20,-0.0005155572203,-2.386532518e-06,-0.04182279582,0.003951002185,-2.754656414e-08,-0.0004592997468,9.138622941e-06,0.005348937362,-0.0001245487352,-1.126972232e-05,9.976848839e-05,3.225860201e-05,-2.443483856e-05,-7.541157112e-06,0.000169714013,-0.0007391790325,0.0004713048001,-0.0007392557295,0.0001536671489,0.005354285088,0.02409046265,-0.002581539421,-0.3375393759,0.003382833869,2.801091349e-05,2.675637489e-13,0.01960397209,-0.006152386092,-0.0007148293709,0.0008250962473,7.681831163e-07,2.229327833e-13,0.001383305455,0.001807296634,0.03505308779,1.299699627e-05,0.01102323002,-0.01144364907,-0.00107438194,0.01998661781,-9.304068627e-11,0.002548644823,-0.008251684573,-0.0004930680013,-3.649344094e-05,0.0001636570717,-0.0007198959283
2021-05-21,-0.0005110278986,-2.885858581e-06,6.68690154e-06,0.003967805086,-3.089432399e-08,-0.0004625039248,1.040327374e-05,0.005370579931,-0.0001233357602,-1.206407099e-05,0.0001023523778,2.832813739e-05,-2.635692457e-05,-1.6807927e-05,0.0001701696093,-0.0007418318644,0.0004512398592,-0.0007426537803,0.0001563546985,0.005306153762,0.02417580604,-0.002555073995,-0.3386339842,0.003396978381,2.799862773e-05,3.186340081e-13,0.01964830156,-0.00607628486,-0.0006757683395,0.0005383522605,8.008623135e-07,2.746691763e-13,0.001386273903,0.001811038765,0.03518425696,1.305818173e-05,0.01071151915,-0.0115192514,-0.001081961288,0.02017750311,-9.104761389e-11,0.002534544028,-0.008675678395,-0.0004759629299,-3.671433215e-05,0.0001643197882,-0.0007280275775
2021-05-22,-0.0005064487127,-3.39354865e-06,6.697819029e-06,0.003984438185,-3.429842788e-08,-0.0004657054069,1.168867445e-05,0.005392155031,-0.0001220920319,-1.28718294e-05,0.0001049685079,2.433513627e-05,-2.830578636e-05,-2.620783372e-05,0.0001706192827,-0.0007444897037,0.0004308936206,-0.0007460505674,0.0001590678479,0.005256827262,0.02426031058,-0.002527977385,0.0003951071925,0.003411056888,2.798373876e-05,3.721467579e-13,0.01969123636,-0.005999620326,-0.0006365172613,0.0003616193369,8.340045404e-07,3.266276138e-13,0.001389183006,-0.3639718375,0.03531218707,1.311871735e-05,0.01085599991,-0.01159465369,-0.001089554478,0.02036919779,-8.896861026e-11,0.002519931781,-0.00909958502,-0.0004588253075,-3.693489053e-05,0.0001649734048,-0.0007362023485
2021-05-23,-0.0005018217524,-3.909688821e-06,6.708386399e-06,0.004000890125,-3.775948376e-08,-0.0004689041043,1.299484918e-05,0.005413663553,-0.0001208170382,-1.369317013e-05,0.0001076170431,2.027863192e-05,-3.028187835e-05,-3.574252184e-05,0.0001710629585,-0.0007471525934,0.0004102652875,-0.0007494460746,0.0001618069323,0.005206294004,0.02434396905,-0.002500246267,-0.3395760954,0.003425068265,2.796624878e-05,4.278799537e-13,0.01973278849,-0.00592240688,-0.0005970742931,0.0003647454905,8.676168074e-07,3.78808096e-13,0.001392032064,0.001818044148,0.03543684098,0.1528435776,0.01079464905,-0.01166985162,-0.001097161278,0.02056170075,-8.680500763e-11,0.002504801069,-0.009523414321,-0.0004416555478,-3.715510575e-05,0.0001656177698,-0.0007444201204
2021-05-24,-0.000497149083,-4.434365998e-06,6.718600195e-06,0.004017149039,-4.127810715e-08,-0.0004720999247,1.432181982e-05,0.005435106237,-0.0001195102824,-1.452826923e-05,0.0001102981468,1.615765265e-05,-3.228566614e-05,-4.541362375e-05,0.0001715005606,-0.0007498205791,0.0003893540713,-0.0007528402853,0.0001645722946,0.005154542406,0.02442677424,-0.002471877534,-0.3406650509,0.003439011385,2.794616112e-05,4.845013279e-13,0.0197729699,-0.005844658109,-0.0005574373603,0.0003158388243,9.017062349e-07,4.318767566e-13,0.001394820367,0.00182130322,0.0355581868,1.3237749e-05,0.01144236884,-0.0117448408,-0.001104781454,0.02075500916,-8.455369738e-11,0.002489144594,-0.009947177204,-0.0004244540494,-3.73749673e-05,0.0001662527325,-0.0007526807656
2021-05-25,-0.0004924327441,-4.967667873e-06,6.728456938e-06,0.00403320256,-4.485491756e-08,-0.0004752927728,1.566960611e-05,0.005456483677,-0.002159317407,-1.537730634e-05,0.0001130119816,1.197122211e-05,-3.431762646e-05,-5.522275796e-05,0.0001719320116,-0.0007524937088,0.0003681591922,-0.0007562331827,0.0001673642855,0.005101560898,0.02450871894,-0.002442868285,0.0004010829917,0.003452885118,2.792348025e-05,5.420108806e-13,0.01981179253,-0.005766386625,-0.0005176041533,0.0002546857703,9.362800473e-07,4.86721774e-13,0.001397547197,0.0409397343,0.03567619814,1.329619839e-05,0.01133723458,-0.01181961685,-0.00111241477,0.02094911833,-8.220912839e-11,0.002472954754,-0.01037088572,-0.0004072211956,-3.759446445e-05,0.0001668781429,-0.0007609841494
2021-05-26,-0.0004876747482,-5.509682931e-06,6.737953137e-06,0.004049037847,-4.849054225e-08,-0.0004784825493,1.703822568e-05,0.005477796349,-0.0001167999345,-1.624046476e-05,0.0001157587089,7.718359661e-06,-3.637824719e-05,-6.517152741e-05,0.0001723572325,-0.000755172033,0.0003466798804,-0.0007596247498,0.0001701832637,0.00504733792,0.02458979606,-0.002413215835,0.05652667576,0.003466688328,2.789821177e-05,5.990763441e-13,0.01984926826,-0.005687604309,-0.0004775721251,0.0001538652797,9.713455768e-07,5.424549698e-13,0.001400211828,0.03959101149,0.03579085416,1.33539047e-05,0.01123683371,-0.01189417529,-0.00112006099,0.02114402163,-7.977818406e-11,0.002456223641,-0.01079455315,-0.0003899573536,-3.781358631e-05,0.000167493852,-0.0007693301292
2021-05-27,-0.0004828770792,-6.060500421e-06,6.747085282e-06,0.004064641607,-5.218561316e-08,-0.0004816691519,1.842769415e-05,0.005499044632,-0.0001153956306,-1.711793151e-05,0.0001185384888,3.398080733e-06,-3.846802729e-05,-7.526151787e-05,0.0001727761429,-0.0007578556046,0.0003249153816,-0.000763014969,0.0001730295962,0.004991861925,0.02466999859,-0.0023829177,-0.3403265019,0.003480419876,2.78703624e-05,6.58140209e-13,0.01988540889,-0.005608322384,-0.0004373384912,0.0001371898611,1.006910251e-06,5.975220319e-13,0.001402813525,0.04044482115,0.03590213969,1.341084306e-05,0.01065374203,-0.01196851165,-0.001127719873,0.02133971039,-7.725375895e-11,0.002438943029,-0.01121819415,-0.0003726628743,-3.803232185e-05,0.0001680997118,-0.0007777185541
2021-05-28,-0.0004780416906,-6.620210339e-06,6.755849846e-06,0.004080000123,-5.594076824e-08,-0.000484852474,1.983802515e-05,0.005520228797,-0.0001139581146,-1.800989745e-05,0.00012135148,-9.906028215e-07,-4.058747675e-05,-8.549429632e-05,0.0001731886608,-0.000760544479,0.000302864953,-0.0007664038225,0.0001759036584,0.004935121385,0.02474931953,-0.002351971605,0.05533020444,0.003494078619,2.783993996e-05,7.176481631e-13,0.01992022617,-0.00552855142,-0.0003969002325,0.004942672646,1.042981597e-06,6.552536291e-13,0.001405351546,0.04280771864,0.0360100453,1.346698803e-05,0.01000312717,-0.01204262143,-0.00113539118,0.02153617386,-7.463674123e-11,2.176240764,-0.01164182485,-0.000355338091,-3.825065989e-05,0.0001686955751,-0.0007861492638
2021-05-29,-0.0004731705051,-7.188903424e-06,6.764243291e-06,0.004095099294,-5.975664563e-08,-0.0004880324058,2.126923042e-05,0.005541348989,-0.0001124870343,-1.891655733e-05,0.0001241978396,-5.448682333e-06,-4.273711652e-05,-9.587134414e-05,0.0001735947028,-0.0007632387142,0.0002805278658,-0.0007697912923,-1.080322333,0.004877104794,0.02482775189,-0.002320375472,0.05484108789,0.003507663378,2.780695339e-05,7.782663403e-13,0.01995373177,-0.005448301339,-0.0003562541029,0.004969814034,1.079567238e-06,7.129852264e-13,0.001407825137,0.04037273678,0.03611456728,1.352231367e-05,0.01060532457,-0.0121165001,-0.001143074664,0.02173339922,-7.192713092e-11,0.002402698749,-0.01206546298,-0.0003379833191,-3.846858916e-05,0.0001692812961,-0.0007946220879
2021-05-30,-0.0004682654129,-7.766671123e-06,6.772262056e-06,0.004109924677,-6.363389282e-08,-0.000491208833,2.272131983e-05,0.005562405232,-0.0001109820298,-1.983810984e-05,0.0001270777227,-0.2670608853,-4.491747841e-05,-0.0001063938514,0.0001739941842,-0.0007659383707,0.0002579034019,-0.0007731773597,0.0001817365165,0.004817800669,0.02490528866,-0.002288127419,0.0004106139488,0.003521172852,2.777141274e-05,8.40216785e-13,0.01998593726,-0.005367581421,-0.0003153966384,0.004996775509,1.116674881e-06,7.727152251e-13,0.06765724251,0.03903388253,0.03621570764,1.357679353e-05,0.01049229325,-0.01219014312,-0.00115077008,0.02193137155,-6.912537209e-11,0.002383716963,-0.01248912801,-0.0003205988554,-3.868609833e-05,0.0001698567297,-0.0008031368457
2021-05-31,-0.0004633282704,-8.353605589e-06,6.779902578e-06,0.004124461534,-6.757316262e-08,-0.0004943816379,2.419430149e-05,0.005583397413,-0.0001094427328,-2.077475776e-05,0.0001299912826,-1.457700796e-05,-1.459054175,-0.0001170628964,0.0001743870182,-0.0007686435116,0.0002349908526,-0.000776562006,0.0001846961053,0.004757197555,0.02498192295,-0.002255225758,0.05346977243,0.003534605703,2.773332912e-05,9.02611319e-13,0.02001685414,-0.005286400314,-0.000274324171,0.005023549984,1.154312322e-06,8.326672685e-13,0.001412575989,0.04103002311,0.0363134741,0.1117168197,0.01179798001,-0.01226354598,-0.001158477177,0.02213007399,-6.622946636e-11,0.002364149427,-0.01291284125,-0.000303184977,-3.890317603e-05,0.0001704217319,-0.0008116933446
2021-06-01,-0.0004583608997,-8.949799631e-06,6.787161279e-06,0.004138694883,-7.157510895e-08,-0.0004975506981,2.568818181e-05,0.005604325271,-0.0001078687668,-2.172670795e-05,0.0001329386702,-1.92492476e-05,-4.937254958e-05,-0.0001278795059,0.0001747731171,-0.0007713542025,0.0002117895201,-0.000779945212,0.0001876850098,0.00469528403,0.02505764788,-0.002221668983,0.05294741984,0.003547960584,2.769271472e-05,9.66116076e-13,0.02004649379,-0.005204766038,-0.0002330328439,0.00505013036,1.192487437e-06,8.926193118e-13,0.001414851704,-0.3854220036,0.03640788001,1.368310807e-05,0.01157147217,-0.01233670414,-0.001166195701,0.02232948784,-6.323963575e-11,2.675370179,-0.01333662597,-0.0002857419413,-3.911981093e-05,0.0001709761599,-0.00082029138
2021-06-02,-0.0004533650872,-9.555346725e-06,6.794034574e-06,0.004152609567,-7.564039328e-08,-0.0005007158875,2.720296552e-05,0.00562518843,-0.0001062597468,-2.269417147e-05,0.0001359200338,-2.399486927e-05,-0.3855337494,-0.0001388446533,0.0001751523912,-0.0007740705112,0.0001882987248,-0.0007833269579,0.0001907036483,0.004632048706,0.02513245658,-0.002187455769,0.05262219877,0.003561236143,2.764958281e-05,1.030731056e-12,0.0200748675,-0.005122686004,-0.0001915186279,0.005076509529,1.231208176e-06,9.547918012e-13,0.001417059901,-0.3794004471,0.03649894427,1.373488808e-05,0.01176935464,-0.01240961314,-0.001173925393,0.02252959289,-6.015321574e-11,0.002323216974,-0.01376050754,-0.000268269984,-3.933599173e-05,0.0001715198718,-0.000828930734
2021-06-03,-0.0004483425831,-1.017034097e-05,6.800518862e-06,0.00416619031,-7.976967664e-08,-0.0005038770756,2.873865578e-05,0.005645986413,-0.0001046152792,-2.36773636e-05,0.0001389355192,-2.881487246e-05,-5.395716214e-05,-0.0001499592549,0.0001755247495,-0.0007767925082,0.0001645178112,-0.0007867072238,0.0001937524486,0.004567480234,0.02520634214,-0.002152584962,0.0548355895,0.00357443102,2.760394771e-05,1.096900348e-12,0.02010198645,0.0004120967945,-0.0001497773413,0.005102680384,1.270482562e-06,1.016964291e-12,0.001419199788,-0.3832418969,0.03658669115,1.378571308e-05,0.01068363364,-0.01248226851,-0.001181665992,0.02273036769,-5.697486927e-11,0.002301831086,-0.01418451347,-0.0002507693186,-3.955170728e-05,0.0001720527268,-0.000837611175
2021-06-04,-0.0004432950999,-1.079487706e-05,6.806610544e-06,0.004179421798,-8.396362849e-08,-0.0005070341274,3.029525426e-05,0.0106507463,-0.0001029349616,-2.467650393e-05,0.000141985269,-3.371025724e-05,-5.629949198e-05,-0.0001612241681,0.0001758900994,-0.0007795202661,0.0001404461354,-0.0007900859893,0.0001968318478,0.004501567308,0.02527929765,-0.002117055573,0.05044759582,0.003587543846,2.755582474e-05,1.163291685e-12,0.02012786174,-0.004957215307,-0.0001078046712,0.005128635815,1.310318678e-06,1.081135181e-12,0.001421270564,0.03868723812,0.03667115015,1.383555535e-05,-0.04210905155,-0.01255466587,-0.001189417229,0.02293179013,-5.370193179e-11,0.002279817492,-0.0146086735,-0.0002332401343,-3.976694659e-05,0.0001725745851,-0.0008463324564
2021-06-05,-0.0004382243123,-1.142905025e-05,6.812306012e-06,0.00419228875,-8.822292163e-08,-0.0005101869036,3.187276115e-05,0.005687384432,-0.0001012183831,-2.56918164e-05,0.0001450694225,-3.868202395e-05,-5.867596291e-05,-0.0001726401875,0.0001762483465,-0.0007822538598,0.0001160830606,-0.0007934632335,0.0001999422928,0.004434298668,0.02535131619,-0.002080866768,0.0004209744853,0.003600573243,2.75052303e-05,1.230349156e-12,0.02015250434,-0.00487383657,-6.55961999e-05,0.005154368724,1.350724669e-06,1.145306072e-12,0.1049702936,0.03892720054,0.03675235584,1.388438717e-05,0.01030009091,-0.01262680092,-0.001197178831,0.02313383798,-5.0332849e-11,0.00225716477,-0.01503301959,-0.0002156825952,-3.998169894e-05,0.0001730853078,-0.0008550943158
2021-06-06,-0.0004331318564,-1.207295636e-05,6.817601656e-06,0.004204776001,-9.254822775e-08,-0.0005133352607,3.347117528e-05,0.005707982999,-9.946512404e-05,-2.672352931e-05,0.0001481881153,-4.37311728e-05,-6.108718094e-05,-0.0001842080426,0.0001765993952,-0.02902518353,9.142795651e-05,-0.0007968389352,0.0002030842398,0.004365663103,0.02542239099,-0.00204401786,0.04692302338,0.003613517827,2.745218176e-05,1.298960939e-12,0.0201759251,-0.004790035951,-2.314743325e-05,0.00517987202,1.391708731e-06,1.211697409e-12,0.001425201552,0.04178731315,0.03683034759,1.393218095e-05,0.01020858876,-0.01269866943,-0.001204950518,0.0233364898,-4.686717681e-11,0.002233861119,-0.01545758591,-0.0001980968388,-4.01959539e-05,0.0001735847567,-0.0008638964744
2021-06-07,-0.0004280193291,-1.272669168e-05,6.822493865e-06,0.004216868591,-9.694022673e-08,-0.0005164790503,3.509049416e-05,0.005728513413,-9.767475584e-05,-2.777187537e-05,0.0001513414791,-4.88587038e-05,-6.353376124e-05,-0.0001959283937,0.0001769431482,-0.0007877388642,6.648019852e-05,-0.0008002130727,-1.216352453,0.004295649459,0.02549251539,-0.002006508299,0.04718583204,0.003626376201,2.73966975e-05,1.368904989e-12,0.02019813479,-0.004705818046,1.954616749e-05,0.005205138632,1.433279104e-06,1.278088746e-12,0.09103819804,0.04010243202,0.0369051694,1.397890941e-05,0.01359314175,-0.01277026731,-0.001212732004,0.0235397259,-4.330846792e-11,0.002209894357,-0.0158824087,-0.0001804829738,-4.040970146e-05,0.0001740727947,-0.0008727386354
2021-06-08,-0.0004228882868,-1.339035301e-05,6.82697903e-06,0.004228551854,-1.013996005e-07,-0.0005196181198,3.673071407e-05,0.005748974628,-9.584684138e-05,-2.883709171e-05,0.0001545296412,-5.406561604e-05,-6.601632778e-05,-0.0002078018296,0.0001772795065,-0.0007904904336,4.123916631e-05,-0.0008035856239,0.000209464514,0.00422424664,0.02556168276,-0.001968337659,0.04519195742,0.00363914696,2.733879686e-05,1.439737218e-12,0.02021914403,-0.004621186919,6.24891527e-05,0.005230161511,1.475444066e-06,1.346034395e-12,0.001428846318,0.02851102337,0.03697686959,1.402454565e-05,0.01427560072,-0.01283091007,-0.001220522994,0.02370874624,-4.036904144e-11,0.002185251929,-0.01630752609,-0.0001628410791,-4.062293209e-05,0.0001745492852,-0.0008816204837
2021-06-09,-0.0004177402445,-1.406403756e-05,6.831053542e-06,0.004239811512,-1.059270334e-07,-0.000522752312,3.839183011e-05,0.005769365522,-0.0006492168453,-2.991941985e-05,0.0001577527242,-5.935290712e-05,-6.853551295e-05,-0.0002198288628,0.0001776083699,-0.0007932481558,1.570424296e-05,-0.0008069565661,0.0002127038009,0.00415144361,0.02562988646,-0.001929505629,0.04629396522,0.003651828689,2.727850019e-05,1.510791492e-12,0.02023896332,-0.004536146117,0.0001056860497,0.005254933634,1.518211923e-06,1.414202089e-12,0.001430559283,0.02835661288,0.03704550056,1.406906335e-05,0.01317358841,-0.0128911966,-0.001228323185,0.02387648432,-3.737499199e-11,0.002159920907,-0.01673297772,-0.000145171201,-4.083563681e-05,0.0001750140921,-0.0008905416843
2021-06-10,-0.0004125766747,-1.474784294e-05,6.834713803e-06,0.004250633768,-1.105232093e-07,-0.0005258814652,4.007383628e-05,0.005789684892,-9.207658318e-05,-3.101910575e-05,0.0001610108457,-6.472157276e-05,-7.109195711e-05,-0.0002320099261,0.0001779296364,-0.0007960121136,-1.012518634e-05,-0.0008103258762,0.0002159765092,0.004077229407,0.02569711984,-0.001890012,-0.317014291,0.003664419961,2.721582875e-05,1.58495439e-12,0.02025760305,-0.0187024896,0.000149141327,0.005279448016,1.561591004e-06,1.48370205e-12,0.001432198177,0.03049019335,0.03711111845,1.411243689e-05,0.01071092594,-0.01295112513,-0.001236132266,0.02404289849,-3.432099049e-11,0.002133888004,-0.01715880432,-0.0001274733511,-4.104780732e-05,0.0001754670799,-0.0008995018815
2021-06-11,-0.0004073990073,-1.544186712e-05,6.837956215e-06,0.004261005403,-1.151888185e-07,-0.0005290054133,4.177672555e-05,0.005809931422,-9.013332747e-05,-3.213639968e-05,0.0001643041174,-7.017260639e-05,-7.36863082e-05,-0.0002443453683,0.0001782432026,-0.0007987823902,-3.62497356e-05,-0.0008136935307,-0.8655556653,0.004001593136,0.02576337622,-0.001849856648,0.0004296206385,0.003676919338,2.715080474e-05,1.657340931e-12,0.02027507349,-0.004364847186,0.0001928593571,0.005303697739,1.605589648e-06,1.554312234e-12,0.09105082225,-0.3825440351,0.03717378281,1.415464147e-05,-0.06377209364,-0.01301069382,-0.001243949913,0.02420794862,-3.121169989e-11,0.002107139585,-0.017585047,-0.0001097475039,-4.125943608e-05,0.000175908113,-0.0009085006978
2021-06-12,-0.0004022086291,-1.614620838e-05,6.8407772e-06,0.004270913877,-1.199245527e-07,-0.0005321239859,4.350048993e-05,0.005830103734,-8.815070241e-05,-3.327155622e-05,0.0001676326454,-7.570699876e-05,-7.631922111e-05,-0.0002568354731,0.0001785489636,-0.0008015590699,-6.267001938e-05,-0.0008170595054,0.0002226242104,0.003924523965,0.02582864895,-0.001809039526,0.04120910657,0.003689325368,2.708345128e-05,1.733280186e-12,0.02029138477,-0.004278593773,0.00023684438,0.005327676067,1.650216194e-06,1.625588553e-12,0.001435250342,0.03923246651,0.0372335563,1.419565331e-05,0.0106524628,-0.01306990068,-0.001251775795,0.02437159617,-2.804356747e-11,0.002079661683,-0.01801174635,-9.199359355e-05,-4.147051638e-05,0.0001763370563,-0.0009175377326
2021-06-13,-0.0003970068826,-1.686096526e-05,6.843173183e-06,0.004280347416,-1.24731101e-07,-0.0005352370084,4.524512055e-05,0.005850200389,-8.612823529e-05,-3.442483417e-05,0.0001709965287,-8.132573754e-05,-7.899135723e-05,-0.0002694805334,0.0001788468131,-0.0008043422369,-8.938665436e-05,-0.0008204237758,0.0002260002351,0.003846011022,0.02589293148,-0.001767560643,0.0004320166132,0.003701636587,2.70137924e-05,1.809441486e-12,0.0203065469,-0.004191940165,0.0002811004663,0.005351376549,1.695478977e-06,1.699529406e-12,0.00143666189,0.04697970736,0.03729050434,1.423544968e-05,-0.05367225646,-0.01312874364,-0.001259609565,0.02453380439,-2.481659322e-11,2.002558941,-0.0184389413,-7.421151054e-05,-4.168104246e-05,0.0001767537742,-0.0009266125611
2021-06-14,-0.0003917950664,-1.758623653e-05,6.845140616e-06,0.004289295114,-1.296091583e-07,-0.0005383443019,4.70106077e-05,0.005870219857,-8.406544653e-05,-3.559649643e-05,0.0001743958598,-8.702980694e-05,-1.140692016,-0.0002822807915,0.0001791366434,-0.0008071319752,-0.0001164002609,-0.0008237863166,0.0002294117445,0.003766043319,0.02595621742,-0.001725420052,0.03860881758,0.00371385152,2.694185302e-05,1.886490963e-12,0.02032056975,-0.004104887718,0.0003256314807,0.005374793145,1.741386311e-06,1.772360037e-12,0.001437995922,0.04024429479,0.03734469475,1.427400907e-05,0.01895811865,-0.01318722053,-0.001267450865,0.02469453839,-2.153011103e-11,0.002022460037,-0.01886666762,-5.640109819e-05,-4.189100959e-05,0.0001771581307,-0.0009357247331
2021-06-15,-0.0003865744338,-1.832212111e-05,6.846675958e-06,0.004297747015,-1.345594172e-07,-0.000541445684,4.879694094e-05,0.005890160563,-8.196185025e-05,-3.678680983e-05,0.0001778307231,-9.282018738e-05,-8.445597463e-05,-0.0002952364151,0.0001794183454,-0.0008099283681,-0.0001437114648,-0.0008271471023,0.0002328592752,0.003684609853,0.02601850039,-0.001682617827,0.03815285169,0.003725968672,2.686765891e-05,1.965760887e-12,0.02033346311,-0.004017437398,0.0003704410463,0.005397920422,1.78794648e-06,1.848299291e-12,0.109353084,0.02056377875,0.03739619748,0.07716834251,0.02151258622,-0.0132453291,-0.001275299322,0.02485376533,-1.818412088e-11,0.001992706933,-0.01929495607,-3.856214822e-05,-4.210041413e-05,0.0001775499893,-0.0009448737716
2021-06-16,-0.0003813461934,-1.906871804e-05,6.847775702e-06,0.004305694203,-1.395825773e-07,-0.0005445409683,5.060410915e-05,0.005910020908,-7.981695494e-05,-3.799604499e-05,0.000181301195,-9.869785514e-05,-8.724981171e-05,-0.0003083474939,0.0001796918087,-0.0008127314977,-0.000171320899,-0.0008305061064,0.0002363433715,0.003601699639,0.02607977402,-0.001639154084,0.03891324191,0.003737986538,2.67912367e-05,2.044142633e-12,0.02034523665,-0.003929589806,0.0004155325087,0.005420753699,1.835167722e-06,1.923572412e-12,0.001440427943,0.001846707532,0.03744508415,1.43473369e-05,0.01456693673,-0.01330306698,-0.001283154548,0.02501145479,-1.47772905e-11,0.001962165693,-0.01972383014,-2.069439608e-05,-4.230925361e-05,0.0001779292122,-0.0009540591714
2021-06-17,-0.0003761115077,-1.98261264e-05,6.848436359e-06,0.00431312888,-1.446793296e-07,-0.0005476299653,5.243210062e-05,0.005929799263,-7.76302642e-05,-3.922447612e-05,0.0001848073427,-0.0001046637821,-9.008558279e-05,-0.0003216140361,0.0001799569214,-0.000815541444,-0.000199229206,-0.0008338632754,0.000239864585,0.003517301708,0.02614003197,-0.001595029049,-0.2930430994,0.003749903591,2.671261388e-05,2.124966869e-12,0.02035589992,-0.003841345198,0.000460908901,0.005443289232,-0.5421289064,2.00106598e-12,0.001441524168,0.02339497176,0.03749142782,1.438206838e-05,0.01106157616,-0.01336043173,-0.001291016138,0.02516757867,-1.130939786e-11,0.00193082113,-0.02015330333,-2.797515508e-06,-4.251752674e-05,0.0001782956604,-0.0009632803981
2021-06-18,-0.0003708714934,-2.05944453e-05,6.848654472e-06,0.004320044439,-1.498503712e-07,-0.0005507124826,5.42809031e-05,0.00594949398,-7.540127766e-05,-4.047238068e-05,0.000188349224,-0.0001107189353,-9.29639797e-05,-0.0003350359649,0.0001802135709,-0.0008183582849,-0.0002274370392,-0.0008372184186,0.0002434234738,0.003431405109,0.02619926791,-0.001550242968,-0.3623777654,0.003761718293,2.663181874e-05,2.206457239e-12,0.02036546236,-0.003752703498,0.0005065729102,0.005465524405,-1.700296733,2.078781591e-12,0.001442539353,0.03102925806,0.03753530258,1.441548866e-05,-0.8799568509,-0.01341742083,-0.001298883669,0.02532211149,-7.779554778e-12,0.001898657933,-0.02058337589,1.512888755e-05,-4.272523343e-05,-0.2699278271,-0.0009725368862
2021-06-19,-0.0003656272208,-2.137377374e-05,6.848426617e-06,0.004326435526,-1.550963971e-07,-0.0005537883251,5.615050388e-05,0.005969103392,-7.312949201e-05,-4.174003916e-05,0.0001919268861,-0.000116864277,-9.588569786e-05,-0.0003486131148,0.0001804616429,-0.0008211820946,-0.000255945066,-0.0008405711749,0.0002470206017,0.003343998909,0.02625747567,-0.001504796058,-0.3637892399,0.003773429083,2.65488804e-05,2.290168055e-12,0.02037393328,-0.003663664303,0.0005525268433,0.005487457929,-0.335301699,2.15827356e-12,0.001443472608,0.04123830728,0.03757678327,1.444758144e-05,0.01122030518,-0.0134740317,-0.001306756699,0.02547503031,-4.187095115e-12,0.001865660726,-0.02101403101,3.308528185e-05,-4.293237475e-05,0.0001789896675,-0.000981828038
2021-06-20,-0.0003603797135,-2.216421062e-05,6.847749408e-06,0.0043322981,-1.604181026e-07,-0.0005568572957,5.804088988e-05,0.005988625816,-7.081440221e-05,-4.302773471e-05,0.0001955403653,-0.0001231007642,-9.885143568e-05,-0.0003623452276,0.0001807010224,-0.0008240129434,-0.0002847539694,-0.0008439210036,0.0002506565377,0.003255072192,0.02631464925,-0.001458688486,-0.3762829197,0.003785034382,2.646382875e-05,2.37432296e-12,0.02038132183,-0.003574226905,0.0005987725953,0.005509090003,0.2190560783,2.238875751e-12,0.108995712,0.001840626274,0.03761594503,1.447833059e-05,-0.07618567932,-0.0135302617,-0.001314634764,0.02562631498,-5.317968288e-13,0.001831814132,-0.02144905555,5.107221862e-05,-4.313895283e-05,0.0001793169403,-0.0009911532216
2021-06-21,-0.000355129948,-2.296585462e-05,6.846619499e-06,0.004337629473,-1.658161799e-07,-0.0005599191958,5.995204769e-05,0.00600805956,-6.845550279e-05,-4.433575266e-05,0.0001991896856,-0.0001294293483,-0.000101861894,-0.0003762319482,0.0001809315934,-0.0008268508966,-0.000313864451,-0.0008472671755,0.0002543318461,0.003164614056,0.02637078283,-0.001411920338,-0.3632471635,0.003796532591,2.637669447e-05,2.45869991e-12,0.02038763707,-0.001102852903,0.0006453116172,0.005530422448,0.6763836968,2.320366121e-12,0.001445089776,0.04095359895,0.03765286318,1.450771947e-05,0.0228605798,-0.01358610811,-0.001322517379,0.02577594796,3.188005415e-12,0.001797102842,-0.02188407853,6.909034043e-05,-4.334497072e-05,0.0001796308652,-0.00100051177
2021-06-22,-0.0003498788535,-2.377880417e-05,6.845033587e-06,0.00434242835,-1.712913191e-07,-0.0005629738262,6.188396369e-05,0.006027402915,-6.605228947e-05,-4.566438013e-05,0.0002028748582,-0.0001358509756,-0.0001049177753,-0.0003902728208,0.0001811532388,-0.0008296960137,-0.0003432772336,-0.000850608764,0.0002580470582,0.003072613609,0.02642587064,-0.001364491563,-0.3578020864,0.003807922089,2.628750903e-05,2.546407529e-12,0.02039288795,-0.003394153358,0.0006921448848,0.00555145887,0.960354132,2.402522625e-12,0.001445771903,0.001836369422,0.03768761292,0.0539007009,0.02780446263,-0.0136415682,-0.001330404034,0.0259239144,6.971756505e-12,1.898325623,-0.02231908747,8.714039114e-05,-4.355043213e-05,0.0001799312924,-0.001009902978
2021-06-23,-0.0003446273117,-2.460315733e-05,6.842988428e-06,0.004346694847,-1.768442159e-07,-0.0005660209875,6.383662408e-05,0.006046654152,-6.360426083e-05,-4.701390542e-05,0.0002065958802,-0.0001423665885,-0.0001080197832,-0.0004044672837,0.0001813658408,-0.0008325483468,-0.000372993064,-0.0008539446351,0.0002618026916,0.002979059971,0.02647990693,-0.001316402076,0.04099525927,0.003819201232,2.619630463e-05,2.63322697e-12,0.02039708328,-0.00330351468,0.0007392728678,0.005572204833,0.739924633,2.486677531e-12,0.00144636853,0.001833938101,0.03772026906,0.06480134253,0.01597331818,-0.01369663914,-0.001338294193,0.02607020246,1.082078871e-11,0.0005336979021,-0.02275407,0.0001052232273,-4.37553411e-05,0.0001802180678,-0.001019326103
2021-06-24,-0.0003393761555,-2.543901175e-05,6.840480823e-06,0.00435043051,-1.82475554e-07,-0.0005690604812,6.581001496e-05,0.006065811537,-6.11109203e-05,-4.838461744e-05,0.000210352734,-0.0001489771313,-0.0001111686216,-0.0004188146647,0.0001815692812,-0.0008354079402,-0.0004030127156,-0.0008572734381,0.0002655992621,0.002883942261,0.02653288614,-0.001267652065,-0.2754389045,0.003830368352,2.610311421e-05,2.721822767e-12,0.02040023177,0.01078637436,0.0007866954995,0.005592668007,0.7344494421,2.571276525e-12,0.001446878768,0.001831305919,0.03775090583,1.45875288e-05,0.01160564729,-0.01375131806,-0.001346187293,0.02621480327,1.473476896e-11,0.001687630567,-0.02318901399,0.0001233398307,-4.39597015e-05,0.06507976441,-0.00102878036
2021-06-25,-0.0003341261666,-2.628646457e-05,6.837507642e-06,0.004353638311,-1.881860217e-07,-0.0005720921102,6.780412239e-05,0.006084873341,-5.857177835e-05,-4.97768566e-05,0.0002141453855,-0.0001556835462,-0.0001143649938,-0.0004333141808,0.000181763441,-0.0008382748283,-0.0004333369925,-0.0008605935951,0.0002694373074,0.0027872496,0.02658480291,-0.001218241856,-0.3713507979,0.003841421756,2.600797145e-05,2.811972877e-12,0.02040234203,-0.003121025629,0.0008344121486,0.005612858283,0.2764828853,2.658540055e-12,0.00144730173,0.001828474016,0.03777959657,1.461928495e-05,0.01860456446,-0.013805602,-0.001354082743,0.02635771081,1.871480748e-11,0.001649311905,-0.02362390743,0.0001414913231,-4.416351646e-05,0.0001807500214,-0.001038264923
2021-06-26,-0.0003288780758,-2.714561236e-05,6.834065814e-06,0.004356322643,-1.939763017e-07,-0.0005751156806,6.981893231e-05,0.006103837844,-5.598635492e-05,-5.119117072e-05,0.0002179737837,-0.0001624867715,-0.0001176096018,-0.000447964947,0.0001819482008,-0.0008411490348,-0.0004639667319,-0.0008639032916,0.0002733173888,0.0026889711,0.02663565198,-0.001168172289,0.0004396242034,0.003852359723,2.591091075e-05,2.90278912e-12,0.02040342257,-0.003029171486,0.0008824215919,0.005632787909,0.9373413968,2.744915406e-12,0.00144763654,0.001825443807,0.03780641354,1.465024958e-05,0.01171804608,-0.01385948795,-0.001361979918,0.02649892171,2.276423494e-11,0.0006669498429,-0.02405873854,0.0001596789826,-4.436678754e-05,0.0001809948663,-0.001047778919
2021-06-27,-0.0003236325644,-2.801655099e-05,6.830152348e-06,0.004358489296,-1.998470749e-07,-0.0005781310022,7.185443061e-05,0.006122703335,-5.33541822e-05,-5.262816201e-05,0.0002218378589,-0.0001693877422,-0.0001209031452,-0.0004627659572,0.0001821234412,-0.000844030571,-0.000494902808,-0.000867200466,0.0002772400779,0.002589095858,0.02668542828,-0.001117444304,0.000439523254,0.003863180462,2.581196721e-05,2.99538172e-12,0.02040348178,-0.01925651853,0.0009307219892,0.005652471601,0.7118453959,2.833289159e-12,0.09874091655,0.001822216984,0.03783142769,1.468041133e-05,-0.9431681277,-0.0139129728,-0.001369878286,0.02663843532,2.687983169e-11,0.008260300098,-0.02449349569,0.0001779042614,-4.456951368e-05,0.0001812253914,-0.001057321432
2021-06-28,-0.0003183902629,-2.889937558e-05,6.825764324e-06,0.004360145422,-2.057990183e-07,-0.0005811378898,7.391060312e-05,0.006141468117,-5.067480762e-05,-5.40884349e-05,0.0002257375214,-0.00017638739,-0.0001242463204,-0.0004777158999,0.0001822890426,-0.0008469194339,-0.0005261461362,-0.0008704827999,0.0002812059728,0.002487612949,0.02673412698,-0.001066058776,0.0437358341,0.003873881986,2.571117663e-05,3.089972722e-12,0.02040252797,-0.002844233099,0.0009793108594,0.005671926647,0.7119788678,2.923217224e-12,0.001448038224,0.001818795491,0.03785470855,1.470975858e-05,0.02053934952,-0.01396605343,-0.001377777775,0.02677625362,3.106426227e-11,1.846610074,-0.02492816746,0.0001961688075,-4.477753629e-05,0.0001814414125,-0.001066891494
2021-06-29,-0.0003131517512,-2.979418039e-05,6.820898906e-06,0.004361299491,-2.118328031e-07,-0.0005841361646,7.598743556e-05,0.00616013051,-4.794779726e-05,-5.557259496e-05,0.0002296726604,-0.0001834866441,-0.0001276398194,-0.0004928126171,0.0001824448856,-0.0008498156049,-0.0005576976761,-0.0008737477087,0.0002852156817,0.002384511416,0.0267817434,-0.001014016503,-0.3578170695,0.003884462237,2.560857549e-05,3.183453501e-12,0.02040056934,-0.002751143952,0.001028185059,0.005691173015,0.7592379415,3.013811423e-12,0.001448103366,0.001815181551,0.03787632394,1.473827943e-05,0.02054275172,-0.01401872667,-0.001385678422,0.02691238122,3.53176377e-11,0.00148654252,-0.0253627426,0.0002144744876,-4.498524243e-05,0.0001816427365,-0.001076488088
2021-06-30,0.0006208019334,-3.070105872e-05,6.815553355e-06,0.004361961237,-2.17949099e-07,-0.0005871256558,7.808491343e-05,0.006178688851,-4.517273957e-05,-5.708124765e-05,0.000233643142,-0.0001906864318,-0.4223730034,-0.0005080536032,0.0001825908511,-0.0008527190473,-0.0005895584364,-0.0008769923325,0.000289269816,0.002279780616,0.02682827303,-0.0009613181768,0.0004385283711,0.00389491912,2.550420097e-05,3.280264949e-12,0.020397614,-0.01793800878,0.001077340764,0.005710233469,1.001923985,3.106181978e-12,0.001448076894,0.001811377696,0.03789633994,1.476596172e-05,0.02054491636,-0.01407098933,-0.00139358024,0.02704682525,3.964095718e-11,0.001443418498,-0.02579721007,0.0002328234133,-4.519262938e-05,0.0001818291597,-0.001086110143
2021-07-01,-0.379607723,0.01610152776,-0.3570170456,0.1429671703,0.1714045299,-0.0005901062013,-0.3376729121,-0.6517852049,1.684630147,-0.6414940175,-0.233713974,-0.1398919264,0.002063117168,0.5889582608,-0.01688594824,1.583090524,-0.1403899316,0.852864459,0.0002933689962,0.00217341136,0.0268737115,0.2639558189,-0.7473981156,0.4940072677,0.1740858041,-0.3605706288,0.02039366997,0.2729471357,0.001126773455,-0.5078790264,0.5738779087,0.09472183846,0.00144795796,-0.8496231382,0.03791482072,1.479279299e-05,-1.545534911,-0.0141228382,1.704727891,0.02717959532,4.403433174e-11,0.001399302075,-0.02623155899,0.000251217971,-4.539969441e-05,-0.608839152,-0.2921501535
2021-07-02,-0.2869076004,-0.5619599821,0.2745045142,0.004361852592,-0.09990557928,-0.0005930776501,-1.030048363,0.1490871755,1.843981983,-0.4964653627,0.375909712,-0.2005130943,-0.239380592,-0.1792493406,-0.6367011042,0.8514734213,-0.2009895122,1.625154407,0.0002975138761,0.002065395162,0.08885917725,0.2479541428,-0.4417682707,1.490680398,0.4567803687,0.6869360005,0.02038874516,0.02521246095,0.001176477903,-0.8064462691,-0.1395701421,0.3606506642,0.6762874774,-0.3877596425,0.03793182845,1.481876049e-05,-1.548232463,-0.01417427003,0.6069294446,0.02731070344,4.850031488e-11,0.001354185368,-0.02666577869,0.0002696608547,-4.560643476e-05,-0.2386587781,0.1453580503
2021-07-03,0.4006278955,-0.4790916126,0.3923007472,-0.1352544721,-0.4247589549,-0.0005960398627,-0.8662218727,-0.2805258628,2.245034402,-0.2587769856,-0.5593255077,-0.4662141141,-0.3749712981,0.986993047,0.6125810642,1.296405759,-0.1694238072,1.278953205,0.0003017051244,0.001955724489,0.235171364,-0.6385906077,-0.6053266925,1.727948338,0.4782687504,1.030273347,0.02038284735,0.3852734527,0.001226448163,-0.8025894512,0.3216920785,0.3776034618,0.8236259845,-0.612715846,0.03794742322,1.484385116e-05,-1.594754363,-0.01422528154,1.656045114,0.02744016393,5.30379074e-11,0.001308061725,-0.02709985865,0.0002881551033,-4.581284765e-05,-0.8691369565,-0.7267599489
2021-07-04,1.208281648,-0.2697461099,-0.03973959724,-0.2921350893,-0.3106901681,-0.0005989927132,-0.3388252197,0.7158841268,2.179508541,0.2601263201,-0.1930170228,-0.4893238916,0.3110603659,0.02776934005,-0.132976116,1.02620967,-0.2124839104,1.711842541,0.000305943418,0.001844392513,-0.06091577916,0.2177864923,-0.2421430514,0.910031853,0.6565964305,0.8529577594,0.02037598419,0.1218386671,0.00127667756,-0.5182818972,0.3036197671,0.3991772409,0.3103170149,-0.2159838844,0.03796166287,1.486805164e-05,-1.687315219,-0.01427586941,1.80757535,0.02756799329,5.764766442e-11,0.001260925749,-0.02753378856,0.0003067041417,-4.601893029e-05,-0.9693259786,-0.3542912664
2021-07-05,0.2953073648,-0.2131670958,-0.4519778415,0.8718331464,-0.1464860865,-0.0006019360902,0.0234076012,-0.1216652401,1.785476942,-0.1075633038,-0.3174116248,0.0452989253,0.4418764429,0.01201441116,0.1552900198,0.3686376319,0.3957926811,2.699194279,0.0003102294411,0.001731393013,0.2853423007,0.2019299961,-0.4902211674,1.64830325,0.4865768225,0.8539648651,0.02036816331,-0.3809727961,0.001327158693,-0.4080485611,0.7385286342,0.3250849716,0.9222010035,-0.5250524003,0.03797460296,1.489134823e-05,-1.47172683,-0.01432603032,2.767337836,0.02769421013,6.233080718e-11,0.001212773265,-0.02796755825,0.000325311827,-4.622467984e-05,0.1712857059,0.654444
2021-07-06,-0.5123810789,0.06685972811,-0.3102714753,-0.4290401473,-0.4039710849,-0.0006048698976,-0.09401949282,0.4001732552,2.182448436,-0.2496471758,0.6835133621,-0.08894880964,1.06346982,-0.0006023633709,0.32080411,1.975570977,0.257488481,2.193640123,0.0003145638852,0.001616720406,-0.06432561449,0.1918268962,-0.6133254445,1.661672464,0.4639521893,0.7968141393,0.1515345533,0.5214887178,0.001377883428,-0.6459024736,0.5392745834,0.4593757136,-0.134333497,-0.5745323583,0.03798629678,1.491372692e-05,-1.609176007,-0.01437576089,2.160618038,0.02781883505,6.708844591e-11,0.001163601227,-0.02840115774,0.0003439824987,-4.643009347e-05,-0.05874102646,-0.1836052065
2021-07-07,-0.4811408149,0.08608832826,-0.5840722008,-1.508674958,0.052887791,-0.0006077940556,-0.1181508199,-0.5602064001,2.374283867,-0.3050649838,-0.3542289668,-0.7287476381,0.2240478917,-0.01332139097,-0.4094991229,0.4126288384,-0.1046843012,2.662882361,-0.1558744018,0.001500369766,0.4532691871,-0.7354410632,-0.4375864873,0.8704233814,0.360675652,0.8199443836,-0.06457823685,0.2642233002,0.001428842907,-0.7384592439,-0.164892845,-0.4723547303,0.6190618591,-0.5640764869,0.0379967953,1.493517334e-05,-1.460199651,-0.01442505779,2.152329481,0.02794189056,7.192169083e-11,0.001113407545,-0.02883457721,0.0003627210358,-4.663516832e-05,-0.7193695876,-0.001154076929
2021-07-08,-0.7464184218,-0.1409625718,-0.2215189097,0.5359152265,-0.1825678762,-0.0006107085007,-0.02706709799,0.6666067636,2.688164933,-0.7682900303,-0.6839838521,0.1583233511,0.08547744366,-0.4586703696,-0.8475037293,1.076829127,0.228386867,0.9361689334,0.8737452418,-0.7257363247,0.02716088679,-0.1970482916,-0.53082729,1.062496068,0.3073264076,1.2621194,0.1174763095,0.04056755635,0.001480027544,-0.5309111183,0.1244942315,0.826241045,0.01841444542,-0.8008439675,0.03800614718,1.495567276e-05,-1.450207429,-0.01447391761,2.26933837,0.02806340107,7.682965375e-11,0.001062190806,-0.02926780699,0.0003815329173,-4.683990149e-05,-0.1704875976,-0.001163858331
2021-07-09,-0.3248417798,-0.4941609783,-0.488324775,0.5299862618,-0.4982100137,-0.0006136131855,-0.5096402265,1.054879641,1.429148859,-0.370237371,-0.7532245415,-0.2710076573,-0.1865595776,-0.0163759687,-0.6159361852,1.051241767,-0.2876517785,1.464751302,0.0003278649837,-0.01450503317,0.3143675712,-0.4705493573,0.08190168789,1.222835945,-0.127934002,0.72329017,0.02032745034,-0.2410357467,0.001531427044,-0.7156595019,0.2427395733,0.1684222575,-0.4758044985,-0.02906181761,0.03801439876,1.497521011e-05,-1.521712256,-0.01452233697,1.051030258,0.02818339268,8.181422206e-11,0.001009949872,-0.02970083755,0.0004004242904,-4.70442901e-05,-0.2067522811,-0.4103787149
2021-07-10,-0.1676100914,0.06653848334,-0.2036216592,-0.05914865102,-0.1747246032,-0.0006165080773,-0.8858480555,0.7542587697,2.154669319,-0.8594037004,-0.6942562915,0.4015487093,0.4601581269,-0.6888884416,-0.3247927121,-0.4326382033,0.07195332914,1.449376574,0.9301346288,0.1911413442,0.3935229964,0.2309546636,-0.3290204322,1.296007841,0.2251455753,0.659780328,0.02031495037,0.004746962769,0.001583030407,-0.3842715029,-0.1249589392,1.06957884,-0.9901740806,-0.01989569339,0.03802159402,1.499376991e-05,-1.529565579,-0.01457031244,1.674041925,0.02830189295,8.68780603e-11,0.0009566833173,-0.03013365954,0.0004194020423,-4.724833123e-05,0.10828962,-0.1140017336
2021-07-11,0.5206737983,0.4941048899,-0.6878274359,0.1428220339,-0.1536776602,-0.0006193931565,-0.7566480263,-0.3227845075,2.198459565,-0.4134023791,-0.4276457667,-1.055609587,-0.9329688287,-1.064589114,-0.8540959701,1.339060184,-0.1077096415,1.781579786,0.8803949532,-1.056371399,0.180653886,-0.4656442236,-0.4890518306,1.817191898,0.6557433597,0.8501146616,0.07134514704,-0.3069497273,0.001634825943,-1.720256313,-0.1670458702,-0.04930788359,-0.2856436246,-0.3936165919,0.03802777458,1.501133634e-05,-3.545576943,-0.01461784062,2.59839531,0.02841893098,9.201750473e-11,0.000902388675,-0.03056626369,0.0004384738794,-4.745202194e-05,-0.7290481028,-0.1146804115
2021-07-12,-0.08171099417,-0.2821870115,-0.5594442618,-0.4150152515,-0.9130921336,-0.0006222684126,-0.7448849686,-0.290992123,1.05767429,-0.4997017261,-0.5381562688,0.007470743788,-0.09094130972,0.2447785586,-2.364071095,-0.3608697256,-0.08800285153,2.799088054,0.04986249779,-1.35539347,0.027300403,-0.4561875393,-0.3583539832,1.436925322,-0.1261264376,0.8093148483,0.02028721222,-0.4283629681,0.001686801284,-0.5565167388,-0.01411797138,0.1628262797,0.3617577312,-0.547653588,0.03803297976,1.502789313e-05,-1.752082949,-0.01466491806,-0.2281500898,0.028534537,9.723644112e-11,0.0008470614544,-0.03099864091,0.0004576484095,-4.76553593e-05,-1.306031667,-0.3473120794
2021-07-13,-1.568434279,-0.1119393454,0.4079182162,0.8356376684,0.1840767319,-0.0006251338399,0.947510121,-0.3972559781,1.29080504,0.02320184058,-1.281251736,-0.0002938438676,-0.4169073078,-0.6276599729,-2.230219181,1.844130127,0.175003983,2.324166435,0.8754345692,-1.21589085,0.3424632813,-0.4401936931,-0.4958436744,1.513035418,-0.8080080661,0.2725668383,0.02027198701,-0.642763267,0.0017389434,-0.7510300806,0.7635594843,0.4002716785,0.2745126362,-0.4350683956,0.03803724662,1.504342362e-05,-1.546263107,-0.01471154129,2.15945536,0.02864874213,1.025346474e-10,0.0007906938797,-0.03143078219,0.0004769352296,-4.785834035e-05,-0.2062863721,-0.001212940684
2021-07-14,0.6320010185,0.2462859176,0.2076424657,-0.7185491108,-0.2887029469,-0.0006279894305,0.8930283655,-0.5663260658,2.424361427,-0.1684603707,-0.9956271345,-1.36310631,-0.1051978486,-1.104706736,-0.6606088673,0.9279026638,-0.6254409841,2.489193591,0.8749222325,-0.5026734872,0.3430797103,-0.4227662786,0.03334241124,1.54030223,0.367620988,-0.5226433911,0.02025586615,-0.3308405567,0.001791238608,-0.7680205487,3.460966786e-06,0.6234483635,1.381388095,-0.5530599625,0.03804060999,1.505791074e-05,-1.768063292,-0.01475770687,2.790966012,0.02876157832,1.079134559e-10,0.0007400248584,-0.03186267865,0.0004963450154,-4.806096213e-05,-0.101703151,0.1655570521
2021-07-15,0.8715368615,0.1261715053,-0.7794879772,0.00432231585,-0.2357891987,-0.0006308351651,0.7346940569,0.1725710901,1.609286367,-1.113838428,-1.215638739,-0.0905115957,-0.6063881704,-2.222937072,-0.3398114989,1.077416878,-0.08318315995,2.329946621,0.03892520624,-1.28212975,0.4289514156,0.1806474515,-0.2949329255,1.189553713,-0.1354434175,0.6717942509,0.02023885578,-0.01410550793,0.001843672596,-0.3803863896,0.2856170006,-0.009767809927,0.02861182226,-0.5060577707,0.03804310254,1.507133694e-05,-1.606994047,-0.01480341133,1.165949546,0.02887307823,1.133729777e-10,0.0006887260301,-0.03229432152,0.0005158896124,-4.826322165e-05,-0.0456491424,-0.1598854518
2021-07-16,0.9706580392,0.418378969,0.5185856572,-0.03872704366,0.7818954214,-0.000633671002,0.6033342969,0.4493331589,2.577425046,-0.4163870814,-0.1006494595,-0.1708792382,1.527190588,0.8615302738,-0.5226142975,0.7837717653,-0.01313960636,3.424961352,0.04970873419,-0.7053443524,0.37117905,-0.3714816763,-0.2407846697,0.7941583247,-0.0733466679,0.8291920904,0.02022096195,0.3258129913,0.001896230443,-0.5626639702,0.07617206276,0.4214241392,-1.895681243,-0.5005960753,0.425876663,1.508368425e-05,-1.547506262,-0.0148486512,1.173999731,0.02898327512,1.189158771e-10,0.0006367949522,-0.03272570211,0.0005355821248,-4.846511593e-05,-0.9919540764,-0.271476538
2021-07-17,0.4811010071,0.06563503013,0.3122512788,-0.1868232669,0.6747440542,-0.0006364968612,-0.03578806244,-0.4219108691,1.893327884,-0.06142100548,-0.583274394,0.3674887196,0.03016696458,-0.684878931,-0.4523555673,1.613008865,-0.257100536,1.570041201,0.905669915,-0.7420855537,0.0705832886,-0.553331902,-0.6741588295,1.284494697,-0.2811269237,0.8413959487,0.02020219055,-0.7244024683,0.001948896637,-0.6671668823,0.4583450582,0.9362334786,-1.223959867,-0.8087488401,-1.007898656,1.509493422e-05,-1.530071249,-0.01489342305,2.579294453,0.02909220266,1.245397119e-10,0.0005842290904,-0.03315681185,0.0005554369985,-4.866664199e-05,-0.180320948,0.4637698425
2021-07-18,0.4360665442,-4.919555757e-05,-0.05264859302,-0.4918513629,-0.141976854,-0.0006393765138,-0.008405906054,0.1305740541,2.064006159,-0.7251369528,-0.1923718415,-1.90433892,-0.0184023722,-0.1973262049,-0.3760047861,0.8010708943,-0.3235155523,2.141564289,0.03821347277,-0.4739563292,0.02747565755,-0.3501826502,-0.6208967111,1.668751091,-0.2889308503,-0.4719358207,0.02018254738,-0.9487719563,0.002001655108,0.006063133183,0.3195226924,0.9553142732,-0.7686158838,-0.3857110938,-0.8628920863,1.510506791e-05,-1.821152724,-0.0149377234,2.496231293,0.02919989488,1.302483676e-10,0.000531025773,-0.03358764222,0.0005754700948,-4.886779682e-05,-1.665775692,0.4651762329
2021-07-19,0.7979037329,0.1050310348,0.2825425372,-0.8711032192,0.02237579305,-0.0006422458608,0.2624317276,0.08853965972,1.963566284,-1.32919414,-0.8502485193,-1.559545796,-0.9184067493,-0.6357630979,-0.2968409012,-0.0114470343,-0.004552552073,0.9748586445,0.04374221456,-0.5855261478,-0.02227842803,-0.3485746238,-0.500356859,1.057796141,0.3172223547,1.15289459,0.02016203803,0.3756210671,0.002054489249,-0.8613239634,0.118877014,0.1843225134,-1.526033123,-0.259894036,0.4278153894,1.511406588e-05,-2.053708343,-0.01498154881,1.20095868,0.02930638593,1.36039513e-10,0.0004771822428,-0.03401818479,0.000595698746,-4.906857744e-05,-0.2192053166,-0.7787731718
2021-07-20,0.813719545,0.1508504171,-0.5387605602,-0.2089835852,-0.03026069261,-0.0006451039852,-0.009728969656,0.1831867954,2.229876784,-0.9879023306,-1.619090805,0.4238659254,-0.887437457,-0.5465199254,-0.2256369236,1.890681328,0.06675084033,1.335957004,0.0390031919,-0.4378705247,0.5211200691,0.2127711824,-0.6397389787,1.271513269,-0.3250296158,0.4850091777,0.1950889687,-0.9300587966,0.002107381947,-0.23170608,-1.042344176,0.3372059739,-1.57052394,-0.2404749296,-0.5260844762,1.512190819e-05,-1.497763938,-0.01502489577,1.687635029,0.02941171002,1.419175888e-10,0.0004226956176,-0.0344484312,0.0006161417874,-4.926898084e-05,-0.3645502168,0.1427767441
2021-07-21,-0.3226813663,0.1316051287,-0.1045823702,0.5559439981,-0.3438452999,-0.0006479498855,-0.5801019927,-0.05685354559,2.00421729,-0.894000191,-0.3634078774,0.4439974332,0.1267779172,-1.300817295,-0.08198118214,0.6815885212,0.3869949811,2.13754545,0.04197587558,-0.246405652,0.4058162099,-0.1508240857,-0.3026846863,1.29940863,-0.2632873894,1.115006619,0.02011844194,-0.8300614547,0.002160315615,-0.6078678161,0.5812510306,0.127391121,-0.7042355313,-0.3091840418,-0.7868880053,1.512857433e-05,-0.1788800549,-0.01506776081,1.920426172,0.02951590116,1.478803746e-10,0.0003675627411,-0.03487837313,0.0006368195542,-4.946900403e-05,-0.1431144213,-0.2544224151
2021-07-22,-2.87696429,0.1575769227,-0.6371093164,-0.6755322283,0.5257840199,-0.0006507824735,-0.3962707942,0.2068713809,1.769829863,-0.5590257184,-0.4937534897,0.08028177989,0.1304093605,-0.8538601023,-0.3782801929,0.7582354935,0.1649863797,1.834849422,0.04813712864,0.09655893695,-0.05308751075,0.3341927812,-0.2375892476,1.477957639,-0.1948515845,0.8654839428,0.1400923569,-0.3321730107,0.002213272219,-0.2002601118,-0.04291333374,0.4411110559,-1.12302505,-0.8469142281,-1.665845232,1.513404328e-05,-0.1426336083,-0.01511014045,0.5618256561,0.02961899319,1.539295358e-10,0.0003117803847,-0.03530800232,0.0006577538312,-4.966864403e-05,-0.5488822281,-0.5569056386
2021-07-23,0.2541588136,0.1756215274,0.3545206144,-0.264216679,-0.1159118119,-0.0006536005734,-0.02248242532,-1.856534107,2.044760556,-0.9516722007,-1.262513986,0.4861436853,0.05021256685,-1.617336295,-0.06712577572,0.9730337631,0.05224350721,2.062283659,0.9009122238,-0.427807502,0.1076051462,0.3683243731,-0.557242529,0.2781494288,0.2720245329,0.8682509084,0.2214623655,-0.4699367028,0.002266233316,-0.4570763637,0.2162960785,-0.2343880669,-0.2090894019,-0.1084299761,-0.3176152022,1.513829343e-05,-0.02607758743,-0.0151520313,1.201876852,0.02972101974,1.600677368e-10,0.0002553453086,-0.03573731054,0.0006789677402,-4.986789784e-05,-0.2919128295,-0.714731031
2021-07-24,1.192171459,0.1946989551,-0.8806223705,-2.33417602,0.6070804621,-0.0006564029204,-0.3759912412,-1.565348512,3.556532261,0.3493355187,-0.6707532998,-0.2212805684,0.3792365396,-0.6022669183,-0.372826178,1.438179341,-0.2706350543,1.698347969,0.04855693304,-0.195148129,0.02190595831,-0.06730138933,-0.3732091887,1.358470238,-0.05015540108,1.061728719,0.02029611544,-0.7561626736,0.002319180088,-0.6089867319,0.6769979588,0.3428938908,0.3412219024,-0.004153812325,-1.351654941,1.514131072e-05,0.1462362368,-0.01519342999,1.884888945,0.02982201409,1.662936455e-10,0.0001982542635,-0.03616628957,0.0007004855482,-5.006676249e-05,0.294207986,-0.03969899139
2021-07-25,0.7547408141,0.07316740759,0.1102219065,0.06165939538,0.8190828773,-0.0006591881592,-0.1469887574,-0.4928545832,2.419035841,-0.8833683652,-0.7683925415,-0.6832011512,0.4330920374,-0.2003813405,0.2693672424,0.6357273646,-0.01898634516,1.647208459,0.04224364978,-0.2096240575,-0.00199284856,-0.09367754096,-0.4485327232,0.8137511474,0.4411831441,0.8700117718,0.09880063149,-0.748611096,0.002372093373,-0.4469371738,0.3791710248,0.7164303016,-0.1420794896,-0.6022973957,-0.8752806838,1.514311358e-05,-1.981496315,-0.01523433314,1.986178866,0.02992200902,1.726078169e-10,0.0001405039916,-0.03659493119,0.0007223323742,-5.026523503e-05,0.6041493852,0.8143360099
2021-07-26,0.4015372577,-0.2117608473,0.7281315242,-2.201016696,-0.7999897957,-0.0006619548436,0.1865697113,-0.4593728467,0.9449127771,-1.096590421,-0.5272515955,0.2117473109,0.0128110047,-0.8331437223,0.08618476444,0.5814027817,-0.9087642423,1.604948447,0.8713640113,-0.1480777188,0.5162592623,-0.07791174941,-0.06836981426,-1.060270066,-0.01750413998,0.6498373523,0.08195860773,0.2041953731,0.002424953708,-0.6388369617,0.6605855332,0.2982552638,0.6626093264,-0.8342409482,-0.4464127974,1.514372898e-05,1.16257091,-0.01527473738,1.695908588,0.03002103672,1.790110282e-10,8.20912286e-05,-0.03702322716,0.0007445337715,-5.04633125e-05,-0.7198844632,-0.9164719722
2021-07-27,0.1548411627,0.23676544,0.3712150099,-0.1619082366,0.05794067429,-0.0006647014356,0.1083715752,-0.1238357582,1.629403543,0.5094221619,-0.4523435799,0.6139658695,-0.666237604,-0.3730949996,0.1679926429,1.788382666,-0.001571705439,2.065952156,0.8640946265,0.3707588279,0.2768208108,-0.2290287533,-0.5229995754,1.451649724,-0.4861206871,1.404309224,0.1107255884,0.2581077727,0.002477741357,-0.5414682738,0.6457072039,0.7512617652,-0.6688824016,-0.3264480704,0.0005393115352,1.514318446e-05,2.811157208,-0.01531463936,2.698206511,0.03011912871,1.855069431e-10,2.301270516e-05,-0.03745116922,0.0007671151585,-5.066099197e-05,0.3787738099,0.06791815408
2021-07-28,0.2782853609,0.4452472317,0.04773751971,0.3989328417,-0.06100668809,-0.0006674263059,0.1504091957,0.6006248,2.449093372,-0.2878911359,-0.2197229707,-0.3688221038,-0.6447901514,-0.5077208846,-0.2708214258,0.6787044819,0.5420805269,1.586879749,0.03886908276,0.3685851895,0.4109749817,-0.04184730579,-0.2659693467,1.430512625,0.20725435,1.629619698,0.01993930131,-0.2391056938,0.002530436357,-0.4176677933,0.7323718489,0.9435951702,-0.1051499474,-0.3251915264,-0.1599610351,1.514150806e-05,0.02027901072,-0.01535403569,2.433168326,0.03021631576,1.920932302e-10,-3.673485071e-05,-0.03787874905,0.0007901010678,-5.085827055e-05,-0.5998320437,-0.2289023717
2021-07-29,-0.9182793321,2.309499047,1.209979086,0.7246599407,0.976750348,-0.0006701277335,0.555438735,-0.09205852736,1.29697173,0.5729934827,0.1732223371,0.1247723942,-0.910690604,-0.7289749565,-0.4613896494,0.640044991,-0.04414706612,1.884705908,0.8619832832,-0.1988724907,0.02768951809,-0.1320374269,-0.3658277703,1.410648102,-0.09902483084,0.9738368299,0.01991039704,0.4319769488,0.002583018551,-0.2056100065,0.6557596939,-0.2545474308,-0.6562553052,-0.6333125744,-1.323703102,1.513872837e-05,0.7356862836,-0.01539292298,1.018461634,0.03031262773,1.987713327e-10,-9.715471145e-05,-0.03830595825,0.0008135141821,-5.105514533e-05,-0.09762062032,0.005879044962
2021-07-30,1.263118119,1.845062764,1.180751463,-0.1269975854,0.8091260464,-0.0006728039069,0.6486780643,0.006679862978,2.060624928,0.5342436147,-0.2907199313,1.034322029,0.0298377084,0.2397278016,-0.2524520974,-0.1191287958,0.6719911715,2.581599664,0.0476198486,-0.1406414812,0.3053639732,0.2788492351,-0.04318798915,1.996309639,1.139037678,1.090104852,0.01988067672,0.8787480131,0.002635467629,-0.513695493,0.6304008464,0.6297488889,-1.151272923,-0.1354006687,-0.9327756788,1.513487451e-05,2.957816937,-0.01543129782,0.6460778285,0.03040809362,2.055431381e-10,-0.0001582501475,-0.03873278834,0.0008373741223,-5.125161348e-05,0.1606079579,0.06459166442
2021-07-31,0.8507353252,2.169367204,0.8140098012,0.3390522966,-0.07335694936,-0.0006754529253,-2.171594822,-0.2472632359,1.846894281,0.5309366292,0.6156162715,0.4700351505,0.02248517621,-1.74274282,-0.3978411848,1.956489765,-0.01725113216,1.810614277,0.2015057051,-0.8536349661,0.09641290006,0.1175012317,-0.2454982631,1.52297862,0.5759709092,1.480522358,0.2739238546,0.9587377961,0.002687763171,-0.601669276,1.222662378,0.8372469908,-0.7249912446,-0.09752509008,-0.5304958713,1.512997616e-05,0.02022966818,-0.01546915678,1.062198134,0.03050274151,2.124084242e-10,-0.0002200244243,-0.03915923071,0.0008616959516,-5.144767216e-05,-0.1765711164,0.9452335317
2021-08-01,0.8740079059,1.706759325,0.7936175235,1.27421353,1.258289525,-0.0006780728005,0.2933405169,-0.02951744222,2.052167331,1.703759727,-0.1577336657,0.09526057377,-0.3638081126,-1.867756321,-0.2297050259,1.192188151,-0.5715847422,1.699978484,0.0004464903416,-0.1749433319,0.3098369334,0.1331985337,-0.08736928473,1.608732863,-0.5128386823,1.058436149,0.01530296804,0.9840620508,0.002739884683,-0.8247366439,0.615670136,1.204213055,-0.6764330858,-0.4917763603,-0.7619311546,1.512406669e-05,1.126088713,-0.01550649649,-0.4933164814,0.03059659851,2.193683013e-10,-0.0002824807994,-0.03958527664,0.0008864883594,-5.164331859e-05,0.3000948989,0.6856962531
2021-08-02,0.8220191707,2.559194548,1.474266256,-0.6386140465,1.615690544,-0.0006806614593,0.5523342747,-0.03536336253,2.891934637,0.8570668568,0.7761411864,0.5550302767,0.4851989551,-1.105120144,0.4734233228,0.6258140661,-0.08451066797,1.370103693,0.0004523918144,-0.508307412,0.5024559852,0.6799711752,-0.2821471072,0.07549341888,0.2427127898,1.415388688,0.01978665562,1.352458389,0.002791811642,-0.3067745271,0.5202655296,0.8812869751,0.2647723091,-0.5750280515,1.032566349,1.511719279e-05,-0.08142529293,-0.0155433136,-0.8143215862,0.03068969073,2.264226584e-10,-0.000345622519,-0.04001091723,0.0009159806131,-5.183855003e-05,0.3459723154,0.2507993569
2021-08-03,-0.08329701718,-0.9366690597,1.315670765,1.145874537,1.193455403,-0.000683216747,0.5128407729,0.3867754045,2.688836042,3.058866325,0.3838430377,0.6292323371,0.6289836607,-0.3625677745,0.5522277399,1.952148399,-0.6799632721,3.318634615,0.8345733362,0.316606845,0.2812555588,0.2657949894,-0.4600173808,0.7024488242,-0.2322562226,2.181901021,0.01975370662,0.8880246365,0.00284352353,-0.5671502975,0.8421148073,0.58012054,-0.9291811574,-0.5157681634,1.009224286,1.510940534e-05,0.02017842496,-0.01557960484,0.526967004,0.03078204322,2.335749372e-10,-0.0004094528144,-0.04043614345,0.0009456922391,-5.203336376e-05,0.8519882679,1.081058575
2021-08-04,-1.643911275,2.365762088,1.492287653,0.01246010819,2.127968786,-0.0006857364314,1.27233705,-0.1671098645,1.398243115,2.881471423,0.8022249337,0.5042632638,-0.07175052927,0.05495399133,0.2578015417,0.9899362829,-0.6379905194,1.696982729,0.0004643997085,-0.3001242058,0.0277470011,0.7434048452,0.1496275313,1.64743126,-0.2282801454,1.878474286,0.2105608728,1.109234257,0.002894999881,-0.2258488592,0.5838394785,1.116397195,-2.062381877,-0.5275935789,-0.4245227716,1.510075637e-05,0.0201609652,-0.01561536689,-0.1225084879,0.03087367998,2.408229172e-10,-0.0004739748977,-0.04086094608,0.0009756206029,-5.222775713e-05,0.6110746171,0.9165017711
2021-08-05,-0.0001225592289,1.304660019,1.055737709,0.7504416333,1.836416343,-0.0006882182074,0.2234036329,0.2060218587,2.176125333,1.241285667,1.044119343,-0.000807657487,-0.3799113303,-0.1981275911,0.1466054817,1.478271935,0.03125478328,1.370212657,-0.002808892286,-0.4570960169,0.02775250292,0.2455657487,-0.006445792182,1.932792702,-0.3742833247,1.43423229,0.01945800765,0.7678113865,0.00294622032,-0.2581941252,0.1803877061,0.8884753029,-0.3777308876,-0.1287858378,0.8458341462,1.509129902e-05,0.0201433276,-0.0156505965,-0.06667122914,0.0309646239,2.481688188e-10,-0.0005391919578,-0.04128531573,0.001005763051,-5.242172755e-05,0.7401394602,0.9417774112
2021-08-06,1.352392425,1.303643208,1.643245102,0.6624402065,1.292911088,-0.0006906597031,0.4310768303,0.9127515278,1.718652147,1.201613246,-0.1653416524,0.153265264,-0.2670304175,0.8608293241,0.2179968253,1.427139779,0.4916981605,2.377924895,0.03952490844,-0.2310421169,0.2867281487,0.2607063108,-0.281888413,0.6393652332,1.670403195,1.601724626,0.0196500784,0.6487694088,0.002997164606,-0.3939132738,0.5877747101,0.9352491467,-0.501167986,-0.1314204386,0.03792038576,1.508108764e-05,0.2403518082,-0.01568529051,-0.9244490168,0.03105489676,2.556127532e-10,-0.0006051071557,-0.04170924281,0.001036116913,-5.261527248e-05,1.09114611,-0.09958428469
2021-08-07,2.021000034,1.572176887,1.503954418,-1.845859318,1.21535309,-0.0006930584863,0.5342953276,0.6601695033,2.189080571,1.276225563,0.3156463411,0.3946328148,-0.1164081394,0.2539408546,-0.1185431056,2.487788877,-0.1909041973,1.709643103,0.3228702517,-0.407982676,0.4397521302,0.2376900481,-0.3579332862,0.9528230323,0.5422724337,1.585872672,0.1098303252,0.5851039632,0.003047812671,-0.4633808433,1.016853411,0.9392524404,0.4650185986,-0.4802754438,-0.3895130186,1.507017781e-05,0.7206025507,-0.01571944579,-1.486694832,-0.02220847226,0.3978867282,-0.0006717236192,-0.04213271749,0.001066679508,-5.280838943e-05,0.6447931143,-0.8836750971
2021-08-08,2.049534469,1.541787131,0.3485114744,0.6514940822,0.5256616022,-0.000695412072,0.463299794,0.8830156747,1.884054051,1.532399159,1.416650981,0.5042886579,1.125996648,-1.668582711,-0.009023322649,0.7460412448,-0.0494091033,1.692912102,0.8398964006,-0.5779510828,0.3948457469,0.185999278,-0.09821347042,0.9730830938,0.2580215562,1.422735872,0.01957703818,0.5949217887,0.003098144659,-0.5744110277,0.05374795209,0.9867849685,0.0646872525,-0.3651295925,0.03789470904,1.50586264e-05,1.33671921,-0.2451309573,-0.307422417,0.002458930696,0.1473927715,-0.0007390444379,-0.04255572973,0.001097448145,-5.300107601e-05,0.4375112266,0.2823762855
2021-08-09,2.232642724,0.5755498368,1.55736573,-0.7499894531,1.157839523,-0.0006977179315,0.8525937026,1.088537497,2.47091897,1.910641646,0.6936912169,0.07371999356,0.314505084,0.313556979,0.2415388633,0.6144708435,0.40118361,0.8855190826,-0.007974342896,-0.3819809011,0.2603901742,0.5490464954,-0.1099589595,0.8169108507,0.6954099688,0.5039666866,0.01953934007,0.7050607051,0.003148140964,-0.570130864,0.3101417044,1.027967085,0.6610871692,-0.5003524337,0.1293695607,1.504649159e-05,0.6432283254,-0.2297897314,-0.6571208974,1.1073201,1.119549115,-0.0008070726569,-0.04297826924,0.001128420126,-5.319332987e-05,0.7826456613,0.04144802745
2021-08-10,0.8329577755,1.63141238,2.019325615,1.753956194,1.307836823,-0.0006999735016,0.6413796246,0.6873050895,2.148519682,0.6017151008,0.6521540559,1.035502738,0.4337699572,0.224204107,0.5111165215,1.690233985,-1.46121227,1.379718268,0.8078980118,-0.1395135642,0.1092401866,0.1717674182,-0.5253191304,1.874967067,0.509438981,1.366911228,0.1319810976,1.005933574,0.003197782263,-0.4587225817,-0.7465832609,1.343122263,-1.736384026,-0.3171530102,0.6892699995,1.503383297e-05,0.658976174,-0.1212555765,0.7577628932,-0.5559393961,2.184810931,-0.0008758112709,-0.04340032546,0.001159592753,-5.338514878e-05,0.1691851531,0.3287090537
2021-08-11,0.7848130484,1.456641971,1.864581307,1.916009469,1.313428545,-0.0007021761958,1.216240853,0.03423809751,1.554473668,2.447541618,0.5323403945,0.6322383875,1.07465086,-0.001222839172,0.3227111374,0.7241927008,-2.651552192,1.5811704,0.0005086503846,0.0009927676216,0.02776100782,-0.2631147166,-0.02840998877,0.08306647242,0.7399261819,1.368833775,0.01946160119,1.000280009,0.003247049546,-0.4511422753,0.5962865946,1.074843118,0.6537289991,-0.625512403,0.5844677771,1.502071161e-05,1.862238809,-0.09233940965,-0.4819125211,0.8481412023,2.464300819,-0.0009452632175,-0.04382188756,0.001190963326,-5.357653057e-05,0.08704170504,-0.05676690847
2021-08-12,-0.8321817649,1.152252411,1.281835707,0.3115947032,0.6924546995,-0.0007043234158,0.642031354,0.9344329926,2.367573915,1.530390833,0.456302294,1.126516901,0.9447408417,0.560920186,0.6503568853,1.200431095,-2.019535332,2.168196616,-0.02810545601,0.008225016097,0.02775833988,0.1698812711,-0.2613913808,2.038675437,0.6733783129,1.34808786,0.01942156556,0.9943093772,0.003295924152,-0.6229766245,0.3160113957,1.168731571,0.2661094714,-0.4927365527,0.03783653025,1.500719013e-05,0.9470330512,-0.3162469946,0.6304400695,1.026729912,1.730608812,-0.00101543137,-0.04424294441,0.001222529154,-5.376747319e-05,0.627096706,0.1740609604
2021-08-13,1.353083099,2.284357382,0.7567819702,0.652684644,1.183556973,-0.0007064125644,0.6710328151,0.2486242987,2.950098843,1.078715292,0.1359925131,0.9695964437,1.703869408,1.437679021,0.3171415664,1.338592556,-1.602318429,1.377594722,0.0005219501249,0.3954754846,0.1829696994,-0.2394480354,-0.008558210466,1.478605114,0.5428831331,0.630360667,0.01938075586,1.007107186,0.003344387788,0.006923023241,0.9642990809,1.322344759,0.8478784753,-0.01394114669,0.03782055576,1.499333283e-05,0.4491098452,0.06038417719,-2.026435721,0.7271634643,1.999295965,-0.001086318528,-0.04466348457,0.001254287549,-5.395797466e-05,1.113450579,0.6355144202
2021-08-14,1.819061829,1.907367544,0.7627625049,-0.8351451603,1.390054836,-0.0007084410597,0.7756615295,1.494873391,1.908988367,1.596784688,0.5460010266,0.3480335711,0.8550650817,0.3872200508,0.8152340331,2.180318108,-1.250151963,1.295758699,0.4238203816,-0.5312563162,0.2148274024,0.1519153417,-0.2794560676,1.969309977,-0.9734703919,1.315171891,0.0193391746,0.9660373351,0.003392422563,-0.1632414919,1.095367998,1.188749526,-0.1684414369,-0.4137329222,0.1734037493,1.497920578e-05,0.01997685617,0.0428267356,-1.938989682,0.03175517891,1.963894235,-0.001157927415,-0.04508349624,0.001286235838,-5.414803315e-05,0.656980283,0.4392297117
2021-08-15,-0.8000270134,1.371118677,0.8236330883,-0.7952670289,2.335550272,-0.0007104063494,0.6238329916,0.4745126251,2.10854427,1.577953377,0.1890749137,0.3652156065,0.940869039,-0.07052451825,-0.06288965102,1.268472396,-1.320699363,1.256449051,-0.003364130666,0.1648759358,0.05961769736,0.0605602209,-0.4456723331,1.75224707,0.6874829673,1.779184177,0.0192968243,1.615861924,0.003440011002,-0.8157712013,0.9554350602,1.169121515,0.234228845,-0.3301717498,0.9905071254,1.496487696e-05,0.9873767533,-0.01597293548,-0.8291243315,0.9729847304,2.149214008,-0.00123026066,-0.04550296729,0.001318371362,-5.433764692e-05,0.8908696666,0.02522263269
2021-08-16,1.964234573,1.899754622,0.7817346576,-0.8337427283,1.308915456,-0.0007123059269,0.6552067128,0.8716575872,1.70445439,0.6270981403,0.896085493,1.074497771,1.119308258,-0.9806864335,0.3578140165,0.2576644817,-1.774153108,0.6114793538,-0.02526830915,0.6291548939,0.4956817134,0.7483439265,-0.2971832685,2.086997632,1.357943004,1.650044934,0.0192537075,0.8883623263,0.003487136071,-0.1288580128,0.4339668494,1.194126792,0.6961313354,-0.3058315636,-0.606893755,1.495041718e-05,0.01993791999,-0.01600210942,-0.7809912515,-0.5680361867,2.511431699,-0.001303320799,-0.04592188522,0.001350691485,-5.452681437e-05,0.3610072802,-1.472699013
2021-08-17,-1.082057137,1.419068514,-1.015826278,2.000023201,1.325826724,-0.0007141373479,0.7784495223,0.2187785913,1.821486508,2.700603196,0.05301641923,0.3554784895,0.9654594728,-0.6869701067,0.5492914149,2.010682005,-1.422506167,1.867828476,0.7802713777,0.8658180216,0.02772749815,0.1550572252,0.2111419288,2.191810176,0.7271874568,2.446306905,0.1026076461,0.8726876548,0.003533781195,-0.0549041386,0.422906702,1.158099605,0.5980238997,-0.3955679616,0.0863601514,1.493590263e-05,0.1184460977,-0.01603071568,-0.3917296376,1.049743344,2.502322171,-0.001377110256,-0.04634023712,0.001383193592,-5.471553403e-05,0.3341785784,0.5459273349
2021-08-18,1.267302441,1.37637136,1.565403406,1.555205804,1.675880176,-0.0007158982474,0.521611732,0.2826009941,2.10762663,1.596380977,0.7697845426,-0.0997959486,1.040145349,-0.263012545,0.08630664762,-1.287024096,-1.471767291,1.128742085,-0.005329525975,0.6191078267,0.02771783187,0.1971996325,0.05089461418,1.219683595,1.206455401,0.966100157,0.01916518485,1.317681832,0.003579930276,-0.4395605727,0.4165778952,0.6624709561,-0.01344703262,-0.2547572006,0.03591664416,1.492141289e-05,0.04113572871,-0.01605875143,0.4111582103,0.03209230617,0.7356901973,-0.00145163134,-0.0467580097,0.001415875103,-5.490380459e-05,0.2531600405,-0.7350140523
2021-08-19,-1.127796658,-0.5819707196,0.505919841,0.6412684266,1.276613631,-0.0007175863576,-0.3234617576,0.1611202441,2.028583543,0.05599240387,-0.1984237339,0.3951205604,0.9929777294,0.8324456655,1.076341374,-0.6480214509,-1.82648675,0.1819196904,-0.05825924848,-0.2685218916,0.02770700081,0.1808210521,-0.3284994427,2.034514867,0.8889739623,0.9575359622,0.01911978442,0.9099398918,0.00362556771,-0.4621108452,0.1926714422,1.239909939,0.2647481677,-0.0683354615,-0.5716437504,1.490703047e-05,0.9221681672,-0.0160862139,-1.411060441,0.7180096287,1.685453231,-0.001526886226,-0.04717518925,0.001448733469,-5.509162487e-05,0.278730942,-0.3245426262
2021-08-20,0.9360847637,1.452896361,0.8483475183,-0.2126916422,1.724757314,-0.0007191995263,-0.2615954419,0.2718545683,2.261636985,1.097228767,0.3261395245,-0.1248011453,1.451384311,0.3738625915,1.195989824,-0.9130386853,-1.535968406,1.090929651,0.003151703138,-0.2444789205,0.191271169,0.002894770557,0.0001829488131,1.274249424,1.604538497,1.59746036,0.01541848363,0.9455927334,0.003670678401,-0.1561589791,0.86734646,0.8607958453,-1.101544396,-0.2548897684,1.002842488,1.489284099e-05,0.6813052249,-0.01611310033,2.219272109,0.7825762202,1.629988406,-0.001602876952,-0.04759176164,0.001481766184,-5.527899389e-05,0.2698510532,-0.696655618
2021-08-21,1.428205076,1.982298055,0.502223305,-0.430219911,0.4642546043,-0.0007207357353,0.8411965561,-0.2088654249,2.014016688,1.117959142,0.4749178918,0.9304959127,0.4614233164,-0.3992099492,1.985532845,-0.3536020426,-1.856681033,1.114943051,0.5353242023,-0.1849928037,0.2900048249,0.1695150491,0.4254513203,2.027667541,1.296160921,1.377564945,0.01902671978,0.929992787,0.003715247774,0.8282102515,0.7835075032,1.167677514,0.7506304111,0.392971144,0.9005163142,1.487893359e-05,-0.2898852346,-0.01613940789,1.704708796,0.03234004969,-0.2521755173,-0.0016796054,-0.0480077123,0.001514970786,-5.546591081e-05,-0.3453706307,0.1943950693
2021-08-22,2.104336676,1.351297155,1.157690788,-0.5595450331,1.157991334,-0.000722193119,0.2504070885,0.3681746234,2.109805555,1.565366023,1.004499447,-0.01765092746,1.040863318,0.5491922805,1.972018021,-1.21146627,-2.68108298,1.100195122,-0.0273920449,0.5761949034,0.02766752575,0.05668248231,0.2915451886,1.687662286,0.8075433742,1.790479582,0.01897906182,1.185918726,0.003759261787,0.007273264765,-0.3747705907,0.9126762618,0.8364741826,0.6278262934,-0.330033336,1.486540118e-05,2.185309697,-0.2023951477,-0.6067190025,0.03242169919,1.583976304,-0.001757073283,-0.04842302621,0.001548344864,-5.565237501e-05,0.3734456941,1.070088679
2021-08-23,-2.86255859e-05,1.023553417,0.8198199393,-0.05062980868,0.6727525152,-0.0007235699824,0.884958263,1.243947621,1.959564152,1.712252439,0.7148798464,0.3874402595,1.36861322,0.8372940874,1.115602381,-0.9997666534,-1.965901323,-1.433535868,-0.8873616369,0.3297645874,0.0276520427,0.1952544477,-0.04366938274,1.956561563,0.8390218789,1.564269028,0.01893065791,0.8188265607,0.003802706936,-0.5102584029,0.5906649257,1.194186817,-0.639797232,-0.6076723465,0.1119273969,1.485234182e-05,0.2867028204,-0.1123271116,-0.8533735994,1.26036767,1.751296269,-0.001835282135,-0.04883768789,0.001581886063,-5.583838604e-05,0.4502576598,-0.233739095
2021-08-24,1.185738451,0.991977189,1.274310098,1.181068962,1.106017035,-0.0007248648198,0.1942070016,-0.0930893761,1.046448075,1.97719338,-0.5343001568,0.1745327527,1.087142928,-0.275146157,1.185034932,-0.09603471471,-0.6202007163,1.083784468,0.7164854535,0.3164087396,0.4677197478,0.03331072838,0.4669844547,1.843581286,1.065568481,2.106983328,0.0188815114,0.5708354111,0.003845570267,0.2777506888,0.6884407666,1.239632754,0.3247093883,-0.2248645185,0.1820634446,0.7758312017,0.8272362856,-0.09842015032,-0.4089069262,1.057086007,1.692570172,-0.001914233327,-0.0492516814,0.001615592092,-5.60239437e-05,-0.4781378548,-0.8311254197
2021-08-25,0.774189493,0.3432540252,1.656986911,1.201690005,0.805404832,-0.0007260763317,0.3465131159,0.772810563,-0.4949423612,0.5108194251,-0.03684991924,-0.1889725552,1.440891975,0.8841026041,0.7993174317,-1.306790896,-2.241493323,1.078062133,0.9057911767,0.3861102242,0.02761759499,-0.05232063163,0.7391434234,1.733616808,0.6606015043,1.586378028,0.01883162553,0.5505667108,0.003887839374,-0.0927960697,0.3111097512,0.5744520588,0.342951704,-0.3731152603,0.58749809,1.255504761,0.03700283048,-0.08150910813,0.2882468992,0.9495989048,1.613655424,-0.00199392813,-0.04966499031,0.001649460731,-5.6209048e-05,0.1154187559,-1.768166947
2021-08-26,-0.4829393676,0.5196878102,1.72482526,0.963241273,0.8161620887,-0.0007272034413,1.219613399,1.171718729,2.484197302,0.4701122083,0.9299655495,0.3633589164,1.532038807,0.6352823905,1.148795178,-0.5176559318,-1.77251145,1.249411131,-0.9465515608,1.129178606,0.7536213004,0.3027454911,1.067461551,2.001859311,1.00385525,1.020845612,0.01878100347,0.546224701,0.003929502401,-0.5856677236,0.5683635534,1.235929625,0.3567724604,0.01043441977,-0.4916007881,1.954088719,-0.02335432548,-0.01626216303,-0.7554790836,0.578076725,2.085771915,-0.002074367571,-0.05007759774,0.001683489833,-5.639369917e-05,0.1028603404,0.05077039065
2021-08-27,1.01940924,-0.3769212603,1.541283621,1.102219874,1.210163264,-0.0007282453101,1.347895868,0.5597713321,2.952495434,0.2966511461,0.686329893,0.4254957466,2.205674528,0.2736657172,1.260746984,1.2549556,-1.904407053,1.091225542,0.05159752089,0.7268382342,0.1915591585,0.3795679806,-0.4240613944,1.885714477,0.7794433319,1.819377058,0.01872964856,0.5627891047,0.003953795249,0.07754453175,0.2970259824,1.280483892,-0.379608137,-0.5331211887,0.1589962134,1.499850342,0.6154643706,-0.006718538019,1.693328683,0.4832592564,1.648195997,-0.002155552434,-0.05048948626,0.00171767733,0.9477373307,0.4369335922,0.03478595846
2021-08-28,1.075951027,0.7524245733,2.350398896,0.09155229203,1.006594641,-0.0007292013517,0.4070356957,-0.2073877985,2.149323252,0.05188636345,0.09671347538,1.053392994,0.6206878482,-0.2725474668,0.2760654472,2.137592335,-0.8489283292,1.169296272,0.6803279079,0.2658758417,0.8351834591,0.3176722391,0.479335435,1.856230491,0.8239660076,1.576464376,0.01867756407,0.5701144286,0.003977220604,0.007473789082,0.5644842798,1.239946569,1.218081868,0.6671057772,0.2503743582,2.560383427,1.148114319,-0.05648352112,1.494854846,1.051823283,1.243599847,-0.002237483486,-0.05090063799,0.001752021242,0.6798967575,0.5088616282,-1.033834898
2021-08-29,0.8393461632,0.9778879492,0.6907950476,0.6950461903,0.9430979557,-0.000730071244,0.6888451639,0.2870357624,1.933657321,0.7292629126,-0.1402540913,0.315984256,0.5653800066,0.982699274,1.287865129,1.332184376,-1.117128563,1.213999752,-0.05946647312,-0.06043975256,0.2681279249,0.2233448318,-0.3205167953,1.652327745,0.7693942664,2.012598437,0.01862475322,1.141927337,0.003999783838,0.6215238845,0.3472563127,0.6487559153,0.5118605256,0.0004625865837,0.5486116588,2.145557304,0.06677800404,-6.50783968e-05,3.055088748,1.432275638,1.572567869,-0.00232016143,-0.05131103449,0.001786519677,0.3923539535,0.8531187915,2.045125874
2021-08-30,0.6916787395,1.68635767,1.00406282,0.5296431018,0.8875422188,-0.0007308549404,1.048968389,1.152897858,2.072738978,0.9839394135,0.6092279411,0.3669444234,1.861200902,0.4191789581,0.1372936325,1.421842853,-1.677662374,1.724556328,-0.8782977607,0.2327266218,0.1738173086,0.3313801324,1.009438239,2.036002077,0.6037986454,1.599088965,0.01857121914,0.06060061597,0.004021490795,0.1141575087,0.4114800434,0.9394073106,0.491399226,0.09741044425,0.6346129701,2.901261374,0.3541426413,-0.01634965858,2.776129991,1.634270141,1.485949893,-0.002403586507,-0.05172065684,0.00182117084,0.5166228764,0.6974058392,-1.606816316
2021-08-31,0.5831189294,1.247957868,1.373488354,0.5722086158,0.1960312265,-0.0007315526773,0.4036425383,-0.6780917027,2.202878632,1.303633852,0.4856983561,-0.4391152559,1.971335237,0.3157623229,0.8373563485,1.911509182,-2.28561859,0.8720831089,-0.03550524116,-0.05556629003,0.1556046586,0.3285508481,0.3938469262,1.751617497,0.5593372942,1.370414429,0.01851696485,0.2876987704,0.004042347767,0.3461977532,0.5349624589,1.117801436,0.5171909189,0.4614495415,0.1955773123,2.416364553,0.4729318662,-0.08205906023,3.134842139,0.528623221,0.9218347899,-0.002487758366,-0.05212948557,0.001855973034,0.553516079,0.6591300113,0.5456100051
2021-09-01,0.5806411296,1.674018002,0.9126934953,0.8395679869,1.535148861,-0.000732164981,0.7581932751,0.6183557626,2.949721409,0.583499607,-0.2169722782,-0.1445391969,1.60777257,-0.5051869993,-0.334179269,1.232611857,-1.040279823,1.596473966,0.9168408266,0.2482461595,0.02746058914,0.4897395468,0.2093790808,1.714170503,0.8137654961,1.197598229,0.01846199329,0.3016725609,0.004062361467,0.0412274376,-0.2921429677,0.9688995726,0.9954034836,-0.0493428297,0.03740327471,1.880741261,-0.2510241181,-0.08602957513,-0.7718509118,0.745612292,2.660572382,-0.002572676429,-0.05253750068,0.001890924666,0.5625329168,0.5228040105,-1.020444648
2021-09-02,0.7096208629,1.778703854,0.6921972139,0.4947292658,0.09175929653,-0.0007326926711,-0.3775015242,0.1882084936,2.352020159,1.142203223,0.2160970085,0.5066814633,1.35371054,-0.6986980261,0.5249073645,1.226667338,0.3871115117,1.418479589,-0.1726213533,0.549039184,0.2888768405,0.3939543352,0.4894545137,1.739067521,0.4414786259,1.459508634,0.01840630736,0.2564683047,0.004081539002,-0.07959420167,0.4019559542,0.8762743373,1.040445821,0.04265290582,0.0694941555,2.559180957,-0.1840112258,-0.01640891966,-0.9461423885,0.5301646073,1.477282207,-0.002658341361,-0.05294468166,0.001926024252,1.329395471,0.02996101401,-1.323810558
2021-09-03,0.9822844562,1.064370239,1.015537121,0.2552210328,0.6928287616,-0.0007331368616,-0.3838330305,0.4717673935,2.304606286,1.628552086,0.005151616841,0.3926523678,1.434457845,0.6739031262,-0.1537658913,1.056863477,0.9155019997,0.5996378252,0.9989386756,0.6599909214,0.0548130067,0.3229801964,0.3362303096,1.111282786,0.4659445271,1.608287759,0.01834991011,0.2341055558,0.004099887851,0.007633187977,0.1999269493,0.9279129786,0.1001013693,-0.008057753179,0.5410392178,2.49982051,0.01624622018,-0.1237934777,-0.8672800898,0.7508479716,1.802208611,-0.002744755274,-0.05335100744,0.001961270419,0.808475048,-0.265121638,-0.6284655949
2021-09-04,0.02597415328,1.480734001,0.5852944909,0.3603560889,-0.003033934032,-0.0007334989599,0.08824599654,0.6365660892,2.473191617,2.29342333,0.3757052195,1.110934916,1.361570486,-0.001594814348,1.389939047,2.104181755,0.06638581734,0.9612661367,0.6194846257,0.5728649058,0.5104663391,0.2800114826,0.1488534189,2.042178095,0.1226948811,1.256737945,0.2285821413,0.7531899933,0.004117415834,0.007655302573,0.3953615597,1.325703326,0.5596812104,0.3690388085,0.9332345289,1.670728697,-0.4958331057,-0.009880879018,-1.41008246,1.227972387,1.979785003,-0.002831921514,-0.05375645641,0.001996661912,0.5508490895,0.1636987061,-0.8122198802
2021-09-05,0.9675158119,1.413435573,0.775383909,1.404853792,-0.03558084342,-0.0007337806621,0.903428504,0.4298258183,3.180906981,1.670457344,0.2405316775,0.4187708769,1.50065898,0.4939246067,1.582571625,1.119935464,0.4222801351,0.9116313827,-0.8663680436,0.3982981438,0.01046363947,0.02743184072,0.3512203568,1.58804091,0.234344293,1.590114985,0.01823499366,0.1004120009,0.004134131091,0.00767611022,0.6020195959,1.410720158,1.086542343,0.2369006617,0.6902486476,1.311926923,0.01590759518,-0.1571269041,-0.3661323582,-0.3884686093,1.394968784,-0.002919844437,-0.05416100642,0.002032197592,0.7394975924,0.04567409054,-1.000718158
2021-09-06,1.3812139,1.537300082,1.459501099,0.6298231429,0.6643358617,-0.0007339839466,0.7851630641,1.723856269,2.746953034,1.320484479,0.7061328959,0.2533549527,1.146179387,0.6951846976,-0.2093924933,1.113210117,-0.06849876216,0.6473238912,-0.02744184291,0.08421484063,0.222095623,0.2914894575,0.02577929844,2.375144987,0.3839923084,1.654639479,-0.07724446715,-0.2819398747,0.004150042055,0.1404037239,0.1553180304,1.120643451,0.06120249136,-0.314709071,0.7409179194,1.566428143,0.3602211078,-0.2649411846,-0.7170564814,0.4207025332,1.008745258,-0.003008529165,-0.05456463478,0.002067876447,-0.3284320017,0.1050512427,-0.8059814087
2021-09-07,0.9901773468,1.388334393,0.2437430492,1.183612997,0.1138341028,-0.000734111064,0.3652319229,0.2026227066,2.66849952,1.31753415,-0.03641230446,0.682746348,1.360931125,-0.001633079721,0.4460402654,1.688950832,0.5696268593,1.629360615,0.00350259921,0.3060448257,0.253312251,0.05194432632,-0.3711585734,1.866894974,0.09091421576,1.575612471,0.01811726712,0.05979370661,0.004165157426,-0.3733308793,0.4120546089,1.151967584,0.3217708166,-0.06541708668,0.2334208085,0.5643169293,0.7871895865,-0.01649536777,-1.940568271,0.4942259737,0.3578368509,-0.003097981323,-0.05496731823,0.00210369759,0.7933289718,0.5082522992,0.5475687361
2021-09-08,1.322296276,0.4276989838,0.8709711271,0.4957893614,0.5787360891,-0.0007341645258,0.5442043331,0.0587953306,2.504896255,1.749718191,0.07117367415,0.4122037458,0.8356902262,-0.08163891471,-0.1747063026,1.476682631,-0.08426285405,0.5104653805,0.1888842144,0.5333795133,0.3812990133,0.2615986462,-0.1273499587,1.610947873,0.6621562107,1.230893822,0.0180573569,0.0773742122,0.004179486148,0.2771399201,0.3191252028,1.012475834,0.2798917159,0.2552894423,0.03719146735,1.068086005,0.1825070204,-0.08253009029,-1.070831984,0.0337413298,1.097956719,-0.003188206774,-0.05536903297,0.002139660262,-0.1649360183,-0.1016714191,0.06859607468
2021-09-09,0.5284663,0.2174085735,-0.6491886965,0.7381092188,0.7461300153,-0.0007341470889,0.9326809184,0.1006235338,2.394163045,1.636795341,-0.5276584103,0.271524749,0.6234794844,0.2651812359,1.098528236,1.481263792,-0.3790361469,0.5064103602,-0.2365357014,0.1834324681,0.02721227762,0.05263532466,0.2857475271,0.9764531679,0.2666821411,1.327369561,0.1902185884,0.06563119282,0.00419303739,-0.2545348764,0.6871073553,0.8445222839,0.5131778267,0.1057579646,-0.8762665019,0.652296668,-0.9677259325,-0.08600575583,-0.03441745673,0.4823345079,1.003671955,-0.003279211319,-0.05576975466,0.00217576384,0.2126938755,1.065716553,-0.3588865903
2021-09-10,0.8658473597,-0.3539709998,-1.945183257,0.3816384525,0.445371877,-0.0007340617394,0.2736451054,-0.2037127703,2.205826315,1.3981558,-0.03387664392,0.7557199332,0.7897494556,0.2568109679,1.017056289,0.7380461849,0.3600712562,0.3752302786,1.057871548,0.04007801108,0.02717612374,0.1049687001,0.3846413425,1.179960263,-0.2738878179,1.689591174,0.01793545605,0.108754055,0.004205820521,0.154938213,0.4174833551,0.8524917861,0.8694145281,-0.3530829491,0.3662489351,1.717358687,0.6699217731,-0.1473207214,-0.408175202,0.04423042757,1.813291444,-0.003371000399,-0.05616945843,0.002212007834,-0.1275859839,0.1907207159,-1.04044579
2021-09-11,-0.4665064778,0.4469219934,-0.221464889,0.5351436136,1.349824345,-0.0007339116733,0.416152542,0.1545828378,2.930615767,1.977114803,-0.0357465429,0.7478629789,1.885575069,-0.3313904769,0.9986100694,2.29753561,-0.09832000895,0.7104981142,-0.1734690758,0.529946627,0.027138842,0.3504643505,-0.07569486442,1.985457034,0.516518053,1.806391961,0.01787347109,-0.05914198984,0.004217845099,-0.01077999007,0.449279963,1.055040031,-0.2849398501,0.8288913315,0.1538343826,1.335645805,0.9660008211,-0.03010415619,-0.6672582357,0.7339860615,1.030132982,-0.003463578767,-0.05656811883,0.002248391893,0.05209323565,0.2273455339,0.6101399177
2021-09-12,0.7784858639,1.264137994,-0.5962231816,0.7131586467,0.4085967351,-0.0007337002757,0.9398898787,0.2695006445,2.462960224,1.092985544,0.8027881643,0.2916676544,1.911792976,-0.2339863137,0.8711598399,1.228707776,-0.08565434406,1.1512163,-0.8693793399,2.380377057,0.02710043531,-0.2464418707,0.5931638939,1.969896072,0.8030728625,0.6886181479,0.01781080018,-1.770914404,0.004229120853,-0.3364220964,0.3416757931,1.219735201,0.422142074,-0.07560436092,0.2636036327,1.303852348,0.6761718989,-0.05246095133,-0.5866940055,1.303683693,0.0337169673,-0.1408118476,-0.05696570992,0.002284915808,-0.01063772694,0.2577163265,1.031208796
2021-09-13,1.493702146,0.5393279635,-0.03906673447,0.9335784197,0.8395884283,-0.000733431099,-0.2460606549,1.438317983,3.152151631,1.467584809,0.9439084302,0.6711038315,1.179793224,0.4574942832,1.129910137,0.7967893714,-1.16565166,0.8733901804,-0.007750557298,2.109291357,0.02706090675,0.1998963373,-0.1274957592,2.04968454,0.1854425458,1.126736253,0.01774744604,-0.2135684951,0.004239657667,-0.5074278965,0.4424110903,0.9316016336,0.2798070298,-0.7377049441,-0.1624576168,1.251208164,-0.9686045366,-0.06242725952,-0.4648844626,0.4269926866,1.028269433,1.782090875,-0.05736220521,0.002321579514,-0.2500399215,0.4027128599,0.1958437459
2021-09-14,0.5547023073,0.5880428766,0.03114480234,0.4242046587,0.6853084004,-0.0007331078387,0.1797901632,0.8504739228,2.981495712,1.723922787,0.2505858834,0.6108786323,1.22561342,0.2926878715,1.155787805,1.38819714,-0.8557623885,-0.0008643756429,0.721548018,2.443730931,0.02702025946,-0.004455696949,-0.3046853945,2.169908744,0.4932295707,0.9973432889,0.01768341132,-0.2419201779,0.004249465565,-0.1020089748,0.8202615205,1.242438605,0.1640902933,-0.4208451735,0.03379889729,1.47093106,0.5316247192,-0.0008197794816,-0.4951676509,-0.6237644718,1.224534042,1.745001771,-0.0577575777,0.002358383088,-5.968334933e-05,0.6779364381,0.1683148105
2021-09-15,1.032986072,1.694925166,0.04997549052,0.1658557724,0.2620275492,-0.0007327343096,-0.4912789119,-0.3472017054,2.714229507,1.30417026,0.7985096665,0.6464529358,1.564495549,-0.3100648364,0.9114030526,0.9038358408,-0.2984841748,0.1599267732,-0.6166842702,1.899010239,0.02697849663,-0.07431606691,-0.1052760944,1.905696541,-0.1745823669,1.893896864,0.01761869862,0.3997890653,0.004258554703,-0.7607738474,0.3721332452,1.176715546,0.7634578076,-0.06484830157,-1.025806082,1.170343284,0.6652204381,-0.157584186,-0.6938569519,1.031377044,1.136560391,2.039004752,-0.0581517999,0.002395326759,-0.03172422442,0.1393535404,-0.6139767704
2021-09-16,0.4238313164,0.7807047623,-0.2021111802,0.6230785947,-0.2802177082,-1.38162403,1.300829331,0.07890371728,-0.6600332279,1.520453668,0.7890641679,0.6593552915,1.579923667,0.5072159087,1.146006322,1.00717223,-1.10976858,0.1046423989,-0.7990925233,1.897700554,0.02693562146,-0.09809833205,-0.219697241,1.621472871,0.2033035116,1.064000366,0.01755331051,-0.01277312175,0.004266935343,-0.5522937819,1.098828407,0.8954516008,0.802998818,-0.2597381505,0.7864992965,1.096903806,-0.8060265685,0.04130821034,-0.5037617703,-0.1749552197,0.9439625126,1.740944199,-0.0585448438,0.002432410904,-0.6062767152,0.4904954522,-0.5758085126
2021-09-17,0.88688809,1.310614828,0.005455771215,0.277601276,0.386065738,-2.023324347,0.9506664049,-0.1760900228,-0.5603049896,0.1947961501,0.8146591301,0.3143242575,1.627681532,0.3637831265,1.1750532,0.7774940117,0.2954258946,0.443790901,-0.5994702677,1.57001158,0.02689163721,-0.1406874972,-0.2849722179,1.235638319,0.1753494911,1.920092484,-0.1200390259,0.02218452287,0.004274617852,-0.3296359333,0.7929471461,1.279692695,0.5312195056,-0.7220640315,-0.09299979473,1.077201885,-0.06968026154,0.06739163626,-0.5656051531,0.7455473836,1.256447102,1.555628125,-0.05893668093,0.002469636053,0.09231242469,0.4170703017,1.668832095
2021-09-18,1.103294444,1.302581583,0.142571887,0.2732706783,0.1344375827,-0.1452521679,0.196294388,-0.9344828377,-0.4279206007,1.601546267,0.7428736464,0.7631305287,1.616412525,0.3022136974,0.80971448,2.071329513,0.3011392337,-0.9111689628,-0.2877444357,1.990453951,0.02684654723,0.04830561975,-0.1909058486,0.1805817013,-0.1564732607,1.307607228,0.01742051939,0.1489810375,0.004281612684,-0.4439942767,0.8000950955,1.014096584,0.5538485685,-0.05012690287,-0.1758618912,0.03285939887,-0.4159606907,-0.1566243387,-0.8222840613,-0.2355814363,1.656607819,1.595997319,-0.05932728235,0.002507002887,-0.7133384053,0.3958947509,0.1055798295
2021-09-19,-0.1612060873,1.34115895,-0.3947906706,-0.473886178,-0.1492060998,0.6101898408,-0.5701428295,1.060528343,1.391924988,1.588621025,-0.6017887778,0.847896907,2.136503933,0.06915436444,2.28208692,1.346783103,0.2635168819,-0.9374023758,-0.8329585622,2.181916021,0.02680035509,0.1341733129,0.6552682293,1.956118432,0.5383450924,2.454456651,0.01735312214,0.1613326623,0.004287930373,0.007833238007,0.6983614176,1.309032136,0.6458495545,0.6899213069,0.03679017212,0.7110167036,0.9122701306,-0.002546946882,-0.9187165173,0.8256374527,2.521271891,3.343949503,-0.05971661867,0.002544512243,-0.2567785333,0.8318375849,-0.2375384409
2021-09-20,0.758710635,1.265914393,1.08819975,-0.04868833798,1.425606902,1.041663773,0.1208976543,0.02296680954,1.71277864,1.622064619,1.20855812,1.267525602,1.553385846,1.153538957,2.752281457,1.767894406,1.067793429,-0.9933098728,-0.8051639677,2.200792519,0.02675306454,0.8583850553,-0.1480366005,2.478007169,0.6659881298,2.069930034,0.01728506097,-0.05256556994,0.004293581523,0.007835463049,1.078769588,1.510321718,0.8201426412,0.6179605462,0.8238019163,1.035244829,0.7788134605,-0.01664622736,-0.4755329965,0.03459184181,2.341392292,3.703777538,-0.06010466007,0.002582165116,-0.2973824581,0.7985587724,-0.2975458612
2021-09-21,1.143652896,1.871532896,-0.4628291335,0.7271652333,0.9703209023,1.636756561,0.4490478858,1.059703481,-0.7413319228,1.897408342,0.9900950201,1.306861188,1.514106183,-0.001751510244,2.244782536,2.201730306,1.520208795,-0.9691455761,-0.8258262814,-0.0118494177,0.02670467934,0.1296411653,0.6758492505,2.176927717,0.7449037413,2.544182477,0.01721633879,0.5829091057,0.004298576795,0.007836596363,0.7886917337,1.539017002,1.286925665,0.9038238575,-0.1804210521,2.070255764,0.3128525362,-0.02822270944,-0.6778120494,0.4946167956,1.992993846,2.74320313,-0.06049137635,0.002619962656,0.5211458317,0.8733711059,0.2953133969
2021-09-22,2.079195701,1.303032015,-1.040367984,0.179026256,-0.3009539556,0.718321158,-0.6071200446,-1.088706961,-0.9238459247,0.8545312473,-0.5606717885,0.724345584,1.646463347,0.7256033289,0.4107471967,0.9490849345,0.2956631559,-0.9911887217,-0.6345769885,1.439789505,0.02665520331,-0.05280554341,-0.04652300252,2.005181134,-0.03164472553,1.794749967,0.01714695858,0.5423519293,0.004302926904,-0.3687430317,0.6953500131,1.33903374,0.4387567839,0.1455063784,0.1670509243,1.118607213,0.07265305044,-0.2460644311,-0.7546650294,0.3628764713,0.6462213693,2.192508516,-0.06087673691,0.002657906173,-0.09024411379,0.4155229011,-0.249070343
2021-09-23,0.1255334818,1.373285607,-0.2709064741,0.2594869837,-0.683369696,-0.5025643844,-0.2246524071,1.153082294,-0.8140458618,0.5091391391,0.8520731212,0.753374688,1.398327736,0.2179619968,1.552896245,-0.6400988381,0.2850307964,-0.01310311591,-1.174425509,1.098663835,0.02660464034,0.06664971572,0.003488084115,1.586482366,0.4923975835,1.989272568,0.01707692327,0.01109255934,0.004306642605,0.1927593599,0.826672599,1.073602856,0.595765217,0.1346022402,-0.1540066267,1.212071978,0.167233959,-0.1253552601,-0.5393539838,0.5608455527,1.166582626,2.194442586,-0.06126071081,0.002695997134,0.09085090612,0.5192533986,-0.4637951026
2021-09-24,0.4261043309,0.8956131833,-0.4623186725,-0.2295386667,0.7075689274,-0.5906305984,0.0167400094,-0.4165645081,-0.7478520868,0.5005598562,0.9572429522,0.3515180844,1.044805858,-0.08598252026,-0.08549200984,0.6762364563,-0.123523887,-0.8868556378,-0.6814792536,1.152630434,0.02655299436,0.06475909543,0.4063405585,1.197422997,0.5026232691,1.491911436,0.01700623589,0.163648961,0.004309734687,0.007833673561,0.8757840955,1.161438284,0.6256207858,0.1893669028,-0.1034472924,1.338589247,0.03378016344,-0.04185336335,-0.5954963801,1.170882051,1.4857714,1.855909076,-0.06164326677,0.002734237169,-0.9032277772,0.7988630344,-0.9456498108
2021-09-25,0.4305768062,1.231820723,0.03846040211,0.1062294145,0.8112191596,-0.2407879493,0.7337440515,1.371752201,-1.009577918,1.34093846,-0.05703016273,0.8888697711,1.66601799,0.5546583867,0.5849283271,1.15247217,0.2756803202,-0.856247632,-0.4437155803,2.038652102,0.02650026946,-0.1769048182,0.128531591,1.121831453,-0.3167569304,1.523114609,0.01693489961,0.7877809254,0.00431221397,0.007830667147,0.3194727131,1.236224799,0.4358597731,0.7929375175,-0.8024791843,1.000931829,0.5866667245,-0.1236773287,-0.6729688742,-1.279631635,-0.287900234,2.718293287,-0.06202437325,0.002772628065,-1.445451406,0.1860075742,0.7767487929
2021-09-26,0.5933952229,0.8946251837,0.5214067039,0.299603202,-0.06124756632,-0.7636926368,0.1746302975,0.3845502078,-0.9057786548,0.8698719977,0.06990597288,0.9672571348,1.219441701,0.2898571513,-0.4758050677,0.3009182619,-2.328859549,-0.7567602833,-0.7753459732,0.3429280599,0.02644646987,0.04589844806,-0.07146626057,0.4987832925,0.003806546487,0.4437246082,0.01686291777,0.502906345,0.004314091289,0.06745132803,0.9308756983,-0.7283709839,0.6674247562,-0.4674085537,-1.71148792,0.6847696778,1.10716124,-0.2285002768,-1.08125628,-0.2404478179,-0.7501429846,1.600064978,-0.06240399842,0.002811171771,-6.040184992e-05,0.1284489233,0.3949631075
2021-09-27,1.769769875,1.370067079,0.6146305334,-1.133900176,0.4504508752,-0.7031387802,-0.1102056632,1.747404077,-0.339093626,1.910701637,0.06993905587,-0.1474089557,1.127556007,-0.2984087458,0.2280769903,-0.637127303,-0.7740645205,-0.6808997355,-0.6507510381,0.7743255838,0.02639159985,-0.3307931363,0.5582388589,0.989180213,0.02449416195,1.375055043,0.01679029377,1.178374065,0.004315377497,0.3587371909,0.3015853118,-0.515755909,0.2335253092,0.4179348078,-0.6823736713,0.7303293393,0.2065580686,-0.2196336636,-0.6431604496,-0.08022970519,-0.1492233206,1.635894112,-0.06278211029,0.002849870396,0.1226761439,0.3218967497,-0.5359695311
2021-09-28,1.74095821,1.178962161,0.210656758,0.003701763957,1.298101957,-0.3066213299,0.7303172715,1.887201573,-0.7307119557,1.72371668,0.5803274813,0.01163970394,1.097776654,-0.001746599793,0.2039273204,-0.4094379759,0.1430735744,-0.4786342885,-0.6983155256,1.115798884,0.02633566371,-0.05742462115,0.2740795601,0.9244250408,0.1670968595,-0.004433715187,0.01671703117,1.638153762,0.00431608345,-0.5202181498,0.7609338398,-0.4773734097,0.3569270172,0.3548037179,-1.46008683,0.6675321354,-0.1410124357,-0.2146662081,0.05270380753,-0.5939282629,-0.2669134803,1.671823286,-0.06315867664,0.002888726209,0.1731872617,0.5593429158,0.7527143506
2021-09-29,0.5850600921,0.8441607317,0.297098113,0.3838603682,0.4939232289,-0.03715241849,0.3190053049,0.8918443906,-0.499757859,1.506947883,-0.3661888921,0.4698578963,1.054399631,0.3801162726,0.3667677619,-0.5797042786,0.5531038501,-1.192265478,-0.619090889,0.3313685421,0.02627866595,0.4763930545,0.1436073674,-0.08587528895,0.8964734787,0.6578967121,0.01664313356,1.253031409,0.004316220007,-0.03931406157,0.6916776999,-0.2965169659,0.6414191136,0.09395658164,-1.209375575,0.9995268755,0.39704964,-0.01668665702,-0.6657625613,-0.6700840244,-0.02950726534,2.336333372,-0.06353366518,0.002927741637,-0.361666788,0.5103873887,-0.3105977753
2021-09-30,1.521142606,0.9711090713,0.05799751612,-0.7318671862,0.7536205096,0.06337497694,0.3201012864,-0.066513023,-0.8968905031,1.368761355,0.4091707288,0.4888104885,1.125143777,0.4116525476,-0.3295334093,-0.8562636422,0.1144337063,-0.738573305,-0.6252850801,-0.08144370141,0.02622061124,-0.1989639375,-0.286416083,-0.3530514993,0.3452300604,-0.4520148218,0.01656860458,1.214020954,0.004315798024,-0.4634032688,0.717167439,-0.6597991587,0.4528857602,-0.2812821195,-1.712617152,-0.2907122065,-0.1411705558,-0.01668788168,-0.7604560765,-0.8545106394,-0.3394628335,1.926730506,-0.0639070435,0.002966919267,-0.9370098282,-0.01356040829,-0.3247613109
2021-10-01,2.189467827,1.413035359,0.4395656905,-0.5633544249,1.897827695,0.6167953579,0.357724821,1.022038083,-1.005636591,1.514198502,1.652169364,1.002786081,1.682201888,1.518137303,0.7959421188,-1.101587047,0.9894298656,-0.7796983574,-1.006658995,0.1179060942,0.02616150427,0.4895121593,-0.1858022549,-0.7577702325,0.2460741998,-0.7507312932,0.01649344795,1.226330682,0.004314828344,-0.701211148,0.6980578094,-0.7443762624,0.6496811585,-0.58385413,-1.1002472,-0.5199943562,0.3710422432,-0.03534147227,-0.8150211908,-0.4937429683,-0.4225932156,2.574236916,-0.06427877921,0.003006261844,-0.0146204733,0.9771725638,-0.2727320982
2021-10-02,1.631026489,1.032791317,-0.2198746418,-0.7953839604,0.7271688905,0.5225525774,0.4094068044,0.2754238338,-0.9939979269,2.032503262,-0.1755997019,0.4721188496,0.8244595039,0.4877927965,-0.1082058613,-0.6612198565,0.07832718629,-0.8208755423,-0.570110754,0.3936259134,0.02610134972,-0.3116288878,-0.4860031403,0.4809644518,0.3337568887,-0.6656416608,0.01641766756,1.215091382,0.004313321796,-0.7902552383,0.2980667011,-0.6484035347,0.3693335017,-0.364034083,-1.506734199,1.01933445,-0.6308636968,-0.2588470907,-1.059749234,-1.549655427,-0.527797124,2.096093398,-0.06464883993,0.003045772265,-0.1816990432,0.3044959687,-0.1902836092
2021-10-03,1.194961117,0.6216165935,0.6052521437,0.2711405403,0.6541859735,0.7927768143,0.4270247054,0.9269950211,-1.072486502,1.271285741,-1.116691531,0.9838480767,0.7794544977,0.712456013,-0.2097369939,-1.113371743,0.6302108184,-1.041577679,-0.7804864769,0.583494228,0.02604015228,-0.1494682638,0.2756833799,0.2796307816,0.2320280463,-0.2501002931,0.01634126752,1.343531288,0.004311289189,-0.2495700463,0.1052193979,-0.6925387538,0.02285816261,0.008410902173,-1.184163013,0.6182203749,0.3874033858,-0.01668762907,-0.7047296999,-0.6314863716,-0.5101048131,0.967698394,-0.06501719341,0.003085453585,-0.1838147895,0.7999171685,-0.1500263276
2021-10-04,2.966445681,1.029779246,1.899912027,0.6173013953,1.28434695,0.6495527077,0.8655426229,0.1570012204,-0.3193779202,2.282472373,0.450303443,0.5312615906,0.9290854197,0.4708146548,0.5492138613,-1.400087254,0.6584723155,-0.8336788597,-0.7786985426,0.2261632527,0.02597791664,0.2699589427,-0.08993798667,0.3817248215,0.5810341044,-1.470087032,0.01626425203,1.215722585,0.004308741306,-0.0008491618141,0.6598830717,-0.610000867,1.046818569,-0.4477023373,-0.9156194527,1.400734368,1.296218556,-0.01668623607,-0.4925796186,-0.5371384048,-0.2723804303,1.800666482,-0.06538380754,0.003125309008,-0.3201724228,0.5224376791,1.043134378
2021-10-05,2.005203228,1.088678714,0.807552091,0.5956721982,0.882953563,0.7531891573,0.467284023,-0.4361729351,-1.493394504,1.565337086,0.6681067266,0.953722795,1.655516812,0.2983386525,0.6444943214,-1.065749997,0.4030393106,-0.7699998463,-0.7768656412,0.145532877,0.0259146475,-0.1740616508,-0.3942165374,1.385128354,1.144450063,-1.085532969,0.01618662542,1.146411104,0.0043056889,-0.3437892967,0.7158809328,-0.6225478587,0.7079044057,-0.2299390012,-1.850443094,1.008388307,0.1919051639,-0.01668418886,-1.203990652,-1.384417742,-0.60021246,2.084017638,-0.06574865047,0.003165341888,0.1223715511,0.4863810377,0.4474740609
2021-10-06,2.011361192,1.677987786,0.9590433307,0.6609950292,1.446731172,0.7761333186,0.4778392277,0.8733005081,1.87272204,1.533740992,-0.4662207216,0.5126125853,0.8725804896,1.401608908,1.381226852,-1.26281738,0.3820723845,-1.695417536,-0.6671080532,0.1034808045,0.02585034977,-0.4573163204,-0.1326384371,0.2707935906,0.6138254571,-0.2649591334,0.01610839216,1.397618998,0.004302142691,-0.1472565289,0.5941608427,-0.5535909774,0.7162581407,-0.3829612689,-1.101959595,1.93949329,2.095066596,-0.2375387688,-1.604962134,-1.32260673,-1.478211475,2.377453812,-0.06611169065,0.00320555572,-0.1185711565,0.6021192191,-0.257644595
2021-10-07,1.659514038,2.494550163,0.8315454308,-0.01318730223,1.238945565,0.3751055743,0.1899124789,1.292007592,2.000248786,1.086984787,0.2307821353,0.306731071,1.230437344,0.5440502705,0.649321958,-0.9546669278,-0.7530432589,-1.778574631,-1.235622187,-0.08393685375,0.02578502848,-0.1653723747,-0.4100906672,0.3626716371,0.4388922657,-0.3361014549,0.016029557,1.234131256,0.004298113361,-0.1651484857,0.438656694,-0.2586764358,0.6879810055,-0.4945326693,-1.235122232,1.579983419,1.098840858,-0.01667813267,-0.9434745601,-0.8972859404,-0.6205364367,2.088841332,-0.06647289691,0.003245954137,-5.809485359e-05,0.4479725006,-0.2783672754
2021-10-08,1.277228008,1.136412201,1.49255001,-0.2176155094,0.8662834994,0.2116644741,-0.003238129076,0.954870182,1.969772691,1.261409185,0.2191310124,0.2823861852,1.795876742,-0.6692211925,0.7499241803,-0.5780431406,0.6627949692,-0.5852509296,-0.8967968857,-0.06352605756,0.0257186887,-0.5994503102,-0.386249822,-0.1182012629,0.1838175953,-0.4798556862,0.01595012483,1.560072617,0.004293611547,-0.03541401755,0.4087334881,-0.7191386078,0.2547019053,-0.7159913956,-0.5607242157,1.748620882,-2.979251445,-0.007672685067,-0.8304444001,-0.9605784972,-0.06297418319,2.650330707,-0.06683223856,0.003286540908,-0.1040157317,0.2116868855,-2.202224564
2021-10-09,0.9288276233,1.345570437,1.122315313,0.6949878706,0.07890752909,-0.2109400034,0.1732336397,0.6341525358,2.260318738,0.7956801154,-0.310661301,-0.2657666448,0.6849433943,-0.3320213766,-0.1394194274,-0.5296330508,-0.442385928,-1.267956028,-0.9239276513,-0.3641484083,0.02565133548,-0.1868816753,-0.265111991,0.05074007559,-0.3567478123,-0.7391964629,0.01587010068,1.505756323,0.00428864784,-0.07823815285,0.5198741331,-0.5579648811,0.07242819254,-0.08183840804,-0.9051829214,0.9009277691,-2.972595333,-0.07514470313,-1.008048715,-0.7901884201,0.4116564771,2.081862052,-0.0671896854,0.003327319928,-0.130879615,0.2523437148,-1.99756948
2021-10-10,0.9597856192,1.094173691,1.409890389,0.6213636546,1.039635749,0.1626506383,1.034163486,1.274392363,2.889704985,1.509988676,1.530329969,0.5264228858,1.338505536,-0.04202140957,0.6097952654,-0.7923512204,0.7963965659,-1.557934066,-0.5967340091,0.8841751927,0.02558297385,0.2901811888,-0.348323689,1.077611018,0.5092891397,-0.366005751,0.01578948969,1.572783082,0.004283232782,-0.2367933585,0.5103128817,-0.5483992214,0.9996126286,-0.1507562451,0.572086164,1.46471095,-2.323291904,-0.1475825712,-0.8669889919,-0.5612995876,-0.3850529153,2.258364188,-0.06754520789,0.003368295219,-0.3074597737,0.6041111114,-1.921546113
2021-10-11,1.676848936,0.3781222065,2.258638004,0.6692203896,0.8183623242,0.217434937,0.4006472773,1.383956912,-0.3928772697,1.679423843,1.234901613,0.9237160663,0.9678627156,0.5539516464,-0.3374348008,-0.899585454,-1.014022962,-0.4274119375,-0.7111904145,0.06260832661,0.02551360886,-0.1527424978,-0.398885256,-0.1382661044,0.8664261803,-0.1241384764,0.0157082971,1.134380023,0.00427737686,-0.02427681642,-0.2100712411,-0.5189826704,1.262128716,-0.7002168755,-0.4643533573,0.997331899,-2.644363777,-0.1886188544,-0.7697866329,-2.105649644,-1.198656528,2.054509757,-0.06789877712,0.00340947092,0.381898092,0.5656661121,-1.202465741
2021-10-12,1.056329071,0.8399471579,2.283361156,0.5472018388,0.742746192,0.1986987063,0.3751031308,1.534207892,-1.104560509,1.128178258,0.9810749209,0.7760630426,0.5103892772,0.536251618,1.246968278,-0.3615738704,0.2718134554,-0.9177765122,-0.8768622906,0.3475557901,0.02544324557,-0.5468662066,-0.05370887415,-0.3341917235,0.02591049143,-0.4212695024,0.01562652824,1.546124066,0.004271090502,-0.2772919505,-0.3954245799,0.1021654854,0.7895560159,-0.1722234664,-0.5766497892,2.216638544,-2.111800095,-0.01665156869,-0.8218982375,-0.773555241,-0.06797066157,2.1299745,-0.06825036498,0.003450851286,-0.8252096866,0.2954266111,-1.065455892
2021-10-13,1.429424076,1.156034523,1.646064554,-0.1146327072,0.5040259252,0.1644140266,0.3161957604,0.7684430302,-1.061221278,1.034048927,0.3838779782,0.7918153975,0.7129080009,0.2874363598,0.3970725313,-0.6639706838,-0.01340663871,-1.355823734,-0.7786135201,-0.1905534245,0.0253718892,-0.3212997076,-0.0137743374,-0.3057103691,-0.129276818,-0.2959524217,0.01554418854,1.575283212,0.004264384074,-0.1569784977,-0.6727714904,-0.6384703395,0.04427535262,-0.3456028065,0.2594844488,1.214239177,-2.423850883,-0.2499693432,-1.05795995,-1.265772421,0.5043070101,1.983671362,-0.06859994415,0.003492440678,0.09468829839,0.0008861337794,-0.7847700283
2021-10-14,0.9341381553,1.375552595,1.414015238,0.4857667923,0.7430431976,0.3443305628,0.1998746507,1.494139612,-1.102271085,0.06469853253,0.4773542703,0.5075966204,1.347653336,-0.6731107395,1.370978803,-0.8463188446,-0.3571746597,-0.1973785822,-0.9148768728,1.510357566,0.0252995451,-0.3921644992,-0.04796568516,-0.434170901,0.7233737046,-0.2598667975,0.01546128354,1.617418309,0.00425726788,-0.1098918309,-0.6741197036,-0.4999458702,1.117953139,-0.3385163122,-0.7771591908,0.06416913138,-2.093107926,-0.1959768352,-0.9185930561,-1.475462753,-0.5910536974,1.935332197,-0.06894748822,0.003534243565,-0.169278789,0.1762336637,-0.5100638494
2021-10-15,0.9299402802,1.328767125,1.085226308,1.072892784,0.08328745563,0.4439030921,1.192739849,0.7830478844,-1.261928371,1.007755612,1.992031603,0.9659884401,0.3697963429,-0.3073226764,2.025456309,-0.7169146439,-0.01198266168,-0.3959430062,-1.010121272,0.2371187248,0.02522621865,-0.07321395618,-0.02181756413,1.21705158,0.6206841494,-0.5481290872,0.0153778189,1.656709913,0.004249752151,-0.01950412689,-0.4721283239,-0.5553969539,0.8141435343,-0.4155957072,-0.7763696761,1.027594673,-1.48541695,-0.05876590512,1.147363455,-1.38372538,-1.466988752,1.891779047,-0.06929297169,0.003576264508,0.2140880313,0.646490051,-0.2818267919
2021-10-16,1.588506359,2.020153299,1.023443333,0.5990293012,1.118149476,0.05376567047,0.8763507695,0.1154237395,-0.2228651642,2.022726452,0.8582915039,0.978904083,0.1864085222,0.6049583558,0.07184238522,-0.8990119211,0.07464555821,0.06630447264,-0.9521147049,-0.4323875932,0.0251519152,0.3968586724,-0.2580422836,1.092025918,0.9182591161,-0.518440997,0.01529380039,2.223342288,0.00424184705,-0.08416254927,-0.03485693449,-0.393979426,0.9905554948,-0.09851516998,-0.7337023688,0.9571891763,-2.253009154,0.3983162181,-1.415423319,-0.9063746135,-0.5354546597,2.042380412,-0.06963637008,0.003618508162,-1.004025348,0.5207615733,-0.02316005621
2021-10-17,1.224108188,0.9025480531,0.8455874551,1.952495554,0.6554045018,-0.542470948,0.553784859,-0.04315913329,-1.132737314,0.7112610378,-0.5820551605,0.3689386049,-0.143638075,-0.348516183,0.08117105251,-1.278458294,-0.1330212113,2.441581839,-0.8561537016,0.2462295633,0.02507664013,-0.1394169207,0.2698805174,-0.2694616873,0.6588753586,-0.6874271268,0.01520923388,1.969620537,0.004233562663,-0.227232559,-0.8858527602,-0.7172223619,0.426216657,-0.3030397342,-1.049750676,0.8937487593,-1.920779009,-0.01398640689,-1.009766242,-0.8440566875,-0.1012702223,1.817970874,-0.0699776599,0.003660979263,-0.1057131672,0.2292307572,0.2520218662
2021-10-18,0.7643462991,2.027016614,0.1149372897,0.4280155204,1.04048314,-0.3760354069,-0.5002823236,0.3973987449,-0.3108721905,1.562267236,0.8734934755,0.4340901456,-0.3571616912,-0.2628665253,-0.8018133746,-0.8016801287,-0.07813430723,-0.451541685,-0.9814370362,0.08771062171,0.02500039886,-0.07927632071,-0.1192481815,0.4094636427,0.6940607245,-0.2957585758,0.01512412542,1.355871857,0.004224908996,-0.3816139322,-0.1911399212,-0.5477029307,0.8422584426,-0.1079956046,-0.9319880239,0.663220442,-2.449626852,-0.09260435078,-0.7951632108,-0.5028128649,-0.6910713004,1.338285533,-0.07031681869,0.003703682622,0.3228391228,0.1991541865,-0.8562998258
2021-10-19,1.314320843,1.657903797,0.07457579691,0.4521736385,0.5967740509,-1.118004794,-0.3720824583,-0.1043990996,-1.185746428,0.1065411365,0.1760549424,-0.2999054418,-0.6939222497,-0.04122824709,-0.1962356823,-0.7191391359,-0.6082486463,-0.3168044852,-0.8645997,0.4165842326,0.02492319692,-0.5862316837,-0.298801103,-0.6508985735,0.3936728621,-0.2847628949,0.01503848125,1.793861557,0.004215895978,-0.3379676606,-0.181344291,-0.5668758547,0.7923182953,-0.276174741,-0.531078484,0.1908289236,-2.061956546,-0.2583548271,-0.8670089021,-1.022411166,-1.20808532,1.746555657,-0.07057314008,0.003746623121,-1.080851188,-0.5006275279,0.1065157435
2021-10-20,0.7847588961,1.270046071,0.08489551779,0.5402870093,0.5601447962,0.5711110592,0.1139439032,-0.4774048229,-0.953626259,1.921550744,0.475471643,0.4686284266,-0.1653934752,0.2429434393,0.0003228576515,-0.6777191472,0.4739490589,-1.235736429,-0.6646732269,0.04064389225,0.02484504001,-0.1057767025,-0.1014025407,0.5518836296,1.041248209,-1.408517701,0.01495230774,2.13081943,0.004206533451,-0.4602950227,-0.7592682641,-0.196838142,0.8448807699,-0.1087883488,-0.984268172,0.4094429034,-0.4990585103,0.06252260351,-0.7615561952,-1.06086611,0.4015960234,1.909433372,-0.07082714982,0.003789805695,-0.1722716687,0.5983927664,1.662692024
2021-10-21,1.126480988,1.464901009,0.2062447429,0.220566644,0.8286733985,0.120349099,0.1106233532,0.07836343358,-1.095868149,1.162951609,0.7365069834,0.5346937423,-0.7732092027,0.273478646,-0.5294123783,-0.812907703,-1.695579908,-0.4267970321,-0.9001777847,0.2904676427,0.0247659339,0.1389513578,-0.05963959258,-0.265391615,0.1698968547,-1.402564714,0.01486561145,1.619485507,0.004196831168,-0.4524829559,-0.7903417453,-0.5029232687,0.6799013847,-0.08511504079,-0.7712568941,0.632901603,-2.000764594,-0.07791804224,-0.7756282965,-1.236122555,-1.49105471,0.3633137714,-0.07107885927,0.00383323533,-0.03781032626,0.5371532103,0.4398712014
2021-10-22,1.583641682,1.147700647,0.07302534062,0.4729999751,0.8388224494,0.169013995,-0.3221190008,-0.07598001511,-1.0638075,0.3872843668,0.6923089321,0.2189579762,-0.3069463889,-0.001392238454,-0.8720024387,-0.5987849089,0.5656756494,-0.615027594,-1.03120011,0.1469184881,0.02468588437,-0.09011877667,-0.2169550572,-0.8202906764,1.092219087,-0.619578113,-0.06485201035,1.775535284,0.004186798794,-0.152984988,-0.390499835,-0.4096461232,0.814954686,-0.2006208918,-1.040794601,0.8749648799,-0.7746693721,-0.01654982376,-0.7155045727,-0.8404273362,-0.2643251632,1.737345382,-0.07132827902,0.003876917048,0.1270525274,0.2098225036,1.340394771
2021-10-23,1.312969684,1.150485398,-0.08682824406,-0.5388056671,0.5713501159,-0.19383812,-1.12751712,0.1877324988,-1.483394356,0.2957756998,0.8627938803,0.1078423933,-1.009606474,-0.7161072625,0.1034650337,-0.7458665765,0.08673214898,2.435599999,-1.026485329,0.3119594281,0.02460489718,-0.08525208534,-0.3900833937,-0.003850613937,-0.00329507331,-1.394597865,-0.09696609345,1.642628589,0.004176445901,-0.4276932247,-0.3947568014,-0.8851591483,0.6546542862,-0.2171409325,-1.383636412,0.8242233524,-0.8160805014,0.07347732173,-0.767506914,-1.577467595,-1.287040241,1.646238693,-0.07157541887,0.003920855897,-0.569116533,0.2752637882,0.5751633827
2021-10-24,1.242191986,1.022206534,-0.390920277,1.311603142,0.2747160388,-1.203714255,-1.063995643,-0.01578118143,-1.285948583,-0.2914581217,0.0494886073,0.1102928362,-0.428679823,0.8315368896,0.0916225042,-1.167266211,-0.1933059938,-0.9069640157,-1.005149328,0.1637793716,0.02452297817,-0.05499990826,-0.06761421979,-0.7635875116,0.3029955397,-1.535244314,-0.07022783538,0.9320739309,0.004165781964,-0.5542113642,-0.7552955362,-0.5492220214,1.133359402,-0.2283108106,-1.024394139,1.077998163,-0.9441966179,-0.01652178647,-0.8009718086,-1.053211676,-0.9623465861,1.60312519,-0.07182028788,0.003965056935,-0.4931922995,-0.1623747749,0.6433612894
2021-10-25,1.07497348,1.96213889,0.07805577111,0.2568567366,0.5721865658,-0.2956607464,-0.3326389672,0.2955288775,-0.5616210753,0.4866302826,-0.8508617087,0.2107596732,-0.446180347,-0.5247227738,0.3355140716,-0.8990103255,-0.1866734364,-0.3431759311,-1.067816011,0.09986748709,0.02444013328,-0.06273787405,-0.1499162004,-0.8310852575,0.3141627563,-0.6725176592,0.01451373679,1.188651051,0.004154816361,-0.2562047413,0.151424155,-0.5153405578,0.6024223751,-0.2975840343,-0.7064642966,0.01772368978,-0.7898103766,-0.08016870116,-0.781228151,-0.8291069508,-0.9043083046,1.524835016,-0.07206289429,0.004009525218,0.8510620413,-0.06709148363,0.5434369024
2021-10-26,0.8817734722,1.300791789,0.05477010068,0.4518614312,0.20663983,-0.1584560045,0.2211354722,-0.09637716421,-1.275945097,0.5757310917,0.4342790892,0.5128024179,-0.432742688,0.5059135186,0.309097581,-0.7059917503,-0.02075385095,-1.056444529,-0.6492169328,0.6726806906,0.02435636846,0.371169411,-0.3057561577,0.681762737,0.1454172653,0.07550209318,-0.05757427204,1.618931153,0.004143558367,-0.276391256,-0.3429741814,-0.527924145,1.298788244,-0.2517655811,-1.048549649,0.07130116209,-1.171087368,-0.01649122244,-0.4539873491,-1.319457088,-0.9443574335,1.469612622,-0.07230324556,0.004054265787,-0.0755936306,-0.744258145,0.9284759173
2021-10-27,1.245021383,0.7716058599,0.0637098297,-0.602185211,-0.3086739847,0.1713143923,0.510991673,-0.3781651042,-1.406941847,0.2811129916,0.4021467569,0.1094057169,0.1564236166,-0.5308892029,-0.06421393515,-0.4245242981,-0.05290892807,2.435067744,-0.7027126535,0.5065040238,0.02427168966,-0.2248869189,-0.006379600351,-0.2653556906,0.149581743,-0.2046074263,0.1629400232,1.950534481,0.004132017156,-0.3014537983,-0.6035883528,-0.4618300559,0.5425671315,-0.2220517581,-0.834245025,0.08927999105,-0.6748564658,-0.01647499798,0.248740367,-1.245250995,-1.260395094,1.576316047,-0.07254134837,0.004099283645,-0.0300125611,0.2116151035,-0.8830185386
2021-10-28,1.271658868,1.559536373,0.1645683473,0.1435872471,0.05512105897,-0.5696731661,0.4891534186,0.04714355512,-1.328790624,0.7636051213,-0.07033952924,0.07162383651,-0.7223399967,-0.4968912743,0.5936948203,-0.9900488798,-1.82517373,2.540928809,-0.9190060961,0.1394817481,0.02418610284,0.03052494823,-0.08633136912,-0.7358511351,0.1417291166,-0.6072596375,0.1956003125,1.214837829,0.00412020178,-0.2950357284,-0.8764452742,-0.4427442561,0.7358956678,0.1087423878,-1.104191827,0.3516466465,-0.9903373254,-0.01645814803,-0.7857682495,-0.8381303354,-1.317537783,1.367830924,-0.0727772086,0.004144583741,0.2293534148,0.2802012916,-0.002766399585
2021-10-29,1.322504855,0.8154946009,0.04543729851,0.1441010642,0.83633553,0.2753421424,-0.219140352,-0.07563447511,-1.188230994,0.5381810325,0.877009912,0.1757996521,0.5134675393,-0.5561811604,0.4134903003,-0.9294967936,0.03529166421,2.191496487,-0.950242861,0.4772749054,0.02409961388,-0.4147660694,-0.2759457576,-0.009460588458,0.1911374566,-0.2322104861,-0.09408282875,0.6297616286,0.004108121126,-0.2964223423,-0.2569164151,-0.5315397283,0.3148710787,-0.3020022844,-1.337977151,0.4263132977,-0.7797057478,-0.1190219365,-0.7084468261,-1.315482506,-1.202298353,1.147215132,-0.07301083134,0.004190170951,0.3108230144,0.6424669682,1.071371655
2021-10-30,1.463543618,-0.8817183359,-0.06565737488,-0.5436255366,-0.2512131975,-0.2362958827,-0.5129924357,0.1328685792,-1.289900814,0.9594778757,-0.3788239288,0.1006894231,-0.2558813217,-0.31408612,0.5124913408,-0.5397876657,-0.3737532937,2.752916031,-1.094101146,0.5253054447,0.02401222861,-0.3892358516,-0.2509929451,-0.686533907,-0.2410778838,0.1309230327,-0.0911419872,1.291100881,0.004095783941,-0.1958421783,0.1380398377,-0.4773640512,0.2974919237,-0.2689162015,-1.074463686,-0.4943481343,-1.136553742,-0.1685974716,-0.8282449332,-1.186383457,-0.9887756589,0.6821533565,-0.07324222094,0.00423605005,-0.7331609967,0.5514751254,1.573561604
2021-10-31,0.8698068427,-0.6467208651,-0.2727632386,0.8713937641,-0.5426016569,-0.7360932356,-1.082131355,0.005386134503,-1.23460837,-1.391985861,0.450151215,0.2126850756,-0.7082488624,-0.2213657455,0.3230259157,-1.032940161,0.09948746154,-0.2251592087,-0.8447215249,0.2703710872,0.0239239528,-0.3908044938,-0.3455498229,-0.2797513325,-0.1833966773,-0.5861315153,-0.08431801816,0.9793385196,0.004083198853,-0.464460582,0.3489859589,-0.5873846093,0.3781345885,-0.1129752519,-1.027501571,-0.9635588421,-1.195994894,-0.01640386719,-0.9814587036,-1.089446188,-0.9727868217,1.20020752,-0.07347138102,0.004282225691,-0.2492003686,0.1939959846,1.365938957
2021-11-01,0.8704184663,0.4407721302,0.04425884757,1.018530097,-0.5359574147,0.7126467759,-1.112676558,0.219038478,-0.7373870409,-0.5888953034,-0.4579004867,0.4220563926,0.5176144265,0.5271160296,0.177386466,-0.8858309028,0.1820435404,-0.1530369339,-1.018135776,0.5658484922,0.02383479219,-0.3943723905,-0.2886244709,0.2623882602,-0.02581906066,-0.192598192,0.01387948959,0.4646310284,0.00407037436,-0.4939280624,0.3552144467,-0.4437530222,0.4214771976,-0.3186673797,-0.4128408669,-0.4831462225,-1.025143441,-0.01638453747,-0.6074126953,-1.085903353,-0.7474890153,1.10091145,-0.0736983145,0.004328702376,-0.09528638803,0.584140699,-0.131891085
2021-11-02,0.7176198562,0.4182532949,0.02492299748,0.8070689751,0.603692766,0.3539055446,0.608378462,-0.07261430781,-1.369114029,1.03126761,-0.6236496278,0.1325464404,1.192500413,-0.001245432929,1.350676561,-0.8064258191,1.694571874,-0.6796427247,-1.177416888,2.304421416,0.02374475247,-0.8572962787,-0.1579345828,-0.5533432261,-0.001242106977,-0.1770857996,-0.08217586479,1.029236346,0.6811771472,-0.147089312,0.3235549906,-0.3808395905,-0.6229507154,-0.02138794882,-1.265163996,-0.5611853401,-0.5469133847,-0.01636459359,-0.6384208043,-1.030568374,-0.4831963977,2.980082921,-0.07392302355,0.004375484426,-0.09016923728,-0.2277194375,0.4161649448
2021-11-03,1.565370916,-0.4725870888,-0.3678740164,0.9240219267,0.008054128074,-0.5351041499,0.9656039657,-0.2799719985,-1.19072145,-0.5117613412,-0.4358902208,-0.4587225325,-0.9952247604,0.2623592759,0.9437748364,-0.7478845676,-0.01749541542,-0.7963751926,1.320093967,1.743876761,0.02365383939,-0.5019746415,-0.2434154032,-0.5080280433,0.1197171268,-0.2480804233,0.1588155963,0.7423341414,0.0040440405,-0.4701310731,-0.3559538043,-0.2704629908,0.3528220977,-0.1001633439,-1.080409178,-0.5539689374,-0.9121601672,-0.1322928519,-0.5564243054,-0.8896819549,-1.318298394,1.435051308,-0.07414550962,0.004422575959,-0.4410928323,0.1309053418,0.08447574718
2021-11-04,0.02648260669,1.067068419,0.1059685301,0.002489584038,0.2980427342,1.69817999,0.6080353226,0.02019680732,-1.307761416,0.9611578588,0.06336879341,0.305161979,1.747404317,-0.07652033977,3.167492312,-0.8502533196,0.2669380812,-0.2602805356,-0.6033794371,2.287694009,0.0235620587,-0.358390353,-0.1124762921,1.023356209,0.1133252662,0.04381606074,-0.04850715815,1.076183128,0.004030547461,0.007095394255,-0.31973548,-0.2860806374,0.1510402309,0.1339150379,-1.199439315,0.2400348081,-1.168300064,-0.0163228727,-0.8690841357,-0.8906099638,-0.507704397,2.994287856,-0.07436577342,0.00446998085,-0.07312348958,0.9607555627,0.4564413906
2021-11-05,0.01673141334,-1.337412822,0.01045375578,0.4484923953,-0.1918191636,0.4446070922,-0.5000171443,-0.06804497455,-0.6820724113,-0.14399299,0.3866628984,0.1161538804,0.4576579123,0.2790150033,1.654179474,-0.7760286685,0.3262389197,-0.2244518164,-0.8600053233,1.338895214,0.02346941611,-0.3994539269,-0.4735287758,-0.8612454828,0.1460582526,-0.5286137392,-0.1057262828,1.027399137,0.004016847666,-0.1295646395,-0.1638610724,-0.372942581,0.9526372901,-0.5653124908,-0.934432426,-0.9425563766,-1.192646731,-0.01062227969,-0.3821581923,-0.8597025435,-0.7614733687,1.952849882,-0.074583815,0.004517702705,-0.1301538905,0.2593132234,0.4836850202
2021-11-06,-0.006713840823,-0.2327316567,-0.4347524019,0.7165835605,-0.2570624149,0.2784563016,-0.3538514881,0.09444929717,-1.267597785,-0.08833176857,-0.3783934914,0.1070472234,0.0142568625,-0.5169792307,1.230503903,-0.8209156029,-0.02112111939,-0.9155654376,-1.262965102,0.7976255705,0.02337591732,-0.4615692171,-0.2918767935,-0.5348032093,0.1382235205,-0.4394274863,-0.0901609986,1.627092556,0.00400294892,-0.5543099744,0.1394610309,-0.5820716286,0.2064720223,-0.1690771837,-1.14404156,-0.4401921717,-1.149246289,-0.2430076407,-1.760398481,-0.2305418012,-1.165500569,1.500948888,-0.07479963369,0.004565744821,0.09628006616,0.2116257801,1.309520543
2021-11-07,-0.12068219,-0.1264091185,-0.3155793252,1.395392594,-0.128894357,0.1819527919,-0.3290809,0.001487073703,-1.113893078,0.7869140927,0.07146109811,0.06887913094,0.4933203553,0.06013051328,0.8964470772,-0.9247538718,0.3614833234,-1.312477287,-0.9810658367,0.6665113011,0.02328156806,0.1974994574,-0.3810364567,0.5245195763,-0.0004381587002,-0.3509208891,-0.09000016737,-0.07975572862,0.003988858878,-0.4691370078,0.5680833841,-0.3865789594,0.2983825006,-0.3319835574,-1.029776222,-0.7889032864,-0.5353247883,-0.01625574462,-1.487661699,-0.940556188,-1.271452972,1.668272905,-0.07501322831,0.004614110153,0.8645180908,0.09393314038,1.259172053
2021-11-08,0.1510992578,0.3872631571,-0.4517734483,0.2398849856,-0.6149090946,-0.4327195071,-0.2994494669,0.1618830168,-0.9379087693,0.1144998611,-0.8119756298,0.2833530138,0.526388432,0.1696030785,0.5637442675,-0.8374883978,0.3036690197,-0.2827748744,1.213942949,0.8590143553,0.02318637402,-0.1465598257,-0.03690267134,0.8839225851,0.6927228975,-0.2365749804,0.0132240673,0.6869315775,0.00397458504,-0.3296020058,0.05093077937,-0.4059457447,0.6963640237,-0.2936485844,-0.9220482424,-0.3657420021,-0.9997557652,-0.2224007653,-1.252046521,-0.6159074629,-0.559036476,1.241589479,-0.07522459702,0.004662801277,0.1634952314,0.05097171846,0.9933246978
2021-11-09,-0.002177715023,0.374630878,-0.004312862325,-0.0782069429,-0.2193853414,-0.3071202402,-0.4082146928,-0.06423670689,-1.30652665,-0.3909336792,-0.2178115213,-0.07501670772,-0.3127393533,-0.7395312685,0.9661798554,-0.8214306719,0.005212188808,-0.3122654876,0.5670141417,0.8758150592,0.02306870262,-0.5970498343,-0.3164780916,0.8264271898,0.2843869979,-0.05192628784,-0.09855543475,0.3490315088,0.003960134747,-0.3063412035,-0.1815722129,-0.2332288529,0.3394015681,-0.3530548659,-1.116187893,-0.6845505875,-0.3473250731,-0.01620798995,-0.8241733276,-1.221459747,-1.182996625,1.357464038,-0.07543373738,0.004711820347,-1.087652838,-0.228046989,0.5339027556
2021-11-10,0.1024696109,0.2981832328,-0.1488170509,0.1331394052,-1.180327706,-0.04329080688,-0.6667287084,-0.1724018403,-1.388580181,-0.3508180293,0.01070725069,0.1310712365,-0.6115183282,0.03370767232,1.956373132,-0.7766045873,0.844283361,-0.6113774624,0.1631073272,1.847750032,0.02295027017,-0.2711930348,-0.253231391,0.5351556218,0.3931726027,-0.3072312088,0.1619135999,0.6674723055,0.003945515174,-0.3817591254,-0.4358635427,-0.5523272933,0.9217380804,-0.1917873633,-0.9657256533,1.165476227,-0.7533036556,-0.008333525159,-0.725764814,-1.254839607,-0.6990889761,1.396329131,-0.07564064634,0.004761169058,-0.5016907541,0.3906093448,-0.1311220131
2021-11-11,0.1552434069,1.246815125,-0.2788042249,0.5993278478,-0.3260708182,0.1557680125,1.209469851,0.01420640425,-1.362626504,-0.4246045427,-0.2797678552,0.4864754998,-0.523639103,-0.03377389172,1.383239906,-0.7209538472,-1.713718803,-0.3320820354,0.1497284501,0.7630676473,0.02283108543,-0.4828823848,-0.2798814268,0.7062728239,0.4945862948,-0.1845380815,-0.05523357068,0.2965804595,0.003930733329,-0.5238474445,0.1318085388,-0.4405979341,0.004332221669,-0.3487329545,-0.3817315053,-0.02883338723,-0.8150462278,-0.01615785649,-0.610347436,-1.077164435,-0.716574908,1.142616033,-0.07584532025,0.004810848604,-0.4611406632,-0.2511744691,0.1308570409
2021-11-12,-0.00133859942,0.2817713858,-0.001899994807,-0.1999931804,-0.8895503011,0.369499308,-0.1810216576,-0.05616212929,-1.367738697,-1.059486076,0.1635814591,0.2960687358,0.223093384,-0.4721740603,0.9853550916,-0.7107453018,0.3464068728,-0.546536429,1.108651759,0.996012174,0.0227111582,-0.6846311847,-0.4127304339,0.2914004242,0.4076139673,-0.2578975308,-0.1001116683,0.007940484718,0.003915796044,-0.3680306716,-0.02632511543,-0.3962720512,0.6894167736,-0.4281172866,-1.064428883,0.03289406822,-1.22853295,-0.000404413097,-0.1046427016,-0.8614362519,-0.4673102685,1.280808826,-0.07604775487,0.004860859634,-0.4611703664,-0.2463828234,-0.0003445940048
2021-11-13,-0.004901771602,0.1259251069,-0.1865414839,-0.136700523,-0.1906499081,-0.3560919221,0.9294697701,0.06010971309,-1.441757424,-1.301027121,-0.2831654241,-0.4367568371,-0.2800694549,-0.5113017445,0.0323848513,-0.9307397169,-0.4520996822,-1.108207183,1.119835357,0.6434845327,0.02259049922,-0.4088979562,-0.1822089301,0.2267971914,0.6731094679,-0.3047368809,-0.08068913816,0.01719128571,0.003900709972,-0.3026442248,-0.03094775402,-0.4608786955,0.3022998164,-0.2756850866,-0.1700774419,1.523212403,-0.367494595,-0.1390994282,-0.9697037449,-0.7360108862,-0.8980558136,1.02565429,-0.07624794544,0.004911202215,-0.3351374471,-0.1758234776,0.07063063587
2021-11-14,-0.01433357029,1.083980491,-0.01440967638,-0.1488209282,0.3069458724,-0.4361685964,-0.06856246531,0.0008291122322,-1.378403474,-0.397879289,-0.05661054408,0.4793423845,-0.3770653539,-0.001189896709,0.6777164758,-0.8950852987,0.1541892954,-0.08886359728,0.4743814827,0.4659175742,0.02246911987,-0.174737921,-0.2814296872,1.232610329,0.07957124804,-0.3111398681,-0.08415187359,-0.0364375417,0.04323388883,-0.374968119,-0.02837126624,-0.2860242782,0.5212900519,-0.3228838711,-0.9286748884,0.4700307667,-1.052865581,-0.01607824023,-0.4825910201,-0.2204744887,-0.8528082339,1.395280949,-0.07644588672,0.004961875787,-0.4403282824,-0.1396645926,0.3296982527
2021-11-15,-0.008300498645,0.9724356164,0.002771568244,-0.555442266,0.5086863679,-0.852717462,0.204405843,0.07291027646,-1.073617632,-0.03618795398,0.1721150892,0.2694487399,-0.3497990498,-0.04146885294,0.6511214505,-0.8980665822,-0.5593487336,-0.1296479617,0.4369883154,0.3516014425,0.02234703215,-0.4292625437,-0.1189086638,0.4597920963,0.003636547719,-0.6085375643,0.01255048491,-0.04162997389,0.00387011715,-0.5676725445,0.7256214059,-0.09237037906,0.3202762956,-0.4478423804,-0.9131359345,0.8997938876,-0.9052524052,-0.05077281294,-0.2883923869,-0.8220132548,-1.007494718,1.407387489,-0.07664157301,0.005012879119,0.2963024339,-0.1704103163,0.7950980815
2021-11-16,-0.009130594907,1.140340998,-0.0006774341105,-0.3682817429,-0.1324393807,-0.8147625598,1.287241199,-0.04612804728,-1.207131213,-0.573836292,0.08930193805,0.1082005274,-1.483932555,-0.8094525917,0.4724980812,-0.7860430486,-0.6739127463,-0.9287688222,0.4868799725,0.3478843387,0.02222424846,-0.3471365565,-0.3345309106,0.8466154619,0.003817319064,-1.777768452,-0.1154545113,0.03158452431,0.003854622755,-0.4083885813,0.5962674472,-0.340302426,0.5418695308,-0.2507815015,-0.9284336596,0.7246921515,-0.7771159367,-0.01602224882,-0.4037072021,-0.5969349897,-1.071501137,1.158496308,-0.07683499807,0.00506421028,-0.3765563983,0.3999517249,0.8537352525
2021-11-17,0.0685433019,0.9968317879,0.008750952763,-0.271786054,1.007007358,-0.05364984992,0.6600164947,-0.04904169764,-1.549873786,0.3380779597,-0.08662414466,0.04981721401,-0.2911095657,-0.001190863355,0.9215987813,-0.75374689,-0.06157539901,-0.7436669644,1.051869412,0.9698744016,0.02210078153,-0.08972238522,-0.0518631027,-0.2908215341,0.06903732894,-2.3042632,0.1629728951,0.02226135423,0.003839004273,-0.0841669326,0.05406310078,-0.4550044653,0.9831237319,-0.2518750694,-1.089468892,0.175653353,-1.091343748,-0.04290940262,-0.1202967351,-1.193638872,-1.155049912,1.135287703,-0.07702615518,0.005115866597,-0.5101418117,0.1471256924,0.3628955315
2021-11-18,-0.002802105156,0.6346626398,-0.008114052434,0.3023493736,0.1698681411,-1.165627055,0.1231580132,0.006250885364,-1.21922089,0.0136393134,-0.1582977918,0.1317668231,-1.226060783,-0.2768102389,0.6485806725,-0.5572723076,-2.255837395,-0.5312901633,0.6249292466,0.002026389041,0.02197664433,-0.3243456479,-0.3566298475,0.1658235025,0.06786688795,-2.683057283,-0.05688126502,-0.0231597401,0.00382326737,-0.2842679504,-0.2832029919,-0.5307316795,0.2738330112,-0.1756420496,-1.070329635,-0.1627135281,-1.498980209,-0.2515566712,-0.8358028764,-0.7504556412,-1.186968861,0.3333423496,-0.07721503711,0.005167844629,-0.009383924502,0.07011769238,0.3045550496
2021-11-19,-0.003684579763,-0.5451696985,0.001332396779,-0.4731613258,0.5282896809,-0.2033310706,-0.3877603413,-0.03049395702,-1.661908138,-1.193219615,-0.3145770573,-0.5666592021,-1.031249641,-0.001194164076,-0.230655225,-0.8649790552,-1.741246092,-0.5504523116,0.6509146378,-0.1809905113,0.02185184997,-0.3335010833,-0.1243355725,-0.03155117371,0.07384478034,-2.950092528,-0.1051305503,0.01278771858,0.003807417497,-0.2330394344,0.272956651,-0.5597906642,0.1942305532,-0.5661198968,-0.9553112931,0.4458573602,-1.445428003,-0.01593394411,-1.200729777,-1.130984627,-1.695494147,0.4766555392,-0.07740163618,0.00522014015,0.0528345438,-0.1136595782,-1.074882491
2021-11-20,-0.004174335275,0.561837497,-0.00525581208,-0.04122703694,0.5532268033,-0.6796669963,0.2529227921,-0.004866965296,0.08737482782,0.2083479872,0.2457687642,0.1412093787,0.3018966321,-0.001196541783,0.6738937812,-0.8198480132,-1.033459377,-1.274394305,0.7249856926,0.6178262707,0.02172641165,-0.3358709951,-0.1631058156,-1.462665634,-0.1013282981,-0.425493777,-0.06958564793,0.01649095901,0.003791459884,-0.3765602122,0.2064784975,-0.375285183,-0.09814900252,-0.3160205768,-0.8681952967,0.6471175415,-1.278755036,-0.1488078055,-0.9736301905,-0.8260148195,-1.215035836,0.958999143,-0.07758594423,0.005272748137,-0.3079589299,0.08692690008,0.3186645184
2021-11-21,-0.006024260791,-1.227599915,-0.004609682184,-0.3248217708,0.02220348924,-2.707789655,0.09713935786,0.01001686246,-2.783374885,-1.350476051,-0.2048825175,-0.4901596354,-0.7561715022,-1.197445171,-0.1452445318,-2.090043185,-1.182937192,-1.911881025,0.8605893894,-0.9830571586,0.02160034258,-0.2150312154,0.1689090392,-1.879826822,-0.1159267895,-3.7752502,-0.0742439798,-0.02367575337,0.003775399529,-0.169325664,-0.1810033859,-0.7686640439,0.1097381183,-0.2117272069,-1.490816708,-1.015478607,-1.018659036,0.4601460933,-1.222362381,-1.012349546,-1.435903002,0.02812346656,-0.07776795266,0.005325662767,-0.8400608631,-0.0572044552,-0.5128970747
2021-11-22,-0.003776071086,1.117031948,0.002638948583,-0.5410363702,0.003642320731,-0.6789051669,-0.3203012499,-0.009721591522,-1.649190773,0.7200041687,0.5430159636,0.09780644184,-0.01982976999,-0.3021146086,1.707530681,-0.961249715,-0.5048924002,-0.5148330132,-0.02214275733,0.01734827726,0.02147365595,-0.3564300399,-0.09760634381,0.03498519545,0.02832415518,-2.075076452,0.01186206724,-0.02998038351,0.003759241195,-0.08305150518,0.2366098017,-0.492075693,0.1357819686,-0.4216331445,-1.191954536,-1.168743791,-0.800424141,-0.01584052399,-1.018672074,-1.399032489,-1.18910122,1.202876055,-0.07794765263,0.005378877433,-0.0633996728,0.1913787946,0.3673451216
2021-11-23,-0.003547381108,0.1683378052,0.0008822355392,-0.5116972355,-1.147442547,-1.743461482,0.3840598348,-0.0172895006,-2.829755169,0.6075537794,0.09347904378,-0.131481235,-1.466809012,-0.6152769609,0.1627577501,-1.100116318,-1.106426128,-0.08508444338,-1.409445331,-0.2174262215,0.02134636491,-0.03166195164,-0.2302050475,1.17198442,0.006232475992,-2.087925169,0.01176271459,0.02477152829,0.003742989404,-0.2371031358,-0.05683761252,-0.5964587251,-0.3319524679,-0.5139150492,-1.239355243,-0.2324431577,-0.7688979365,-0.01580826061,-1.050950847,-1.467514367,-1.47115092,1.174699745,-0.07812503489,0.005432384776,-0.1430966695,0.02572935887,0.102735811
2021-11-24,0.03867595118,0.2057128034,0.001041415903,0.3596620716,0.1200513744,-0.4206188608,-1.051249993,-0.01660196787,-1.425524021,0.3580788246,0.1012263809,0.625908166,-0.5650500941,-0.1948990494,-0.6408038639,-1.659502973,-0.3865316987,-0.1579288866,-0.8578675211,0.06637981873,0.02121848247,-0.2803292711,-0.1585390928,-1.029692689,0.05294923648,-2.436157212,0.01166314143,0.01385152018,0.003726648425,-0.05801262919,0.08586771872,-0.6545649372,0.7502479305,-0.3173321596,-1.098638805,0.337000002,-1.404630637,0.00439876194,-0.9963431718,-0.9290752787,-0.9528564725,1.008178263,-0.0783000898,0.005486176731,0.06667131783,-0.08836569096,1.001549762
2021-11-25,-0.001371587837,-0.1842399072,-0.002057491278,0.6027414844,0.205680512,-0.2398415706,0.2184799441,-0.004782056293,-1.711239618,-0.6393432884,0.1128408292,0.06493365359,-1.144582668,-0.7437396385,-0.758909814,-0.8945092499,-0.9985968953,0.2822254653,-0.6508183308,-0.236960349,0.02109002154,-0.6615306403,-0.262748918,-1.500569387,0.04744584675,-1.85602813,0.01156335819,-0.01781611348,0.003710222272,-0.2500968859,0.2787037756,-0.2719179313,0.5626421637,-0.1596043434,-1.270445337,-1.726936035,-1.268973574,-0.01574206678,-1.193266415,-0.8057662284,-1.695075166,1.133896484,-0.07847280731,0.005540244602,-0.213206592,-0.001864109717,0.4888781779
2021-11-26,0.1491869668,0.7962152701,9.191023868e-05,0.141948631,0.4106850928,-0.05582893357,0.2012992962,-0.007869864962,-1.957936472,0.01024425884,0.1028673973,-0.2590193194,-0.5948110815,-0.001219620896,-1.67995361,-1.050244461,0.1460590135,-1.58174336,0.2656305834,0.9998454658,0.02096099487,-0.2626081949,-0.2233700835,-0.04340354388,0.04717446341,-2.678796726,0.01146337532,0.007860933513,0.003693714693,-0.04713417434,0.4338705328,-0.2399826658,0.1384551399,-0.276390095,-1.062183798,-0.02949814675,-0.6413157685,-0.01570814239,-1.076632917,-0.8874365418,-1.421744932,0.8251156052,-0.07864317698,0.005594579161,-0.1978058499,0.1070388759,0.436798309
2021-11-27,0.1494158241,-0.3765029692,-0.001421166441,-0.5672610936,0.3405719418,0.3683714852,0.8472696311,-6.5249592e-05,-1.74552954,-0.48400463,0.1269732982,0.5013853027,0.01630294488,-0.08280840395,-1.461874111,-1.187417647,1.734488923,-1.28301688,0.6197344649,1.632031256,0.02083141507,-0.2716496186,-0.08852154536,-0.04715996994,-0.07506574759,-0.924592877,0.01136320321,0.00944153716,0.003677129167,-0.318498553,0.1272262716,-0.4523439148,-0.5090623664,-0.1898567112,-1.110950827,-0.216653084,-0.2567350777,-0.01567367041,-0.9781063927,-0.6751161378,-0.6079419704,2.630230251,-0.07881118821,0.005649170775,-0.0206060487,0.09345602341,0.8304696687
2021-11-28,0.1493461326,0.8667846214,-0.001355088727,0.6110155315,-0.1139053322,0.1759728063,0.3863403217,0.002245425198,-1.991242217,-0.3704053776,0.1263737263,0.09853530257,0.2979942467,-0.7903713515,1.209721966,-0.8545797716,0.7471124957,-0.1308833417,0.7456585242,1.828469526,0.02070129456,-0.1836987812,-0.103046988,0.5451446568,-0.0879001796,-1.393802732,0.01126285224,-0.01931662762,0.003660468899,-0.4855642523,0.4067148713,-0.385503207,0.4422987798,-0.3122985074,-1.060340304,0.04245183069,-0.439803143,-0.01563865387,-0.9341263845,-0.7491544418,-0.8474581188,1.757033953,-0.07897683012,0.005704009572,-0.2400663247,-0.3433879783,-0.3346211366
2021-11-29,0.1504910137,1.71091238,-4.264959558e-05,0.3551141457,0.1926808789,-0.6170704884,0.6696702929,-0.003762399177,-1.518495152,-0.2963923546,0.3468819359,-0.6292990528,-0.2776930048,0.09449734593,-1.008256085,-0.8637733136,0.4072932316,-0.3287591728,0.6126877726,0.8361458739,0.02057064556,-0.04910094766,-0.0569770687,0.002909785484,0.01790346044,-0.9872380308,0.01116233275,-0.02379078316,0.003643736809,-0.2510237677,0.4796021027,-0.5238231642,0.6930927727,0.06029842191,-0.7659703653,2.125275053,-0.3092999379,-0.01560309582,-0.7179947947,-0.5291566142,-0.9959508738,1.777432117,-0.07914009174,0.005759085639,0.1599430983,-0.03825532836,-0.2940345037
2021-11-30,0.1510162064,0.9728375208,1.325304365e-05,0.2287380688,-0.07221637909,0.2288331592,1.545125987,-0.008473532349,-1.6413222,1.140639088,-0.067428651,-0.3705289776,0.6933930838,0.2139585694,-0.7576454237,-1.005453803,1.700472176,-0.7883047299,0.938068362,1.720620727,0.02043948011,-0.3317496727,-0.3164719277,0.2593684614,0.01206362313,-0.4203011794,0.01106165504,0.01280064102,0.003626935536,-0.5170390854,0.05826780617,-0.2470449668,0.1642794559,-0.2935310711,-0.6480353497,0.05735296089,-0.4898553013,-0.01556699929,-0.9198662242,-1.008284741,-1.675265702,3.460576182,-0.07930096211,0.005814389275,-0.356592585,-0.04558529621,0.002722851059
2021-12-01,0.002576480899,0.8550991506,-0.0005423346434,-0.07307324485,0.1991802741,1.486618725,-0.1151734901,-0.007952431477,-1.848987186,0.202038281,-0.1394107752,-0.3162297999,0.8852275401,0.4025603501,-0.8900228439,-0.9445939006,2.075262762,-0.5888608774,0.5866475766,2.133051621,0.02030781006,-0.3607891846,-0.1977903936,2.039596105,0.03976423315,-0.7987375929,0.01096082939,0.006489018567,0.003610067429,-0.2616300912,0.0676203589,-0.3721634661,0.07788482187,-0.2398591134,-0.6443433047,0.3353070407,-0.9496859731,-0.01553036741,-0.7385154098,-1.060430272,-0.9364332636,3.215303088,-0.07945943038,0.005857244192,-0.1347342382,-0.05218897107,-0.7923372365
2021-12-02,0.0007447859113,0.1997735954,-0.0002708365827,0.5135386523,0.3728960404,0.1163647317,0.559574877,-0.001371051039,-1.830986245,0.02908219891,0.5435298038,-0.2245374702,0.6767373365,0.4676340464,-1.304000189,-0.5718530899,1.472340005,-0.7020301141,1.851511367,1.592580461,0.02017564706,-0.5600745273,-0.305885957,0.289689506,0.03126202437,-0.5075385204,0.010859866,-0.01400662552,0.003593134544,-0.44882133,0.1162049803,-0.2914257469,0.3019728777,-0.1911384725,-1.27036647,0.3098277236,-0.8680554952,-0.01549320337,-0.9523167716,-1.086873933,-1.293986351,3.073387589,-0.07961548577,0.005899934648,-0.2368379257,0.1197935776,-0.2208527946
2021-12-03,0.000811312223,-0.262594327,-0.0002111921187,0.4402351988,-0.4599839192,1.485732763,0.528620542,-0.006080148266,-1.944225048,0.7209786325,0.03697664014,-0.09600290734,0.904792023,-0.5268967474,1.944444658,-0.7693598765,1.786268308,-0.02981224814,0.6556072825,1.662971427,0.02004300255,-0.5147570061,-0.3723828722,0.3213452261,0.0233330001,-0.5994828643,0.01075877503,0.002913258409,0.003576138645,-0.1013062087,0.2320178678,-0.2634422118,0.7119010349,-0.09940551556,-1.057842157,0.1327441822,-2.004016692,-0.01545551038,-0.9255505019,-0.8895057393,-0.2510642006,3.28338414,-0.07976911753,0.005942464749,-0.01985704401,-0.05038588097,-0.1177946666
2021-12-04,0.000741227064,0.5110508461,-0.000531632269,-0.3609945972,0.2017471258,-0.1839587092,0.2110831324,-0.002376352226,-1.741922258,0.09567842148,0.6910336834,-0.3533596889,0.2632959567,-0.001268537255,1.626105184,-0.8253814047,0.8894582643,-0.7034313735,1.145645764,1.039726147,0.01990988776,-0.2218632294,-0.2082415811,-1.149153069,-0.04056371442,-1.618729724,0.01065756661,0.00349227723,0.00355908117,-0.08117582004,0.6003952888,-0.3315697922,-0.2919835948,-0.2013186383,-0.9424916269,0.6221949086,-1.304287183,-0.01541729169,-0.8801597966,-0.8260845853,-0.1375959263,3.293978527,-0.07992031479,0.005984838885,-0.51990567,-0.1385576703,-0.3599399013
2021-12-05,0.0009479904688,0.6591125492,-0.0003663493863,0.2455232061,0.23408508,-0.3722570141,0.511520348,-0.0009270765624,-1.811572111,0.2623230423,0.7322603151,0.296226388,0.6367010612,0.3827863291,1.683459016,-0.81873839,1.432084963,-0.1202813394,0.6773801984,1.022762901,0.01977631375,-0.2606015007,-0.5770229449,-0.215454008,-0.0634869267,-2.34309785,0.01055625078,-0.01583719622,0.003541963132,-0.6627172317,0.5033498278,-0.272220397,0.843703123,-0.2882178203,-1.47189753,0.4368873454,-0.459939892,-0.01537855057,-0.8475732998,-0.7815170639,-0.7112005984,1.196708608,-0.08006906658,0.006027061688,-0.5759936385,0.2952854636,-0.3530969915
2021-12-06,0.000530211758,0.472572495,-0.0003463360326,0.5693932018,1.1330145,-0.7989293807,0.8469030721,-0.003830452328,-1.789631745,0.1610349424,0.1616328529,0.3994968031,-0.2536010156,0.3324883598,-0.5467924242,-0.9274716971,-0.1658981992,-0.5131768683,0.4810165739,-1.123442625,0.01964229137,-0.05334835586,-0.1789052965,0.176045074,0.009740561548,-2.413440588,0.01045483752,-0.01769407706,0.003524785202,-0.279206771,0.6886767812,-0.5155252042,0.604864542,-0.3794451792,-1.021067359,-0.4862309733,-0.6041685177,-0.01533929036,-0.8550416038,-1.17151116,-1.46359936,1.227866002,-0.08021536204,0.006069137999,0.2974778423,0.2919998897,0.6313734373
2021-12-07,0.0004954796394,0.4908685155,-0.0002303728621,0.9821861245,0.08720159311,-0.01212221267,0.7965581624,-0.002739876507,-1.648265793,-0.7575705938,0.445940994,0.1647659861,-0.8300712815,0.07997029322,0.08682492526,-0.9401019975,-0.009393787583,-0.849332755,0.8212771642,-0.5918724759,0.01950783126,-0.5329605704,-0.239579906,0.2810845645,0.005608950313,-2.076066612,0.01035333675,-0.0003215998233,0.003507547737,-0.2276025637,0.1352019001,-0.4194055786,0.2815139297,-0.4639938698,-0.614709016,0.359266292,-0.213552255,-0.01529951444,-0.8402049794,-0.7312574678,-0.9259316177,1.304199378,-0.0803591903,0.00611107284,0.06959052011,0.6327157694,-0.2081446562
2021-12-08,0.003074708144,-0.4805573675,-0.0002554120935,0.01438881208,0.7437862312,0.8267759677,0.5470736859,-0.005239950352,-1.583852294,-0.09644066218,0.1232275087,0.0238468381,0.0018242364,0.7306806719,0.1592256097,-0.8059409443,-0.06284398018,-0.2943709378,1.342318523,0.03317580529,0.01937294388,-0.2765719061,-0.3437199044,1.179338933,0.02685752376,-2.06732387,0.01025175829,0.000277396533,0.003490250779,-0.4639151575,-0.0675767151,-0.5263758076,0.9875042409,-0.3018478733,-0.9959131581,0.3620679246,-0.6563460166,-0.01525922619,-0.7402699636,-0.6985580946,-0.9076042675,1.354533136,-0.08050054034,0.00615287138,-0.09430164483,-0.1380607973,-0.3703477418
2021-12-09,0.0002860838288,1.079475201,-0.0001120823757,-0.631456181,1.626199643,-0.06817741523,1.005232727,-0.002836272293,-1.759702361,-1.114270188,0.1453207247,0.209602121,-0.08501802218,-0.2388454262,0.5690473853,-0.4948885086,-0.007533499392,-0.2219033148,1.106273496,0.05618453899,0.01923763953,-0.4206706809,-0.2316318129,0.3371125334,0.01726203444,-1.950415549,0.01015011192,-0.01169163853,0.003472894061,-0.279839239,-0.02713994933,-0.1923801282,0.6193239505,-0.2656373959,-0.9184540153,0.6424544059,-0.4619052866,-0.015218429,-0.8847010622,-0.5352278765,-1.266758781,1.35658828,-0.08063940107,0.006194538906,-0.2460410246,-0.07783311392,-0.2000533623
2021-12-10,0.0002829631689,-0.09618003317,0.0002040968644,-0.1719415634,0.884576555,0.2360160322,0.5769265325,-0.004569955271,-1.615912854,-0.07171238585,0.1201160991,0.3395326081,-0.2013895685,0.5990076706,-0.03371556339,-0.7206135378,-0.09118996752,-0.7656800215,0.8513004361,-0.09899006143,0.01910192828,-0.3539515583,-0.06235208623,-0.5818556217,0.006765164884,-2.829856862,0.0100484073,-0.002373165433,0.00345547701,-0.4552253377,-0.4626700336,-0.5336025419,-0.1733662397,-0.4203038319,-0.9550804383,-0.1729039852,-1.948246026,-0.0151771263,-0.8988999081,-0.2851841833,-1.035813308,1.357610993,-0.08077576128,0.00623608079,-0.2907722536,-0.1124680882,0.2698014705
2021-12-11,0.0002586845501,0.2998613714,-0.0006935332742,-0.1615686781,0.4752649,0.856992345,1.580677418,-0.003181136039,-1.740124392,0.2566346783,0.6364968292,-0.2315288999,-0.0002587047254,-0.9944350043,0.3931715117,-0.771257427,0.08372727485,-0.8613592374,1.27841794,0.7550898587,0.01896582004,-0.2340547169,-0.6572955369,-0.2282760859,-0.002393806511,-2.284379709,0.00994665402,-0.002555519197,0.003437998749,-0.559845977,-0.4376366113,-0.5782097081,0.4463529851,-0.4767601075,-0.8048532631,0.5042070043,-0.8735245503,-0.01513532147,-0.9160411714,-1.056880956,-1.401221313,1.313280775,-0.08090960972,0.006277502464,0.318973624,-0.04875488238,0.6976735382
2021-12-12,0.001043763523,0.8235212146,-0.0001654143124,-0.002034551241,0.7238711821,0.1677493946,0.5047498419,-0.002572795248,-1.751765641,0.1972260369,0.01184918068,0.04286267496,0.2063028964,-0.001330945132,0.1907524008,-0.8608241909,0.09682794827,-0.6525969687,0.1976403306,0.4375133433,0.01882932456,-0.2450287551,-0.2142684212,-0.862388674,-0.0380772169,-2.145035855,0.009844861565,-0.01370862138,0.003420458103,-0.6422495369,-0.5528851283,-0.3915866019,0.832063323,0.002326682025,-0.301344788,0.310670874,-0.2929620442,-0.01509301785,-0.9699451708,-0.2942902983,-1.120228539,1.821180585,-0.08104093545,0.006318809383,-0.2229276339,0.1601193923,0.01087852127
2021-12-13,-9.366077754e-05,-0.6356990853,-0.000445304458,0.08924571222,-0.1583062085,0.1707402128,1.093779289,-0.003422238383,-1.785031013,-0.3537323118,0.269144092,0.3211469979,-1.852271584,-0.001339385843,0.1302267123,-0.9176086132,-0.2540086193,-0.9051947975,0.6603076716,-0.3223315219,0.01869245138,0.4718902512,-0.2820070025,-0.6012514804,0.003304348035,-2.235123163,0.009743039328,-0.01294655347,0.003402853607,0.1241295937,-0.2791280505,-0.3086107098,0.05087484677,-0.42145898,-0.9993986783,0.5849693984,-0.4893394373,-0.01505021877,1.872731765,-0.8877139045,-1.074924003,1.595875591,-0.08116972783,0.006360007004,0.0553900215,-0.5226092148,-0.5608901844
2021-12-14,0.0001900969058,-0.03051682772,-0.0001715890838,-0.1758450326,0.5251626264,0.728129284,1.085578768,-0.003287242462,-1.615021639,1.208898102,0.684121989,0.03618390648,-1.071994545,0.7942279135,0.5629276287,-0.9215001751,-0.3142246335,-0.6071557809,1.108916387,-0.1940201964,0.01855520991,-0.09789897142,-0.1034353822,0.2889925337,0.001333778266,-2.188524378,0.009641196596,-0.00625026195,0.00338518351,-0.2068863062,-0.5004358072,-0.5847557345,1.186049206,-0.2131153447,-0.9325575493,0.7292965365,0.2229609397,-0.01500692755,-0.8903516673,-0.6992668815,-1.055315211,1.629974716,-0.08129597639,0.006401100765,-0.1138744914,0.2809824099,0.1074228164
2021-12-15,0.00356492862,0.2459815413,-0.0001766747477,0.2656113193,0.792071127,0.848624191,0.8939159175,-0.003511272818,-1.650679732,0.2355509871,0.2284560632,-0.3473450818,-0.4048484574,0.4539860409,0.8423433951,-0.884496762,0.2593179371,-0.5178317185,0.4888981311,-0.01868782976,0.01841760936,0.1151535798,-0.4789766914,0.09011376178,-0.6842670223,1.416422959,0.009539342551,-0.006101167222,0.003367445784,-0.1476952208,-0.6105369701,-0.4946848243,0.816082463,-0.5027683112,-0.8684775576,1.34894839,-0.01145804597,-0.01496314748,-0.8644842237,-0.8887459907,-0.8627273747,1.709413863,-0.08141967101,0.006442096092,0.02074286122,0.3463796736,0.3470239055
2021-12-16,0.1486140734,1.529307074,-1.135512603e-05,0.2112246041,0.5565791552,0.8384741765,0.5036767696,-0.003044074239,-0.8377079958,-0.3013897983,0.8437335219,-0.28905062,-0.8870053771,-0.2759568409,0.9480214167,-0.542381146,0.3579557189,-0.571642904,0.9762229151,0.1751310433,0.01827965879,-0.20251433,-0.484733519,0.1051782898,0.003781225014,-2.604189201,0.009437486261,-0.01052073446,0.003349638131,-0.2252760897,-0.5058720617,-0.4749935235,0.9003008514,-0.3773605172,-1.060995702,1.003809237,-0.2747424938,-0.01491888183,-0.8721456449,-0.7320213313,-1.187154414,1.684593175,-0.08154080167,0.006482998337,0.6933741904,0.1529391006,-0.5439247692
2021-12-17,0.146810908,0.1126977286,0.0008465942958,-0.1584537915,0.5340894126,0.9077440748,-0.7608319614,-0.003379499377,-1.636627853,0.2339292825,0.3602005198,0.7535645473,-0.8866159101,-0.5162243183,0.2569604888,-0.7860165254,0.3858160691,-0.4566159204,1.235353715,0.1110961921,0.0181413671,0.1662215833,-0.377231876,0.3423777081,0.001158482231,-2.379940135,0.009335636681,-0.007909232314,0.003331757997,-0.4127657023,-0.469296397,-0.4534849043,-0.1943090516,-0.4311321961,-0.9110596128,-0.6713056077,-2.539659742,-0.01487413381,-1.217547404,-0.7846795105,-0.907532818,1.679942264,-0.08165935841,0.006523812751,-0.3557762842,-0.369921818,0.1573134017
2021-12-18,-0.00225058156,-0.2619595171,-0.001209089534,-0.2905476901,0.5828467852,0.9657163518,1.33360625,-0.003112646435,-1.428700074,0.1117283389,0.1315789464,0.28392012,-0.9209725952,-0.4535541288,0.4987578,-0.8211531173,0.3391731752,-0.8877779301,0.8391251874,0.1716400244,0.01800274304,0.1821096575,-0.5541362055,0.748258217,-0.002337613493,-2.091311902,0.009233802643,-0.00833665926,0.003313802575,-0.3594909268,-0.4953475243,-0.3781980512,1.509825326,-0.3975485421,-0.6114481223,-0.6019706922,-0.9835929629,-0.01482890666,-0.923141709,-0.8692993674,-1.401688471,1.142026875,-1.911224866,0.006564544457,-0.2891718144,-0.1705699751,-0.1471696485
2021-12-19,0.1528635899,0.04873693508,0.0002008008659,0.4341703063,0.7918677179,-0.3419824188,1.007188355,-0.002973758002,-1.674959463,-0.02939627258,0.3783867502,0.0251569371,-0.825305426,0.2676538545,-0.2345773616,-0.7945195284,0.8252466797,-0.4518839453,0.9071248646,0.2555102486,0.01786379518,-0.1829184585,-0.2468744258,-0.001959401023,-0.003617872617,-2.116925063,0.009131992858,-0.01213164365,0.003295768822,-0.5707212713,-0.4912001665,-0.4843975443,0.01170669625,-0.2803380655,-0.3311420456,0.2493047982,-0.1908958906,-0.01478320363,-1.123749346,-0.2484422724,-1.372616,1.982285668,-2.762694219,0.006605198439,-0.3137352438,0.218838798,0.1078925435
2021-12-20,-0.004369135099,-0.5401621284,-0.001258548103,-0.5566713619,0.7632062606,-0.4298483332,0.6165170135,-0.003057462527,-1.575404998,0.2871767439,0.137234418,0.3360208229,-0.6495020054,0.6096707386,0.3000590497,-0.9088583127,0.4221603184,-0.8354490682,0.6667161395,0.07669097598,0.01772453195,0.3339420774,-0.2088811136,-0.2616872336,0.001046019099,-2.057718015,0.009030215911,-0.01182738943,0.003277653468,-0.05505122302,-0.4766662226,-0.4400356615,1.693120319,-0.288452143,-0.5531669278,0.385190774,-1.032874184,-0.01473702792,-0.9282469478,-1.009170147,-0.3944638736,1.641540244,-2.160605744,0.006645779548,-0.07708011055,-0.3406804044,-0.6762481358
2021-12-21,-0.003821076052,-0.966640321,0.0004327830401,0.1360925216,0.4961966167,0.9575838466,1.271213721,-0.003051964899,-1.321086452,0.2397787534,0.304905067,0.3555795747,-1.012775459,0.2975617151,0.9582544471,0.1336248134,-0.2358623887,-0.5072311325,0.8913970217,0.2102263416,0.01758496164,0.1076727319,-0.5828459376,0.4282841887,0.0005414723303,-2.154475426,0.008928480256,-0.0110043009,0.003259453029,-0.1713537437,-0.2573340187,-0.08818213681,-0.6767991618,-0.4877653002,-1.138250869,1.615993645,-0.3377878143,-0.01469038268,-0.7965430528,-0.1546137841,-1.429328046,1.60453557,-1.321214108,0.006686292461,0.1596669907,0.7789082937,-0.4054200286
2021-12-22,0.03681029112,-0.2338915502,-0.0002872108058,-0.1572108892,0.9042932813,1.05153797,0.7436527374,-0.002954134345,-1.465691604,-0.03914488158,0.2658996916,-0.1552969007,-1.011598124,0.06807814,0.5027673452,-0.6736341227,-0.02062814462,-0.3563321939,1.154688349,0.2772957309,0.01744509235,0.3411905387,-0.4331014188,0.4485765525,-0.002515822384,-1.849628815,0.008826794213,-0.01102116841,0.003241163822,-0.358488074,-0.3603352692,-0.2465225388,0.7195353651,-0.3789809381,-0.8655133406,0.9198308534,-0.3083975181,-0.01464327101,-0.3586766884,-0.6414239428,-1.423671482,1.220866524,-1.279253341,0.006726741681,-0.2653395239,0.2343093225,-0.558253454
2021-12-23,-0.007909176575,1.886874591,0.0001573804957,-0.1535910671,0.8091516601,1.15641916,-0.5087766614,-0.002918083097,-1.543603489,0.01035363695,0.3828704315,-0.1291620991,-0.5926546494,0.05624729413,1.275670263,-0.5752199442,0.3532844667,-0.6078177703,0.6036522509,0.08386642321,0.01730493208,0.1493093558,-0.5657178188,-0.2875566507,-0.001038452098,-1.687960603,0.008725165977,-0.01218286762,0.00322278198,-0.336304043,-0.403812074,-0.3991561918,1.548980657,-0.5426377923,-0.7183217343,2.003790936,-0.6341851681,-0.014595696,-0.195300633,-0.6680847712,-1.617663673,1.066905612,-1.32625777,0.006767131497,-0.289855746,0.8141521344,0.1778151761
2021-12-24,-0.01385480576,-2.223984167,0.8871660357,-0.1429357337,0.6429055077,1.16174509,-0.1509535889,-0.002925698537,-1.829631219,0.2955143525,0.2835886941,-0.3139814066,-0.4350158599,-0.001437576873,0.5230173467,-0.8981501915,0.4045279055,-0.6742148447,0.8505953685,0.05498475982,0.01716448864,-0.03375993262,-0.2223481971,-0.1393458777,0.000596967675,-1.782661006,0.008623603634,-0.01199205243,0.003204303467,-0.3469442392,-0.4463285722,-0.4916750933,1.288795165,-0.5310068941,-0.7175357082,1.123869707,-1.071268626,-0.01454766068,-1.407200016,-0.2867028575,-0.3870647972,2.10419593,-1.083947297,0.006807465964,0.07643514623,0.5717970724,0.2462305143
2021-12-25,-0.01465807857,0.7841757728,0.8931247455,-0.1411187065,0.2046481141,1.100309722,0.3511730945,-0.002926385419,-1.438697929,-1.065053732,0.1563036465,0.6198629496,0.03325141585,0.09566360259,0.176857718,-0.8896182656,0.142886926,1.059128212,1.179939624,0.2853827839,0.01702376972,0.6268069598,-0.4790737892,0.06236798842,-0.0005772285371,-2.431242544,0.00852211516,-0.01246780079,0.003185724097,-0.4148715055,-0.4261777432,-0.4600002258,0.644628086,-0.5752383279,-0.8349095967,0.837357243,-0.7936394891,-0.01449916807,-1.043985437,-1.145456976,-1.516249358,1.576758691,-2.838675099,0.006847748888,-0.08919349838,0.2859958984,-0.3578801278
2021-12-26,0.02930091936,0.4266322723,0.002523210114,-0.01690739289,-1.077863177,0.6725603187,1.066111228,-0.002828740203,-1.802506264,0.8255652909,0.09808615864,0.4210662932,-0.7832783005,-0.8309913799,0.4816529719,-0.6636591458,0.3834708941,-0.5624297575,1.175500969,0.9263350319,0.01688278285,0.02783400665,-0.505376173,0.4275091147,-0.4876095943,-2.051301313,0.008420708402,-0.01355655572,0.003167039555,-0.2055290837,-0.6884182201,-0.5294499677,-0.6231431521,-0.341410742,-0.7386970715,0.9014833394,-0.6180348547,-0.01445022119,-1.324429775,-0.5084384499,-1.657514324,1.824926081,-2.283793849,0.006887983817,-0.3633689973,0.7545110148,-0.001334349633
2021-12-27,-0.01935204696,-0.541805793,-0.001184771539,-0.03586883511,-0.8080323345,1.071958299,1.026027168,-0.002765172768,-1.713156012,-0.05700618825,0.5716904936,-0.2357183553,-0.5070615864,-0.2144244276,-0.6240512823,-0.7165107115,0.4444511392,0.7079915583,0.9267416793,0.35092547,0.01674153542,0.08697901186,-0.1962569738,-0.448822695,0.000601390568,-1.764428358,0.008319391046,-0.01404012645,-0.04640324544,-0.1293761557,-0.4195252381,-0.5160430566,-0.7074942424,-0.4612286773,-0.5277614268,0.2545602793,-1.111855781,-0.01440082298,-0.7609878841,-0.8303094026,-1.495931219,1.542819382,-2.456325278,0.006928174034,0.4427636179,-0.1260756142,-0.04014081089
2021-12-28,-0.01674350847,0.07578158019,0.004364722361,0.07621065599,0.05418176088,0.3302584513,0.5148693599,-0.002735792773,-0.9006150651,0.4322570701,0.4261438881,-0.1484275078,-0.5207032936,0.07000892979,-2.111780788,-0.8710540812,0.4733116541,-1.095795539,1.072993007,0.000155491457,0.01660003467,0.4120613342,-0.5280224239,0.4157049094,0.0003462902798,-1.006979177,0.008218170635,-0.01413091873,0.003129336957,-0.5041172845,-0.40618799,-0.4743364533,0.713528223,-0.5096912489,-0.9265867635,0.2901880829,-0.655834807,-0.01435097639,-0.9459122334,-0.7689688766,-0.9426416107,1.759075363,-2.645479794,0.006968322546,-0.6150469242,0.2800068617,-0.02024883849
2021-12-29,0.0610810192,0.09150325693,0.002486792239,-0.1335328222,-0.1475431531,1.379535812,-0.06148700136,-0.00270651937,-1.819595957,0.3143442509,0.4591461377,0.04395540923,-0.4591458714,0.3531258033,-2.204253798,-0.8257700402,0.6922574327,-0.3316585402,0.6631599766,0.4589427582,0.01645828769,0.01025490872,-0.3143945524,0.9090798084,-0.001018551366,-1.836758372,0.008117054556,-0.01485630125,0.003110309418,-0.1413166351,-0.4373039352,-0.3816898808,1.660050719,-0.08124333862,-1.118318947,0.846657663,-1.0795129,-0.01430068434,-0.4658790801,-0.6729499822,-1.371306502,1.522073522,-0.08287774543,0.007008432082,0.1090969074,0.527521074,-0.1760553898
2021-12-30,-0.02260729714,0.1057150609,0.003142447374,-0.1305193807,0.5936206899,0.312597177,0.5141625276,-0.002620891186,-1.636652287,-0.1255669592,0.4760265888,0.06973493917,-0.4463778183,-0.232734182,-2.0621362,-0.6198979163,0.6288605982,-0.5718903412,0.7030316466,0.3638486361,0.01631630145,0.2613706274,-0.04927211492,0.8589530208,-0.0004276401762,-2.37502412,0.008016050027,-0.01585397067,0.003091157771,-0.1624053327,-0.3606320902,-0.4270771338,1.346578212,-0.4318923393,-0.6986629071,0.8451628981,0.02455733179,-0.01424994971,-1.007382184,-0.7406833107,-1.014268372,1.089579728,-1.870944811,0.007048505084,0.0254618092,0.01095716207,-0.9107473086
2021-12-31,-0.02816046037,0.4963749367,0.003750204289,-0.1249503459,0.2393650383,0.08329738992,0.5647630923,-0.002586271907,-0.4382340332,0.4285464793,0.5115309714,-0.8474106015,-0.391302777,0.391383749,0.2373387063,-0.9399797166,0.3029767494,-0.6030812183,1.218305221,0.3448033087,0.01617408274,0.09750113836,-0.5562123345,0.216976599,4.999773486e-05,-3.085896251,0.007915164104,-0.01502907767,0.003071876885,-0.211840649,-0.58949709,-0.5483274198,1.650994238,-0.6416984478,-1.123750901,0.7911180033,-0.7987052047,-0.01419877532,2.654838077,-0.742561898,-0.8670018352,1.56745855,-2.643060695,0.007088543711,0.04293989785,0.4182241797,-0.03094583348
2022-01-01,-0.02510845575,0.9796195697,-0.03318879069,-0.1165205705,0.5732407721,-0.09721829304,0.4446562833,-0.002726255571,-1.522496442,-0.2347318134,0.4919932145,0.2531181147,-0.4277702882,0.471806761,-0.1537947157,-0.9776060336,0.09957902606,-1.249937948,1.031177236,0.3744939183,0.01603163823,0.1004904935,-0.7141452428,-0.5394752853,-0.0002767863823,-2.47956317,0.007814403684,-0.01553019945,0.003052461523,-0.2354052385,-0.9032559676,-0.4738673829,0.3302709154,-0.5354465743,-1.320721096,1.059304816,-1.30079468,-0.01414716392,-1.272281769,-1.164620084,-1.575845348,1.303104269,-2.266147706,0.00712854983,-0.073403786,-0.2720846484,0.09687000564
2022-01-02,0.0581115389,-0.526080345,0.01069363915,-0.02926111256,-0.02769731938,-0.03599338371,0.3263753185,-0.002479716381,-1.478308035,-1.255079598,0.5224672097,0.4228603373,-0.6771224179,0.3895304764,-3.269299472,-0.537752703,0.7169446345,-0.6772445406,1.384700041,1.066081351,0.01588897445,0.2390824918,-0.4560284274,-0.3562728704,-0.0005924920595,-2.090909929,0.007713775494,-0.0155442693,0.003032906381,-0.1749059946,-0.4145769813,-0.3895341607,0.928793059,-0.4705589191,-1.142268908,0.3422903165,-0.6631130365,-0.01409511821,-1.183613476,-0.2433495796,-0.9395513029,1.195791148,-2.70887925,0.00716852502,0.07459607574,0.2828207729,-0.2387887864
2022-01-03,-0.03135282753,1.841054997,0.001384555785,-0.04069766135,-0.486828971,-0.03126892338,-0.2853051294,-0.002418857244,-1.43897776,0.8326513365,0.4771677154,0.3962551478,0.4397393448,0.7535803294,0.6956324731,-0.6138415031,1.28800747,-0.5947819729,1.206817944,2.355672959,0.01574609776,0.1111464734,-0.1412196269,0.1102642947,-4.424798481e-05,-2.318053175,0.007613286091,-0.01583435392,0.003013206143,0.02259339668,-0.3861061766,-0.4572504154,1.708202541,-0.4488117791,-0.7620129555,0.7546588819,-1.655766016,-0.01404264085,-0.7424725745,-0.7432331793,-1.163228157,2.518259243,-2.034087937,0.007208470572,0.491293295,0.2864601385,0.6244528811
2022-01-04,-0.006799119131,-0.3355428437,0.008488414653,0.003467483659,-0.2571582981,-0.553912983,0.7188435178,-0.002361380847,-1.423328226,0.2688985245,0.528820207,0.1568413086,0.02862092068,0.7128981082,1.494000221,-1.145760772,1.358736092,-0.9689654875,0.9951595044,2.313092121,0.01560301442,-0.0883307047,-0.3454299518,0.02082063517,-8.674858737e-05,-1.706382693,0.007512941868,-0.01620483075,0.002993355579,-0.08299500199,-0.03619400134,-0.281353293,-0.4267023123,-0.249060036,-1.029469288,0.3740981703,-0.1284863181,-0.01398973444,-0.653239929,-1.272543725,-1.195759044,2.314942327,-2.231718491,0.00724838749,-0.0690670672,0.2148646608,0.3436440163
2022-01-05,0.0786470027,0.01953204878,0.006285528412,-0.1106028336,0.179521222,1.317389823,-0.6144571547,-0.002493786541,-1.39834177,-0.1306608296,0.5442843013,0.4913751957,0.2180470798,-0.2115982155,0.576305156,-0.6600638897,1.116015424,-0.6066267025,1.108791348,2.100006773,0.0154597305,0.5485036796,-0.3535663033,0.01007302588,-0.0004566544813,-1.992967078,0.007412749055,-0.01919289574,0.002973349511,-0.2395344641,-0.2953973753,-0.4190761854,1.257002557,-0.2999477328,-0.8668634305,0.6203861619,-2.36109852,-0.01393640152,-0.5610478578,-0.700051393,-1.253255161,2.620084429,-0.08341038137,0.007288276495,0.09655073523,0.215215507,-0.270648204
2022-01-06,-0.05095916111,-0.166877763,0.001794498504,-0.1091001099,0.1799470233,0.05029765984,0.5989213371,-0.002258303601,-1.647523903,-0.5074836782,0.6342892776,0.4978400001,-1.161053191,0.05092561568,0.6563510054,-0.7052807831,0.9446209178,-0.7162820608,1.144498543,0.6130466467,0.01531625196,0.09712657784,-0.3923101347,0.7541369208,-0.0002144328833,-2.236519048,0.007312713725,-0.02368341133,0.002953182825,-0.2223579659,-0.260040159,-0.6033102167,1.38947337,-0.4593536915,-0.6838026131,2.434962483,2.124645734,-0.01388264454,-1.075761817,-0.08227819119,-1.214943704,2.389321405,-2.38352733,0.007328138028,-0.0990373696,-0.2369409833,-1.044538011
2022-01-07,-0.04168301652,0.1441325618,-0.002686406383,-0.1057839794,-0.2699332972,0.168529689,0.1494514139,-0.002211011734,-1.342816388,-0.1357566129,0.5031409284,-1.20587452,-0.2760340148,0.8620215947,0.4424969387,-0.8333850388,0.3135882959,-1.197148369,0.9869215564,0.4305243636,0.0151725846,0.1106958738,-0.3748623797,-0.6587073242,-0.000106971178,-2.283634938,0.007212841794,-0.01725287167,0.002932850505,-0.5137858101,-0.4133575918,-0.5403762048,1.314090203,-0.5089160433,-1.0188995,0.2892164861,-1.147575378,-0.0138284659,-1.627684081,-0.8291639006,-0.9872050967,1.83456821,-2.018447386,0.007367972256,0.961292194,-0.1850287805,-0.8088826205
2022-01-08,-0.03431367551,0.02658653944,-0.0611954801,-0.6742374687,0.3968872604,0.2101746898,0.7658943967,-0.002483357206,-1.732826535,-1.036890642,0.5548894003,0.9825090106,-0.9540667336,0.01436811469,0.4360590412,-0.8701667236,0.5947888189,-0.4195696281,1.901470043,0.9043549666,0.01502873407,-0.2748661877,-0.3966191329,0.02345446734,-0.0002028295965,-2.365755475,0.007113139026,-0.01800830037,0.002912347669,-0.6963691616,0.6143521633,-0.5356159789,1.096120985,-0.449897607,-0.973426015,0.239309492,-0.7749157075,-0.01377386791,-1.027117712,-0.9534912948,-1.16565329,1.589686476,-1.511301147,0.007407779074,1.067986147,0.09435030764,-0.4681182046
2022-01-09,0.0794171859,-0.3676596302,0.01581645792,-0.1746281197,0.07897096254,0.2667298708,0.3745601093,-0.002105367721,-1.560181333,-2.058097299,0.5462562155,0.1807280505,-1.199483344,0.6810036247,0.4110675754,-0.6313748465,1.527429406,-0.9011232144,1.314162623,0.4456991263,0.01488470589,-0.3036810268,-0.4912225223,0.7383905327,-0.0003348058033,-2.213686678,0.007013611044,-0.0169904001,0.002891669614,-0.1440872359,0.9000772668,-0.5579199741,1.27978667,-0.7107217038,-1.176453367,0.9362995495,-0.1534417913,-0.0137188528,-0.6996299629,-0.7770088309,-1.289500434,2.142903904,-1.021920489,0.007447558117,1.185156903,0.1310277802,-0.2856222552
2022-01-10,-0.03826958584,0.4205095958,0.05286298767,-0.2651109732,0.7178789767,0.336461703,0.7635080207,-0.002052707806,-1.575167752,-1.129841128,0.6776746631,0.6518065197,-0.6013362316,-0.2548558422,0.8090263738,-0.6182177176,1.395821527,-0.620697062,0.966298585,0.4705287252,0.01474050542,0.2946540576,-0.6478382381,0.07937652825,-0.0002581528844,-1.748487935,0.006914263343,-0.01725056228,0.002870811848,-0.3362411085,0.7783195545,-0.4243011925,1.697174414,-0.2100995237,-1.096774704,1.917166124,-0.6636199818,-0.0136634227,-0.9577340622,-1.098584662,-1.300454537,2.076394758,-0.7441032,0.00748730876,0.8518393066,0.2744010354,-0.2738540699
2022-01-11,0.001971696909,0.1349143621,-0.0008111471048,-0.204368325,0.6453720995,0.3358597907,0.007374507353,-0.002000945435,-1.510703117,0.1779557308,0.4707390331,0.7357849443,-0.3530240924,0.4409578827,0.3322789061,-0.971469822,1.533672737,-0.6752135117,0.5979420702,0.02605518729,0.01459613788,-0.05848023754,-0.3645471262,0.561664146,-0.0002354973923,-2.179931605,0.006815101301,-0.01659770867,0.00284977009,-0.2054037922,1.098501191,-0.5971060813,0.7818370455,-0.4753112259,-1.11753542,0.4464619466,-0.9866330022,-0.01360757967,-0.8158193058,-1.133567868,-1.527238132,2.765468839,-0.5118916764,0.007527030131,0.6848928254,0.2141821383,-0.2481207527
2022-01-12,0.09530570029,0.1638721022,0.00711434653,-0.09468445637,0.3108450522,0.1257108057,-0.1646498093,-0.002258583744,-1.628291142,0.1123563093,0.591524059,0.9090855418,-0.01392561765,1.288226223,0.05869520381,-0.8481827267,1.190291756,-0.6473233855,0.3260538693,0.4399586785,0.01445160835,0.1771119845,-0.3340245025,1.61437108,-0.0002767723643,-2.171083692,0.00671613019,-0.02519720173,0.002828540123,-0.152970259,1.00521448,-0.5531192927,0.09232015125,0.2591378939,-0.6732567619,0.4133127996,-0.7196351741,-0.01355132569,-0.1653171352,-0.8769178608,-0.5534786046,2.757663288,0.07267763368,0.007566721117,0.8020234188,0.07238203924,0.5366391092
2022-01-13,-0.08725212105,1.768052509,-0.007335217312,-0.09289719987,0.01353448729,0.4100265968,-0.2614652462,-0.001903216326,-1.647336107,-0.541323996,1.030007229,1.331793301,0.2113745861,0.6164189335,0.1676677084,-0.4831695122,0.897015875,-0.2359146517,0.6441064838,0.02909695442,0.01430692174,0.06259631365,-0.2402309897,0.6541417693,-0.000168742076,-2.376472585,0.006617355189,-0.03612470456,0.002807117775,-0.1824383388,0.8085852917,-0.5186731589,-0.01963830604,-0.7003542902,-0.6716143784,-1.007660766,1.679045079,-0.01349466267,-0.4807517121,-0.7096208735,-0.4723235696,2.312524319,-0.4279112297,0.007606380369,0.2386893622,0.5768299433,-0.2371092776
2022-01-14,-0.05754308109,0.4939480248,-0.01753760643,-0.09019385921,-1.000132116,0.349830976,0.176957829,-0.00185518863,-1.460498704,0.04320710438,0.6840177582,-1.746873457,-1.863016245,-1.032073373,-1.093084266,-0.9018980067,-0.3575321189,0.07681091088,1.67812519,-0.0395986032,0.01416208282,-0.127108271,-0.6741782168,5.847421703e-06,-8.762571468e-05,-2.574179836,0.006518781406,-0.01991927919,0.002785498927,-0.2825376457,0.6463392157,-0.4058895886,0.03988134244,-0.4314335406,-0.6461406104,-0.5978342088,-0.05841023422,-0.01343759242,-1.137213883,-1.012676386,-0.567559927,1.985789324,-0.7467046121,0.007646006318,0.04482112959,-0.2913954299,-0.2709870706
2022-01-15,-0.05284951406,0.7446981525,-0.0765497736,-0.08687198315,-0.1260056198,-0.1991199696,0.9317236114,-0.002188944645,-1.618043004,0.04667289424,0.6547191072,-0.1483947823,-1.051649388,-1.246673273,-1.63548812,-0.8901376892,0.2677762147,-0.8508619426,0.5357031526,0.5124103615,0.0140170962,-0.4163159128,-0.2981012708,-1.001991796,-0.0001288187092,-2.101788172,0.006420413892,-0.02165456141,0.002763679558,0.3424241225,0.6346535688,-0.7229202581,0.4210362484,0.2786252444,-1.527479012,-0.6900596568,0.02431355922,-0.01338011664,-0.8946549576,-0.822190005,-0.337269461,1.959535592,-1.045360974,0.007685597175,-0.03404605202,0.4528754466,0.472927333
2022-01-16,0.1328647654,-0.6642467136,0.03251508172,-0.08157130174,0.4757701481,0.3101289183,0.8937454062,-0.00175999193,-1.707047578,-0.8453337272,0.5254394431,-1.713967891,-0.5614111478,-0.8861144769,-1.44416503,-0.7555365004,0.8398895771,-0.6743412702,0.6806950649,0.2488949962,0.01387196633,0.3026203844,-0.7482095252,-0.01145891234,-0.0002617687846,-2.472902724,0.006322257667,-0.01899930145,0.002741655831,0.1909591611,-0.1355343813,-0.3253505188,0.3429680088,-0.6092371095,0.02748138633,-0.3279944089,-0.1176295734,-0.01332223694,-1.1407722,-0.8394068544,-0.6746744716,1.996510125,-1.288546561,0.007725150948,0.1650024102,-0.3066496332,-1.003691635
2022-01-17,-0.03782419789,2.088053251,0.1029112079,-0.08226850235,0.5368476087,0.3445286263,1.421096534,-0.001714823677,-1.573320176,0.2501169621,1.082289255,-1.0141562,-0.5916691012,-0.8875219776,-2.454507927,-0.6287171765,0.2463248968,-0.8894534626,0.2751084571,0.4704941945,0.01372669753,-0.1396729965,-1.12905186,0.799804054,-0.0002316323668,-1.919213676,0.006224317761,-0.01410739716,0.002719424026,-1.029445296,-0.1855349579,-0.519669888,0.2973537817,-0.5570623113,0.02737543723,-2.262120592,-0.4908317014,-0.01326395482,-1.148045097,-0.6086276067,-1.498458047,1.779680701,-1.586243889,0.007764665445,0.6187903412,-0.4131661927,0.5486272076
2022-01-18,-0.5494163321,0.9551987487,-0.6301320255,-0.01887814203,0.05338390425,0.3013502081,0.229223787,-0.001667477156,-1.350118364,-0.06580840739,0.4758173718,-1.119708348,-0.8214561597,-0.9116234155,0.2640386589,-1.856002067,-0.693425337,-0.6546018712,1.185626179,0.476072386,0.01358129394,0.01586360725,-1.465604365,-0.8065234083,-0.0002596486973,-2.022897787,0.006126599221,-0.01253660607,0.002696980527,0.004307167109,-0.396965193,-0.5960301993,-0.8351783455,-0.5766041453,0.02726905315,0.4271515804,-0.008103187484,-0.01320527167,-1.655672308,-1.894443149,-1.646298842,1.845273255,-1.750687927,0.007804138289,0.008904043909,-2.054351264,-0.1836298734
2022-01-19,-0.09094305777,1.148824675,-0.7271884159,-0.08369279851,1.0367827,0.3251517418,0.7797116002,-0.001979513148,-1.769561475,1.603895022,0.08412177679,-1.960882452,-2.048473273,-0.3095421183,0.1271175522,-0.9189604452,-0.3899708026,-0.7814450087,1.159735876,0.5736336109,0.01343575954,-0.1022831475,-1.533956631,-0.2092583041,-0.0003631481455,-1.804361317,0.006029107132,-0.03628259839,0.002674321842,0.004275698618,-0.6226140187,-0.5149126289,-0.005331066433,0.0008610480326,0.02716222022,-2.414406495,-0.4452460377,-0.01314618878,-1.856947236,-0.6364324672,-1.902238806,1.58310926,-2.132658776,0.007843566923,0.7870491798,-1.405324975,-0.3213493158
2022-01-20,-0.1034213211,1.111055254,-0.5485487604,-0.08095622524,0.1638867887,0.3525156119,0.06188082123,-0.001574667771,-1.573423518,0.07965050265,0.2893128203,-1.769735647,-1.127679238,-1.41349186,0.1322204768,-0.6302912173,0.245222074,-0.3085835151,1.231834214,0.5404074156,0.01329009818,0.01928256764,-1.33737147,-0.088481061,-0.0003037041256,-2.766390758,0.005931846643,-0.05790718801,0.00265144461,-0.5152762898,-1.060230273,-0.5369597713,-0.3093043502,0.0008571165958,0.02705492357,0.1373602406,0.8023916189,-0.01308670731,-1.378049227,-1.288456327,-1.908349683,1.44450097,-0.08409734058,0.007882948623,0.5018459047,-1.18134527,1.190216303
2022-01-21,-0.07665545897,1.16685018,-0.5650893819,-0.08055403697,0.7097245984,0.3502162895,-0.2151774102,-0.001528748928,-1.579788646,0.3023728819,-0.303061503,-1.220317829,1.048967526,0.8404894945,1.374672142,-0.8070511102,1.861694637,-0.595611806,1.891452455,2.118617882,0.01314431352,-0.5550504917,-0.4649313863,1.310352296,3.653494803e-05,-0.8695378983,0.005834822997,-0.02498463589,0.002628345614,-0.3844358964,0.6966016936,-0.4753417461,0.8412419994,-0.437430509,0.02694714742,0.1752854452,0.4862861039,-0.01302682832,-1.103742421,0.1546072127,-0.4175627986,3.815295722,-2.010302506,0.007922280507,-0.006245885443,-0.2464465953,0.7477186343
2022-01-22,-0.8908285103,1.23009327,-0.668798227,-0.07794306904,1.002504669,0.1321660897,1.653987739,-0.3658636838,-1.613827053,0.4997968828,-0.1057327668,-1.014022416,-1.308612009,0.5178487743,0.9868663727,-0.9703806528,0.812561898,-0.681130654,1.428339549,0.8665392991,0.0129984091,0.03361969553,-0.5216045841,0.1580247412,-1.800228592e-05,-1.494743906,0.005736403428,-0.02863183027,0.002605021799,-0.6920690143,-0.2664816788,-0.4948500973,0.6163745901,-0.3484306574,0.02683887503,0.04898006188,-0.02276570008,-0.01296655276,-0.7980646842,0.4609689318,-2.081946309,2.059534273,-1.780317929,0.007961559541,1.094676455,-0.5702621102,0.7786680127
2022-01-23,0.1914054951,-0.4251488319,-0.216737168,-0.07732579676,0.02686747299,0.3133737291,1.080415373,-0.001440745243,-1.714025744,-0.1389669091,0.06420223128,-0.3932256043,-0.4929109109,0.3458693451,1.508463247,-0.5283712299,0.5444439759,-0.6938696032,1.697922757,0.607853574,0.01285238826,0.4999033816,-0.0513283062,-0.6042436701,-8.755067591e-05,-1.837331506,0.00563858894,-0.02218342238,0.002581470277,-0.09981179244,-1.752612355,-0.635514216,0.5296650358,-0.6703852636,0.02673008877,0.01850804007,-0.09280737096,-0.01290588145,-0.1315263012,-0.7818510953,-0.7533028739,2.165011081,-1.740180858,0.008000782554,0.2277602757,0.1081808023,-1.566045035
2022-01-24,-0.03271374817,2.34659978,0.1036360255,-0.07706593479,1.216174117,0.3583204904,-0.3506456537,-0.001398859512,-1.699302844,0.5234716984,0.9117492979,0.5093894039,0.1894000707,-0.8271835141,1.663608422,-0.4738002233,0.066655034,-0.8749574333,1.035460316,-0.09035637336,0.01270625424,0.7716026434,-0.03922045502,0.1530042384,-9.337976548e-05,-2.389535493,0.005541395518,0.00116558831,0.002557688345,0.01140871252,0.5280282129,-0.5508412399,1.958719931,0.0411580298,0.0266207701,0.4243226405,-0.2821614286,-0.01284481514,-1.324478461,-1.150386236,-0.8803721025,2.240426169,-0.9769648866,0.008039946245,0.518693994,-0.8509198155,0.8714633471
2022-01-25,-0.4618782387,-0.4874707,-0.01380987529,-0.04583768058,-0.1229007705,0.188111257,0.4003687632,-0.001352413745,-2.312310776,0.1874598482,0.01744228769,0.01495023479,0.1465783906,-0.6677797964,1.656453621,-2.874627694,0.494509997,-1.042748985,1.309436037,0.6402492111,0.01256001009,0.08703943075,-0.1819482757,0.1600046099,-0.0002130063581,-2.253792115,0.00544484045,-0.004021405791,0.002533673488,-0.06491179259,1.04373143,-0.5804530939,-0.07110387729,0.0008412946147,0.02651089965,-0.7353209005,0.007608378193,-0.01277056606,-2.363898005,-0.9173945286,-1.502157473,2.279526847,-0.08418646513,0.00807904719,0.6865531692,-1.382771178,1.683596562
2022-01-26,-0.1534232912,1.342476866,0.3304431809,-0.07998215017,-0.5556042723,0.5360415912,0.3496307653,-0.3472470581,-2.823664506,-0.6766245518,0.8587676547,-0.05568312055,0.4159618462,-0.03164653885,0.2067514474,-2.129876853,0.6742051287,-1.004395734,0.9196020571,0.7082331387,0.01241365872,0.00521876964,-0.06180594845,0.1465844913,-0.0005641102484,-2.410138654,0.005348941845,-0.05653710311,0.002509423399,-0.1274265318,0.4857216913,-0.5130349776,0.631589831,0.4018274866,0.0264004572,0.1840009542,0.01109722414,-0.01269600389,-1.599109827,0.03753842678,-1.568346425,2.387389292,-1.126557058,0.008118081857,1.023724621,0.5588580867,0.09959404737
2022-01-27,-0.08421119325,2.564346448,0.1324918006,-0.07559621286,0.4695126377,0.07187058286,0.2508401788,-0.001290557307,-2.452168693,0.1596158716,1.284323221,1.034088211,-0.5291204542,-0.7372292951,-0.003187746122,-2.174598245,1.262991644,-0.6628969902,1.363284003,1.33953468,0.01226720289,0.5249134573,1.127447977,0.3212124037,-0.0001677151497,-2.17877802,0.005253718201,-0.08506758021,0.00248493598,0.004050600005,0.5107123142,-0.3855415047,0.6841863202,0.0008368888181,0.02628942177,-0.5007915712,0.437600996,-0.01262113365,-2.668118195,0.5650803078,-1.617921217,2.110552105,-0.08420232826,0.008157046609,1.049172919,1.281468363,0.8179035247
2022-01-28,-0.08275305937,1.829178042,0.007647356861,-0.07519887416,0.3759092153,-0.006186867582,1.991252828,-0.001225594201,-1.294217427,-0.4989873473,1.141969508,-0.1871899835,0.6657913328,0.3693088751,1.838917483,-0.959687926,0.7474739839,-1.063495042,0.9669537907,0.7152212216,0.01212064524,0.3260854683,1.201134131,0.5217697689,0.0009020481272,-1.569284441,0.005159188023,-0.02871921698,0.002460209356,0.004026155807,-0.5637764659,-0.5040662212,1.820339862,0.0008351192411,0.02617777167,-1.149249195,-0.2481860167,-0.01254596045,-2.44785287,1.060356091,-1.574676357,2.801582585,-0.08420600504,0.008195937717,1.432509143,0.8647787422,1.366098156
2022-01-29,-0.8908833258,0.7660339436,0.06015618821,-0.07157751943,0.4649540531,-0.3192435726,0.8120818754,-0.001561066469,-1.438983207,0.3015842811,1.955132322,3.6264107,0.9328045826,0.5106612961,1.87465581,-0.7196462982,0.8330936151,-0.9237208708,0.9273006865,1.226542795,0.01197398825,0.8480739275,1.452578746,1.265376008,0.0008058547791,-0.5485656031,0.005065369491,-0.03404892712,0.002435241883,0.00400260312,0.8080772622,-0.5204703425,1.972410233,0.0008336428567,0.02606548452,0.1701941108,0.001053833524,-0.01247048944,-0.8875581208,0.8584998828,-1.433332868,2.489996679,-0.08420684111,0.008234751365,1.14686904,1.858461955,1.539103143
2022-01-30,-0.6277724946,0.02259240358,0.6563799947,-0.07377730066,0.2621960349,-0.1709405414,0.8147017159,-0.001136384766,-1.538742179,0.8968036413,1.149745605,2.526333885,1.249969459,0.5479133913,2.560092242,-0.208677034,0.9301753408,-0.5630960895,0.8886467953,1.221812006,0.01182723426,0.008250914485,0.6846762528,1.851872372,0.0007964239843,-1.303046412,0.004972280167,-0.01954192531,0.002410032154,0.3567735614,2.257309174,-0.4885496157,1.4015427,-0.1245705188,0.02595253734,0.1455457187,-0.09488443034,-0.01239472579,0.7568506598,0.03745227658,-1.524185408,3.167461058,-0.08420483388,1.823724679,1.356052949,2.128185968,0.3337565329
2022-01-31,-0.3745891004,-0.04739197043,-0.98031977,-0.07385455598,-1.452688529,-0.1713997394,-1.598736556,-0.001084613665,-1.441558312,-0.2253722807,-0.2430725328,-1.006634414,-2.355673159,-1.235192844,-0.4532855701,-0.5075247816,-2.454124464,-0.730257801,-1.225644897,-0.02069592861,0.0116803855,0.15056111,-0.07683625854,-1.13631994,0.0009691188962,-2.032558667,0.004879936746,0.0004661245536,0.002384579007,0.01650554735,1.002366582,-0.4204681488,-0.1921969314,0.0554344384,0.02583890662,-1.193008846,-0.08927821578,-0.01231867472,-1.321964234,-0.8941270539,-1.53523141,-1.370938066,-0.08027647499,0.008312130657,0.4353449814,-0.8601111269,-1.027018099
2022-02-01,-0.7846117265,1.142427924,-0.05120919946,-0.07273667424,0.464189788,-0.2057850208,-0.09741121126,-0.001030599204,-1.109449814,0.4834245561,0.5059808795,1.603446146,0.4016132352,-1.085507181,1.878354007,-1.051217306,0.1605455418,-0.9123649132,0.7870768003,0.4772353364,0.01153344405,0.2579496358,0.6974280494,1.140460108,0.0009895095099,-1.954907097,0.004788354854,-0.01474892356,0.002358881533,-0.05273552431,1.119848112,-0.4653173138,0.6925485045,0.2313201662,0.02572456839,-0.9306842904,0.01281453288,-0.01224234144,-0.6148774345,0.6145482809,-1.634041622,2.032904386,-0.3907569803,0.8584802773,0.4549760525,-0.04559280429,1.168094114
2022-02-02,-0.5372250301,0.9310654654,0.0333809807,-0.07847409222,0.377622206,0.07155576549,-0.5868159878,-0.001338816358,-1.536357071,1.669347411,0.4829476683,2.34565126,0.9163587113,0.3570023395,1.885559239,-0.8265220318,0.8082387924,-0.8028145875,0.5517846154,0.6700093453,0.01138641189,0.5114137673,0.8691259904,0.4771945772,-0.01094385247,-2.10029334,0.004697548872,-0.05364543691,0.01208840212,-0.1085195982,1.258035787,-0.3767083078,1.79745274,0.06336209798,0.02560949832,-0.7647395036,0.1080642362,-0.01216573114,-0.8574312992,1.329638885,-1.51590201,2.726833594,-1.824307593,1.134623586,-0.6490975984,0.9705610656,1.142464125
2022-02-03,-0.08099537076,-0.1071944724,0.4005323771,-0.07188401525,1.762283908,-0.4094920895,0.3469452122,-0.001096068788,-1.6351987,1.145045891,0.2814509608,3.001423302,1.24826704,0.2169181613,3.350138972,-0.5333304985,0.09145868925,-0.1489500521,-0.004053362197,-1.283657444,0.01123929087,0.5054898527,1.0639172,-1.08283741,0.001125149742,-1.405724958,0.004607531802,-0.1013576839,0.00230675126,-0.2198220497,1.907378635,-0.4937513302,2.302091739,-0.1674082437,0.02549367179,-0.2396587426,-0.03938505685,-0.012088849,-0.8876191955,0.03735777792,-1.496742021,2.398870452,-0.0841683406,0.8207567292,-0.473587926,-0.3566920504,1.29321871
2022-02-04,-1.663991537,0.2711648348,0.3847562768,-0.07183397808,0.4735553747,-0.57352048,0.9951879141,-0.0009273975159,-1.4411774,1.163716391,0.2010687662,0.2198951626,0.7810883477,0.175087428,1.897959973,-0.8371108747,-0.03622038108,-0.7520811998,-0.1332738159,0.1179072747,0.01109208275,0.6370024261,1.36133983,0.5133841496,0.004707370434,-1.959563271,0.004518315162,-0.03165466918,0.002280317955,-0.03677388717,1.427026614,-0.4137572124,0.8088785995,-0.1776739011,0.02537706401,-1.052814801,0.3651731462,-0.01201170018,-1.10559559,-0.5292452429,-1.700728747,2.597310101,-2.614478568,1.406688456,0.09228351063,1.087897516,-0.4683723314
2022-02-05,-1.481517158,0.5812549068,-0.5225054278,-0.06540615459,0.4712465476,0.7112611246,0.5025899173,-0.001196764976,-1.507633303,0.6193842213,0.8400903601,0.215531826,0.5171038222,-1.8504123,0.61628495,-2.213970034,-0.01570060921,-0.6480467029,0.5949439097,-0.02112857795,0.01094478916,-0.1130459836,0.8139540825,0.7628880281,0.00284165949,-1.980661723,0.004429908915,-0.04072833813,0.002253639317,-0.1930514506,-0.1729889417,-0.4218736544,-0.1730340111,-0.04738498844,0.0252596501,-1.186015561,-0.006538298792,-0.01193428979,-0.8635642114,1.342656838,-1.876925201,0.4635275705,-1.246226051,0.8233196876,-0.565654548,0.9432561947,0.375441517
2022-02-06,-0.1649970754,0.08833266851,-0.2940079943,-0.07201786865,1.670739786,-1.791809423,0.8787250293,-0.0008529529875,-1.745793322,1.070680875,0.07341989544,1.528926851,0.5457222849,-1.729479809,1.262722863,-1.481522112,0.3285517089,-0.500765803,-0.4065178198,1.974422459,0.01079741166,0.7341091197,0.03411440124,0.397028776,0.00278323568,-1.605502652,0.004342321415,-0.01455563492,0.002226715773,-0.05064779062,0.5608889563,-0.5808092601,0.2283797032,-0.04754889542,0.02514140526,-1.946318521,-0.08640141809,-0.01185662288,-1.143908838,1.529362332,-1.749128723,1.883673291,-1.268141842,0.7813863181,0.1967862458,0.3300251657,0.3735763011
2022-02-07,-0.6854444323,0.4491932435,-0.3269585276,-0.07489908203,1.083119709,-0.6662578,0.895278535,-0.0007911168561,-1.543552931,0.08967679028,1.290327145,1.263454446,0.4701128749,-0.7102651831,1.99387983,-0.7532987361,0.9322053483,-0.7467695262,0.3669201327,0.8100457897,0.01064995171,0.4268007456,0.357817667,1.815798853,0.003390707074,-1.935311927,0.004255559387,-0.002760381543,0.002199548021,0.007402890314,0.2997670606,-0.5464819259,0.8815481987,0.08952543852,0.02502230481,1.157994864,-0.0688278853,-0.01177870448,-1.221022921,1.441918199,-1.179191681,1.558259256,-1.18025987,0.6731755404,-0.5218323968,0.7278333546,0.7431942991
2022-02-08,-0.1768950241,1.249237917,-1.080246027,-0.07678672353,0.3506024013,-0.6562702376,0.4727690121,-0.0007258916192,-1.386902262,0.7680754914,-0.04709615364,0.4840941184,0.5476015373,-0.5833815094,1.476759896,-1.50221688,0.2302698304,-0.2365085814,0.6861541141,0.1025215524,0.01050241068,0.5824692974,-0.2354580145,1.994594232,0.0029584294,-2.079603745,0.004169627919,-0.01771447531,0.002172137037,-0.0322138449,0.6732675976,-0.8742963255,-0.01261721704,0.01849762938,0.02490232438,1.225245641,0.001558906057,-0.01170053953,1.2265236,-1.247266597,-2.317651965,-0.6289722072,-1.077459045,0.5052925897,-0.2144390126,0.6617146891,0.1948455744
2022-02-09,-0.9782088877,0.5340674739,-1.286146619,-0.08059563764,-0.4616574843,-1.413131338,-0.2853463788,-0.0009636552621,-1.256669962,0.3692306592,-0.07578941139,-0.1243769037,-0.5444847106,0.6335661752,0.9454404321,-1.649635337,0.2317859201,-1.796052014,-0.2246584663,-0.0468518651,0.01035478989,-0.1350110675,-0.06463414966,0.2474019258,-0.03388155573,-2.544046169,0.00408453048,-0.04312494488,0.002144484072,-0.09487209877,0.2915267681,-0.5349240956,1.191391058,-0.02979251293,0.02478144002,0.8043200483,0.152984943,-0.01162213293,-1.645222895,-1.981667317,-1.043483124,-0.794016358,-0.08402815733,1.110348003,0.1093271846,-0.03205442326,0.2129767654
2022-02-10,-0.8991143966,1.239283804,-1.06432105,-0.0701930317,0.5253713974,-0.6341651921,-1.078124425,-0.0008531876583,-1.642568068,-0.3235552838,-0.07791728115,0.2463943709,-0.9620537845,-0.4585659569,1.217971827,-1.658804375,0.05320389514,-0.1585724537,-1.426718509,-0.06067772836,0.01020709056,-0.5749214598,-1.14999029,1.129914496,-0.3031853821,-1.86826279,0.00400026895,-0.1314878917,0.002116590654,-0.4529562748,-0.9144181205,-1.537679906,0.2454666901,0.0008382504678,0.02465962832,-0.8963156952,-0.03977170437,-0.01154348948,-1.594998904,-1.00422831,-1.994279538,-0.7221265516,-0.08399483315,-0.1842410381,1.026728905,-0.1126481973,0.4444472738
2022-02-11,-0.9616993904,1.876896648,-1.149712833,-0.07070682482,1.742380945,-0.5435999402,-0.5022114325,-0.0005992878749,0.9617336557,2.379798067,0.1519864961,-0.1095964606,1.32532072,0.3738708686,0.01693823335,0.3104706175,1.290898826,0.03395793911,0.5686424141,1.540130577,0.01005931388,0.3507130011,0.1027281426,2.088529111,0.01210870788,-1.261483669,0.003916843665,-0.04420247289,0.002088458591,-0.02251994736,0.721998798,0.1661115066,1.134752106,-0.1994641432,0.02453686656,1.47488759,-0.1206837754,-0.01146461395,0.4939563691,-0.6767330545,-0.7155750692,1.614276995,-1.405015804,0.3298008678,0.849632562,1.276244769,0.9507185931
2022-02-12,-0.3632210279,1.865116952,-0.8946282788,-0.06040361716,1.534498316,-0.4877137389,-0.6675465697,-0.0005907780882,0.683572474,2.071011035,0.3093906469,2.776853946,0.7177168369,-0.3307026189,0.3231411379,0.3627014409,1.66202585,-0.3772542066,-0.3673749352,2.293811226,0.009911460961,0.4161173661,-0.21107951,1.785525523,0.005649030208,-0.75899985,0.003834253475,-0.05607792566,0.002060089967,-0.1722825746,-0.9445051695,0.2811070212,1.386428661,-0.07224807132,0.02441313284,1.852276928,0.005795504551,-0.01138551102,0.7557356153,0.03711236373,-0.6395647746,0.3656103406,-0.08391966191,0.008767755539,0.08066288785,1.431030373,0.7321762334
2022-02-13,-0.5852208041,-0.2611582263,-1.415850311,-0.3306761218,-0.2556469559,-0.5253271755,-0.7139081317,-0.0004980598444,-2.508127764,0.3909412117,-0.0769304183,0.2773635572,-0.3691235151,0.5054886838,0.6091705308,-0.9987845554,2.118821189,0.5367662915,-0.01621210144,1.9078738,0.009763532898,-0.1605303912,-0.1226409143,0.4558499344,0.008964570291,-2.160302469,0.003752495807,-0.157991134,0.002031487143,-0.2870332294,-1.662172729,-0.5751184582,0.08650257601,-0.2131689139,0.02428840626,-1.826472785,-0.06276099949,-0.01130618528,-1.027243505,0.03708200049,-2.089261922,-0.5319807945,-1.070405526,-0.2395806936,0.3328486824,0.1658056387,0.08366036467
2022-02-14,-0.3832830871,-0.4306930137,-0.4213794656,-0.07780942225,1.073804733,-0.45687254,-1.498252481,-0.0004132544314,-2.555298675,1.567596087,-0.06132871092,-0.09016225513,0.3706904566,0.5800020675,1.685952517,-1.06478779,1.099547304,0.3206027254,-1.315469809,-0.3286575146,0.009615530732,-0.1900698341,0.1553591474,0.5018042945,-0.002756442312,-1.761261665,0.003671566743,-0.06151850727,0.00200265276,0.003751496719,-0.6739628747,0.2768012372,1.142155017,0.175927649,0.02416266699,0.4594685294,-0.05326599161,-0.0112266413,-0.6048551725,0.03705095182,-1.389100437,-0.3884848571,-1.091609205,-0.226654858,0.2344526699,1.011997092,0.3891640459
2022-02-15,-0.2822630955,0.7307487193,-0.8032779777,-0.341587148,0.7202731854,-0.4259244071,-1.589002158,-0.0003286017471,-3.051816943,0.7535519344,-0.9123476841,0.2432859269,-0.2146024538,0.4683681965,1.696970904,-1.797282665,0.6566125417,-0.1952919319,-0.9829339042,0.5885535935,0.009467455483,-0.3349608974,-0.2171743154,1.099583268,-0.7998848651,-1.963012749,0.0035914611,-0.011206975,0.001973589733,-0.5409778123,-0.6664549719,-0.8705237292,0.274783995,-0.01372936828,0.0240358965,1.028857985,-0.01648060857,-0.01114688351,-0.895784276,0.03701919453,-1.451320383,-0.6525345107,-1.042743784,0.9135953334,-0.07497466729,0.7979855475,0.104055031
2022-02-16,-0.3952160332,-1.479813092,-0.6543878619,-0.508325459,0.1566262104,-0.74926114,-1.498411487,-0.0003393822607,-2.94804883,-0.5251768772,-0.05475395023,-0.6854243827,-0.2007983291,0.01666876152,0.8520304445,0.2495108645,0.1555793874,-0.6436542388,-1.457061394,-0.175752755,0.009319308152,-0.1898120951,-0.07987671359,-0.9554314897,-0.05884438876,-1.737962109,0.003512172515,-0.08963669254,0.001944301258,-0.07960098677,-1.048080656,-0.570509438,0.3825495711,-0.02769794622,0.02390807762,-0.6571704932,0.05994701118,-0.01106691632,-0.5303514345,0.0369867036,-1.889933774,-0.07983183677,-0.7914691186,0.1991846982,-0.09091123067,-0.2373640843,0.2345619207
2022-02-17,-0.3844157757,-0.7807094686,-0.219315129,-0.4331817016,-0.1696134671,-0.4712935554,-0.6078292784,-0.002429677876,-2.834473033,1.621489443,-0.04407676386,-0.1198594578,-0.1227615548,1.218295387,2.723518685,-0.9391978501,0.5422072523,-1.275168024,-0.7323459512,0.8196514754,0.009171089731,-0.07451298658,-0.06668746982,-0.9423131794,0.01705246585,-1.07063674,0.00343369353,-0.1967985418,0.001914790803,-0.06975251083,-1.250249326,-0.6018724171,0.9924726226,-0.1309592283,0.02377919474,1.236727233,-0.03338068062,-0.01098674405,-0.8656276698,0.03695345215,-1.421315267,-0.6517693045,-1.90202825,-0.7489262347,-0.2840829052,-0.1660226405,-0.2144067294
2022-02-18,-1.135559763,-2.23065044,-1.948147887,-1.032566675,-0.5164955611,-0.4381617776,-1.300944823,-0.0001104624437,-2.995962844,0.2500277476,0.5234195115,-1.301858138,-0.4635522938,1.069107185,-1.461017387,-1.099357822,-0.3626641363,-1.39096329,-0.6368352654,-0.3336558156,0.009022801209,-0.7169311721,0.123348135,0.6144045357,0.01899884284,-2.208938077,0.003356015687,-0.0668601205,0.001885062113,-0.02538325085,-0.950120985,-0.7817798514,0.4930950117,-0.5558024384,0.0236492339,-0.3961757922,-0.05339604435,-0.01090637096,-1.129627206,0.03691941142,-1.349777527,-0.1889769218,-0.9225030937,0.3072764576,-0.1182804327,-0.4701536238,0.1426232953
2022-02-19,-1.593395669,0.8314015628,-1.060695757,-0.7653858297,0.148163413,-0.7504861881,-1.217229809,0.0006396984888,-2.464409053,0.3794547857,-0.3076733924,1.260741955,-0.1205555805,-0.3686884384,0.8050912984,0.3005662967,0.4733870246,-0.586712835,-1.356133942,0.3705423431,0.008874443589,-0.8042565126,-0.1812738953,0.1035872091,0.007597726552,-1.688065394,0.003279129615,-0.2203550791,0.001855119205,-0.1419674061,-0.7701532863,-0.5647160322,0.5037307519,-0.0644817262,0.02351818295,-0.08286494424,0.0009992978395,-0.01082580122,-0.800840003,0.03688455072,-1.336612904,-1.091837209,-0.8977330622,0.009024772703,0.1771673152,-0.4849764407,0.07754308637
2022-02-20,-0.215520444,-0.2119974939,-0.4316436244,-0.3945434477,-0.02003902252,-1.306948785,-1.021930241,9.536971747e-06,-2.70454533,0.4655419099,-0.0181436628,0.02278439543,0.3464618364,-0.01160851953,1.057483033,-0.5145280384,0.1822387124,-0.1695966681,-0.7261377099,-0.2025483914,0.008726017888,-1.163635,-0.001453433488,0.6215217546,0.02959079971,-1.393119667,0.00320302512,0.0419433618,0.001824966364,-0.05264483045,0.05659382221,-0.4777353065,-0.6066288473,-0.02285674086,0.02338603165,0.5080469913,-0.03496625797,-0.01074503896,1.371557886,0.03684883734,-1.651047454,-0.3732549537,-2.758770903,-0.4221635578,-0.6360380049,-0.2676045453,-0.1194496839
2022-02-21,-0.8755406758,1.890081125,0.3919940976,0.003025064065,-0.7504212742,-0.6807484642,-1.015018057,0.000368655623,-2.043503802,1.516833951,-0.28569878,0.0184996872,-0.2807850003,-0.3371266663,1.226460568,-0.2860547956,0.4884616816,-0.16804954,-0.6136682606,0.6101427075,0.008577525153,-0.03701376804,-0.03874274776,-0.7222556707,-0.009187654296,-1.699673094,0.003127691279,-0.1799933349,0.001794608147,-0.006714094779,-0.1660928061,-0.5732985526,0.4221142623,-0.4084351341,0.0232527718,0.08487348577,-0.03990715028,-0.01066408823,-1.034077041,0.03681223662,-0.9931177212,-0.535273513,-2.688210223,-0.3819384143,0.2607848385,-0.3111628909,0.1649495891
2022-02-22,-0.196457339,0.371448612,0.04391593386,0.00301895104,0.4339645629,-0.7236823747,-1.066507682,8.781477487e-05,-2.476635709,0.6496372622,-0.258048781,0.5615245464,0.4178689956,-0.1273975397,1.344163826,-0.6462242509,0.4902965202,-0.9047382625,-0.4293311439,0.461976648,0.008428966461,0.1897210542,-0.1916451317,0.6965952373,0.004913181735,-1.390634251,0.00305311652,-0.1008374054,0.001764049371,-0.03248430201,-0.2661879177,-0.6110435726,-1.091840379,-0.5045985705,0.02311839736,0.2618163813,-0.02175027342,-0.01058295303,-0.7098987054,0.03677471192,-1.087700349,0.6305845425,-2.649007511,-0.2934572191,-0.2855444625,-0.1574244499,0.4959916631
2022-02-23,-0.1962884861,0.4383014181,-0.07875761702,0.003012534596,-0.2442679195,-0.8035265197,-0.9928518386,0.0002195285455,-2.476803112,0.3137983864,0.005276876728,0.6068707633,-0.1964880967,-0.2447819547,0.6177968599,-0.5912943545,1.010428707,-0.7728392926,-0.8411078325,0.2672569974,0.008280342934,-0.1918811696,-0.08597669813,0.6553009427,-0.08815063931,-0.3379868035,0.00297928872,-0.1746650144,0.001733295117,-0.06557940863,-0.4638321981,-0.5004143236,0.5313746181,-0.6112768752,0.02298290454,1.152936088,0.02334878141,-0.01050163728,-1.92961929,0.03673622465,-1.245769237,-0.01174989335,-1.406404455,0.6905849056,-0.06901847151,-0.1369445215,-0.2661378795
2022-02-24,-0.1315525675,1.266407982,-0.2571641904,0.003005802947,-0.1668177227,-0.907190148,-0.6907869424,-0.006553914881,-2.766017364,0.05377626896,-0.2388163753,0.7661524772,-0.09848341198,-1.148740398,1.030482031,-0.6668768991,1.064916063,-1.340266581,-0.3490330069,0.2078607377,0.008131655739,0.4620990607,-0.1139003206,-0.2105061266,0.02232862567,-0.9675342937,0.002906195281,-0.6988873824,0.001702350719,-0.05794482097,-0.716889361,-0.5546749185,-0.1791010349,-0.6528041679,0.02284629188,1.410766475,-0.03450158881,-0.01042014486,-0.8846158259,0.03669673423,-1.184238311,-0.008346308508,-0.08323139774,1.080265482,-0.4310905474,-0.01054186107,-1.183458696
2022-02-25,-0.7840350622,0.9598722703,-1.244792896,0.002998745195,-0.1901035041,-0.1848435484,-1.632199307,0.0004698476369,-2.044878637,0.1801257305,0.1940097851,-0.8589824765,0.4167570639,-0.4651716553,0.765061011,-0.7569080642,-0.02136605293,-1.671419373,-0.6606617789,-0.1160784336,0.007982906099,-0.1173392875,-0.1483733797,1.097847003,-0.4668335835,-2.352725108,0.002833823214,-0.1577940921,0.001671221765,-0.02706522336,-0.1156388127,-0.6787213489,-1.046536289,-0.8291067792,0.02270856033,0.4357865133,0.006255978277,-0.01033847957,-0.7914700457,0.03665619807,-1.360538784,-0.2149372965,-0.08315582948,1.245968534,-0.3869263327,-0.06372381477,-0.2498141998
2022-02-26,-0.747263357,0.7568529818,-0.04010022368,0.002991351416,-0.6548059413,-1.761298676,-1.437828445,0.002578959404,-3.137467505,-0.1888271354,-0.2225438881,0.8951878565,-0.2518661429,-0.141421283,1.300594406,-0.6735230434,-0.2274809739,-2.5248711,-1.26210988,0.7528710085,0.007834095295,0.008354289273,-0.3304566259,-0.1468812101,0.0110659919,-1.536808166,0.002762159218,-0.1394678614,0.00163991409,-0.1144399915,-0.7364013117,-0.5243736196,-0.2735031609,-0.04099878261,0.02256971335,0.5231199362,-0.008500175625,-0.01025664518,-0.966517122,0.03661457165,-1.07205146,-0.106761015,-2.448619123,0.8388673662,-0.6984334322,-0.1177219819,-0.8338280145
2022-02-27,-0.02805869305,0.04872810584,-0.4002791893,0.002983612744,-0.1865604595,-1.888967783,-0.8116382575,0.0001354942232,-2.945329946,-0.005740543216,0.2371621117,0.3159141638,-0.1098101508,-0.462959806,-0.01598186232,-0.7596621299,0.3278112555,-0.1186598229,-1.077929441,0.2181742204,0.00768522467,-0.400578075,-0.1147914154,1.428783834,0.0478414259,-1.478733204,0.002691189756,0.2551318312,0.001608433768,-0.05074609947,-0.02834285294,-0.6692049753,0.1423907176,-0.2500817846,0.02242975694,0.5441906221,-0.02018154185,-0.01017464537,-1.142854637,0.03657180857,-2.309429688,-0.1528894463,-1.434330008,1.580847224,-0.7040238388,-0.07284753799,0.1459584232
2022-02-28,-1.401023516,0.9355647371,-1.015514654,0.002975521442,-1.197175502,-1.176202156,-0.81404475,0.001483837184,-2.86344956,0.2071319216,0.2298032957,0.5135889905,0.4299815572,-0.4540396082,-0.3411355329,-0.7320747341,0.304840784,-1.466503833,-0.9615969776,0.6554216972,0.007536295637,-0.184609112,-0.2238402307,0.6090248509,-0.01465586012,-1.54758514,0.002620901125,-0.09255864891,0.001576787111,-0.01853039992,-0.2924782387,-0.4559953372,0.1500831436,0.1150287555,0.02228869967,0.1422257958,-0.02730094277,-0.01009248382,-1.053604346,0.0365278606,-0.9078680408,-0.1622302934,-2.20852091,1.266622755,-0.5966344774,-0.07744860117,-0.2333547485
2022-03-01,-0.9065495229,-0.04807947388,-1.223464822,0.002967070972,-0.2534831193,0.1438291922,-1.366888382,-6.270169866e-05,-2.758618258,0.09494418569,-0.3274357371,0.2922295273,-0.1625643807,-1.207088197,-0.3259899667,-0.6624391825,0.6711805457,-1.420756347,-0.9922511668,-0.5659201649,0.007387309679,-0.2859671271,-0.5112736313,0.5798037153,0.002163160176,-1.861899774,0.002551279524,-0.1719507195,0.001544980662,-0.2666676271,-0.252440033,-0.3683929745,-0.5806206696,-0.4036357287,0.02214655273,0.4811672073,-0.0283947313,-0.0100101641,-0.7328805909,0.03648267776,-0.3384930381,0.4552255592,-0.4884112,1.739546761,-0.8628529142,-0.03633176159,-0.8553204994
2022-03-02,-0.6849789662,0.5193625149,-0.231537317,0.002958256044,-0.2641660721,-0.761442659,-0.8673617809,-4.656541719e-05,-2.076330585,-0.7315747109,0.8821528742,0.2892419321,-0.1788343018,-0.5262120453,-0.42144397,-0.6533557604,0.2740343887,-0.9017527221,-1.186577249,0.4905592918,0.007238268353,-0.2391274785,-0.07751548018,-0.03871062957,-0.1215947432,-1.767007582,0.002482311117,-0.1595488924,0.001513021189,-0.05215135391,-0.3873279361,-0.2045452442,0.1362094186,-0.3365066575,0.02200332993,0.736107769,0.002679600206,-0.009927689771,-0.6563864618,0.03643620836,-0.2928182707,0.09775640455,-1.967555962,1.28235619,0.05684755714,0.9165832833,-0.3745631616
2022-03-03,-0.2440817592,0.641893418,-0.8101143403,0.00294907266,-0.1113353287,-0.03801518177,-0.06007573232,-0.008376189854,-2.588122613,-0.3672046283,0.9012792563,0.656000496,-0.0004060202238,-1.129551305,-0.4800859406,-0.4549627852,0.7584358904,-0.8655325082,-0.7327755429,1.326098201,0.007089173295,0.3685738965,-0.01951292904,0.9648102162,0.02743746082,-1.44422148,0.002413982093,-0.1804940094,0.001480915682,-0.04680037779,-1.309719257,-0.5896794625,-0.7533419686,-0.221627099,0.02185904772,1.29455259,-0.03509389815,-0.009845064339,-0.6296820118,0.03638839911,-0.3905734569,0.4029953195,-0.08264436744,1.571957582,-1.221528789,-0.01168070463,-0.9294892205
2022-03-04,0.6350658059,0.6455149393,-0.8977699644,0.002939518149,0.01685028998,1.008532047,-0.6062662294,0.0006464796356,-2.296132082,0.9011597174,0.8142495229,-0.2968675603,-0.2916384697,-0.6063342408,-0.8206324696,-0.6379192775,0.3808409086,-0.8845483732,-0.7815316724,0.2779791077,0.00694002622,-0.05882007203,0.1154512485,0.7332090181,0.04936578244,-1.235621967,0.002346278721,-0.07195915556,0.001448671348,-0.02801963843,-0.7030814231,-0.4926754625,-0.281874418,-1.018843533,0.02171372514,0.4096288996,0.03948093687,-0.009762291258,-0.5754788305,0.03633919522,-0.796595234,-0.8768046516,-2.001638482,0.7544966718,-0.4513531444,-0.4333314652,-0.5372410983
2022-03-05,-0.08510692736,1.078869294,0.8247970985,0.002929591177,-0.4864818049,-0.1580824424,-0.3259866938,0.004912356883,-2.53501903,-0.168469419,0.4954970501,0.6652161014,-0.7913134392,-0.8759577017,-0.6332194441,-0.5060079547,0.04271221359,-1.195393925,-1.096442124,1.307377158,0.006790828927,0.0813253226,-0.1309719088,-0.1217890628,0.01339016258,-1.45371192,0.002279187397,-0.056208866,0.001416295607,-0.08897283979,-0.6431323699,-0.4829073719,0.1504537179,-0.5241628611,0.0215673838,2.23405933,-0.0150486016,-0.009679373942,-0.6956138831,0.03628854046,-0.336103176,-0.2135011533,-2.513686439,0.7291219803,0.2397454715,-0.05855306617,-0.8026591368
2022-03-06,-1.241200002,1.935177022,-0.07249883679,0.002919291758,0.4167077422,-0.09412045731,-0.8694626729,-0.001148567702,-1.547514993,-0.005716664534,0.5945464686,0.4136960612,-0.259693747,-0.648107215,-0.4034598606,-0.4580694326,0.4656423088,-1.446096205,-1.172364713,0.4310639096,0.006641583302,0.2075355441,-0.01338440136,1.236794215,-0.5659437522,-1.358897261,0.002212694696,0.3458581496,0.001383796089,-0.0410614922,-0.3525148062,-0.9598665457,-0.206072817,-0.302328714,0.02142004787,1.410028935,-0.01359390232,-0.009596315763,-0.6038962315,0.03623637724,-0.1739964545,-0.7753503342,-1.771469418,0.7898533423,0.2774806946,0.5052030262,-1.20234357
2022-03-07,1.042777071,2.707677755,0.003717376438,0.002908621231,-0.5319179372,-0.1052700525,-0.6404164279,0.001574670464,-1.117129383,0.2108691986,0.7823461847,0.2844007745,-0.148682203,-0.6310991513,-0.6555856493,-0.6007361326,-0.006284912277,-1.446404162,-1.099771506,0.4130654021,0.006492291315,-0.165846946,-0.138314981,0.8012969432,-0.02339256393,-1.355229598,0.002146787414,0.01203498695,0.001351180629,-0.03557014527,-0.6924227692,-0.2365434464,-0.4703003543,-0.05299919326,0.02127174396,0.9790729136,-0.00918462497,-0.00951312005,-1.348846621,0.03618264676,-1.22881834,-0.9937307953,-1.559344613,0.6408414528,0.05886362606,-0.1718781433,-1.074232503
2022-03-08,-0.1098492406,0.3010269685,-1.43343251,0.002897582221,-0.5655746423,0.02642596511,-0.6935689256,-0.00247808877,-1.38913527,-0.566145927,0.1758564178,-0.1074422603,-0.3926169505,-0.1388860461,-2.437618222,-0.6257789567,0.5575994422,-1.61672523,-1.048225947,-0.2987023902,0.006342955028,-0.3734058193,-0.120991986,0.7017358931,-0.6368509012,-0.4142652467,0.002081452608,-0.1125109063,0.001318457266,-0.03309237748,-0.227227066,-0.6809690759,-0.3227267757,-0.2951669081,0.02112250109,-0.0888349803,-0.02706298083,-0.009429790091,-1.108774309,0.03612728927,-1.366606963,-0.1326692193,-0.125250755,0.8226110926,-1.080369553,0.4484700291,-0.7507786688
2022-03-09,-0.1004498718,0.4704477029,-0.7275967808,0.002886178631,-0.5343074211,-1.634172054,-0.6613639676,-0.002753170736,-0.6670163629,0.4081909519,0.1934345651,0.2743395605,-0.1851247342,-0.7283549886,-2.346173185,-0.5883663037,0.6218620872,-1.004709697,-1.032475686,0.4202118723,0.006193576588,0.05163013529,-0.05623680029,0.7659349102,-0.1642084173,-1.463271829,0.002016677637,-0.08206906478,0.001285634238,-0.03999919652,-0.8054124585,-0.3106781598,0.5417358922,-0.2328672079,0.0209723506,0.1757530545,-0.006373208787,-0.009346329135,-0.8654898493,0.03607024416,-0.1704931177,0.2536905852,-1.957575782,1.001225742,-0.2939563094,0.4837770957,-0.02806904338
2022-03-10,-0.1013599819,1.350846999,-0.1052610247,0.002874415612,-0.6621497901,0.2116668683,-0.6241124692,-0.01182242111,-0.7108749208,-0.07862515366,0.5514559857,0.245436248,-0.4057351357,0.3777705614,-2.17318311,-0.6334538162,1.543033354,-0.9501896424,-0.2873372367,0.4667699837,0.006044716797,-0.02630226847,-0.101397339,0.8876855399,-0.5879007687,-1.219154086,0.001952450193,0.1414199491,0.00125271998,-0.03756754784,-1.173418136,-0.5329751593,0.2221360824,-0.06288673483,0.020821326,0.9752412089,-0.02538694329,-0.009262740391,-0.7877921433,0.03601145017,-0.3450862319,-0.09187231335,-0.958469742,0.8301692365,-0.3312964265,0.04632460255,-0.3233226215
2022-03-11,0.1846768828,0.6597802605,-1.43378862,0.002862299509,-1.032945272,1.870397013,-0.6195978348,-0.002116553858,-1.86952024,0.621359576,0.1375493306,-0.1104548945,-0.1910304144,-0.1452570828,-0.5014644378,-0.3535476992,1.76654518,-1.854434393,-0.5885167215,0.5005253019,0.005895909926,-0.2382324012,-0.2003214399,0.2498832681,-0.7095654253,-1.400948488,0.001888758337,0.1728827673,0.001219723123,-0.03157139414,-0.599135004,-0.4283146349,-0.8278816488,-0.1153391427,0.02066946293,0.4522694694,0.02652518391,-0.009179027028,-0.8481562948,0.03595084556,-1.440735534,0.04640953501,-1.633277496,1.392300275,-0.5431472909,-0.1482243498,-1.075246743
2022-03-12,0.1880867118,0.7720909865,-0.8009597277,0.002849837797,0.09462892146,0.5652626817,-0.3063874021,0.03352060225,-1.351994541,0.7264859149,-0.4811995485,0.2299878779,-0.08403892524,-0.5277904224,-0.2475098474,-0.51493245,1.801165326,-1.239576874,-0.8637567322,0.8806634998,0.005747161852,-0.3122651399,-0.09450955364,1.531007099,-0.6084929224,-1.249042858,0.001825590523,1.684673159,0.001186652489,-0.06358082317,-0.3667787769,-0.4612368603,-0.3368884778,-0.03789596718,0.02051679899,1.66111477,-0.01193989365,-0.009095192179,-0.3807079024,0.03588836833,-0.3414849571,-0.1749656449,-0.9919105889,0.8486458298,-0.8515875399,-0.7699284336,-0.4399731877
2022-03-13,0.9091434621,0.6723280705,-1.190784175,0.002837039012,-1.465266371,-1.1034675,-0.6473846514,-0.00582106053,-0.731063652,-0.0323641536,-0.5618770188,-0.4170026667,-0.143658293,-0.7537074962,-1.681893667,-0.3985521995,2.0463333,-1.631782289,-1.136291821,-0.06464789769,0.005598475115,-0.7988890733,-0.09993542036,1.136309482,-0.4915079422,-1.530114648,0.00176293563,0.4754159192,0.001153517087,-0.03784286756,-0.03423358133,0.07260267193,-0.5739995592,-0.0301052834,0.02036337365,0.7274252386,-0.01024333741,-0.009011238937,-1.071126648,0.03582395639,-1.671077733,-0.349473249,-1.306101793,0.9308975161,-0.343603523,-0.1793813582,-0.4392441726
2022-03-14,-0.3892831247,0.681108694,-1.370493109,0.002823912675,-0.5310961931,-1.807337754,-0.2766291657,-0.001581942301,0.002309074731,0.08199608594,-0.2297169202,0.3359590367,0.1349369971,-1.325625603,-2.068158109,-0.5079408055,1.066233792,-1.343589302,0.2045557012,0.530458242,0.005449849598,0.3080070407,-0.08273203112,1.72072698,-0.0296963446,-1.423320408,0.001700782982,0.5563994273,0.001120326099,-0.03216324481,-0.2646161455,0.4545277769,0.4156449618,0.06298777159,0.02020922806,-0.5408248316,-0.009146748802,-0.008927170358,-0.6543430858,0.03575754784,-0.6984026819,-0.05313685762,-1.822849029,1.260057224,-0.3532985433,-0.3465093224,0.3295773702
2022-03-15,0.331150939,0.4612458335,-1.10734596,0.002810469202,0.0991920039,0.8094832521,-0.3252981238,-0.008066620348,-0.492458381,0.2208769916,-0.3253823306,0.5096054357,0.3772057034,-0.2521064275,-0.7975841727,-0.3406235451,0.9937792952,-1.504802333,-0.7085444326,0.6069435835,0.005301283117,-0.3851157851,-0.08813585549,-0.7575949585,-0.6462018991,-1.186745857,0.00163912237,0.1547130373,0.001087088874,-0.03116602699,-0.1567583504,0.2117433056,0.4459597814,-0.04615719825,0.02005440495,1.918033997,-0.01550680869,-0.00884298946,-0.5931700265,0.0356890811,-0.6738116594,0.6802845143,-0.3767941075,0.7227348566,-0.3097421791,0.6524441229,-0.4375472869
2022-03-16,0.5849635004,-0.1645891393,0.0514851137,0.002796719821,-0.169904174,-0.9249210101,-0.5984715355,-0.008590192124,-0.1230699695,0.4147953191,0.3244348286,-0.2730437901,-0.392284961,-0.4422284253,-1.05222342,-0.3167368413,0.2228678494,-1.085770963,-0.701191196,0.3715424962,0.005152771922,0.08309399982,-0.04766377722,0.445000516,-0.8546537536,-1.235109129,0.001577944071,0.2307762361,0.001053814925,-0.03374734638,-0.2658102232,-0.8460332207,0.8367740634,-0.03328879381,0.01989894845,0.6956921184,-0.00750316324,-0.008758699222,-0.467929538,0.03561849525,-0.6684627464,-0.1227509994,-1.293894044,1.330818946,-0.1751613007,0.009215777878,-0.2382502334
2022-03-17,-0.3565456092,-0.5732043441,1.035666787,0.002782676478,-0.2328239829,-0.2502953512,-0.6467815494,-0.01776618114,-0.3957815576,-0.9600065609,-0.2522904491,-0.3390735444,-0.1106940142,-0.4166112601,-1.059312892,-0.50500612,-0.2058579941,-1.008626683,-0.5000823248,1.003818617,0.005004311117,-0.1280914441,-0.08657616382,0.5851419203,-0.9225106635,-1.189831331,0.001517238867,0.380455351,0.001020513925,-0.03297086275,-0.9624647933,-0.1130843164,0.7290872384,-0.05131810194,0.01974290395,1.603919286,-0.01346767742,-0.008674302587,-0.5037429834,0.03554573015,-0.9168080656,-0.1419340989,-2.032635959,1.281876697,-0.05557377577,-0.0004568391225,-0.7684408785
2022-03-18,0.04809307386,0.6420963444,-0.04327686894,0.002768351745,-2.154297033,0.8849153627,-0.4503196583,-0.008380114349,-0.4300937879,-1.554962344,-0.6226519105,0.203265256,-0.237833975,-0.3154020707,-1.193723596,-0.466128164,-0.3049409025,-0.7189142085,-0.7981265943,0.6643722784,0.00485589501,-0.5600623468,0.02429532237,1.163056202,-0.4939651544,-1.147770933,0.001456998059,-0.4120576042,0.0009871957031,-0.0304670982,-0.5944328472,-0.1320887937,-0.08559493509,0.1658240952,0.01955875951,0.3342002573,0.01765989618,-0.00858980246,-0.7539408631,0.0354707268,-0.9580288798,0.4201497598,-2.024001206,1.470271206,-0.3608506343,0.6256398285,-1.533708104
2022-03-19,-0.1939983067,0.6275106387,0.6250163912,0.002753758721,-0.1345616982,0.01917839101,-0.4161068853,0.06956880053,-0.365348558,-0.4696573741,-0.8145122543,0.328285524,-0.3602259604,-0.2895830968,-1.400580479,-0.2795878933,-0.01212466477,-0.8816583304,-0.8546663904,0.9768024875,0.004707517396,-0.4493558092,-0.0649471378,0.4613967703,-0.5997703502,-1.611560965,0.001397213478,0.758265959,0.0009538702407,-0.03423305792,-0.6366815849,-0.1736292911,1.239685527,0.1560229184,0.01937600793,1.056216702,-0.008294048338,-0.008505201707,-0.6382017051,0.03539342746,-0.06355993429,0.405579421,-2.561134904,1.542215814,0.1560622886,-0.2462961317,1.035962035
2022-03-20,0.3325240814,0.7258331373,1.115739136,0.002738910944,-0.9995828618,-0.5134826726,-0.8346716702,-0.01368004265,-0.8312697127,0.873043254,-0.4001767744,-0.1539298952,0.1083032424,-0.7484379286,-1.301327976,-0.3105704266,-0.08290472563,-0.5288867556,-0.9532773112,0.7352986832,0.004559171788,-0.474633689,-0.02393935419,-0.01283037435,-1.133131635,-1.17590471,0.001337877497,0.8931690313,0.0009205476663,-0.03506354002,-0.2278905689,-0.3913787952,0.6015530836,-0.04002607758,0.01919466378,0.7624357616,-0.007745663582,-0.008420503158,-0.6414443368,0.03531377601,-0.04371225735,-0.2241164289,-2.043192087,1.797412543,-0.6078936653,0.2496516567,1.19029091
2022-03-21,0.3829755679,1.18078716,0.09106651827,0.002723822293,0.452417861,-1.704490168,-0.4481687936,0.01610041163,-0.4991467645,0.6540034453,-0.6657911722,0.1561894478,0.7050990367,-0.4240746954,-1.095860596,-0.3044637281,0.2989413328,-0.3988104551,-0.9161629761,1.107695334,0.004410851597,-0.5868528466,-0.1616332843,1.735167503,-1.276817418,-1.162233552,0.001278983039,1.118858309,0.0008872382517,-0.02929761032,-0.1525723545,-0.2306809222,1.459097521,-0.1640486684,0.01901474567,0.9099273029,-0.007121928678,-0.008335709603,-0.9130461985,0.03523171811,-1.176255805,-0.5959130269,-1.816332959,1.596594052,-0.2505972551,0.09238992983,-0.233826754
2022-03-22,0.7754144361,0.5634462114,1.311448165,0.002708506897,0.8950984741,-1.602515771,-1.104527909,-0.01387456455,-0.4859964676,0.4732572726,-0.5542837068,0.2819556162,0.4333106606,0.4941710669,-1.172732405,-0.3229986516,0.4264347153,-0.7367498808,-0.5928478827,1.612032125,0.00426255027,-0.3142755497,-0.07243950341,0.9199583012,-1.17673924,-0.762543629,0.001220523584,0.7960626209,0.0008539524069,-0.02874164749,0.2011153709,-0.1357609138,1.117333211,-0.04016774672,0.01883627419,1.182676504,-0.006915868716,-0.008250823797,-0.6707038481,0.03514720148,0.328031668,0.1255903675,-0.1364088897,1.389611168,-0.1024137371,0.7950616391,-1.468862554
2022-03-23,0.9360916078,0.4896345062,-0.2660032946,0.002692979054,0.4707763433,-1.41813259,0.1717202224,-0.01451573003,-0.2398930518,0.5987396401,-0.4550398941,0.05592654213,0.1256058945,-0.9498980273,-1.144382449,-0.289918827,-0.3288908594,-0.5466714275,-0.5868650451,0.4995418883,0.004114261398,-0.3678818841,-0.04801561028,0.4542163913,-1.305402866,-1.265891963,0.001162493172,0.06007545281,0.0008207006754,-0.02903757241,0.008640500957,-0.1119288979,1.4442422,-0.02954506419,0.01865927027,0.9430091521,-0.005673005675,-0.008165848456,-0.6492341281,0.03506017613,0.6174152413,-0.2414908934,-1.14530314,1.371020272,-0.2436507661,0.4465281631,0.1984274117
2022-03-24,-0.1784949766,0.5385221088,0.9730276732,0.002677253141,0.3579383054,-1.930287272,-0.5485293073,-0.02166151589,-0.497902694,-1.338626005,-0.4301072491,0.8518942106,0.1130644445,-0.8477633073,-1.012343172,-0.2431374072,-0.1630530788,-0.1244023115,-0.5124051797,0.9046775703,0.003965978788,-0.4959894,-0.07238439604,0.5405697314,-1.277973081,-1.111189979,0.001104886411,0.8391627415,0.0007874937285,-0.02820570883,-0.1610154697,-0.1564760369,0.919771091,-0.04009408881,0.01848375397,0.9203197251,-0.006166831214,-0.00808078626,-0.7422517404,0.03497059459,0.5602381208,-0.5205160698,-0.9176911216,1.282270953,0.2620866364,-0.1025440505,1.318793192
2022-03-25,0.1618542101,-1.802476744,0.8728702672,0.002661343538,0.08093668388,-0.9395303512,-0.4923038851,-0.06676207941,0.6414857583,-0.03953504828,-0.385373574,-0.3000255151,-0.1398995032,-0.4966327339,-1.129814518,-0.24309007,0.1888175499,-0.6173656336,-0.5333245279,1.309950097,0.003817696521,-0.6866855086,0.0172683693,0.4666043737,-1.161533439,-0.6290268533,0.00104769847,0.6526264469,0.0007543423604,-0.0264598942,-0.105329471,-0.1922572768,0.7738101478,-0.0405312839,0.01830974346,0.2118741324,0.006676541189,-0.007995639852,0.0006315561035,0.03487841211,0.3351137062,-0.3425054297,-0.07994614343,1.505356672,-0.2573535654,-0.08734837099,-0.4574763627
2022-03-26,0.242320147,0.561480902,0.8897384235,0.002645264553,-0.6767315743,-1.756859095,-0.5132498385,0.1022337045,-0.2908426349,0.4474999384,-0.7048018714,-0.1011766395,0.09398723728,-1.277717159,-1.17535743,-0.3674477013,-0.1939256105,-0.6892022349,-0.6910332446,0.6373538145,0.003669408982,-0.5817689795,-0.08509635491,-0.5154636059,-1.050783349,-1.435378624,0.0009909250842,0.6648010601,0.0007212574824,-0.02755983026,0.1222627141,0.1705565803,1.387615189,0.0008290504906,0.01813725439,1.610784385,-0.004441430549,-0.00791041184,-0.5938186269,0.03478358692,-1.532795613,-0.2426594468,-1.026778895,0.526625723,-0.5722910834,-0.5295404058,-0.4561926246
2022-03-27,0.1498853479,0.4118869254,-0.459360042,0.002629030355,-0.8812907554,-1.336886668,0.4722487547,-0.02005463698,-0.4590175415,0.4587987104,-0.5324323919,0.3031586443,0.1283749083,0.9299794177,-1.157110192,-0.3041029217,-0.1954789594,-0.4121489461,-0.8378955037,0.6740108433,0.003521110882,-0.4874210264,-0.1011124701,-0.2169555228,-0.8423365947,-1.066735176,0.0009345625435,0.5644369309,0.000688250117,-0.0287213655,-0.09684113102,0.03591589139,0.4105998644,-0.0331632207,0.01796629937,1.776811539,-0.004038260205,-0.007825104797,-0.7955991631,0.03468608039,0.06919106404,-0.2060962706,-0.07963961498,1.345136939,-0.5121798378,0.2811803302,-0.9645835654
2022-03-28,0.2554670624,-0.5767666925,-0.4786478344,0.002612654914,-0.7623824394,-1.350984734,0.7386342098,0.04776854495,-0.8071665844,-0.4364931608,-0.5175084906,-0.06527402089,0.03667857203,0.002889011383,-0.9383878431,-0.246628729,-1.167518416,-0.8160132002,-0.5206071431,0.3549663239,0.003372797267,-0.4810164359,-0.06604178211,-0.00274545678,-1.156145703,-0.5418839195,0.0008786076883,-0.8066214921,0.0006553313917,-0.02427358865,-0.0506453806,-0.04133864153,0.6357290336,-0.1208828154,0.01779688771,1.15882798,-0.003519068736,-0.007739721262,-0.6395869155,0.03458585724,0.6527341311,-0.5013036099,-0.07948270161,1.344096585,-1.067357033,-0.3966169697,-0.4813747929
2022-03-29,0.5718634222,0.6249926456,0.1253971694,0.002596151937,-0.9544606377,-0.7948714054,0.7362758213,-0.01781412596,-0.08052728541,-0.3213637461,-0.7411942876,-0.3187928599,0.04533886194,-0.6939156127,-1.128351158,-0.06018401388,-0.004945919131,-0.1650350348,-0.07259681888,0.5536663337,0.003224463519,-0.4961050797,-0.05845291238,-0.3952217012,-0.8948727029,-1.086904458,0.0008230578993,-1.345410963,0.000622512533,-0.02392586217,-0.037765755,-0.4433300131,0.7961845644,-0.04596014007,0.01762902522,0.8534486124,-0.003055798168,-0.007654263743,-0.962427268,0.0344828857,-0.1567495616,0.1357121909,-0.07932337718,1.490652623,-0.2605815309,-0.4797917152,-0.4655171805
2022-03-30,0.6064649487,0.3078859986,0.3007006779,0.002579534826,-0.3298342747,-0.8947086508,0.3099282098,-0.0195443825,0.05376278145,-0.03799656291,-0.5640589299,-0.5145924531,-0.3024299204,-1.11245417,-1.13287606,-0.1890592168,0.87819856,0.06659,-0.5475742194,1.574439931,0.003076105343,-0.4670783527,-0.2710712417,0.2260908399,-0.9802783992,-0.9637362581,0.0007679110858,0.4076011716,0.0005898048594,-0.2288870305,-0.5304523232,-0.2264938649,0.8818854013,-0.1360763698,0.01746271426,0.888345619,-0.0023889921,-0.007568734714,-0.4193308382,0.03437713776,-0.128480743,0.02145741994,-0.07916165836,1.372540405,-0.2845718505,0.2051914115,-0.4527672096
2022-03-31,1.719766587,0.3694404139,-0.7632513639,0.002562816627,0.1200513027,-1.385598296,-0.6696891493,-0.02363421113,-0.7896463501,-0.04699951427,-0.5269759737,0.7742528614,-0.7663794596,0.1726775664,-1.083933074,-0.2909317034,0.8231700985,-0.6039567818,-0.4598040151,1.443234462,0.002927718764,-0.2540954277,-0.256362728,0.5905924575,-1.40750679,-0.4206869065,0.0007131656727,-1.278982846,0.0005572197748,-0.4248735294,-0.4633089646,-0.3281957857,0.8520456766,-0.02962562148,0.01729795368,1.021612006,-0.00217752317,-0.007483136623,-0.6311651815,0.03426858923,0.5984491859,-0.3102965392,-0.07899756231,1.314948286,-1.110079094,-0.3242949363,-0.5334984448
2022-04-01,0.3840072168,0.6539176126,-2.196776244,0.002546009993,-0.827734631,-0.8593122446,-1.048164365,-0.11234824,-0.3134654537,0.8812786867,-0.4969774388,-0.1738124505,-0.130962394,-1.378228603,-1.21347459,-0.2310454688,0.3650521937,-1.090959081,-0.7574778186,1.087262033,0.002779300108,-0.5442185395,-0.1094335071,1.010593393,-0.9495355045,-0.6910415092,0.0006588205861,-0.2981972206,0.0005247687613,-0.2473439689,-0.5648342225,-0.2309301236,0.76763729,-0.04349697146,0.01713473905,0.4940774361,-0.0009345487553,-0.007397471885,-0.6262093135,0.03415721987,-0.339094296,-0.2845752411,-0.4760837753,1.303143875,-0.05515953778,-0.5650785561,-0.1657994607
2022-04-02,-0.5068603783,-1.277218857,-0.4395790644,0.002529127153,-0.298276226,-1.817383215,-0.4807048673,0.1396357633,-0.4266516113,0.2283122446,-0.5280636347,-0.1789769433,-0.1328969236,-0.2612610539,-1.282327476,-0.2891319512,0.1614186191,-1.082089995,-0.6859876337,0.7625049684,0.002630845985,-0.6502399277,-0.3759857083,0.1720352579,-1.075167059,0.2781483902,0.0006048752375,-0.8209729698,0.0004924633721,-0.5495817939,-0.5574190159,-0.1555914756,0.2402640013,0.002801314398,0.01697306277,-0.8033366128,-0.001191168341,-0.007311742892,-0.8326938123,0.03404301348,-0.6961606184,-0.7955816251,-0.1042821513,0.6939400253,-0.3766238334,-0.2259169524,-0.9106873327
2022-04-03,0.3681577804,-2.532824504,-1.115085318,0.00251217988,-0.6078639526,-1.688368721,-1.042285486,-0.02461822546,-0.4288911238,-0.7634977377,-0.5539090435,-0.218921099,-0.2605433386,-0.7245428442,0.8400486754,-0.337892217,-0.1393450167,-0.7080938025,-0.744271755,0.6862752854,0.002482353274,-0.6079653525,-0.1597155875,0.7155891431,-1.810213329,-0.855173122,0.000551329507,-0.5619902132,0.0004603152234,-0.1097758333,-0.407450381,0.001371356417,-0.3342370565,-0.03504609855,0.01681291433,-0.3709331931,-0.0009213029297,-0.007225952012,-0.7528510419,0.03392595808,-2.402385625,-0.5944329717,-1.802944697,1.351525975,-0.0044740569,-0.7956778549,-1.702328076
2022-04-04,0.2743892882,1.012895939,-0.421866148,0.002495179472,-0.6444326975,-1.130393588,-0.8335689392,0.06105302187,-0.2459994221,0.0959564503,-0.5259393752,0.1213097933,0.2134307946,-0.7593167729,-1.107943244,-0.3669298291,0.6401094951,-0.6207653768,-0.6074343903,1.392864558,0.002333819104,-0.607451085,-0.06192767384,2.141906709,-0.8074418133,-1.157310534,0.0004981837252,-0.6746919877,0.000428335987,-0.01945433857,-0.2828655503,-0.1573163723,0.9270730809,-0.03591594594,0.01665428049,0.9424086574,-0.00063723112,-0.007140101588,-0.8140168053,0.03380604586,1.28037429,0.2680357722,-1.627886001,0.01040785122,-0.9274424685,-0.09461090898,0.6916113613
2022-04-05,0.8429852781,0.3466776297,-1.076637977,0.002478136731,-0.4626534761,-0.8185078333,-0.9526765722,-0.007922817813,-0.489798279,0.07374874277,-0.9397240477,0.4161412277,-0.1073736583,-0.658725835,-1.241599901,-0.5678756252,-0.1411093361,-0.9601134087,-0.7615091704,0.3390110774,0.002185240836,-0.6497424582,-0.0486365345,0.8928232294,-1.012985819,-1.252412695,0.000445438655,0.420854683,0.0003965373922,-0.01909830677,-0.4043408398,-0.27560746,0.603486099,-0.04487294502,0.01649714559,-0.0431066354,-0.0003386801896,-0.007054193948,-0.7772352563,0.03368327328,-0.9192123632,-2.351196016,0.05647621637,1.13322189,-0.2612267433,-0.234310877,0.08719168009
2022-04-06,1.214054005,0.9504051711,-0.06698409491,0.002461061952,0.2496530281,-0.983644975,-0.5278416508,-0.01658258757,0.4068354708,0.0977251271,-0.5186641036,0.1265374787,-0.1787301091,0.4561356923,-0.6986275413,0.1163108979,0.4478528397,-0.6746692348,-0.2559911305,0.5066027096,0.002036616044,-0.1976045936,-0.04006653617,0.7738892302,-1.209034283,-0.3860802783,0.0003930954726,-0.4285422451,0.0003649312458,-0.01845226042,-0.3607121635,0.4190449943,1.401362036,-0.0278332682,0.01634149177,1.041399643,-8.268081301e-05,-0.006968231398,1.786744245,0.03355764112,0.9840263586,-2.784121987,-0.07796408169,1.623663931,-0.1025225976,-0.2081494352,-0.5542178554
2022-04-07,0.1887365994,0.6606105871,-0.3985428541,0.002443964911,-1.227479838,-0.5517412556,-0.9732208798,-0.04283718311,-0.7197514953,-1.338012405,-0.983235728,0.06544422483,0.08109314952,0.07593609047,-1.033284857,-0.3498581286,-0.1518118849,-0.6829048864,-0.6027889929,0.2512255165,0.0018879425,-0.3316848563,-0.0632151829,0.8270693755,-1.148589655,-0.7972466564,0.0003411557484,-0.2061561962,0.0003335293857,-0.0178145842,-0.5613871465,0.04530468927,0.6197971648,-0.2999888147,0.01618729922,2.053927893,0.0001351618191,-0.006882216233,-0.4925981265,0.0334291545,0.1678996538,-2.926013168,-0.08546198353,1.688531114,-0.1537216949,0.03753741407,-0.4993439745
2022-04-08,0.7893767595,0.0538618528,-0.3157924358,0.002426854862,-0.8228497609,-0.5393940185,-0.2272618525,-0.5958831631,-0.441265714,0.1575949734,-0.5451457008,-0.2587589156,-0.7354646635,-0.3441959106,-1.063782304,0.7954729953,-0.3369060557,-0.8547023592,-0.6663351717,0.01451243745,0.001739218161,-0.6172313623,0.0007648713874,-0.376676262,-1.126684579,-0.2963631622,0.0002896214274,-0.2712018093,0.0003023436611,-0.01715661157,-0.6412776969,-0.1603427275,-0.1145013203,-0.2905136848,0.01603454646,1.051961277,0.0007823135555,-0.006796150733,-0.1698989248,0.03329782275,-0.05101337524,-0.01316852895,-1.147252652,1.336455993,-0.1578663455,-0.08992738746,-0.3506627065
2022-04-09,0.980997376,0.08644692906,-0.292394659,0.002409740533,-1.55339658,-2.04896136,-0.5429430644,0.01185164837,-0.3998244503,-0.9382182337,-0.693744854,-0.7500781045,0.5836152594,-0.8642906836,-1.107701802,-0.05620472599,-0.4290179235,-0.6999000363,-0.3769289615,-0.07389466947,0.001590441144,-0.3675145106,-0.07315510426,0.2072878693,-1.184638962,-0.1978855111,0.0002384948091,0.6664108482,0.0002713859241,-0.01633300461,-0.3664034016,0.1340720026,-0.3401298967,-0.003850921082,0.01588321058,1.094135686,0.0006989848441,-0.006710037167,-0.2850479911,0.03316365934,0.02716379773,0.8689480926,-1.991533008,0.9914243617,-0.2415473921,-1.075695542,-0.4927690751
2022-04-10,2.050106392,0.6522746261,0.552169466,0.002392630127,-0.2161240915,-0.8480229568,-0.5207458295,-0.06057664313,-0.6213130107,0.003844020353,-0.3655188917,-1.168110768,0.2842665892,-1.09652371,-1.116547566,-0.1837477074,-0.6316006318,-0.3858209732,-0.8758976974,0.2682177188,0.001441609725,-0.2322176856,-0.03059914843,0.2049230131,-1.096227208,-0.8381694808,0.0001877785276,-0.6646997336,0.0002406680199,-0.01427245876,-0.1444725145,0.1584434468,0.1283581023,-0.03173476627,0.01573326743,1.683755037,0.0009586767114,-0.006623877796,-0.5656926746,0.03302668183,0.04557773541,0.3401311809,-1.078988463,1.348984616,-0.1595583305,0.1171938081,0.102717105
2022-04-11,0.7888952222,0.3052105145,0.4623835822,0.002375531327,-1.331262828,-0.4855992167,-0.485763489,-0.2271764271,-0.2330679103,-1.148643247,-0.5224962599,-0.2438281367,-0.4549142251,-0.01556549185,-1.038684237,-0.2209297296,-0.1358848078,-0.638802929,-0.5193137843,-0.7252704392,0.001292722315,-0.4806987484,-0.05242229177,0.031698108,-0.7959228856,-0.9155972723,0.0001374755312,0.7868216291,0.0002102017781,-0.01358510797,-0.1983098478,-0.3099104871,-0.4398802834,-0.1429979241,0.01558469186,0.1881373505,0.001212576393,-0.006537674867,-0.5775607259,0.03288691174,0.7000554443,0.4346361987,-1.454183339,1.348487162,-0.2915796452,-0.1258501613,-0.6550563592
2022-04-12,1.068659198,0.7397479513,-0.1207067304,0.002358451298,-0.4811837477,-0.4715605709,-0.7566823537,0.003316018016,-0.6107982036,-0.3433292488,-0.7801302391,0.3870554045,0.956153365,0.1506892532,-0.7264362663,-0.1967012508,-0.4298464227,-0.7422794899,-0.4746334564,0.482881847,0.001143777454,-0.4026190437,-0.04169613801,0.482112721,-1.159438874,-0.5377370557,8.758906244e-05,0.1137268847,0.0001799990024,-0.01275926681,-0.376440797,-0.0005561481391,-0.2250247825,-0.1418265683,0.01543745795,1.404511913,0.001467496533,-0.006451430621,-0.4917252818,0.0327443745,0.01964715674,1.296170869,-0.05183135623,1.195093379,-0.3862795747,0.1544826386,-0.419833419
2022-04-13,0.9374262768,0.9585858183,-0.04654912598,0.002341396699,-1.446814087,-0.8469379855,0.3314907158,0.8824268075,0.243032128,0.3018425256,-0.4161696455,0.0576893364,0.3581350035,-0.4724602793,-0.8229211973,-0.2240901765,-0.1409684745,-0.9141187109,-0.3575457629,0.1241844089,0.0009947737986,-0.4419173889,-0.03983273893,0.7801922162,-1.027799176,-0.5715975368,3.81226385e-05,-0.373502362,0.0001500714604,-0.01163790018,-0.2566455391,-0.08986035969,0.2981368303,-0.02698006197,0.01529153913,1.044520588,0.001696760629,-0.006365147291,-0.5308402737,0.03259909928,0.6627703849,0.4312720156,-0.2764734347,1.697450038,-0.7864986053,-0.0404912004,-1.539857875
2022-04-14,0.916172905,0.7114216097,-0.1284419199,0.002324373689,-2.012089791,-0.04384997184,-0.523266789,-0.5337266561,-0.6906628061,0.3355578315,-0.9214825101,-0.987877136,0.3526905743,-0.4413480661,-1.008326678,-0.4753029875,-0.5274389862,-0.03130303626,-0.3750937118,0.07332759496,0.0008457101103,-0.4830890102,-0.05474448512,-0.121710803,-0.5994199824,-0.6044212974,-1.091996821e-05,0.004293903084,0.0001204308733,-0.010639251,-0.3959470923,-0.1306403659,-0.3908646381,0.0006590161425,0.0151469084,0.6038995749,0.001936505768,-0.006278827101,-0.5012199674,0.03240245788,0.7351962849,0.5135422296,-1.5947531,1.609787967,-0.6047851645,0.5000922423,0.07817084088
2022-04-15,0.9143708065,0.8993301121,-1.691865363,0.002307387941,0.1663313898,0.4561338573,-0.5844904667,1.267016723,-0.396636986,0.9287911804,-0.7174523597,0.2886509207,0.4117132625,-0.4287514001,-0.6892215132,-0.1749862888,-0.06815583016,-0.7439840539,-0.5273081294,0.5027624088,0.0006965852488,-0.4080383205,-0.01737870968,0.5717018695,0.005537390898,-0.7053606766,-5.953474925e-05,0.5370102608,9.108890462e-05,-0.009713787103,-0.5470085704,-0.1402895238,0.08109246331,-0.04370660894,0.01500353847,1.815710163,0.002274896015,-0.006192472267,-0.3785741719,0.03220514893,0.1007051186,0.4529840093,-2.190204858,1.514805409,-0.4895969287,0.4219560339,0.3434823637
2022-04-16,0.8717641153,0.7701995165,0.8524817176,0.002290444649,-1.115864282,-1.528088188,-0.2039205431,-1.038795416,-0.5526530432,-1.581480734,-0.839873878,-0.4060755281,0.7377716125,-0.4602769412,-0.9961687736,-0.3949595074,-0.03958858701,-0.001156347509,-0.2728023068,0.6818548815,0.0005473981622,-0.2915408764,-0.1569998401,-0.6877459925,-1.034896595,-0.6569778552,-0.0001077174791,0.9824470799,6.20571487e-05,-0.008709728321,-0.3685437805,-0.2123047673,0.5734081638,-0.1113089928,0.01486140189,1.23936223,0.002418635249,-0.006106084999,-0.5286522936,0.03200720725,-0.5287025573,-0.2456504613,-0.2092852282,1.526917356,-0.265599559,-1.111892594,-0.517458349
2022-04-17,0.8314873773,0.5754933748,-0.7167162951,0.002273548548,-0.9289580343,-0.2502087767,-0.7096845787,-0.484130816,-0.5425855356,-0.09637500761,-0.6509893714,0.3772103267,0.7567546646,-0.7835906563,-1.109290354,-0.2999301036,0.2053313247,-0.001152726219,0.6145891196,0.5880393113,0.0003981478794,-0.3686226751,-0.03179795375,0.2242629185,-1.252620637,-0.3912807826,-0.0001554637339,-0.110272063,3.334711901e-05,-0.007681216388,-0.2710678176,-0.1332160216,0.862627085,-0.3132302234,0.01472047118,0.3206836675,0.002657189815,-0.006019667501,-0.8576971859,0.03180866803,-1.141403684,-0.08497719081,-1.089543541,1.830993916,-0.6612711376,0.1324421024,-0.7354747421
2022-04-18,0.4435450746,0.01461317657,0.364129797,0.00225670392,-0.8009483435,0.3977622301,-0.7347569223,0.7290219722,-0.1110076012,-1.09794664,-0.6891612309,-0.1002862949,0.808818113,-0.7924716001,-0.9819011163,-0.3105094967,0.3214441589,-0.001149042131,0.8635704741,0.02459739802,0.0002488335038,-0.4064989527,-0.03317589285,-0.2770740094,-0.6609580618,-1.020598493,-0.0002027689099,0.9267299017,4.970235669e-06,-0.007141031666,-0.09242121522,-0.2195086653,0.6671573069,-0.1888997091,0.01458071895,0.8334720038,0.002888311068,-0.005933221966,-0.5200536835,0.03160956639,0.2178771893,-0.09394462429,-2.287765379,1.38320493,-1.177302707,-0.0982801863,-1.578495396
2022-04-19,-0.752148587,-0.6377215156,0.6872967661,0.002239914613,-1.022421178,-0.961539375,-0.8068960911,1.15316923,-0.3174797033,0.5046234374,-0.4539395141,0.2084791824,0.3447179884,-0.1492846916,-1.055259208,-0.3514205556,0.004791681484,-0.001145302352,0.8031815362,-0.275731182,9.945420664e-05,-0.4186363084,-0.03863863588,-0.08884327403,-0.3716863994,-0.7143309035,-0.0002496282408,0.549487685,-2.306218741e-05,-0.006663568636,-0.3858967093,-0.1229641999,0.7513091244,-0.1421254961,0.01444211797,1.137752226,0.003109719263,-0.005846750581,-0.4628575316,0.031409937,1.202027838,-1.697700861,-1.139499903,1.569984647,-0.1427878933,0.578834928,-0.4651918299
2022-04-20,-0.07705823481,0.4555285397,-1.347749272,0.002223184053,-1.886009773,-0.6572448218,-0.7718288282,-0.3479975212,0.1949332949,-1.469776862,-0.4731785358,0.4765752504,0.4217069684,-1.162906151,-1.104561747,-0.3036924762,0.07392963454,-0.00114151338,0.683723278,-0.3241644475,-4.999077857e-05,-0.4315372773,-0.04067850681,-0.04505595028,-0.9768430979,-0.228059596,-0.0002960368152,0.0747616315,-5.073895587e-05,-0.006080357529,-0.3983733565,-0.1438038578,0.7612667268,-0.1874583428,0.01430464128,-0.110882489,0.003328698138,-0.005760255525,-0.5914219078,0.03120981381,0.4754887076,-0.5474742494,-1.051435061,1.197871754,-0.7910037176,-0.1209809345,-2.184530493
2022-04-21,-0.7541659058,-0.1500469587,-1.655958665,0.002206515261,-1.009511227,-0.8693736235,0.1892787622,-0.01845922531,-0.5854204269,0.01952848229,-0.5727261651,-0.4913207958,-0.7143145522,-1.145277104,-1.014868412,-0.2342392066,-0.3398119007,-0.001137681109,-0.08279540471,-0.5264444418,-0.0001995021609,-0.2163278924,-0.04567821704,0.06809795496,-0.6759982437,-1.028497324,-0.0003419895919,0.2766523349,-7.804900877e-05,-0.005511474274,-0.5025323433,-0.05991800862,0.3808481888,0.01277619213,0.01416826225,-0.5400916613,0.003555506403,-0.005673738965,-0.9298778367,0.03100922981,0.4622602843,0.02451715477,-0.5257576207,1.458600257,-0.4353817815,-0.1215692317,-1.951205046
2022-04-22,0.3231324524,1.228147373,-1.072294114,0.002189910862,-2.058832216,-0.7532789679,-0.1127197644,0.2311739502,-0.1185920367,0.1085115439,-0.5214663484,0.2443898293,0.09738820025,-0.958421276,-0.8489545417,-0.2736603039,0.3157588894,-0.001133810846,1.069884358,-0.03079784073,-0.0003490805966,-0.2619030583,-0.03619903458,0.2657272511,-0.7790087513,-0.8409919024,-0.0003874814157,1.17660013,-0.000104981433,-0.004972509117,-0.4388160707,-0.08673513398,0.005613702895,-0.0398355998,0.01403295466,1.267725964,0.003790118902,-0.005587203063,-0.6364978926,0.03080821682,0.3175679435,0.0895507561,-1.268011512,1.673589225,-1.424135424,0.3157129779,-0.715688182
2022-04-23,-0.6435537753,0.2363781595,-2.045600489,0.002171987104,-0.9531335884,-1.147703797,-0.3997922288,1.749154605,-0.399710781,0.1711428512,-0.8641347004,0.2359118254,0.06011695317,-0.9440897009,-1.088556496,-0.151360126,-0.5074339402,-0.001129907319,1.005871838,0.3645526633,-0.0004987266935,-0.2005646428,-0.1836293313,0.1202050996,-0.5225729788,-1.048461583,-0.0004325070316,1.212635422,-0.0001315254783,-0.004390791435,-0.4662562275,-0.2306089383,0.8889404405,-0.04029755859,0.01389869272,0.2414988086,0.004001841871,-0.005500649968,1.533400373,0.03060680534,0.1468912358,0.6218037294,-0.07461146388,1.691485416,-0.8118904205,-0.4210141643,-0.4732765297
2022-04-24,0.2092678889,0.2821345565,-1.154697658,0.002154223649,-1.720765928,-1.291033629,-1.011222009,0.09477523669,-0.4393153859,-0.003847886076,-0.5713079938,-0.5837095352,-0.6642160531,-0.8879447596,-1.143773711,-0.3231878477,-0.4578523209,-0.001125974697,0.8797131225,-0.5340491227,-0.0006484410143,-0.4112686155,-0.03287131887,0.03684035194,-0.9175310144,-1.125106519,-0.0004770610983,0.6583454903,-0.0001576705728,-0.003621326843,-0.3148650447,-0.2963415094,0.4284429674,-0.0366358491,0.01376545117,0.2834652037,0.004220176249,-0.005414081821,-0.7363523245,0.03040502448,0.1205058471,-0.2931555903,-0.07439621201,0.200091835,-0.457104805,0.3976418489,-0.7172968856
2022-04-25,-0.5726603878,0.8577290705,-0.01462451743,0.002136618831,-0.4982729112,-0.393612089,-0.8526234772,-0.0366191497,-0.380747436,-0.6613066409,-0.7083941174,-0.1476918763,0.3419351949,-0.7956794563,-0.7228268963,-0.259471384,0.2067671551,-0.001122016601,0.4213080158,0.02205006408,-0.0007982240802,-0.4481869694,-0.03360497163,0.2298310789,-0.4907516042,-0.7047161155,-0.0005211382023,0.1953301808,-0.0001834063393,-0.003335804861,-0.4191239822,-0.1559035605,1.623056342,-0.03332809884,0.01363320526,1.174359011,0.004436400919,-0.005327500752,-0.6443129584,0.03020290185,-0.5099932267,1.272287187,-0.07417909253,1.614910826,-0.1119579015,-0.8490464553,-0.2254687035
2022-04-26,-0.68594131,0.922009275,0.03086559292,0.002119171513,-0.7917833842,-0.4806048295,-0.7470692469,0.4241596752,-0.274923046,0.4591747776,-0.4301901579,-0.2285654303,0.1671085454,-0.7097334874,-0.818806155,-0.3488009749,-0.2043851845,-0.001118036125,1.09083655,-0.8846244765,-0.0009480763738,-0.7213949734,-0.03840358706,-0.002696806304,-1.340076475,-0.6455022708,-0.0005647328697,0.7229440206,-0.0002087226119,-0.00292516427,-0.4785973455,-0.1643125309,0.9732370591,-0.0356482446,0.01350193082,0.9313416814,0.00465425727,-0.00524090888,0.04544923209,0.03000046355,-1.04561958,1.693087446,-0.0739601272,1.936361685,-0.4025223013,-0.4629221966,-0.9454399204
2022-04-27,0.9734038786,0.8586669862,-0.2097589906,0.002101880874,-0.9276851614,-0.0586451938,-0.9027137309,1.203404951,-0.1794965129,0.4420987735,-0.4826774971,-0.2052488043,-0.2843862879,0.03141682959,-0.8751022831,-0.2845269848,-0.113422577,-0.001114035853,-0.4277149077,-0.385660407,-0.001097998342,-0.3549918244,-0.03839345497,0.3271409562,-0.595406442,0.3306850106,-0.0006078395794,0.552278514,-0.0002336094539,-0.002465995771,-0.4634684438,-0.07369058371,1.49011661,-0.02366847527,0.01337160426,1.259550902,0.004871824776,-0.005154308318,-0.2418791419,0.02979773413,1.081557903,0.351393757,-0.07373933778,1.743766257,-0.7080736477,-0.5250964653,-1.878193198
2022-04-28,-0.2937515097,1.004489874,-1.05739848,0.002084746245,-0.2422909293,-0.1435372794,-1.39930449,1.348894131,-0.2991217818,0.6904639479,-0.0001303240757,-0.06799444735,0.09055815962,-1.516179109,-1.089961331,0.01161202058,0.1960799631,-0.001110017874,-0.2636807196,-0.480879325,-0.001247990397,-0.3669725828,-0.03744638924,0.5678039721,-0.9227051114,-0.2616792152,-0.0006504527745,0.4095157929,-0.0002580571757,-0.001977599474,-0.348028874,-0.09631679633,1.968442588,0.01576032433,0.0132422026,0.7698177724,0.005091196461,-0.005067701168,-0.5713131251,0.02959473662,-0.3767179975,1.212492126,-0.07351674611,0.01093951504,-1.033472674,0.5956137095,-1.487630644
2022-04-29,0.8668997618,1.265773244,0.0746138134,0.002067766985,-0.7160120996,-0.517819269,-1.682136049,1.497706456,-0.285544455,0.4261585884,-0.9011060801,-0.2259192742,0.2444983168,-0.4937044275,-0.8966139699,-0.08246634261,0.6386289024,-0.001105983799,-0.4614769121,0.08545510412,-0.001398052922,-0.4270944134,-0.03579290989,0.3804279957,0.03015420263,-0.1862645741,-0.0006925668746,0.5280869715,-0.0002820563539,-0.001524335563,-0.4189831183,-0.179379203,1.33153249,-0.03274340049,0.01311370349,0.7110872555,0.005304163621,-0.004981089523,-0.535343792,0.02939149251,-0.07740687121,0.3924660394,-0.07329237403,1.671335541,-0.3643642119,0.3712650586,-1.026023142
2022-04-30,0.8795262031,0.8603384139,0.6779522096,0.002050942394,1.218861173,-1.217986385,-1.122978375,0.006432199284,-0.2320466393,0.8402883046,-0.8212012535,-0.7181277956,0.04447571361,-0.3241268045,-1.009573313,0.7932244457,0.7066731125,-0.001101934782,-0.4062453324,0.1643805625,-0.001548186269,-0.3995577762,-0.0403443435,1.162805954,-0.8926149193,-0.7531694603,-0.0007341762861,0.21389099,-0.000305597851,-0.001034137269,-0.3079663791,-0.1529737509,1.520229703,-0.03295236673,0.01298608521,0.3381671375,0.005509209795,-0.004894475473,-0.3844347528,0.02918802185,-1.196088481,0.07127459952,-0.07306624333,1.61134334,-0.4128923804,0.04048067096,-0.1001173747
2022-05-01,0.5539066144,1.505397589,0.2644104533,0.002034271641,-1.168954908,-1.206259047,-0.8731749675,0.7906814256,-0.2201007541,1.026136353,-0.0001232860752,-1.322964799,0.2074165083,-0.5905626074,-1.07029789,1.050829796,0.3482532186,-0.001097871535,-0.4381532276,-0.07442455409,-0.001698390764,-0.3113835183,-0.03565153705,0.6596574799,-0.2481378926,-0.7958375205,-0.0007752754131,-0.4261703116,-0.0003286728356,-0.0003555249326,-0.9206904808,-0.02103040117,1.367747827,-0.03776314433,0.01285932669,0.7388956465,0.005711060345,-0.004807861101,-0.5257728582,0.02898434325,-1.392097904,0.2987438268,-0.07283837565,1.781819453,-0.6047148163,0.352488478,-1.782078622
2022-05-02,-0.4431279763,1.175657584,0.7613037987,0.002017753727,0.2773026308,-0.7374290721,-1.701572513,1.247780458,-0.2345941626,0.7261972399,-0.0001210102342,-0.458127348,0.9687186858,-1.557671479,-1.016854038,0.9684579819,0.3870241693,-0.001093794409,-0.3164664395,0.3394805226,-0.001848666705,-0.2809366146,-0.03497261388,-0.6013908919,-0.6967512806,-0.5293700743,-0.0008158586676,-0.4840062812,-0.0003512728037,-0.0001815178043,-0.6743389573,0.075670781,0.7237538731,-0.02909588095,0.01273340747,0.9890750622,0.005884105718,-0.004721248483,-0.2629508784,0.02878047395,0.2339892797,0.7759933562,-0.07260879252,1.959717226,-0.5817902265,-0.243921005,0.1328812561
2022-05-03,0.2052632493,-0.5238976167,-0.3609394463,0.002001387457,-1.316535914,-1.017975781,-1.121071278,1.909735189,-0.5679874344,0.7898457809,-0.0001187686176,-0.4598829864,0.8869096365,1.164591116,-1.042542242,-0.5249360307,0.7012836354,-0.001089703685,-0.7025132062,-1.001454313,-0.001999014367,-0.7508623373,-0.0353255601,0.4569042456,-1.048954526,-1.022412292,-0.0008559204792,2.095874654,-0.000373389599,0.0001306015872,-1.184279616e-05,0.4749865177,1.668397218,-0.0300733612,0.01260830776,-0.1607809993,0.006076260439,-0.004634639696,-0.2868020114,0.0285764299,-1.060787073,0.264649024,-0.07237751532,1.046648929,-0.4351096807,0.2542619208,0.0004580620942
2022-05-04,1.537395182,-0.3880951191,1.472244037,0.001985171424,0.01631793535,-1.123584216,-0.6211653716,1.381237884,-0.2062964073,0.7214751722,-0.0001165606731,0.174951859,0.7014562775,0.07460647561,-0.9629367957,-0.3756833781,0.7035726428,-0.001085599637,-0.3122660835,0.4841914275,-0.002149434003,-0.1872308724,-0.03602416443,0.3905250296,-0.09002289799,-0.7462995575,-0.0008954553047,0.01683418317,-0.0003950154348,0.0004956660638,-1.15677462e-05,-0.4185410251,0.4523479255,-0.02719254947,0.0124840084,1.146602403,0.006270321661,-0.004548036811,-0.7054795089,0.0283722258,-0.5467196288,0.2266171178,-0.07214456529,1.570390193,-0.565082811,1.066300453,-0.2591494765
2022-05-05,0.0004616755153,0.3838648856,-0.4891368028,0.001969104012,-1.007459453,-1.020130316,-1.051892073,1.120912479,-0.2985685677,1.046451322,-0.000114385852,-0.5847455517,0.3732104888,-0.09930101854,-1.529256623,-0.2968429759,0.5178306547,-0.001081482537,0.1733674566,-1.305901062,-0.002299925841,-0.3658673439,-0.03621549187,0.5211801248,-0.6527000825,-0.9622817838,-0.0009344576367,-1.653949364,-0.0004161429141,0.001036279528,-1.129408483e-05,-0.1963242203,0.3799157311,0.005021579935,0.01236049084,0.5724571062,0.006459074495,-0.004461441901,-0.6116330344,0.02816787519,-0.4925856566,-0.4268577335,-0.07190996357,1.618177698,-0.5355233869,0.0836001545,0.6925430551
2022-05-06,0.657517315,0.6812424736,-0.22194971,0.001953183398,0.7462843125,-0.8876172632,-1.742035408,1.075891881,-0.0296670306,0.6917776198,-0.0001122436089,0.229149724,0.1344162622,-0.5672663582,-0.7176781421,0.2967468245,0.6049321113,-0.001077352654,-0.5212996827,-0.1358527742,-0.002450490092,-0.220115572,-0.03445810191,0.5782443018,-0.5704484458,-0.8867912022,-0.0009729220131,-1.293247825,-0.0004367650509,0.001449470589,-1.102183353e-05,-0.2119886312,0.1220791142,-0.02800567872,0.01223773717,1.204680338,0.006626492589,-0.00437485704,0.6114963426,0.02796339052,-0.7859708644,0.2219657032,-0.07167373113,1.335647347,-0.508981069,0.2087833738,1.111027139
2022-05-07,-0.4894218324,0.5732665934,-0.3811408812,0.001937407563,-0.8360709592,-0.000874991998,-0.6998773835,1.089118218,-0.3904687756,1.555918192,-0.0001101334028,-0.6651381275,0.1353858787,0.3761702975,-0.9156863337,-0.216106889,0.2492088873,-0.001073210251,-0.1015280823,-0.4394069012,-0.002601126943,-0.3050745742,-0.03714114917,0.5923252685,-0.6166552327,-1.172695398,-0.001010843025,-1.000708496,-0.0004568752907,0.001992748024,-1.075101355e-05,-0.2031576795,1.066392343,-0.02801824269,0.0121157301,0.4819765832,0.006765372075,-0.004288284304,-0.2509106926,0.02775878322,-0.03509126472,-0.4225138863,-0.07143588871,1.886265858,0.6950358394,0.2274879008,0.7457139804
2022-05-08,0.007643646443,1.304856831,-0.4297698152,0.001921774311,0.8738152952,-0.000877640883,-1.78857236,0.8003349171,-0.1931060061,0.2655581784,-0.0001080546963,-0.7059838872,0.1169261928,0.4529866281,-0.854520334,0.05607265757,1.14439389,-0.00106905559,-0.1791699535,0.04430338284,-0.002751836566,-0.3176349034,-0.03477169762,-1.076663599,-0.7297048372,-0.8093120189,-0.001048215323,-1.180799299,-0.0004764675315,-0.07054714733,-1.048164591e-05,-0.08362991266,0.954517143,-0.02901192775,0.01199445292,0.4502899705,0.006897009345,-0.004201725778,-0.3119161637,0.02755406377,0.5118832477,0.4700161061,-0.07119645683,1.297049646,-0.1258112658,0.104755527,0.4384116596
2022-05-09,-1.084238057,0.8074689668,-0.7582550989,0.001906281282,-0.7934061133,-0.0008802104386,-1.163440688,0.7077414344,-0.09031824498,1.226978764,-0.0001060069564,-0.003667999976,-0.8663368507,2.205104741,-0.922205815,0.1706773734,1.012338481,-0.001064888929,-0.4907942676,0.08466797902,-0.002902619113,-0.408835725,-0.03421165203,1.11430514,-0.7301115413,-0.1649267995,-0.001085033629,-1.422204304,-0.0004955361464,0.00265104863,-1.021375128e-05,-0.2289026691,0.9969720518,-0.02573811433,0.01187388955,1.078108393,0.007046648497,-0.00411518355,-0.4074942163,0.02734924177,1.002330615,0.07955718319,-0.07095545578,2.009779991,0.2286015469,-0.4425780954,0.5109011234
2022-05-10,-0.3241394108,1.123297618,-0.8437911704,0.001890925975,-0.08991079397,-0.000882692507,-0.5198375462,0.07188828379,-0.2206415325,1.209920726,-0.0001039896547,-0.2511595401,-0.5659818106,-0.3316149825,-0.9354709056,0.7855519834,0.7555539203,-0.001060710521,-0.1771398183,-0.2869807098,-0.003053474718,-0.4339948222,-0.1197636196,1.875204451,-0.4184311923,-0.42420307,-0.001121292736,0.03423217285,-0.0005140760049,0.002869052399,-9.94734998e-06,-0.2922155567,0.8019628181,-0.02575209417,0.01175402444,1.330759543,0.007207900454,-0.004028659718,-0.4133735396,0.027144326,-0.03825656002,0.9395073219,-0.07071290572,1.320554672,-0.6195815567,0.3128431312,0.4063388861
2022-05-11,-0.3543889557,1.434800118,-0.3245672154,0.001875705769,-0.4687874307,-0.0008850790762,-1.763355309,2.039515054,-0.389076426,1.119211942,-0.000102002267,-1.06542076,-0.5585018302,-0.3039942182,-0.8005527606,-0.367835544,0.5485796246,-0.001056520617,-0.3804247739,-0.9867121946,-0.003204403499,-0.4728167904,-0.03371196685,0.7341637911,-0.5764728378,-0.9832908821,-0.001156987524,1.414894736,-0.0005320824956,0.003171238529,-9.682461917e-06,-0.3257469239,0.6718564077,-0.02443701664,0.01163484265,-0.2936144595,0.007409388339,-0.003942156389,-0.4996430991,0.02693932451,-0.330598962,0.3659902194,-0.07046882651,1.854719452,-0.3619844357,0.2880769391,0.3470156386
2022-05-12,-2.582492156,0.9239112125,0.628422654,0.001860617937,-0.4048339268,-0.0008873623357,-1.577094205,0.2267980964,-0.2429068439,0.7449697628,-0.0001000442742,-0.2084991467,-0.3937535847,1.354512761,-0.8696993421,-0.08354544807,0.806383917,-0.001052319465,-0.0009777498653,0.9909219103,-0.003355405558,-0.5679690355,-0.03390557861,0.8782798906,-1.04654825,-0.5370475136,-0.001192112956,-1.955278571,-0.0005436155933,0.003783743908,-9.419106594e-06,-0.4045607122,0.5325844292,0.0003887268885,0.01151632976,-0.4028155487,0.007607150796,-0.003855675679,-0.2311829993,0.02673424465,0.4402298658,0.123876879,-0.07022323772,1.383226569,-0.4789521809,-0.1007288483,0.3984323235
2022-05-13,0.1437672372,0.9478976077,-0.210142805,0.001845659673,0.5817495349,-0.0008895347299,-1.783486681,0.9329688962,0.3814248706,0.6937575152,-9.811516175e-05,0.5027898064,0.1485496956,1.437524918,-1.073417173,0.06356053963,0.3154832759,-0.001048107309,-0.2657506088,-0.9818718935,-0.003506480983,-0.2011507511,-0.0330477441,1.210674501,-0.6537564681,-0.8128052335,-0.001226664095,-1.450589481,-0.0005546253998,0.004191949899,-9.157303083e-06,-0.2988730996,0.4633097376,-0.024230823,0.01139847191,-0.3689862745,0.007728123256,-0.003769219719,-0.1107260085,0.02652909316,0.616081033,0.03992994053,-0.06997615857,1.871601835,-0.0730745576,0.2809443932,1.307424859
2022-05-14,-0.2704722377,0.963684489,-0.7471370445,0.001830828107,0.6902471021,-0.0008915890114,-1.594395281,0.9890392309,-0.3926533656,1.504573389,-9.621442036e-05,-0.6630277356,0.1105377178,0.9225412519,-0.9060514085,-0.2855786858,0.9472086686,-0.001043884391,-0.3555544778,0.07387415287,-0.003657629845,-0.3029033388,-0.1152733162,0.8553463535,-0.686973225,-0.5024368513,-0.001260636101,-0.464286964,-0.0005651173291,0.004847809971,-8.897070032e-06,-0.3644472417,0.399291623,-0.02386362063,0.01128125574,-0.2457132681,0.007898497216,-0.003682790652,-0.5829240287,0.0263238762,0.0001733991633,0.3559783498,-0.06972760794,0.01119103905,0.3461510228,1.010539906,0.4497790559
2022-05-15,0.2469099997,0.9873733287,0.1287203745,0.001816120322,-0.5954761452,-0.0008935182917,0.3687943064,0.9839665469,-0.6586482862,0.8839941839,-9.434154584e-05,0.1134689018,0.02060834566,1.304304661,-0.9203630559,-0.1004877701,0.8447375501,-0.001039650947,-0.1832755059,0.08718259863,-0.003808852201,-0.2845519377,-0.2007863884,0.3860204873,-0.7320293129,-0.837786908,-0.001294024239,-0.6593889152,-0.000575097408,0.005431006248,-8.638425657e-06,-0.1685864306,0.0002316073076,-0.02344492005,0.01116466843,-0.6444867864,0.008027608945,-0.003596390637,-0.3464059282,0.02611859942,0.2220826947,0.535172577,-0.06947760434,1.749718752,-0.9714443746,0.1459943571,0.3788055276
2022-05-16,-0.927492671,0.8598415831,0.3748260044,0.001801533372,-0.5924063552,-0.0008953160888,0.8085739356,0.6899677165,-0.4216096603,-0.3248835348,-9.249603927e-05,-0.03742516203,0.08205832478,1.073904542,-0.934441782,-0.1512119561,0.5465446197,-0.001035407214,-0.1922874836,0.05432305654,-0.003960148094,-0.267581856,-0.2006371251,1.411724058,0.1093003481,-0.8100675586,-0.001326823888,-0.7699591965,-0.0005845722843,0.005414269483,-8.381387746e-06,-0.3274791902,-0.4219619795,-0.0220383118,0.01104869762,-0.7255805445,0.008144619285,-0.003510021846,-0.5676354282,0.02591326802,-0.3106289813,-0.02931888712,-0.06922616588,1.336172609,0.2340039013,0.2667166531,0.4980366582
2022-05-17,-0.1962063527,1.293897469,-0.339922543,0.001787064298,-0.3939798637,-0.0008969763718,-0.9224188576,0.6522632625,-0.4565056391,0.7363431803,-9.067740718e-05,-0.4134161882,-0.3649134047,1.403113659,-0.7873037212,-0.3021125659,0.5580737327,-0.001031153423,-0.3449208045,-0.9492663449,-0.004111517554,-0.390322795,-0.1555361752,0.5463333104,-0.8572719017,-0.8368711507,-0.001359030538,0.03437439015,-0.0005935492315,0.005601614957,-8.125973667e-06,-0.3470806379,0.2846099103,-0.02192111032,0.01093333145,-0.4490390284,0.007949018118,-0.003423686471,-0.3922580564,0.02570788675,0.9604757826,0.1424849816,-0.06897331026,1.299770324,-0.62396249,0.3352925689,-0.03029624646
2022-05-18,0.2826316429,1.094443219,-0.09701892842,0.001772710135,-0.7306107157,-0.0008984936011,-1.180114039,0.8213475981,-0.3086080646,0.6450728794,-8.88851616e-05,0.1408893282,0.06352698181,0.2686729528,-0.949264216,-0.3375045255,0.3614869191,-0.001026889804,-0.210143601,-0.7403747083,-0.004262960598,-0.3380474282,-0.2005943761,0.8466743489,-0.8448503947,-0.9865317231,-0.001390639801,2.789389584,-0.0006020361506,0.005901044478,-7.872200363e-06,-0.3415771931,-0.7117990626,-0.02125142326,0.01081855852,-0.2370312409,0.008163392629,-0.003337386718,-0.3798967115,0.02550246,0.2600511624,0.3135762529,-0.06871905474,1.845736097,-0.4030287409,0.2415037132,0.4625376858
2022-05-19,-0.3693703076,1.085810997,0.5075337144,0.001758467935,-0.113594193,-0.0008998627639,-0.5542886373,0.9240368769,-0.3799418406,0.6280676967,-8.711882025e-05,-0.4387435589,0.05274974706,0.1644944619,-0.951620415,-0.3075397485,0.2896156895,-0.001022616581,-0.174039859,0.08592730355,-0.00441447723,-0.3552465398,-0.2003573486,0.4784311485,-1.23066995,-1.243927116,-0.001421647411,-1.554901431,-0.000610041571,0.00660102707,-7.62008436e-06,-0.1824871101,-0.2196516508,-0.02033002088,0.01070436786,-0.6194367055,0.008385316305,-0.003251124811,-0.4450408721,0.02529699182,0.8987012146,-0.006796078117,-0.06846341613,1.573950915,0.2002998437,0.3520983513,1.010196178
2022-05-20,0.7737435162,0.329927521,-0.1667860598,0.001744334765,-0.4099437583,-0.0009010794045,-0.6532457961,1.222631183,-0.2952906403,0.4706907051,-8.537790656e-05,0.2600482504,-0.6535440694,0.706295632,-0.9436406863,-0.1030681966,0.4984803308,-0.001018333978,-0.423378614,0.2512157946,-0.004566067441,-0.4990528544,-0.2004254574,0.4130421282,-0.907235239,-0.7122974368,-0.001452049229,-0.4485408653,-0.0006175746471,0.007042609935,-7.369641769e-06,-0.1860177694,-0.2967229521,-0.02076906743,0.01059074895,-0.1956678138,0.00870840587,-0.003164902995,-0.3138141781,0.02509148597,-0.160016238,0.3830541995,-0.06820641074,1.69976103,0.07476509516,-0.2545630736,0.9337729448
2022-05-21,1.796581965,0.885587287,0.08484219915,0.001730307729,0.5120564201,-0.0009021396488,-0.6855529667,1.500947545,-0.230244675,1.046964642,-8.366194985e-05,0.9765757112,-0.09148724537,1.46459211,-1.308622971,-0.2953967954,0.4651567398,-0.001014042216,-0.2965925676,0.476384583,-0.00471773121,-0.4366060879,-0.2005200606,1.523729162,-0.9227783252,-1.256303315,-0.001481841247,-0.5193025728,-0.0006246451536,0.007863103371,-7.120888294e-06,-0.195532311,-0.9392901157,-0.02178674296,0.01047769169,0.09454125189,0.009434271973,-0.003078723533,-0.3193357057,0.02488594592,0.09943546764,0.9406835583,-0.06794805441,1.672535842,0.5073722558,0.4639425786,1.216237239
2022-05-22,0.2149197766,1.109400063,-0.1100145916,0.001716383966,-0.4402824023,-0.0009030402234,-0.8558990638,0.9641597595,-0.2188983283,0.6286774002,-8.197048536e-05,-0.2783427367,-0.4166764491,1.470266959,-1.124214822,-0.2642089278,0.3715856791,-0.00100974151,0.1607684731,-0.2634050784,-0.004869468504,-0.3548727255,-0.1571266327,0.8776721452,-0.6553891439,-0.9301408205,-0.00151101959,-0.2715730465,-0.0006312634766,0.008527036704,-6.873839225e-06,-0.7208561886,-0.5254537049,-0.2033755186,0.01036518638,0.9557260882,0.009140199967,-0.002992588708,-0.06151796472,0.02468037493,0.9497857519,-0.1950585257,-0.06768836242,1.06161803,-0.4941214705,0.6326853223,0.4947163733
2022-05-23,0.8066342953,0.4833063911,1.499890878,0.001702560661,0.6958615747,-0.000903778468,-1.130452354,0.7433885943,-0.184430353,1.094433684,-8.030305438e-05,0.2765735806,-0.2527805803,0.960057281,-0.9479237881,-0.2844435996,0.06878362511,-0.001005432077,0.2980972153,0.1243312852,-0.005021279281,-0.08144544073,-0.200305248,1.754301135,-0.9676984039,-0.6732846321,-0.001526214266,-0.3079238641,-0.0006374406002,0.008507176838,-6.628509455e-06,-0.357021289,-1.372307252,-0.1360400746,0.01025322371,9.172987652e-05,0.009327224301,-0.002906500825,-0.5257796656,0.02447477603,1.327249335,0.3514794729,-0.06742734955,1.665164946,-0.6000063748,0.07221598377,-0.1428958292
2022-05-24,0.2529691803,1.460326697,0.8693431817,0.001688835053,-0.3836588112,-0.0009043523425,-0.8402554787,0.2799362398,-0.2077327713,1.401935594,-7.865920432e-05,0.3904537123,0.3131451884,2.234687455,-0.9364140566,-0.139446037,1.024760361,-0.001001114128,0.04630070795,-0.2296586847,-0.005173163484,-0.383008168,-0.2000515309,0.9436399511,-0.8538778959,-0.9301147343,-0.001540247638,3.043313148,-0.0006431880902,0.008727111688,-6.384913475e-06,-0.3519523036,-0.8473473714,-0.1415398416,0.01014179475,0.1147907337,0.007927904152,-0.002820462209,-0.7003180276,0.02426915208,0.2758729895,0.359206752,-0.06716503007,1.792803862,-0.1576844778,0.4687197886,0.5214236729
2022-05-25,0.1502543203,0.9607167695,0.1167370144,0.001675204435,-0.2746006419,-0.0009047604277,-1.197077735,0.6698770555,0.008997314246,0.9909417662,-7.703848878e-05,0.4333269183,-0.1260197326,1.653581626,-0.9418720016,-0.5231452249,0.8662629868,-0.0009967878717,0.173095331,0.1920881706,-0.005325121047,-0.3471598103,-0.1522996282,1.296616625,-0.0681656776,-1.203438921,-0.001553153993,1.017806564,-0.0006485180741,0.009052931684,-6.143065384e-06,-0.4556778396,-1.272515293,0.0002824246107,0.01003089092,0.01775548707,0.008177699131,-0.002734475208,-0.4553300042,0.02406350577,0.1463383075,0.3455947354,-0.06690141766,0.8343845907,-0.1985750754,0.2069437861,0.5499012382
2022-05-26,-0.2374908106,1.546581192,-0.3987897296,0.001661666162,-0.8369850447,-0.0009050019198,-1.049922102,0.05942829724,-0.2582413204,1.009059716,-7.544046767e-05,0.322180123,0.01115716368,1.466020273,-0.5425014013,-0.2123181323,0.5664904968,-0.0009924535144,0.3350593112,0.282168871,-0.005477151892,-0.3038929583,-0.00123904625,0.8446333205,-0.5967591998,-1.366524396,-0.001564981162,-1.101625992,-0.0006534432174,0.009970523047,-5.902978889e-06,-0.3256003006,-0.6278524214,0.0002748432491,0.009920503997,-0.4955023338,0.008435343279,-0.002650598134,-0.8453075928,0.02385783966,0.1959813083,0.3444737326,-0.0666365254,1.156149954,-0.2254979625,0.5581394045,0.7603504989
2022-05-27,0.09149032669,1.576459637,-1.190163471,0.001648217654,-0.3329873747,-0.0009050766204,-1.916100522,-0.415758843,-0.3014495611,1.029257551,-7.38647072e-05,0.07360520562,-0.4993741165,2.155889859,0.1333394432,-0.1050858353,0.146380173,-0.0009881112599,0.1803150516,0.4630314283,-0.005629255933,-0.4468335874,-0.2002351784,1.29368809,-0.4013646627,-1.384380605,-0.001575786205,-2.094821011,-0.0006579766964,0.01050156111,-5.664667316e-06,-0.3744909077,-1.388390887,0.0002673503542,0.009810626105,-1.217975619,0.009951838911,-0.002566919898,-0.6129698872,0.0236521562,0.2319483036,0.9041762423,-0.06637036573,1.504761482,-0.1558200413,0.7601338847,0.5788009031
2022-05-28,0.1041283866,1.577425357,0.9392889316,0.001634856394,-0.1492051537,-0.0009049849195,-1.303271293,0.4944492299,-0.276169748,1.060276292,-7.231078002e-05,0.2743360946,0.4346413171,2.085511766,-0.8078113349,-0.2439938644,0.4849693401,-0.0009837613092,0.3495960301,0.1769573833,-0.005781433072,-0.4594789352,-0.001220278457,1.564433221,-0.3840466294,-1.260023534,-0.001585631905,-0.358393606,-0.0006621321663,-0.0003530292353,-5.428143606e-06,-0.5997051577,-0.5344917351,0.0002599465672,0.009701249677,-0.5256090884,0.01228983376,-0.002483439859,-0.4204892963,0.02344645771,0.6960013765,1.042559301,-0.06610295044,0.3305921636,-1.334955139,0.8310911845,0.9796756247
2022-05-29,-0.2134648754,1.941762886,0.6987916148,0.001621579935,-1.070098469,-0.0009047277754,-1.081955719,1.0338346,-0.2857520926,1.474261744,-7.077826525e-05,0.6565213887,0.5755516143,2.317770649,-0.6373614377,-0.2118744031,0.69072863,-0.0009794038608,-0.4053197663,0.1868831692,-0.005933683199,-0.6622605834,-0.001210984398,0.9181976193,-0.3438856882,-1.140071148,-0.00159458397,-0.1549043253,-0.000665923726,-0.0003940377078,-5.193420333e-06,-0.4089907955,-0.3263382967,0.0002526325136,0.009592367465,-0.9672285193,0.01029276942,-0.002400153255,-0.3527235771,0.02324074645,0.277475343,0.2314956153,-0.06583429062,0.6419890227,-0.7414377889,0.9909261206,-0.0876496589
2022-05-30,0.0630733121,1.491723315,-0.6047314628,0.001608385898,-0.3514889666,-0.000904306689,-1.108547863,0.462589135,-0.2856337661,1.047077287,-6.926674854e-05,-0.1873234876,0.2718327826,1.457023306,-0.8890218427,-0.2929036536,1.416134892,-0.0009750391105,0.26982997,0.4686142357,-0.006086006197,-0.4762568248,-0.1323859824,0.7812760176,-0.3930801472,-0.3847474145,-0.001602708855,-1.209197548,-0.0006693658799,-0.0004346354858,-4.960509695e-06,-0.2899697593,0.0003230745006,0.0002454088025,0.009483972518,0.1448803123,0.01078660407,-0.002317052257,-0.3904267368,0.02303502459,1.106825219,-0.1545025239,-0.06556439667,0.01135396959,-1.054287152,-0.251896622,1.115135838
2022-05-31,-0.03379589194,0.9351085883,0.1490255014,0.001595271976,-1.054906031,-0.0009037236747,-0.5595896582,0.09456390463,-0.3294516721,0.87540212,-6.777582212e-05,0.4487986037,-0.7302936569,1.209726576,-1.028501901,-0.2330428309,0.3374079809,-0.0009706672518,-0.4737423331,0.3034479181,-0.006238401939,-0.4868075077,-0.00119257367,0.7469033934,-0.6995679769,-0.9867794043,-0.001610072099,1.152338879,-0.0006724734983,-0.0004748237689,-4.729423529e-06,-0.2275890964,-1.282272234,0.0002382760258,0.009376058175,9.315190898e-05,0.007401016137,-0.002234126846,-0.4006808227,0.02282929425,0.4719527865,0.3666601787,-0.06529327826,0.399087654,-0.9805627597,1.120005167,0.3290494393
2022-06-01,0.1540666555,0.8238530537,0.1556383394,0.001582235931,-1.075710788,-0.0009029812278,-1.069283658,0.1562568608,-0.2165290436,0.1391339592,-6.630508486e-05,0.2435706721,0.07890222847,0.4191732079,-1.076687837,-0.1769810132,0.4817992891,-0.0009662884753,0.15043723,0.2611238671,-0.006390870286,-0.4882523374,-0.001183456163,0.7514495608,-0.77623856,-0.5226166651,-0.001616737112,1.026733782,-0.0006752617757,-0.0005146036898,-4.500173314e-06,-0.1996305464,0.5887810967,-0.2102546233,0.00926861805,0.5968479852,0.007960994404,-0.002151365532,-0.6144785255,0.02262355747,0.1276605853,1.508331905,-0.06502094431,0.9888519419,-0.5310028449,0.5604839619,0.3774663033
2022-06-02,0.7731697396,0.8778614202,0.1908806024,0.001569275593,0.4533311925,-0.0009020822893,-0.5613766226,-0.3936330587,-0.3788004972,0.7660231682,-6.48541423e-05,0.7020123158,-0.2003893213,1.429998033,-1.055782704,-0.2705258824,0.463843989,-0.0009619029694,-0.3018026866,1.005060751,-0.006543411092,-0.569831425,-0.001174396702,0.08381676262,-0.3678607091,-0.9773010952,-0.001622764305,0.1952913869,-0.0006777461878,-0.0005539763163,-4.272770177e-06,-0.3894966252,0.5610821251,-0.2070898939,0.009161646025,1.307050734,0.00755789511,-0.002068755939,-0.8994397927,0.02241781628,0.2288582893,0.2133821162,-0.06474740296,1.045509843,-0.9719074881,0.2296351481,0.50462775
2022-06-03,1.285065568,0.79335346,0.8331218736,0.001556388864,0.8652095949,-0.0009010302085,-1.142290539,0.5797015935,-0.2206230501,1.242075776,-6.342260671e-05,0.4718890736,1.225367455,1.493693047,-1.063582468,-0.1091282666,0.720113034,-0.00095751092,0.1353195342,0.3121625894,-0.006696024201,-0.6010105385,-0.001165394912,0.6948225712,-0.4245673425,-0.932860445,-0.001628210526,0.02283440385,-0.0006799424455,-0.0005929426544,-4.0472249e-06,-0.3592420718,0.7884388149,-0.2095068384,0.009055136236,-0.3602526427,0.01075459837,-0.001986285271,-0.5617027661,0.02221207266,-0.4912127063,0.3480446883,-0.06447266158,1.138785199,-1.283745735,0.9464109925,1.252686281
2022-06-04,-0.4251546377,0.5736110977,1.097362241,0.001543573715,-0.446927071,-0.000899828704,-0.5794285561,-0.01835633966,-0.1378411719,0.3774006158,-6.201009712e-05,0.1960333268,0.2458771974,1.461500121,-1.300780763,-0.1515433489,-0.236617838,-0.0009531125106,-0.06879158111,-1.067864277,-0.006848709447,-0.4928323637,-0.001156450427,-0.20604681,-0.5226963102,-0.8333451811,-0.001633128723,0.2205530862,-0.0006818664472,-0.0006315036511,-3.823547921e-06,-0.2025239939,-0.3063609646,0.0002106654783,0.008949083066,0.1576789954,-0.004648142932,-0.001903940673,-0.3241525395,0.02200632856,-0.8736582093,-0.3306343727,-0.06419672682,1.118521942,-0.915871587,0.3091343116,0.9838044464
2022-06-05,-0.6960847725,0.186799791,-0.8483213667,0.001530828184,-0.3233648607,-0.0008984818237,-1.080694187,-0.2249480803,0.03506115492,0.2965615988,-6.061623933e-05,0.1767905182,-0.4013990862,2.081197565,-0.039731589,-0.3006840464,-0.1728188183,-0.0009487079222,0.1530405407,-0.1501463737,-0.007001466656,-0.6632487181,-0.1087976617,0.6794048243,-0.5846082264,-1.156644891,-0.001637567787,0.3183807096,-0.000683534227,-0.0006696601964,-3.601749346e-06,-0.2612607867,0.0003530650546,0.0002039956192,0.008843481132,-1.199740019,0.01324620789,-0.001821709504,-0.5192355669,0.02180058591,-1.305519213,-0.260142449,-0.06391960451,0.5810896522,-0.8129475544,0.339052119,0.7483895889
2022-06-06,-2.312581217,1.309878299,0.2591170745,0.001518150376,-0.7031274763,-0.0008969939043,-1.041063036,0.4346829906,-0.3451281497,0.9326310224,-5.9240666e-05,0.1745044163,0.3006805033,1.936326029,-0.1057427769,-0.01473944405,0.5519134938,-0.0009442973334,0.247913751,-0.3363987751,-0.007154295646,-0.4635009523,-0.001138731962,2.253221175,0.09247824671,-0.6721116773,-0.001641572533,0.3815717976,-0.0006849619039,-0.0007074131263,-3.381838954e-06,-0.2571307876,0.2773828596,0.000197419859,0.008738325278,-0.2042776078,0.01476616046,-0.001739579542,-0.5103164174,0.02159484662,0.9333584993,0.1218908949,-0.06364129969,0.8036398209,-0.8017970092,0.4391273316,0.9801771167
2022-06-07,0.5467619703,1.292321056,0.69310922,0.001505538461,-1.17907856,-0.0008953695308,-1.028077739,0.5281901655,-0.3645878147,1.238867746,-5.788301661e-05,0.4038345611,-0.09942551638,0.9672376317,-0.9353462272,-0.1379104211,0.8190059596,-0.0009398809207,-0.5153801007,0.2831718758,-0.007307196224,-0.3819552408,-0.001129957305,0.7335572691,-1.096955556,-0.5945093921,-0.001645183784,0.497470541,-0.0006861656296,-0.0007447632248,-3.163826201e-06,-0.2742840448,0.0003622748558,0.0001909386572,0.008633610565,-0.6458358283,0.004115549263,-0.001657539123,-0.2787779112,0.02138911258,0.9888967481,0.2247443703,-0.0633618166,1.082629405,-0.3339908902,0.1943072038,0.557686306
2022-06-08,1.506897392,1.313609,0.1042701721,0.001492990675,-0.2031983944,-0.0008936134967,-1.455277134,0.9362355712,-0.2088831379,0.8892280803,-5.654293753e-05,0.261429008,-0.4286392331,1.910859045,-1.068352529,-0.4727163626,0.6032899765,-0.000935458858,0.1932170695,0.4651603858,-0.007460168191,-0.1555080891,-0.001121238594,0.689103123,-0.8553643419,-0.8285327467,-0.00164843852,1.424782367,-0.0006871615369,-0.0007817112253,-2.947720228e-06,-0.1652624788,0.4521864238,0.0001845524522,0.008529332261,-0.4642967535,0.002980504256,-0.001575577235,-0.5785088863,0.02118338568,-0.8130180734,0.05946119855,-0.06308115865,0.9690065327,-0.8801227365,0.3760130243,1.97778491
2022-06-09,0.7407862235,1.329151956,0.9970792895,0.001480505314,-0.2243043061,-0.000891730765,-0.7210238864,-0.1169799946,0.02351845194,0.9436332878,-5.522008204e-05,0.1823601345,0.5363794826,1.259532831,-0.9660584987,-0.02333300241,0.6126741845,-0.000931031317,0.05370844151,0.001151701354,-0.007613211337,-0.3641960698,-0.001112575507,-0.1395498148,-0.3223153311,-0.3652470984,-0.001651370087,0.4612367114,-0.0006879656886,-0.0008182578127,-2.733529867e-06,-0.01470395365,0.3930520911,0.00017826166,0.008425485835,-0.1740986286,0.004909140287,-0.001493683575,-0.5547940004,0.02097766779,-0.2699367138,0.07171951617,-0.06279932849,1.638518756,-0.6751014329,0.9351930473,0.8772203381
2022-06-10,1.315063753,0.6675544217,0.3311499472,0.001468080736,-0.2923344238,-0.0008897264302,-0.9831743186,-0.3664045707,-0.01459289682,0.6685140184,-5.391411032e-05,-0.2384438497,0.04013009873,1.3435255,-0.8492239475,0.7405429312,0.9395179484,-0.0009265984672,-0.3581445681,0.4204122871,-0.007766325446,-0.4208146433,-0.1999683086,1.099967994,-0.2743809974,-0.5699020473,-0.001654008425,0.06497432025,-0.0006885940264,-0.0008544036248,-2.52126365e-06,-0.4333333993,0.01105866909,0.0001720666739,0.008322066946,0.1573008774,0.01275704247,-0.001411848571,-0.4284421188,0.02077196077,0.5494390575,-0.1220196891,-0.06251632799,0.9278652536,-0.6266880969,0.8537770951,0.5701340178
2022-06-11,0.8972579691,0.7861763343,0.8897048717,0.00145571536,-0.2253538688,-0.0008876056822,-0.7558867352,-0.2921780136,-0.267032646,1.83773183,-5.262468948e-05,0.6052507927,0.8230101809,0.7329411745,-1.136663225,-0.05579430326,1.052080671,-0.0009221604757,-0.4106850265,-0.4167641363,-0.007919510291,-0.3303023548,-0.141030003,0.7812438154,-0.2864812222,-0.5025647225,-0.001656380319,0.9403635123,-0.0006890623206,-0.000890149258,-2.310929811e-06,-0.008428771851,0.0003795576659,-0.2084221872,0.008219071438,0.3003247167,-0.005286332707,-0.00133006339,-0.3428926721,0.02056626649,-0.6962150504,0.08803359124,-0.06223215815,1.293791836,-0.5779744468,0.4251295208,0.9679951867
2022-06-12,0.6712189239,1.216300444,0.1096558618,0.001443407659,-1.287352721,-0.000885373772,-1.229886989,-0.1397632695,-0.3205278776,1.331731946,-5.135149358e-05,0.3858162629,0.1660487409,1.359678681,-1.668465531,0.1939057083,0.5360476777,-0.0009177175076,-0.3191718588,-0.8048564929,-0.008072765641,-0.2727158558,-0.001086916815,1.162664209,0.06540178732,-0.5461566753,-0.00165850965,1.267385616,-0.0006893861212,-0.0009254952801,-2.102536296e-06,-0.3129717763,-0.08544246051,0.0001599655692,0.008116495329,-0.1305382927,0.01563705683,-0.00124831992,-0.469661303,0.02036058679,0.6479988502,1.067067623,-0.06194681919,-0.2108643054,-0.9701901584,0.7361099927,0.7297574173
2022-06-13,0.9396943708,1.198245674,-0.2391672472,0.001431156165,0.03363603459,-0.0008830359794,-1.374311531,-0.5352019158,-0.139788634,0.5371387783,-5.009420363e-05,0.139831631,0.2136376106,1.269454045,-1.570356617,-0.2212502715,0.5052481612,-0.0009132697256,0.2265340535,-1.030846135,-0.008226091253,-0.5823455726,-0.200470623,0.8149177034,-0.7020786131,-0.6444347737,-0.001660417651,0.5799570445,-0.0006895807096,-0.0009604422393,-1.896090772e-06,-0.6055379294,-0.4237187129,0.0001540601169,0.008014334806,-0.2764590052,-0.005458379004,-0.001166610747,-0.3087986346,0.02015492352,1.014336184,1.152596329,-0.06166031057,0.7627770492,0.1578306624,0.3132046574,2.009632702
2022-06-14,0.8774607799,1.272953397,-0.2136383194,0.001418959462,-0.1029880866,-0.0008805975827,-1.224196863,-0.3449882067,-0.3776339531,0.7933228419,-4.88525076e-05,0.149970516,-0.5928643903,0.5461141197,-4.766463258e-05,-0.2470149519,0.4662019959,-0.0009088172903,-0.5537282433,0.4890758991,-0.008379486878,-0.5643935893,-0.001070083406,1.26982249,-0.8308736595,-0.5043713426,-0.001662123147,-1.770198209,-0.0006896610526,-0.0009949906711,-1.691600627e-06,-0.5173210266,-0.5680370979,0.0001482518018,0.007912586217,-0.4480307573,-0.003843904213,-0.001084929118,-0.6469046243,0.0199492785,-0.3100708207,0.1062606831,-0.06137263096,0.01142308186,-0.4289704673,0.4757626618,1.389821045
2022-06-15,0.4922250778,1.262555634,0.6240311361,0.001406816187,-0.142866129,-0.0008780638313,-0.5648234298,0.2154558169,-0.4126064107,0.4245266646,-4.762610043e-05,0.2347618846,0.5929002999,0.8777374524,-5.152910344e-05,-0.5143207459,0.5362531839,-0.0009043603601,-0.2346093957,-0.8308372855,-0.008532952259,-0.1476291708,-0.001061747511,0.8765013471,-0.4164794051,-0.3504141132,-0.001663642787,0.9267237304,-0.0006896417554,-0.001029141104,-1.489072986e-06,-0.2569219784,0.0003953757102,0.0001425408962,0.007811246066,9.000140925e-05,-0.007072514692,-0.001003268903,-0.7612391444,0.01974365358,-0.8555950853,0.6787722727,-0.06108377831,1.215195082,0.229259158,-0.2487877102,1.210888477
2022-06-16,0.2010822143,0.7013512411,0.6464664469,0.001394725027,0.3028870866,-0.0008754399196,-0.7155631902,0.7903028949,-0.04507225427,0.6002832041,-4.641468402e-05,0.191045363,-0.1071952054,1.259902417,-5.532978122e-05,-0.2500874619,0.826296051,-0.0008998712112,0.2798007272,0.7116208859,-0.008686487132,-0.3725972118,-0.001053465088,0.07762101439,-0.7440300876,-0.7145763833,-0.001664991263,0.354895047,-0.0006895370173,-0.001062894065,-1.288514709e-06,0.08154628492,0.359758127,-0.008435570531,0.007710311004,0.9758168488,0.002479388434,-0.0009216245562,-1.289314291,0.01953805057,0.7147226598,0.5652915198,-0.0607937498,0.758463537,-0.4873079719,0.923766028,1.222119943
2022-06-17,0.5433891635,-0.08976548884,0.3688164076,0.001382684718,0.2666680331,-0.0008727309646,-1.169565157,0.9335761115,-0.2593249519,1.330713058,-4.521796722e-05,0.6277525236,0.1285199547,0.7246391409,-5.906708404e-05,-0.03718101791,0.4468248327,-0.000895380419,0.2032469741,0.2324005174,-0.008840091223,-0.6252793707,-0.1999902976,-0.18421027,-0.7911671597,-0.3883846356,-0.001666181511,0.5585360812,-0.0006893605882,-0.001096250077,-1.089932403e-06,-0.2905996768,-0.07088804877,0.0001314122964,0.007609777823,-0.1651322399,0.0157343995,-0.0008399910675,-0.4224911043,0.01933247127,0.5720270475,0.3275929499,-0.06050254193,0.7032935276,-1.19732748,1.016824875,0.8489976071
2022-06-18,0.7678245695,1.310308875,0.3862620614,0.001370694043,-0.1108485782,-0.0008699419849,-1.549155828,0.4470096343,-0.6115822703,0.7434475814,-4.403566585e-05,0.6565647276,-0.4658109012,0.5262243476,-6.274144902e-05,-0.1051919708,0.5011772811,-0.0008908880112,0.2567490245,0.6542591744,-0.008993764252,-0.476899741,-0.1995036918,-0.05140251896,-0.7168169967,-1.34607776,-0.001667224896,1.373142703,-0.0006891257263,-0.001129209663,-8.933324324e-07,-0.2510843929,0.4569938029,0.0001259950257,0.007509643451,0.2069936253,-0.4010520931,-0.0007583639231,-0.5442455097,0.01912691748,1.582182771,0.2937103112,-0.06021015047,1.556774623,-0.8962548171,-0.1436405518,0.6276453324
2022-06-19,0.07532962315,1.363921067,0.3493439458,0.00135875183,-0.2466729006,-0.0008670778824,-1.84302755,0.7517084653,-0.3032284646,0.7064137131,-4.286750269e-05,0.6137006644,0.04139694779,1.073253864,-6.635333053e-05,-0.2096427646,0.4809185987,-0.0008863940101,0.1709308463,0.2700556474,-0.009147505933,-0.4514380872,-0.199074615,0.1142832054,0.0624891451,-0.7133252274,-0.001668131381,0.8280891216,-0.0006888451569,-0.001161773345,-6.987209185e-07,-0.4992088521,0.485772101,0.0001206760085,0.007409904947,0.3274194897,0.01540823335,-0.0006767390624,-0.5390055194,0.01892139097,0.4503549586,0.3974081621,-0.05991657055,0.6131737482,-0.8851946151,1.135437629,1.342979016
2022-06-20,0.1477841045,0.4309656154,0.4962729915,0.00134685695,-0.4462300237,-0.0008641434264,-0.8556830113,0.8625879743,-0.2082543022,0.7037493364,-4.171320745e-05,0.3356553054,-0.5797048645,0.6808079866,-6.990319848e-05,-0.1361410266,0.8746831266,-0.0008818984343,0.1979499848,0.466590059,-0.00930131597,-0.32318204,-0.1985505046,0.2220105857,-0.778955793,-0.3295772513,-0.001668909684,0.7105290355,-0.0006885310323,-0.001193941638,-5.061037522e-07,-0.4266437467,0.0004131824564,-0.1036658907,0.007310559494,-0.2254723941,-0.0060240412,-0.0005951128384,-0.6270806343,0.0187158935,1.542862809,0.6421391693,-0.05962179668,0.8221741007,-0.7890174631,0.1072098943,1.412205583
2022-06-21,-0.05919444079,0.972484618,-0.2661231535,0.001335008318,-0.05863600114,-0.0008611432396,0.5058882376,0.8569037447,-0.2874891663,0.9163096201,-4.057251677e-05,-0.02006688922,0.1718658564,0.4497684545,-7.339153686e-05,-0.1274070733,0.3621704531,-0.0008774013005,0.1398544615,-0.235326374,-0.009455194061,-0.4240882418,-0.200011395,0.4837894325,-1.252419575,-0.5052820906,-0.001669567414,0.02936284619,-0.0006881948943,-0.001225715049,-3.154865988e-07,0.1240346093,-0.1344255892,0.0001103332558,0.007211604393,-0.1102032692,-0.009188046606,-0.0005134819799,-0.8046960871,0.01851042682,0.7281031413,0.04537694602,-0.05932582277,0.9534180145,-0.4432020201,0.4197405009,1.287905715
2022-06-22,-0.07107651482,0.09330686521,-0.06383633377,0.001323204886,-0.7463960454,-0.0008580817864,0.8283058046,1.006103889,-0.1318963654,0.8009789038,-3.944517421e-05,-0.1897787067,-0.5019709917,-0.04550715736,-7.681884218e-05,-0.6552174703,0.7763369858,-0.0008729026246,0.1970919578,0.3160675625,-0.009609139897,-0.639335794,-0.1974658329,0.7965620984,-1.475450807,-0.7654786943,-0.001670111197,0.2922031081,-0.0006878476363,-0.001257094072,-1.268749072e-07,-0.1222120225,0.007053148192,0.0001053097053,0.00711303706,8.775231658e-05,-0.01636083987,-0.0004318435559,-0.6431832696,0.01830499265,-0.7142430204,1.102814208,-0.05902864215,0.6721808702,0.3370823043,-0.3338528144,0.1517834341
2022-06-23,-0.603248559,1.449124623,-0.3444736416,0.001311445649,0.1524557135,-0.0008549633632,-0.495041071,0.08498341123,-0.1202588763,0.6381049131,-3.833093023e-05,0.4343027724,-0.5495402352,0.3474942175,-8.018562219e-05,-0.2621991312,0.1615938661,-0.0008684024226,0.2601389416,-0.697972252,-0.009763153161,-0.3105995619,-0.0009969597246,-0.8500837421,-1.258037073,-0.8183057322,-0.001670546789,-0.2696404725,-0.0006874994693,-0.001288079188,5.972608519e-08,-0.1221487301,0.005413967637,0.000100384778,0.007014855018,8.74296523e-05,-0.001261736031,-0.0003501949431,-1.161459322,0.01809959267,-0.03553245301,-0.004962637974,-0.0586763747,0.2037316635,-0.360534366,0.1889104792,1.169971602
2022-06-24,-0.4764456325,0.6282094734,0.6675895685,0.001299729635,-0.2815738696,-0.0008517920904,-1.036673334e-07,1.038930086,-0.3054474575,1.151990268,-3.722954216e-05,0.3156565622,-0.08407615614,-0.00144687871,-8.349239457e-05,-0.2397358901,0.927998323,-0.0008639007109,0.2024008828,1.305938016,-0.009917233528,0.00631387128,-0.1999025226,-0.2534579964,-0.5535458676,-0.3536712563,-0.001670879175,-0.0007693962298,-0.0006871598889,-0.001318670858,2.443113416e-07,-0.4783345292,-0.2795379963,9.555848938e-05,0.006917055898,0.5882898292,0.01656337935,-0.000268533796,-0.652076116,0.01789422855,-0.1613993473,0.5780292463,-0.05832366748,0.9882276141,-0.3074377583,-0.002218123799,0.9173925457
2022-06-25,-0.6263700249,0.86279319,0.2007848943,0.00128805591,0.7482635106,-0.0008485719058,0.718433216,0.2624483165,-0.4042581983,0.082934703,-3.614077422e-05,0.0007604563091,0.04632344058,0.2273418429,-8.67396858e-05,-0.2504290227,0.4753056668,-0.0008593975074,0.2408012465,1.246593541,-0.01007138067,0.006239155943,-0.1993597289,-0.05054527769,-0.7079699755,-0.5338392823,-0.001671112658,1.338986048,-0.0006868376476,-0.001348869525,4.268760224e-07,-0.3457906967,0.2244127985,9.083082327e-05,0.006819637426,1.44420862,0.05958729625,-0.0001868580189,-0.6384997528,0.01768890193,-0.7917701931,0.5011859688,-0.05797054687,1.349667056,-0.4750334859,0.3652008024,0.7845598821
2022-06-26,-0.3385456891,-0.2452912474,0.2480269635,0.001276423575,0.1018376438,-0.0008453065605,1.206159916,0.2029747566,-0.330337633,0.1985507919,-3.506439744e-05,0.000760235372,0.04280780087,-0.783955103,-8.992802999e-05,-0.3403258471,0.4918649401,-0.0008548928311,0.175865785,1.20924392,-0.01022559425,0.006164705344,-0.006407837303,0.03033812202,-0.7758821997,-0.4958382492,-0.001671250937,2.169233439,-0.0006865407277,-0.001378675608,6.074154748e-07,-0.4578820418,-0.2790371382,8.62017319e-05,0.006722597428,-0.5555419856,0.0149111352,-0.000105165741,-0.6130577255,0.0174836144,-0.1577951676,-0.007771582281,-0.05761703865,1.559751152,-0.7929828005,0.3871409906,0.6635025777
2022-06-27,-0.2754574259,0.9576417254,0.1716113773,0.001264831762,0.2244464288,-0.0008419996152,0.8771068329,0.4334626328,-0.3854061634,0.5304847242,-3.400018965e-05,0.000759864587,0.3336037821,0.09428594648,-9.30579679e-05,-0.09266493241,0.3974987184,-0.0008503867026,0.1916590184,0.3916506183,-0.01037987391,0.006090528961,-0.001305876196,-0.05177218273,-0.8788678073,-0.873815524,-0.001671297181,0.107119088,-0.0006862763189,-0.001408089501,7.85925227e-07,-0.3962510869,0.0004346562801,8.167113549e-05,0.006625933817,0.02197006524,-0.429131357,-2.345529397e-05,-0.6631826906,0.01727836754,0.6110925402,-0.02957235877,-0.05726316795,1.081577223,-0.8450827793,-0.9173707503,0.9094533157
2022-06-28,0.6622738109,1.101416294,0.728009303,0.001253279637,-0.249747536,-0.0008386544382,0.5554262189,0.4030340517,-0.2873089733,-0.0001859628127,-3.29479355e-05,0.0007593483398,-0.3243791012,-0.001469604635,-9.613004595e-05,-0.1515233793,0.6348446533,-0.000845879144,0.1580095496,0.3282349534,-0.01053421932,0.006016635606,-0.0009581356461,0.3237022386,-0.8140317718,-0.4525502626,-0.001671254085,0.9222519126,-0.0006860507979,-0.001437111574,9.624009797e-07,-0.3515690222,-0.2223280681,7.723892209e-05,0.006529644598,0.01142661248,-0.006600893685,5.827480909e-05,-0.6097683544,0.01707316286,-0.1794369837,1.036823607,-0.05690895916,0.2976108892,-1.062994659,-0.6649580699,1.32897251
2022-06-29,0.3068316359,0.8626647551,0.5517229263,0.001241766394,-0.4971326542,-0.0008352742048,-9.655941613e-08,1.387328403,-0.3427346162,-0.0001789003906,-3.190742921e-05,0.0007586909484,0.2343008607,0.6769601165,-9.914481536e-05,-0.5420160739,0.5217348166,-0.0008413701791,0.194107531,1.008969037,-0.0106886301,0.005943033418,-0.1972059475,0.4556702535,-0.3398001516,-0.2198512274,-0.001671123928,0.8291117209,-0.0006858697118,-0.001465742167,1.136838599e-06,-0.2048832809,0.2001848841,7.290494743e-05,0.006433727855,-0.2008267938,-0.006667819046,0.0001400258917,-0.6404568161,0.01686800186,-0.05346182146,-2.376884844,-0.05655443588,1.674363217,-0.5063488122,0.08708552471,1.047743674
2022-06-30,-0.000217931081,-3.854481338e-05,0.2288273854,0.001230291258,-0.3185093005,-0.000831861897,-9.513401045e-08,0.7234345194,0.2161384027,-0.0001719374674,-3.087848211e-05,0.0007578966633,-0.2339830667,0.3813168333,-0.0001021028313,-0.3491521721,0.704366195,-0.000836859833,0.2388417393,0.9114410531,-0.0108431059,0.005869729855,-0.0009429544123,1.088207095,-0.9598447239,-0.7438388615,-0.001670908624,0.1132874315,-0.0006857377657,-0.001493981596,1.30923411e-06,-0.2214704084,-0.7939569112,6.866900591e-05,0.006338181754,0.01253515497,-0.006733604587,0.0002217991308,-0.6590813802,0.01666288596,-0.09032548266,0.3807363666,-0.05619962089,0.1930793728,-0.9502716087,-0.6909959087,1.641429225
2022-07-01,0.001527409988,-3.744306506e-05,2.16684636e-07,0.00121885348,1.140413497e-08,-0.0008284203052,-9.370724063e-08,0.00513639572,0.000497487032,-0.0001650730312,-2.956245143e-05,0.0007569696688,-6.010455861e-05,-0.001485794676,-0.000105004652,0.9248624453,-0.001776052242,-0.000832348132,-0.0004930910144,-0.01867562092,-0.01099764634,0.005796731685,-0.0009354371601,0.003132438244,4.165974737e-06,-0.8132014762,-0.001670609758,0.03409802006,-0.0006856588123,-0.001521830146,1.479583687e-06,1.04082673e-10,0.0004452257984,6.45307497e-05,0.006243004539,8.486972986e-05,-0.006798254736,0.0003035955716,-0.0006326027529,0.01645781656,3.190703257e-10,-0.01047598573,-0.05584453607,0.01140443843,-2.168167477e-05,-8.96777051e-05,0.0005242972564
2022-07-02,0.001528859869,-3.635598087e-05,2.153172893e-07,0.00120745234,1.106619174e-08,-0.0008249520292,-9.227906606e-08,0.005112272831,0.000467059905,-0.0001583060829,-2.827617775e-05,0.0007559140838,-5.803342538e-05,-0.001491024004,-0.0001078508385,-0.0049148144,-0.001774244495,-0.0008278351039,-0.0004908211181,-0.01849095482,-0.01223360504,0.005724044987,-0.0009279683751,0.003124283651,4.160498087e-06,7.530642776e-12,-0.001670228627,0.02240671555,-0.0006856358452,-0.001549288077,1.647883648e-06,1.012292056e-10,0.0004476838324,6.04897849e-05,0.006148194523,8.455190322e-05,-0.006861774136,0.0003854161408,-0.0006387086196,0.01625279501,3.099516199e-10,-0.01037429391,-0.0554892024,0.0114002355,-2.167646852e-05,-8.848258411e-05,0.000525052785
2022-07-03,0.001530297706,-3.528344772e-05,2.139793354e-07,0.001196087141,1.073270206e-08,-0.0008214594814,-9.084944808e-08,0.005088058798,0.0004370853282,-0.0001516356356,-2.701934628e-05,0.0007547339635,-5.600200738e-05,-0.001496168288,-0.0001106419531,-0.004883124262,-0.001772659388,-0.0008233207771,-0.0004885599883,-0.01830722544,-0.01130691963,0.005651675139,-0.0009205477193,0.003116025631,4.154981452e-06,7.324030271e-12,-0.001669766277,0.0340423733,-0.0006856709943,-0.001576355623,1.810835235e-06,9.841458204e-11,0.0004500698788,5.654570131e-05,0.006053750094,8.423444958e-05,-0.006924167607,0.0004672616588,-0.0006446307981,0.01604782259,3.009584804e-10,-0.01027317547,-0.05513363994,0.01139569633,-2.167014969e-05,-8.733574606e-05,0.000525788023
2022-07-04,0.001531719547,-3.422535138e-05,2.126700038e-07,0.001184757213,1.040363728e-08,-0.0008179448891,-8.94183505e-08,0.005063754529,0.0004075590568,-0.0001450607146,-2.579177286e-05,0.0007534332999,-5.400982382e-05,-0.001501226734,-0.0001133785596,-0.004851621507,-0.001771283664,-0.0008188051812,-0.0004863086042,-0.01812445253,-0.01146165171,0.00557962682,-0.0009131748494,0.003107665504,4.149421519e-06,7.118305945e-12,-0.001669223528,0.03401333658,-0.0006857655246,-0.001603032993,1.971945801e-06,9.563795589e-11,0.0004523848059,5.269807183e-05,0.005959669702,8.391734017e-05,-0.006985440145,0.0005491328496,-0.0006503721137,0.01584290054,2.920820252e-10,-0.01017264247,-0.05477786778,0.01139082238,-2.166271071e-05,-8.623493461e-05,0.0005265025886
2022-07-05,0.001533121201,-3.318157656e-05,2.113885633e-07,0.001173461907,1.007895678e-08,-0.0008144102984,-8.798573337e-08,0.005039360961,0.0003784768195,-0.0001385803566,-2.459335146e-05,0.0007520160236,-5.205638838e-05,-0.001506198569,-0.0001160612225,-0.004820306276,-0.001770104357,-0.0008142883463,-0.0004840678996,-0.01794265415,-0.01161644689,0.005507904003,-0.0009058494176,0.003099204573,4.143815112e-06,6.917577622e-12,-0.001668600999,0.03398350184,-0.0006859198376,-0.001629320373,2.131210091e-06,9.289920222e-11,0.0004546294784,4.894645193e-05,0.005865951865,8.360054755e-05,-0.007045596952,0.0006310303512,-0.0006559354989,0.01563803004,2.833303592e-10,-0.01007270421,-0.05442190408,0.01138561507,-2.165414587e-05,-8.517794625e-05,0.0005271961196
2022-07-06,0.00153449823,-3.215200702e-05,2.101342922e-07,0.001162200599,9.758633901e-09,-0.0008108575782,-8.655156514e-08,0.005014879069,0.0003498343243,-0.0001321936098,-2.342401345e-05,0.000750486005,-5.014121005e-05,-0.001511083038,-0.000118690506,-0.004789178648,-0.001769108781,-0.0008097703031,-0.0004818387656,-0.01776184667,-0.01177130477,0.005436509955,-0.0008985710714,0.003090644127,4.138159177e-06,6.718736678e-12,-0.001667899134,0.03395287716,-0.0006861334755,-0.001655217929,1.058884202,9.019812675e-11,0.0004568047561,4.529037915e-05,0.00577259516,8.328404552e-05,-0.007104643525,0.0007129547231,-0.0006613239825,0.0154332122,2.746901595e-10,-0.009973367594,-0.05406576603,0.0113800758,-2.164445115e-05,-8.416262953e-05,0.0005278682543
2022-07-07,0.001535845921,-3.113652562e-05,2.089064739e-07,0.001150972685,9.442637339e-09,-0.0008073836251,-8.511580607e-08,0.004990309861,0.000321627263,-0.0001258995334,-2.228369659e-05,0.0007488470554,-4.826379381e-05,-0.001515879407,-0.0001212669742,-0.004758238645,-0.001768284517,-0.0008052510825,-0.0004796220524,-0.01758204489,-0.01192622494,0.005365447234,-0.0008913394539,0.003081985443,4.132450788e-06,6.522671292e-12,-0.001667118219,0.03392147059,-0.000686405128,-0.001680725811,2.444187464e-06,8.753441028e-11,0.0004589114943,4.172937252e-05,0.005679598223,8.296780911e-05,-0.007162585573,0.0007949064543,-0.00066654068,0.01522844808,2.66175415e-10,-0.009874637563,-0.05370946989,0.01137420591,-2.163362397e-05,-8.318688423e-05,0.0005285186264
2022-07-08,0.001537159319,-3.013501452e-05,2.077044274e-07,0.001139777587,9.130925127e-09,-0.0008038941138,-8.367842508e-08,0.004965654381,0.0002938513157,-0.0001196971973,-2.117232205e-05,0.0007471029283,-4.642364138e-05,-1.352002767,-0.0001237911901,-0.004727486228,-0.001767619406,-0.0008007307157,1.690687242,-0.0174032618,-0.012081207,0.005294717689,-0.0008841542037,0.003073229785,4.126687132e-06,6.328049196e-12,-0.001666258397,0.01932197649,-0.00068673264,-0.001705844153,2.59789668e-06,8.490765036e-11,0.000460950542,3.826293215e-05,0.005586959747,8.26518145e-05,-0.00721942906,0.0008768859699,-0.0006715887835,0.01502373868,2.577735803e-10,-0.009776517423,-0.05335303095,0.01136800671,-2.162166301e-05,-8.224866051e-05,0.0005291468642
2022-07-09,0.001538433227,-2.914735514e-05,2.065274782e-07,0.001128614744,8.823464404e-09,-0.0008003891874,-8.223938774e-08,0.00494091371,0.0002665021547,-0.000113585682,-2.008977796e-05,0.0007452573207,-4.462025181e-05,-0.001525204969,-0.0001262637154,-0.004696921294,-0.001767101541,-0.0007962092341,-0.01643824823,-0.004884862171,-0.01223625052,0.005224322951,-0.0008770149553,0.003064378405,4.120865506e-06,6.138312081e-12,-0.001665319684,0.03385634349,-0.0006871130223,-0.001730573081,2.749750894e-06,8.231731963e-11,0.0004629227424,3.489053865e-05,0.005494678478,8.233603897e-05,-0.007275180091,0.000958893637,-0.0006764715534,0.01481908494,2.494880968e-10,-0.009679009207,-0.05299646359,0.01136147944,-2.160856805e-05,-8.134595809e-05,0.0005297525907
2022-07-10,0.001539662189,-2.817342837e-05,2.053749668e-07,0.00111748362,8.520222972e-09,-0.0007968689296,-8.079866221e-08,0.004916088961,0.0002395754489,-0.0001075640782,-1.903590836e-05,0.0007433138745,-4.285312212e-05,-0.001529732764,-0.0001286851101,-0.00466654368,-0.00176671926,-0.0007916866689,1.707560954,-0.01704879974,-0.01239135509,0.005154265957,-0.0008699213394,0.003055432545,4.114983321e-06,5.950906434e-12,-0.001664301982,0.03071754014,-0.0006875424625,-0.001754912712,2.89974847e-06,7.976343197e-11,0.000464828932,3.161165273e-05,0.005402753213,8.202046088e-05,-0.007329844873,0.00104092977,-0.0006811923093,0.01461448772,2.41315079e-10,-0.009582114005,-0.05263978129,0.01135462524,-2.159433983e-05,-8.047682539e-05,0.000530335423
2022-07-11,0.001540840517,-2.721311455e-05,2.042462506e-07,0.001106383697,8.221161973e-09,-0.0007933333884,-7.935621538e-08,0.004891181286,0.0002130668672,-0.0001016314865,-1.80105064e-05,0.0007412761773,-4.112174784e-05,-0.001534169665,-0.0001310559324,-0.004636353158,-0.001766461135,-0.000787163051,1.686991595,-0.016873144,-0.01254652027,0.00508455006,-0.0008628729829,0.003046393439,4.109038083e-06,5.7650551e-12,-0.001663205091,0.03378818277,-0.000688016337,-1.444903769,3.047887381e-06,7.724565432e-11,0.00046666994,2.84257147e-05,0.0053111828,8.17050596e-05,-2.715743777,0.001122994634,-0.0006857544224,0.01440994782,2.33260633e-10,-0.009485832269,-0.05228299663,0.0113474452,-2.15789799e-05,-7.963935869e-05,0.0005308949748
2022-07-12,0.001541962303,-2.626629368e-05,2.031406989e-07,0.001095314478,7.926251877e-09,-0.0007897825939,-7.791201639e-08,0.004866191873,0.000186972082,-9.578701742e-05,-1.701331096e-05,0.0007391477634,-3.942562346e-05,-0.001538515023,-0.0001333767377,-0.004606349434,-0.001766315967,-0.0007826384114,-0.0004687428082,-0.01669855185,-0.01270174565,0.005015180085,-0.000855869509,0.00303726231,4.103027401e-06,5.581868301e-12,-0.00166202872,0.03375298343,-0.0006885292233,-0.001802424551,3.194165042e-06,7.476326502e-11,0.0004684465883,2.533214406e-05,0.005219966134,8.138981545e-05,-0.007435941015,0.001205088451,-0.0006901613074,0.01420546599,2.253182085e-10,-0.009390164116,-0.05192612134,0.01133994029,-2.156249051e-05,-7.88317012e-05,0.0005314308555
2022-07-13,0.00154302143,-2.533284536e-05,2.020576881e-07,0.001084275485,7.635450716e-09,-0.000786216572,1.82246278,0.004841121944,0.0001612867724,-9.002979082e-05,-1.604400584e-05,0.04857510643,-0.7672152516,-0.001542768208,-0.0001356480789,-0.004576532152,-0.001766272781,-0.0007781127803,1.683560926,-0.0165250317,-0.01285703077,0.004946160783,-0.0008489105378,0.003028040375,4.096948973e-06,5.402345238e-12,-0.001660772495,0.03371704756,-0.0006890749161,-0.001825596995,3.338578209e-06,7.231663879e-11,0.000470159691,2.233033904e-05,0.005129102153,8.107470973e-05,-0.007487385322,0.001287211404,-0.000694416416,0.01400104288,2.174842528e-10,-0.009295109599,-0.05156916629,0.01133211137,-2.15448745e-05,-7.805204224e-05,0.0005319426718
2022-07-14,0.001544011572,-2.441264901e-05,2.009966267e-07,0.00107326626,7.348725628e-09,-0.0007826353545,-7.501824784e-08,0.004815972761,0.000136006627,-8.435893596e-05,-1.510222099e-05,0.0007346326657,-3.613710126e-05,-0.001546928613,-0.0001378705061,-0.004546900887,-0.00176632082,-0.000773586188,1.684939771,-0.01635259072,-0.01301237521,0.004877496424,-0.000841995686,0.003018728841,4.090800586e-06,-1.202895181,-0.001659435965,0.03368038174,-0.0006896464453,-0.001848380581,3.481122925e-06,6.990481805e-11,0.000471810054,1.941967623e-05,0.00503858984,8.075972459e-05,-0.007537769265,0.001369363636,-0.0006985232295,0.01379667911,2.09764317e-10,-0.009200668918,-0.05121214155,0.01132395917,-2.152613526e-05,-7.729861632e-05,0.0005324300269
2022-07-15,0.001544926208,-2.350558383e-05,1.999569146e-07,0.001062286361,7.066039087e-09,-0.0007790389872,-7.356862386e-08,0.004790745617,0.0001111273471,-7.877359116e-05,-1.418753522e-05,0.0007322528001,-3.454369664e-05,-0.001550995651,-0.0001400445659,-0.004517455155,-0.001766449539,-0.0007690586637,-0.0004623779176,-0.01618123495,-0.01316777852,0.004809190838,-0.0008351245675,0.003009328911,4.084580116e-06,5.050293517e-12,-0.001658018614,0.04004313488,-0.0006902360977,-0.001870775393,3.62179449e-06,6.752756687e-11,0.0004733984747,1.659951012e-05,0.004948428221,8.044484303e-05,-0.00758709955,0.001451545259,-0.0007024852527,0.0135923752,2.021537382e-10,-0.00910684233,-0.0508550564,0.01131548429,-2.150627658e-05,-7.656970228e-05,0.000532892521
2022-07-16,0.001545758631,-2.261152895e-05,1.989379665e-07,0.001051335369,6.787359563e-09,-0.0007754275344,-7.211713526e-08,0.004765441845,8.66446491e-05,-7.327290365e-05,-1.329947994e-05,0.0007297958561,-3.298352896e-05,-0.001554968758,-0.0001421708015,-0.004488194402,-0.001766648599,-0.0007645302366,-0.0004602825947,-0.01601096932,-0.01332324024,0.004741247412,-0.0008282967936,0.00299984178,4.078285512e-06,4.877098725e-12,-0.00165651986,0.03360488483,-0.0006908354407,-0.001892781532,3.76058747e-06,6.518491302e-11,0.0004749257421,1.38691727e-05,0.004858616361,8.013004891e-05,-0.007635382956,0.00153375635,-0.0007063060081,0.01338813164,1.946515171e-10,-0.009013629956,-0.05049791938,0.01130668717,-2.148530288e-05,-7.58636224e-05,0.0005333297518
2022-07-17,0.9503454538,-2.17303635e-05,1.979392212e-07,0.001040412878,6.512647754e-09,-0.0007718010824,-7.06637574e-08,0.004740062813,6.25542669e-05,-6.785602938e-05,-1.243754361e-05,0.000727265122,-3.145609901e-05,-0.001558847388,-0.0001442497526,-0.004459118016,-0.001766907861,-0.0007600009349,1.690187884,-0.01584179801,-0.02090310145,0.004673669097,-0.0008215119728,0.002990268638,4.071914807e-06,4.707900736e-12,-0.001654939067,0.03356606528,-0.000691435348,-0.001914399114,3.897495741e-06,6.287596832e-11,0.0004763926363,1.12279731e-05,0.00477659689,7.981532682e-05,-0.007682626326,0.00161599696,-0.0007099890301,0.01318394882,1.872559885e-10,-0.008921031763,-0.05014073829,0.01129756808,-2.146321985e-05,-7.51787415e-05,0.0005337413151
2022-07-18,0.001547149132,0.1193013616,1.969601147e-07,0.001029518501,6.241870132e-09,-0.0007681597409,-6.920847095e-08,0.004714609923,3.885195427e-05,-6.252213285e-05,-1.160117663e-05,0.0007246638381,-2.996090878e-05,-0.001562631018,-0.0001462819549,-0.004430225319,-0.001767217364,-0.0007554707864,-0.0004561305651,-0.01567372506,-0.01363433713,0.004606458409,-0.0008147697117,0.002980610669,4.065466093e-06,4.539146836e-12,-0.001653275546,0.03352653872,-0.0006920260263,-0.001935628281,4.032512537e-06,6.060095481e-11,0.0004777999284,8.675197155e-06,0.004695018835,7.950066215e-05,-0.007728836562,0.001698267111,-0.0007135378596,0.01297982709,1.799709271e-10,-0.008829047595,-0.04978352026,0.0112881271,-2.144003353e-05,-7.451346607e-05,0.0005341268051
2022-07-19,0.001547692977,-2.000621774e-05,1.960000993e-07,0.001018651868,5.974988504e-09,-0.0007645036439,-6.775124772e-08,0.004689084612,1.553348695e-05,-5.727038692e-05,-1.078979644e-05,0.0007219951969,-2.849746186e-05,-0.001566319143,-0.0001482679401,-0.004401515577,-0.001011776758,-0.0007509398182,-0.0004540735671,-0.01550675366,-0.002210589075,0.004539617438,-0.0008080696144,0.002970869054,4.058937547e-06,4.375277918e-12,-0.001651528559,0.03348630934,-0.0006925970435,-0.001956469203,0.236449218,5.835920636e-11,0.0004791483801,6.210107126e-06,0.004613868239,7.918604095e-05,-0.007774020629,0.001780566801,-0.0007169560397,0.01277576672,1.727880061e-10,-0.008737677154,-0.04942627175,0.01127836411,-2.141575005e-05,-7.386624337e-05,0.0005344858148
2022-07-20,0.001548126168,-1.91629972e-05,1.950586386e-07,0.001007812626,5.711966233e-09,-0.0007608329494,-6.629206728e-08,0.004663488355,-7.40533534e-06,-5.20999727e-05,-1.00027926e-05,0.0007192623442,-2.706526365e-05,-0.001569911281,-0.0001502082358,-0.004372987994,-0.001767948203,-0.0007464080565,-0.0004520290501,-0.01534088603,-0.01394566219,0.4374415123,-0.0008014112837,0.002961044969,4.052327397e-06,4.210409799e-12,-0.001649697325,0.03344538033,-0.0006931373579,-0.00197692209,4.296841857e-06,5.615051479e-11,0.000480438744,3.831941299e-06,0.004533126701,7.887145001e-05,-0.007818185573,0.001862896002,-0.0007202471104,0.01257176794,1.657138871e-10,-0.00864692002,-0.04906899863,0.01126827876,-2.139037554e-05,-7.323556055e-05,0.000534817936
2022-07-21,0.001548441261,-1.833218571e-05,1.941351986e-07,0.0009970004356,5.452770235e-09,-0.000757147838,-6.483091208e-08,0.004637822656,-2.996868711e-05,-4.701007937e-05,-9.239531853e-06,0.000716468379,-2.566382165e-05,-0.001573406967,-0.0001521033651,-0.00434464172,-0.00176835057,-0.0007418755271,-0.0004499968622,-0.01517612342,-0.01410140915,0.004407054176,-0.0007947943202,0.002951139586,4.045633937e-06,4.051092795e-12,-0.001647781019,0.03340375413,-0.0006936353491,-0.001996987188,4.426138261e-06,5.397463032e-11,0.0004816717635,1.539913585e-06,0.004452772956,7.855687674e-05,-0.007861338486,0.001945254665,-0.0007234146048,0.01236783091,1.587401322e-10,-0.008556775719,-0.04871170616,0.01125787048,-2.136391617e-05,-7.26199438e-05,0.0005351227605
2022-07-22,0.001548630709,-1.751366426e-05,1.932292619e-07,0.0009862149739,5.197366093e-09,-0.0007534485116,-6.336775671e-08,0.00461208905,-5.216071533e-05,-4.199990403e-05,-8.499362936e-06,0.0007136163547,-2.42926457e-05,-0.001576805755,-0.000153953847,-0.004316475851,-0.001768765233,-0.000737342255,-0.000447976849,-0.01501246625,-0.01425721176,0.004341338632,-0.0007882183234,0.002941154073,4.038855519e-06,3.891220679e-12,-0.267171861,0.03336143248,-0.0006940788514,-0.002016664785,4.5535111e-06,5.183092844e-11,0.0004828481722,-6.66787257e-07,0.004372784136,7.824230919e-05,-0.007903486494,0.002027642721,-0.0007264620453,0.01216395575,1.51869739e-10,-0.008467243657,-0.04835439908,0.01124713843,-2.133637808e-05,-7.201795742e-05,0.0005353998793
2022-07-23,0.001548686878,-1.670731418e-05,1.92340321e-07,0.0009754559325,4.945710952e-09,-0.0007497351917,-6.190258572e-08,0.004586289074,-7.398553787e-05,-3.706865164e-05,-7.781621196e-06,0.0007107092786,-2.295124816e-05,-0.00158010722,-0.0001557601955,-0.004288489431,-0.001769183171,-0.0007328082643,1.687774125,-0.0148499141,-0.01441306957,0.004276004734,-0.0007816828915,0.002931089595,4.031990548e-06,3.736122522e-12,-0.07884369209,0.03331841606,-0.0006944551877,-0.002035955215,4.678951459e-06,4.971958262e-11,0.0004839686941,-2.788998503e-06,0.004293136745,7.792773601e-05,0.002368078253,0.00211006008,-0.0007293929397,0.0119601425,1.451037068e-10,-0.008378323103,-0.0479970816,0.01123608151,-2.130776738e-05,-7.1428203e-05,0.0005356488842
2022-07-24,0.001548602067,-1.59130172e-05,1.914678698e-07,0.0009647230167,4.6977775e-09,-0.0007460081175,-6.043538237e-08,0.004560424289,-9.544724203e-05,-3.221553481e-05,-7.085632839e-06,0.0007077501134,-2.163914416e-05,-0.001583310954,-0.0001575229203,-0.004260681455,-0.001769595541,-0.0007282735785,-0.0004439727191,-0.01468846584,-0.01093968979,0.004211055278,-0.0007751876219,0.002920947315,4.025037478e-06,3.585243213e-12,-0.001766997244,0.03327470467,-0.0006947512038,-0.002054858858,4.802450209e-06,4.763976019e-11,0.000485034044,-4.82758369e-06,0.004213807405,7.761314643e-05,-0.008178023744,0.002192506635,-0.0007322107777,0.01175639118,1.384368176e-10,-0.0082900132,-0.04763975747,0.01122469835,-2.127809014e-05,-7.084931853e-05,0.000535869367
2022-07-25,0.001548368529,-1.513065549e-05,1.906114124e-07,0.0009540159455,4.453524438e-09,-0.0007422675434,-5.89661282e-08,0.004534496284,-0.0001165498831,-2.743977373e-05,-6.410718896e-06,0.0007047417765,-2.035585175e-05,-0.001586416567,0.476900346,-0.004233050872,-0.001769993681,-0.0007237382204,-0.000441988289,-0.01452811962,0.001047901791,0.004146492855,-0.0007687321109,0.002910728392,4.017994813e-06,3.431144258e-12,-0.001639247309,0.03323029714,-0.0006949533033,-0.002073376147,4.923998079e-06,4.559164157e-11,0.0004860449267,-6.783431611e-06,0.004134773401,7.729853023e-05,-0.008023972857,0.002274982258,-0.0007349190283,0.01155270177,1.318697374e-10,-0.008202312971,-0.04728243003,0.01121298725,-2.124735238e-05,-7.027997754e-05,0.0005360609204
2022-07-26,0.001547978495,-1.436011169e-05,1.897704651e-07,0.0009433344511,4.212927118e-09,-0.000738513737,0.2763513447,0.004508506674,-0.0001372975521,-2.274059609e-05,-5.756198817e-06,0.0007016871408,-1.910089208e-05,-0.001589423688,-0.0001609195134,-0.004205596589,-0.001770369099,-0.000719202212,1.669390799,-0.01436887298,-0.01488096944,0.00408232051,-0.0007623159544,0.002900433984,4.010861099e-06,3.284705841e-12,-0.001636892041,0.03318519086,-0.0006950474838,-0.002091507566,5.043585714e-06,4.357441491e-11,0.0004870020376,-8.657454143e-06,0.004056013074,7.69838777e-05,-0.008062173295,0.002357486807,-0.0007375211367,0.01134907419,1.254021331e-10,-0.008115221326,-0.0469251022,0.01120094623,-2.121556007e-05,-6.971888825e-05,0.0005362231387
2022-07-27,0.001547424194,-1.3601269e-05,1.889445485e-07,0.0009326782779,3.975933582e-09,-0.0007347469773,0.1478158734,0.004482457101,-0.0001576945621,-1.811723691e-05,-5.121393727e-06,0.0006985890351,-1.787378955e-05,-0.001592331962,-0.0001625543777,-0.00417831747,-0.01760263099,-0.0007146655748,1.66744138,-0.01421072286,-0.01503704331,-0.4246136392,-0.0007559387479,0.002890065247,4.003634926e-06,3.136824134e-12,-0.00163444606,0.03313938206,-0.0006950193743,-0.002109253653,5.161203741e-06,4.158797612e-11,0.0004879060623,-1.045058341e-05,0.01201453061,7.666917966e-05,-0.008099405102,0.002440020124,-0.0007400205219,0.01114550835,1.190332277e-10,-0.008028737066,-0.04656777653,0.01118857295,-2.118271909e-05,-6.916479272e-05,0.0005363556171
2022-07-28,0.001546697879,-1.28540112e-05,1.881331899e-07,0.0009220471829,3.742518295e-09,-0.0007309675523,-5.454592067e-08,0.004456349232,-0.0001777452107,-1.356893852e-05,-4.505629339e-06,0.000695450244,-1.667407197e-05,-0.001595141051,-0.0001641476103,-0.004151212343,-0.001771018649,-0.0007101283293,-0.0004361036693,-0.01405366565,-0.3124235355,0.003955163212,-0.0007496000866,0.002879623332,3.996314923e-06,2.992717185e-12,-0.001631908333,0.03309286586,-0.000694854273,-0.002125493346,5.276842815e-06,3.963223499e-11,0.0004887576768,-1.216376833e-05,0.003899233536,7.635442739e-05,-0.008135675606,0.002522582033,-0.0007424205742,0.01094200411,1.127592464e-10,-0.007942858894,-0.04621045527,0.01117586473,-2.114883576e-05,-6.861646599e-05,0.0005364579532
2022-07-29,0.001545791852,-1.211822266e-05,1.87335931e-07,0.0009114409343,3.512654168e-09,-0.0007271757571,-5.306832418e-08,0.004430184756,-0.0001974537097,-9.094950416e-06,-3.908238532e-06,0.0006922735083,-1.550127067e-05,-0.001597850636,-0.0001656996971,-0.004124280002,-0.001771276628,-0.0007055904954,1.667838075,-0.01389769727,-0.01534934914,0.003892186946,-0.0007432995659,0.002869109391,3.988899747e-06,2.850053527e-12,-0.0016292778,0.03304563622,-0.0006945371857,-0.002141290225,5.390493675e-06,-0.5506900214,0.0004895575477,-1.379797084e-05,0.003821178111,7.603961263e-05,-0.008170992106,0.002605172346,-0.0007447246533,0.01073856135,1.065831867e-10,-0.007857585415,-0.04585314033,0.01116281852,-2.111391822e-05,-6.807271526e-05,0.0005365297464
2022-07-30,0.001544698492,-1.139378844e-05,1.865523114e-07,0.0009008593121,3.286291461e-09,-0.0007233718923,-5.158861061e-08,0.004403965383,-0.0002168241875,-4.694529212e-06,-3.328563613e-06,0.0006890615252,-1.435492061e-05,-0.00160046041,-0.0001672111191,-0.004097519208,-0.001771479578,-0.0007010520925,-0.0004322362879,-0.01374281317,-0.01550558016,0.003829617819,-0.0007370367813,0.002858524574,3.981388102e-06,2.711719738e-12,-0.001626553379,0.03299768593,-0.0006940528648,-0.002156646094,5.502147187e-06,3.581063918e-11,0.0004903063318,-1.53541619e-05,0.003743324032,7.572472758e-05,-0.008205361894,0.002687790859,-0.000746935725,0.01053517991,1.005041605e-10,-0.007772915143,-0.04549583339,0.0111494309,-2.107797489e-05,-6.753237905e-05,0.0005365705989
2022-07-31,0.00154341028,-1.068059428e-05,1.857818823e-07,0.0008903021068,3.06340775e-09,-0.0007195562623,-5.010677251e-08,0.004377692846,-0.0002358606928,-3.669385531e-07,-2.765958275e-06,0.0006858169484,-1.323456051e-05,-0.001602970084,-0.000168682352,-0.004070928694,-0.00177161983,-0.0006965131391,-0.0004303188595,-0.01358900837,-0.01566186261,0.003767459814,-0.0007308113285,0.002847870027,3.97377871e-06,2.574496172e-12,-0.001623733962,0.03294900651,-0.0006933858475,-0.002171562838,5.611794386e-06,3.394441672e-11,0.0004910046764,-1.683331745e-05,0.003665657064,7.540976485e-05,-0.00823879222,0.002770437356,-0.0007490552858,0.01033185963,9.451373018e-11,-0.007688846507,-0.04513853585,0.01113569806,-2.1041014e-05,-6.699432638e-05,0.0005365801156
2022-08-01,0.001541919827,-9.978526651e-06,1.850242033e-07,0.0008797691194,2.843964175e-09,-0.0007157291734,-4.862279512e-08,0.00518069843,-0.0002545671965,3.888550961e-06,-2.219789286e-06,0.0006825423887,-1.213973295e-05,-0.001605379384,-0.0001701138665,-0.004044507167,-0.001771689878,-0.0006919736532,-0.05027537138,-0.01343627754,-0.01581819603,0.003705716783,-0.0007246228041,0.002837146898,3.96607033e-06,2.436939539e-12,0.0005178299881,0.03289958822,-0.0006925204946,-0.002186042478,5.71942651e-06,3.210726823e-11,0.0004916532196,-1.823641497e-05,0.003588164448,7.509471745e-05,-0.008271290291,0.002853111606,-0.0007510844635,0.01012860036,8.862033329e-11,-0.007605377853,-0.04478124891,0.01112161576,-2.100304353e-05,-6.645765076e-05,0.0005365579045
2022-08-02,0.001540219903,-9.287472784e-06,1.84278826e-07,0.0008692601612,2.627926765e-09,-0.0007118909328,-4.713667368e-08,0.004324995302,-0.0002729475952,8.072661834e-06,-1.689437908e-06,0.0006792404133,-1.106998441e-05,-0.001607688051,-0.0001715061283,-0.004018253312,-0.00177168237,-0.0006874336522,-0.02296633026,-0.01328461497,-0.01597457993,0.003644392447,-0.0007184708052,0.002826356331,3.958261742e-06,2.306932423e-12,-0.001617805607,0.03284942,-0.0006914410275,-0.002200087213,5.825035035e-06,3.029909657e-11,0.0004922525898,-1.956443132e-05,0.003510834826,7.477957877e-05,-0.003319648598,0.002935813367,-0.0007530243797,0.009925401953,8.281808572e-11,-0.007522507448,-0.04442397357,0.01110717935,-2.096407129e-05,-6.592224348e-05,0.0005365035774
2022-08-03,0.001538303466,-8.607320694e-06,1.835453374e-07,0.0008587750532,2.415264877e-09,-0.0007080418473,-4.564840117e-08,0.004298573845,-0.0002910057125,1.218610974e-05,-1.174301088e-06,0.000675913547,-1.002486542e-05,-0.00160989584,-0.0001728595976,-0.003992165791,-0.001771590116,-0.0006828931526,1.603705094,-0.01313401481,-0.01613101384,0.003583490407,-0.0007123549297,0.002815499468,3.950351752e-06,2.171929303e-12,-0.001614694361,0.03279848941,-0.0006901315666,-0.002213699446,5.928611705e-06,2.851956171e-11,0.0004928034063,-2.081834179e-05,0.003433658142,7.446434257e-05,-0.008333518363,0.003018542385,0.7421760472,0.009722264284,7.710820871e-11,-0.007440233487,-0.04406671062,0.01109238374,-2.09241049e-05,-6.538819063e-05,0.0005364167495
2022-08-04,0.00153616369,-7.937959227e-06,1.828233041e-07,0.0008483136257,2.2059361e-09,-0.000704182222,-4.41579685e-08,0.004272106319,-0.0003087453024,1.622960356e-05,-6.737924272e-07,0.0006725642717,-9.003930583e-06,-0.00161200252,-0.0001741747299,-0.00396624325,-0.001771406077,-0.0006783521706,-0.04286723149,-0.01298447102,-0.01628749727,0.003523014149,-0.000706274777,0.002804577452,3.942339188e-06,2.044253655e-12,-0.001611483504,0.03274678263,-0.0006885761696,-0.002226881794,6.030148554e-06,2.676826122e-11,0.0004933062791,-2.199912001e-05,0.003356625548,7.414900298e-05,-0.008363262591,0.003101298391,-0.0007566408718,0.009519187251,7.148459602e-11,-0.007358554092,-0.04370946071,0.0110772234,-2.088315176e-05,-6.485557566e-05,0.0005362970405
2022-08-05,0.001533793998,-7.279278071e-06,1.821123086e-07,0.000837875718,1.999920896e-09,-0.0007003123596,-4.26653699e-08,0.004245594528,-0.0003261700508,2.02038455e-05,-1.87342959e-07,0.0007403438251,-8.006738643e-06,-0.001614007873,-0.0001754519751,-0.00394048432,-0.001771123365,-0.0006738107218,-0.0004208887624,-0.0128359775,-0.01644402972,0.00346296705,-0.0007002299472,0.002793591421,3.934222897e-06,1.917466186e-12,-0.001494186957,0.03269428437,-0.0006867588675,-0.002239637086,6.129637934e-06,2.504518815e-11,0.0004937618091,-2.310773799e-05,0.003279729297,7.383355444e-05,-0.00839210302,0.003184081108,-0.0007583196406,0.00931617078,6.59569066e-11,-0.007277467319,-0.04335222437,0.01106169236,-2.08412191e-05,-6.432447954e-05,0.0005361440745
2022-08-06,0.001531188087,-6.631167777e-06,1.814119419e-07,0.0008274611783,1.797181071e-09,-0.0006964325593,-4.117060481e-08,0.004219040283,-0.0003432835774,2.410953104e-05,2.855982559e-07,0.0006658082093,-7.032852575e-06,-0.001615911693,-0.0001766917784,-0.003914887619,-0.001770735242,-0.0006692688211,-0.0004190332682,-0.01268852801,-0.01660061072,0.003403352379,-0.0006942200422,0.002782542514,3.926001743e-06,1.789457471e-12,-0.001604758158,0.0326409779,-0.0006846636996,-0.00225196836,6.227072527e-06,2.334949595e-11,0.0004941705881,-2.41451663e-05,0.003202962644,7.351799173e-05,-0.008420046591,0.003266890247,-0.0007599135311,0.009113214831,6.051414925e-11,-0.007196971159,-0.04299500199,0.01104578417,-2.079831401e-05,-6.379498069e-05,0.0005359574801
2022-08-07,0.001528339964,-5.993519784e-06,1.807217922e-07,0.0008170698633,1.597677768e-09,-0.0006925431162,-3.967366569e-08,0.0041924454,-0.0003600894384,2.794734907e-05,7.455636857e-07,0.0006624061739,-6.081839586e-06,-0.00161771379,-0.0001778945797,-0.003889451755,-0.001770235118,-0.0006647264829,-0.0004171876625,-0.0125421163,-0.01675723977,0.003344173306,-0.000688244665,0.002771431869,3.917674608e-06,1.668665206e-12,-0.001601241236,0.03258684503,-0.0006822747451,-0.002263878844,6.322445371e-06,2.168137891e-11,0.0004945331988,-2.511237442e-05,0.003126319749,7.320230991e-05,-0.008447100184,0.003349725507,-0.0007614236073,0.01822650919,5.515898849e-11,-0.007117063539,-0.04263779387,0.01102949193,-2.075444335e-05,-6.326715516e-05,0.0005357368914
2022-08-08,0.001525243973,-5.366226457e-06,1.800414675e-07,0.0008067016374,1.401393002e-09,-0.0006886443206,-3.817455274e-08,0.004165811699,-0.0003765911276,3.171798189e-05,1.193067028e-06,0.0006589912336,-5.153271222e-06,-0.001619413982,-0.0001790608138,-0.003864175327,-0.001769616546,-0.0006601837211,1.660348469,-0.01239673602,-0.01691391638,0.003285432901,-0.0006823034207,0.002760260619,3.909240391e-06,1.545985562e-12,-0.00159761984,0.03253186606,-0.0006795761522,-0.002275371946,6.415749869e-06,2.004048316e-11,0.0004948502155,-2.601033119e-05,0.003049795577,7.288650436e-05,-0.008473270597,0.003432586577,-0.0007628509192,0.0173512131,4.989053615e-11,-0.007037742331,-0.04228060028,0.01101280829,-2.070961549e-05,-6.274107659e-05,0.0005354819475
2022-08-09,0.001521894818,-4.74918108e-06,1.793705662e-07,0.0007963563733,1.208281031e-09,-0.0006847364575,-3.667326054e-08,0.004139140994,-0.0003927920786,3.542210525e-05,1.628603036e-06,0.0006555656593,-4.246723355e-06,-0.001621012102,-0.0001801909105,-0.003839056931,-0.001768873219,-0.0006556405491,-0.0004135256266,-0.01225238084,-0.01707064006,0.00322713414,-0.0006763959159,0.002749029899,3.900697996e-06,1.42730272e-12,-0.00159389272,0.03247601986,-0.0006765521665,-0.002286451227,6.506979804e-06,1.842629521e-11,0.0004951222032,-2.684000542e-05,0.002973385816,7.257057072e-05,-0.008498564548,0.003515473137,-0.0007641965024,0.008504710304,4.470757098e-11,-0.006959005348,-0.04192342141,0.01099572539,-2.066384498e-05,-6.22168163e-05,0.0005351922935
2022-08-10,0.001518287595,-4.142277891e-06,1.787087054e-07,0.0007860339507,1.018311879e-09,-0.0006808198064,-3.516978697e-08,0.004112435098,-0.0004086956697,3.906038841e-05,2.052647449e-06,0.0006521316809,-3.361776247e-06,-0.001622507991,0.8883286967,-0.003814095157,-0.001767998969,-0.0006510969798,1.542447762,-0.0121090445,-0.01722741033,0.003169279909,-0.0006705217593,0.00273774084,3.892046345e-06,1.30961908e-12,-0.2847599361,0.03241928376,-0.0006731871568,-0.002297120383,6.596129347e-06,1.68386971e-11,0.0004953497186,-2.760236666e-05,0.002897086794,7.225450491e-05,-0.008522988679,0.003598384859,-0.0007654613773,0.008301996824,3.961087014e-11,-0.006880850352,-0.04156625745,0.01097823496,-2.06171476e-05,-6.169444339e-05,0.7383113819
2022-08-11,0.001514417817,-3.545412091e-06,1.780554926e-07,0.0007757342568,8.314591238e-10,-0.0006768946404,-3.366413603e-08,0.001691320446,-0.0004243052137,4.263349416e-05,2.465657029e-06,0.0006486914869,-2.498014599e-06,-0.001623901504,-0.0001823443858,-0.003789288593,-0.001766987762,-0.0006465530255,-0.0220694312,-0.01207194554,-0.01738422667,0.003111873007,-0.0006646805615,0.002726394572,3.883284367e-06,1.193711796e-12,-0.001586116218,0.03236163363,-0.0006694656406,-0.002307383225,6.683193072e-06,1.527736965e-11,0.0004955333099,-2.829838606e-05,0.00282089541,7.19383031e-05,-0.008546549547,0.003681321404,-0.0007666465481,0.008099344259,3.459788012e-11,-0.006803275052,-0.04120910856,0.0109603282,-2.056953873e-05,-6.117402468e-05,0.0005345074653
2022-08-12,0.001510281438,-2.958479865e-06,1.774105594e-07,0.0007654571857,6.476934544e-10,-0.0006729612264,-3.215630473e-08,0.00405892495,-0.0004396238857,4.614207883e-05,2.86806967e-06,0.0006452472251,-1.655027512e-06,-0.001625192504,-0.0001833686008,-0.003764635829,-0.001765833697,-0.0006420086983,-0.0004081036954,-0.01182540416,-0.01754108858,0.003054916146,-0.0006588719355,0.002714992222,3.874411004e-06,1.080913137e-12,-0.001582064253,0.03230304383,-0.0006653723077,-0.002317243654,6.768165961e-06,1.374206304e-11,0.0004956735168,-2.892903753e-05,0.002744809067,7.162196168e-05,-0.008569253592,0.003764282421,-0.0007677530026,0.007896752823,2.966693557e-11,-0.00672627711,-0.04085197494,0.01094199589,-2.052103337e-05,-6.065562489e-05,0.0005341116129
2022-08-13,0.001505874883,-2.381378379e-06,1.76773518e-07,0.0007552026382,4.669804543e-10,-0.0006690198248,-3.06462955e-08,0.004032124277,-0.0004546548017,4.958679237e-05,3.260304591e-06,0.0006418010028,-8.324086136e-07,-0.001626380867,0.5679272898,-0.003740135456,-0.001764531002,-0.0006374640096,-0.05174793337,-0.01168508836,-0.01769799559,0.002998411959,-0.0006530954963,0.002703534916,3.865425198e-06,9.685585667e-13,-0.001577901398,0.03224348725,-0.0006608920436,-0.002326705641,6.851043406e-06,1.223241647e-11,0.0004957708708,-2.949529888e-05,0.00266882561,7.13054773e-05,-0.008591107072,0.003847267555,-0.0007687817112,0.007696812357,2.481803651e-11,-0.006649854143,-0.04049485683,0.01092322834,-2.047164616e-05,-6.013930659e-05,0.0005336796947
2022-08-14,0.001501195065,-1.814005823e-06,1.761440143e-07,0.0007449705214,2.892905915e-10,-0.0006650706891,-2.913411301e-08,0.00400529557,-0.0004694010418,5.296827836e-05,3.64276258e-06,0.0006383548869,-2.975599056e-08,-0.001627466481,-0.000185730102,-0.003715786069,-0.001763074142,-0.0006329189705,-0.0004045351045,-0.01154576784,-0.01785494718,0.002942362999,-0.0006473508615,0.002692023777,3.856325904e-06,8.608669333e-13,-0.001573626321,0.03218293538,-0.0006560099501,-0.002335773213,6.931821225e-06,1.074813155e-11,0.0004958258951,-2.999815279e-05,0.002592943269,7.098884682e-05,-0.008612116098,0.003930276436,-0.0007697336274,0.007496957724,2.005362543e-11,-0.006574003723,-0.04013775451,0.01090401543,-2.042139137e-05,-5.962513031e-05,0.0005332113892
2022-08-15,0.001496239412,-1.256261379e-06,1.755216759e-07,0.0007347607487,1.145907813e-10,-0.0006611140661,-2.761975437e-08,0.003978440577,-0.0004838656508,5.6287174e-05,4.015826304e-06,0.0006349109046,7.533277486e-07,-0.001628449239,-0.0001870422079,-0.003691586267,-0.001761458159,-0.0006283735917,-0.0004027642707,-0.01140743702,-0.02824040138,-0.003242915711,-0.0006416376513,0.002680459926,3.847112081e-06,7.529532553e-13,-0.001569237679,0.03212135832,-0.000650711367,-0.00234445043,7.010495656e-06,9.288951552e-12,0.0004958391049,-3.043858709e-05,0.002517160611,7.067206731e-05,-0.008632286606,0.00401330869,-0.0007706096863,0.007297186369,1.536748506e-11,-0.006498723384,-0.03978066834,0.01088434661,-2.03702829e-05,-5.911315454e-05,0.0005327063825
2022-08-16,0.00149100588,-7.080452751e-07,1.749061489e-07,0.0007245732393,-5.714761997e-11,-0.0006571501956,-2.610322591e-08,0.00395156103,-0.0004980516364,5.95441102e-05,4.379860656e-06,0.0006314710437,1.517235446e-06,-0.001629329047,0.5619332383,-0.003667534658,-0.001759678305,-0.0006238278834,-0.000401002261,-0.01127009049,-0.01816898215,0.00283164058,-0.0006359554882,0.002668844482,3.837782689e-06,6.445954881e-13,-0.001564734115,0.03205872483,-0.000644981892,-0.002352741371,7.087063368e-06,7.854716877e-12,0.0004958110076,-3.081759443e-05,0.002441476499,7.035513603e-05,-0.008651624452,0.004096363931,-0.0007714108054,0.007097494002,1.075972644e-11,-0.00642401062,-0.03942359875,0.01086421089,-2.031833434e-05,-5.860343582e-05,0.0005321643683
2022-08-17,0.001485492977,-1.69258751e-07,1.742970772e-07,0.0007144079182,-2.259521459e-10,-0.0006531793105,-2.458453241e-08,0.003924658635,-0.0005119619698,6.273971153e-05,4.735213141e-06,0.0006280372527,2.262355425e-06,-0.001630105816,-0.0001894899107,-0.003643629854,-0.001757729932,-0.0006192818556,1.489408445,-0.01113372298,-0.01832606455,0.002776971817,-0.0006303039975,0.002657178559,3.828336696e-06,5.404565684e-13,-0.001560114256,0.03199500244,-0.0006388074025,-0.002360650115,7.161521461e-06,6.44514303e-12,0.0004957421028,-3.113617184e-05,-0.002564937462,7.003805044e-05,-0.01390392625,0.00417944177,-0.0007721378834,0.006897875159,6.232903083e-12,-0.006349862892,-0.03906654625,0.0108435969,-2.026555895e-05,-5.809602876e-05,1.146125303
2022-08-18,0.001479699774,3.601958916e-07,1.736941166e-07,0.0007042647156,-3.918509961e-10,-0.0006492016366,-2.306367686e-08,0.003897735071,-0.0005255995847,6.587459632e-05,5.082214296e-06,0.0006246114418,2.989071424e-06,-0.001630779468,-0.0001906262737,-0.003619870481,-0.001755608484,-0.0006147355178,-0.0003975042766,-0.01099832938,-0.01848318959,0.002722767675,-0.0006246828075,0.002645463272,3.818773069e-06,4.396483178e-13,-0.001555376719,0.03193015742,-0.0006321740754,-0.002368180733,7.233867471e-06,5.059883068e-12,0.0004956328824,-3.139532044e-05,0.003178492009,6.972080816e-05,-0.01861416336,0.004262541807,-0.0007727918009,0.006698323647,1.784017378e-12,-0.006276277629,-0.03870951146,0.01082249291,-2.021196964e-05,-5.75909861e-05,0.0005309681323
2022-08-19,0.001473625918,8.804153251e-07,1.730969175e-07,0.0006941435673,-5.548730364e-10,-0.0006452173932,-2.154066669e-08,0.00387079199,-0.0005389673773,6.894937663e-05,5.421178135e-06,0.0006211954829,3.697762601e-06,-0.001631349929,-0.0001917046691,-0.003596255171,-0.001753309919,-0.0006101888791,-0.0003957680882,-0.01086390474,-0.01864035677,0.002669030312,-0.000619091549,0.002633699728,3.809090781e-06,3.379518887e-13,-0.001550520112,0.03186415496,-0.0006250684063,-0.00237533727,7.304099365e-06,3.698527595e-12,0.0004954838307,-3.159604509e-05,0.002215007769,6.940340703e-05,-0.008704699519,0.00434566364,-0.0007733734196,1.628946352,-2.589151116e-12,-0.00620325223,-0.0383524951,0.01080088684,-2.015757905e-05,-5.708835874e-05,0.0005303133394
2022-08-20,0.001467271645,1.391495164e-06,1.725051382e-07,0.0006840444137,-7.150504633e-10,-0.0006412267924,-2.001550581e-08,0.003843831011,-0.0005520682059,7.196465829e-05,5.752402613e-06,0.0006177912103,4.388803554e-06,-0.001631817137,-0.0001927253314,-0.003572782571,-0.001750831952,-0.0006056419483,-0.001073171417,-0.01073044429,-0.01879756563,0.002615761816,-0.0006135298559,0.002621889036,3.799288805e-06,2.369215935e-13,0.0002173090167,0.03179695919,-0.0006174772266,-0.002382123735,7.372215553e-06,2.361062734e-12,0.0004952954246,-3.1739354e-05,0.002139711172,6.908584499e-05,-0.008720763676,0.004428806861,-0.0007738835826,0.006299396197,-6.88327173e-12,-0.00613078407,-0.03799549799,0.01077876631,-2.010239949e-05,-5.658819577e-05,0.0005296203973
2022-08-21,0.001460637787,1.893529956e-06,1.719184508e-07,0.0006739672002,-8.724088119e-10,-0.0006372300398,-1.848820275e-08,0.003816853717,-0.000564904891,7.492104092e-05,6.07617011e-06,0.0006144004212,5.062564254e-06,-0.001632181035,-0.0001936885133,-0.003549451336,-0.001748172745,-0.0006010947341,-0.0003923208033,-0.01059794342,-0.0189548157,0.002562964214,-0.0006079973649,0.002610032297,3.789366113e-06,1.42774681e-13,-0.001540444054,0.0317285333,-0.0006093877185,-0.002388544094,7.438214882e-06,1.047190112e-12,0.0004950681339,-3.182625835e-05,0.002064510695,6.876812019e-05,-0.00873602299,0.004511971053,-0.000774323114,0.006100006968,-1.110433967e-11,-0.006058870501,-0.03763852107,0.01075611864,-2.004644299e-05,-5.609054457e-05,0.0005288890426
2022-08-22,0.001453725775,2.386613214e-06,1.71336525e-07,0.0006643811774,-1.026978946e-09,-0.0006332273341,-1.695876384e-08,0.003789861657,-0.0005774802149,7.781911794e-05,6.392747922e-06,0.00952695383,5.719410086e-06,-0.001632441571,-0.0001945945121,-0.003526260139,-0.00174533047,-0.0005965472445,-0.0003906095161,-0.01046639768,-0.01911210652,-0.01273949447,-0.0006024937148,0.002598130612,3.779321681e-06,4.729550085e-14,-0.00153522178,0.03165883966,-0.0006007874294,-0.002394602259,7.502096638e-06,-2.433678259e-13,0.0004948024211,-3.156999654e-05,0.001989406315,6.845023089e-05,-0.008750482546,0.004595155798,-0.0007746928194,0.005900658842,-1.525013449e-11,-0.005987508867,-0.03728156542,0.01073293094,-1.998972131e-05,-5.559545076e-05,0.0005281190213
2022-08-23,0.001446537645,2.870837374e-06,1.707590338e-07,0.0006548175625,-1.178784181e-09,-0.0006292188678,-1.542719719e-08,0.003762856338,-0.0005897969217,8.06594766e-05,6.702388768e-06,0.0006076662995,6.359701798e-06,-0.001632598702,-0.0001954436879,-0.003503207662,-0.001742303313,-0.0005919994874,-0.0003889063476,-0.01033580278,-0.01926943762,0.002458789492,-0.0005970185473,0.002586185077,3.769154483e-06,-4.662936703e-14,-0.001529874786,0.03158783986,-0.0005916642823,-0.002400302083,7.563860549e-06,-1.510895575e-12,0.0004944987416,-3.123627896e-05,0.001914398123,6.813217551e-05,-0.008764147323,0.004678360668,-0.0007749934856,0.005701345802,-1.932043414e-11,-0.005916696531,-0.03692463225,0.01070919008,-1.99322459e-05,-5.510295832e-05,0.0005273100884
2022-08-24,0.001439076037,3.346293807e-06,1.701856553e-07,0.0006452757075,-1.327854493e-09,-0.0006252048267,-1.389351456e-08,0.003735839228,-0.0006018577176,8.344269799e-05,7.005331293e-06,0.0006043261953,6.983795503e-06,-0.00163265239,-0.000196236474,-0.003480292607,-0.00173908947,-0.0005874514705,1.432163385,-0.01020615464,-0.01942680855,-0.0106071704,-0.0005915715077,0.002574196774,3.758863494e-06,-1.405542349e-13,-0.001524401642,0.03151549493,-0.0005820065854,-0.002405647355,7.623506782e-06,-2.755497219e-12,0.0004941575439,-3.08268777e-05,0.001839486299,6.781395259e-05,-0.008777022222,0.004761585233,-0.0007752258805,0.005502062243,-2.331912441e-11,-0.005846430837,-0.0365677229,0.01068488277,-1.987402798e-05,-5.461310961e-05,0.0005264620088
2022-08-25,0.001431344193,3.813072843e-06,1.696160714e-07,0.0006357547864,-1.474218969e-09,-0.0006211853906,-1.235771829e-08,0.003708811745,-0.0006136652707,8.616935707e-05,7.301800587e-06,0.000600783523,7.592042683e-06,-0.001632602607,-0.0001969733838,-0.003457513687,-0.001735687146,-0.0005829032011,1.62823533,-0.01007744929,-0.01958421886,0.002336681867,-0.0005861522449,0.002562166746,3.748447692e-06,-2.300382107e-13,-0.001518800912,0.03144176544,-0.0005718030385,-0.002410641794,7.681035947e-06,-3.977818075e-12,0.0004937792692,-3.03434337e-05,0.001764671107,6.749556081e-05,-0.01708414303,0.004844829053,0.3595311694,0.005302803009,-2.724354076e-11,-0.005776709067,-0.03621083886,0.01065999561,-1.981507849e-05,-5.412594536e-05,0.0005255745571
2022-08-26,0.001423345948,4.27126372e-06,1.690499694e-07,0.0006262538652,-1.617895595e-09,-0.000617160733,-1.081982381e-08,0.003681775238,-0.0006252222108,8.884002268e-05,7.592008691e-06,0.0005972881241,8.184790165e-06,-0.00163244934,-0.0001976550118,-0.003434869631,-0.001732094554,-0.0005783546861,-0.0003838447164,-0.009949682982,-0.01974166811,0.002277285533,-0.0005807604115,0.002550096024,3.737906049e-06,-3.184119635e-13,-0.001513071148,0.03136661165,-0.0005610427384,-0.002415289045,7.736449093e-06,-5.177552831e-12,0.0004933643519,-2.978751674e-05,0.00168995288,6.717699896e-05,0.00318491862,0.004928091681,-0.0007754888369,0.005103563411,-3.10992343e-11,-0.00570752849,-0.03585398178,0.01063451512,-1.975540812e-05,-5.364150477e-05,0.000524647518
2022-08-27,0.001415085726,4.720954642e-06,1.68487047e-07,0.0006167719565,-1.758921009e-09,-0.0006131310216,-9.279837454e-09,0.003654731003,-0.0006365311303,9.145525757e-05,7.876155115e-06,0.0005938385761,8.762380105e-06,-0.001632192583,-0.0001982820325,-0.003412359188,-0.001728310425,-0.0005738059325,-0.0003821731936,-0.009822852098,-0.01989915589,0.002218992887,-0.0005753956643,0.002537985634,3.72723754e-06,-4.072298054e-13,-0.001507210897,0.03128999371,-0.0005497151819,-0.002419592674,7.789747711e-06,-6.355360682e-12,0.0004929132201,-2.916067052e-05,0.001615332007,6.685826594e-05,-0.008810955031,-0.0001605509365,-0.0007755208438,0.004904339227,-3.488087597e-11,-0.005638886365,-0.03549715347,0.01060842779,-1.969502733e-05,-5.315982552e-05,0.0005236806862
2022-08-28,0.001406568523,5.162232734e-06,1.679269981e-07,0.0006073080614,-1.897317636e-09,-0.0006090964182,-7.737766317e-09,0.003627680285,-0.0006475945836,9.465927916e-05,8.154427345e-06,0.0005904335627,9.325149966e-06,-0.001631832332,0.3213597263,-0.00338998112,-0.001724335528,-0.0005692569467,-0.0003805093843,-0.009696953198,-0.02005668175,0.002161806282,-0.0005700576654,0.0025258366,3.716441139e-06,-4.920508445e-13,-0.001501218697,0.03121187183,-0.0005378102666,-0.00242355617,7.840933733e-06,-7.511095912e-12,0.0004924262957,-2.846444578e-05,0.001540808932,6.653936077e-05,-0.008802330322,0.005728778966,-0.000775487471,0.004705126688,-3.85916854e-11,-0.005570779886,-0.03514035591,0.01058172014,-1.963394633e-05,-5.268094378e-05,0.000522673867
2022-08-29,0.0013977999,5.595184072e-06,1.673695247e-07,-1.517812955,-2.033105906e-09,-0.000605057079,-6.211740233e-09,0.003600624271,-0.0006584150878,9.776766037e-05,8.427001346e-06,0.0005870718398,9.873432532e-06,-0.001631368588,-0.0001993753278,-0.003367734207,-0.001720171075,-0.0005647077351,-0.000378853214,0.02119129531,-0.02021424529,0.002105729132,-0.0005647460843,0.002513649938,3.705515821e-06,-5.764277944e-13,-0.001495093081,0.03113220644,-0.0005253182912,-0.00242718294,7.890009532e-06,-8.64519567e-12,0.0004919039943,0.0004673161085,0.001466384139,6.622028255e-05,-0.02326211418,-0.00241653322,-0.0007753893968,0.004505922465,-4.223588146e-11,-0.005503206188,-0.03478359123,0.01055437877,-1.95721751e-05,-5.22048943e-05,0.0005216269088
2022-08-30,0.001388785958,6.121834513e-06,1.66814327e-07,0.0005884304329,-2.166319124e-09,-0.0006010131547,-4.682728205e-09,0.003573564095,-0.0006689951226,0.0001007812481,8.694042067e-06,0.0005837522099,1.040755587e-05,-0.001630801363,-0.0001998433133,-0.003345617247,-0.001715818211,-0.0005601583036,-0.0003772046109,-0.009447938333,-0.0203718461,0.00205076493,-0.0005594249331,0.002501426664,3.69446056e-06,-6.59250432e-13,-0.001488832576,0.01776219225,-0.000512229953,-0.002430476312,7.936977922e-06,-9.757875064e-12,0.0004913467256,-2.687022774e-05,0.00139205815,6.590103049e-05,-0.008782901461,0.005261321195,-0.0007752272816,0.004306723636,-4.58098004e-11,-0.005436162426,-0.03442686175,0.01052639041,-1.950972339e-05,-5.173171038e-05,0.0005205398009
2022-08-31,0.001374358798,6.634228511e-06,1.665010674e-07,0.0005790148772,-2.326572046e-09,-0.0005969647908,-3.150739225e-09,0.003544818331,-0.0006833387412,0.0001037005788,8.955703935e-06,0.0005804735041,1.113872501e-05,-0.001630211785,-0.0002002600995,-0.003320586405,-0.001713403767,-0.0005556086583,-0.0003752416452,0.01241506357,-0.02052948377,0.001996916503,-0.0005541492091,0.002488410046,3.687154909e-06,-7.613909503e-13,-0.4860859878,0.03092637248,-0.0004985363467,-0.002433439532,7.981842156e-06,-1.112997888e-11,0.0004909366002,-2.597553552e-05,0.001317831517,6.559215064e-05,-0.008772111711,0.005344671033,-0.0007762251271,0.004107527666,-5.016020932e-11,-0.00536257788,-0.03407016997,0.01047874327,-1.945320374e-05,-5.117837878e-05,0.0005193832778
2022-09-01,0.001360022414,7.132497776e-06,1.661719908e-07,0.0005696137142,-2.482445582e-09,-0.0005929121274,-1.61577618e-09,0.003515997963,-0.0006972542806,0.0001065260061,9.212131336e-06,0.0005772345695,1.184189507e-05,-0.001629510218,-0.0002006266829,-0.003295821684,-0.001710595645,-0.0005510588046,1.605975934,-0.009174150308,-0.02068715791,0.001944185475,-0.0005489181089,0.002475396917,3.679465432e-06,-8.626432901e-13,-0.001475900982,0.03080011345,-0.0004842289612,-0.002436075766,8.024605927e-06,-1.246458492e-11,0.0004904664425,-2.501807975e-05,0.001243704818,6.528300163e-05,-0.008760616653,0.005428036932,-0.0007771128237,0.003908332367,-5.439637629e-11,-0.005289948582,-0.03371351854,0.01043069361,-1.939546099e-05,-5.063043401e-05,0.0005181887248
2022-09-02,0.001345778001,7.616722854e-06,1.65827307e-07,0.0005602261956,-2.633989249e-09,-0.0005888552998,-7.784117795e-11,0.003487105099,-0.000710744295,0.0001092578008,9.463459102e-06,0.0005740342609,1.251759172e-05,-0.001628697404,0.8323588588,-0.003271321422,-0.001707402835,-0.0005465087481,-0.0003713848022,-0.009039995786,-0.02084486814,0.001892571891,-0.0005437309159,0.002462387522,3.671393544e-06,-9.594547379e-13,-0.001469226926,0.03067220137,-0.0004692996792,-0.002438388097,8.065273368e-06,-1.376233155e-11,0.0004899372376,-2.39996514e-05,-0.006344548055,6.497356617e-05,-0.008748425988,0.005511418422,-0.0007778908242,0.003709135879,-5.851308327e-11,-0.005218269866,-0.03335691032,0.01038224995,-1.933651599e-05,-5.008800526e-05,0.0005169562908
2022-09-03,0.001331627007,8.086953381e-06,1.654671846e-07,0.0005508516443,-2.781214814e-09,-0.0005847944385,1.463070665e-09,0.003458142009,-0.0007238094449,0.0001118962258,9.709812977e-06,0.0005708714359,1.316623082e-05,-0.001627774208,-0.0002012134328,-0.003247085099,-0.001703833201,-0.000541958494,1.851013836,-0.008907662009,-0.03170178085,0.00184207398,-0.0005385869647,0.002449382133,3.662939349e-06,-1.047828491e-12,-0.001462412048,0.03054265633,-0.0004537407751,-0.00244037953,8.10384905e-06,-1.502358654e-11,0.0004893498153,-2.292209644e-05,0.001095753641,6.466382357e-05,-0.007157573443,0.00559481503,-0.0007785588943,0.003509936631,-6.251543727e-11,-0.005147540654,-0.03300034834,0.01033342063,-1.927638585e-05,-4.955125473e-05,0.000515686203
2022-09-04,0.001317571023,8.543223855e-06,1.650917805e-07,0.0005414894541,-2.924137377e-09,-0.0005807296693,3.006952798e-09,0.003429111111,-0.000736449245,0.0001144415924,9.951310082e-06,0.0005677449528,1.37881605e-05,-0.001626741577,-0.0002014357778,-0.003223112879,-0.001699893881,-0.0005374080473,-0.0003676191447,-0.008777151477,-0.02116039544,0.001792688024,-0.0005334856132,0.002436381039,3.654102189e-06,-1.140421091e-12,-0.001455454859,0.03041149881,-0.0004375449144,-0.002442052989,8.140337984e-06,-1.624825968e-11,0.0004887049096,-2.178731102e-05,0.001021930405,6.435375106e-05,-0.008721999082,0.001964111601,-0.000779116354,0.003310733317,-6.640066275e-11,-0.005077762025,-0.03264383579,0.01028421393,-1.921508533e-05,-4.902036176e-05,0.0005143787387
2022-09-05,0.001303611684,8.985565708e-06,1.64701222e-07,0.0005321390866,-3.062758269e-09,-0.0005766611134,4.553808219e-09,0.003400014951,-0.000748662649,0.0001168943003,1.018805936e-05,0.0005646536702,1.438369377e-05,-0.00162560049,-0.0002016122631,-0.00319940526,-0.001695591593,-0.0005328574129,-0.0003657703699,-0.008648469154,-0.008968991757,0.001744408314,-0.0005284262222,0.002423384526,3.644881083e-06,-1.2305712e-12,-0.00144835387,0.02883018542,-0.0004207051525,-0.002443411324,8.174745618e-06,-1.743671874e-11,0.0004880032051,-2.05972353e-05,0.0009482095881,6.404332501e-05,-0.00699517674,0.005761651691,-0.0007795622697,0.003111524868,-7.017264547e-11,-0.005008936082,-0.03228737608,0.01023463804,-1.915262792e-05,-4.84955105e-05,0.000513034203
2022-09-06,0.001289750601,9.414016262e-06,1.642956418e-07,0.0005228000677,-3.197088594e-09,-0.0005725888877,6.103625605e-09,0.003370856187,-0.0007604484983,0.0001192548643,1.042016205e-05,0.0005615964481,1.495313311e-05,-0.001624351936,-0.0002017440291,-0.003175962804,-0.001690932859,-0.0005283065955,-0.0003639442578,-0.008521620664,-0.02147606293,0.001697227174,-0.0005234081412,0.002410392874,3.635275061e-06,-1.316058373e-12,-0.001441107597,0.03014443197,-0.0004032149339,-0.002444457311,8.207077838e-06,-1.858899146e-11,0.0004872453714,-1.935384642e-05,0.00087459184,6.37325218e-05,-0.008692915805,0.005845090786,-0.0007798956048,0.002912310428,-7.38271666e-11,-0.004941065086,-0.03193097277,0.01018470109,-0.7249957918,-4.797688037e-05,0.0005116529119
2022-09-07,0.001275989298,9.828625201e-06,1.638751799e-07,0.0005134719832,-3.327137454e-09,-0.0005685131048,7.656396184e-09,0.003341637573,-0.0007718058581,0.0001215239307,1.064771206e-05,0.0005585721495,1.549678868e-05,-0.001622996881,-0.0002018322261,-0.003152785934,-0.001685924174,-0.0005237555996,-0.001720888739,-0.00839661093,-0.02163394849,-0.02708128273,-0.0005184306982,0.002397406346,3.625283407e-06,-1.401101457e-12,-0.001433714559,0.01616003893,-0.0003850680918,-0.002445193653,8.237340965e-06,-1.970532765e-11,0.0004864320884,-1.805915099e-05,0.0008010778207,6.342131851e-05,-0.00867740478,0.005928543083,-0.0007801153358,0.002713089328,-7.736644658e-11,-0.004874150795,-0.03157462961,0.01013441112,-1.902429483e-05,-4.746463902e-05,0.00051023518
2022-09-08,0.001262329178,1.022945897e-05,1.634399827e-07,0.0005041544738,-3.452914621e-09,-0.0005644338734,9.212105301e-09,0.003312361941,-0.0007827342604,0.0001237022851,1.087079645e-05,0.0005555796434,1.601499121e-05,-0.001621536254,-0.4163348388,-0.003129874784,-0.001680572117,-0.0005192044297,-0.0003603598384,-0.008273443165,-0.02179186822,0.001606120485,-0.0005134931939,0.002384425184,3.614905851e-06,-1.48081547e-12,-0.001426173279,0.02032414203,-0.0003662588507,-0.002445622982,8.26554176e-06,-2.07856371e-11,0.0004855640643,-1.671517748e-05,0.0007276681974,6.310969345e-05,-0.008661261495,0.006012008096,-0.0007802205391,0.002513861067,-8.079215075e-11,-0.004808193987,-0.03121835053,0.01008377615,-1.895844618e-05,-4.69589373e-05,0.0005087813107
