level,source,target,seasonal_index_corr,active_jaccard,sales_corr_春季,sales_ci_lower_春季,sales_ci_upper_春季,sales_p_春季,sales_corr_夏季,sales_ci_lower_夏季,sales_ci_upper_夏季,sales_p_夏季,sales_corr_秋季,sales_ci_lower_秋季,sales_ci_upper_秋季,sales_p_秋季,sales_corr_冬季,sales_ci_lower_冬季,sales_ci_upper_冬季,sales_p_冬季,sales_corr_全年,sales_ci_lower_全年,sales_ci_upper_全年,sales_p_全年,share_corr_春季,share_ci_lower_春季,share_ci_upper_春季,share_p_春季,share_corr_夏季,share_ci_lower_夏季,share_ci_upper_夏季,share_p_夏季,share_corr_秋季,share_ci_lower_秋季,share_ci_upper_秋季,share_p_秋季,share_corr_冬季,share_ci_lower_冬季,share_ci_upper_冬季,share_p_冬季,share_corr_全年,share_ci_lower_全年,share_ci_upper_全年,share_p_全年,sales_q_春季,share_q_春季,sales_q_夏季,share_q_夏季,sales_q_秋季,share_q_秋季,sales_q_冬季,share_q_冬季,sales_q_全年,share_q_全年,strength_label
within_水生根茎类,102900005116899,102900005118824,-0.7554659884,0.5018761726,0.02796501708,0.02796501708,0.02796501708,0.6436713819,0.02512857006,0.02512857006,0.02512857006,0.6776748074,0.1402072371,0.1402072371,0.1402072371,0.02048017014,0.06113053131,0.06113053131,0.06113053131,0.3169461978,0.06516603147,0.007059047782,0.1362486296,0.03106615248,-0.5438969315,-0.5438969315,-0.5438969315,1.190751234e-22,-0.7681491312,-0.7681491312,-0.7681491312,5.493136301e-55,0.05659684796,0.05659684796,0.05659684796,0.351548688,-0.06068954608,-0.06068954608,-0.06068954608,0.3204563991,-0.3288565976,-0.4601954109,-0.1740132701,4.985156163e-29,1,1.667051728e-21,1,1.538078164e-53,0.143361191,0.820280272,1,1,0.09365315422,1.395843726e-28,retained
within_水生根茎类,102900005116899,102900011001691,-0.4124365118,0.09829867675,-0.02810809978,-0.02810809978,-0.02810809978,0.6419748554,0.04448114869,0.04448114869,0.04448114869,0.4617386686,0,,,1,0,,,1,0.02425329174,-0.03863621712,0.09167522496,0.4226908001,-0.2525737861,-0.2525737861,-0.2525737861,2.175516622e-05,-0.1905683346,-0.1905683346,-0.1905683346,0.001468741186,0,,,1,0,,,1,-0.1730057765,-0.2791629858,-0.06063766271,8.319272622e-09,1,4.685728109e-05,0.8503595956,0.005140594149,1,1,1,1,0.5989400978,1.164698167e-08,retained
within_水生根茎类,102900005116899,102900011007969,-0.7121516473,0.08979206049,0.04014813912,0.04014813912,0.04014813912,0.5065419996,0.09056634338,0.09056634338,0.09056634338,0.1333921703,0.02050221136,0.02050221136,0.02050221136,0.7359410832,0,,,1,0.05914534771,-0.01669307623,0.1208183458,0.05038938453,-0.33370949,-0.33370949,-0.33370949,1.326919486e-08,-0.4567834434,-0.4567834434,-0.4567834434,1.240499115e-15,-0.02247347993,-0.02247347993,-0.02247347993,0.7116315659,0,,,1,-0.3148067025,-0.3959930987,-0.213853042,1.290770245e-26,1,4.128193956e-08,0.3734980769,8.683493803e-15,1,1,1,1,0.1175752306,3.011797238e-26,retained
within_水生根茎类,102900005116899,102900011009277,0.4569829012,0.1958568738,0,,,1,0,,,1,-0.0463141074,-0.0463141074,-0.0463141074,0.4459809353,0.1793793711,0.1793793711,0.1793793711,0.003097855629,0.06427467681,-0.006412477052,0.1465208629,0.03344755508,0,,,1,0,,,1,-0.0253114868,-0.0253114868,-0.0253114868,0.6771450069,-0.2337014473,-0.2337014473,-0.2337014473,0.0001061439151,-0.09521152158,-0.2141397732,0.03615337701,0.001609424255,1,1,1,1,0.7804666367,1,0.02891331921,0.0007430074056,0.09365315422,0.001877661631,retained
within_水生根茎类,102900005116899,102900011010891,-0.360301587,0.147556391,0.09258001055,0.09258001055,0.09258001055,0.1249383307,0.009669811051,0.009669811051,0.009669811051,0.8729428199,-0.1185598661,-0.1185598661,-0.1185598661,0.05036520395,0.04123885543,0.04123885543,0.04123885543,0.4998239337,0.01576843493,-0.07334936595,0.1014647844,0.6022091219,-0.6489066569,-0.6489066569,-0.6489066569,2.223854222e-34,-0.1300564259,-0.1300564259,-0.1300564259,0.03076988982,-0.1500114604,-0.1500114604,-0.1500114604,0.01309116319,-0.3461437935,-0.3461437935,-0.3461437935,5.128361649e-09,-0.3787966895,-0.4523235016,-0.2952681359,1.098792708e-38,0.388697029,6.226791823e-33,1,0.05743712767,0.2014608158,0.06109209486,1,4.786470873e-08,0.7664479733,3.418466204e-38,retained
within_水生根茎类,102900005116899,102900011021842,0.7563854603,0.3488372093,0.251750902,0.251750902,0.251750902,2.318558503e-05,0.04095883387,0.04095883387,0.04095883387,0.4979901743,0.2314932472,0.2314932472,0.2314932472,0.000113430368,0.2282838681,0.2282838681,0.2282838681,0.0001544728645,0.2078504011,0.1359515791,0.2695404688,3.755987098e-12,-0.3689520225,-0.3689520225,-0.3689520225,2.511654814e-10,0.08550112732,0.08550112732,0.08550112732,0.1565998857,-0.8509866553,-0.8509866553,-0.8509866553,9.113458881e-78,-0.7570828721,-0.7570828721,-0.7570828721,1.822576307e-51,-0.4406611802,-0.5505895752,-0.3436663982,3.127627347e-53,0.0006491963808,1.17210558e-09,0.8503595956,0.2740498,0.001058683434,2.551768487e-76,0.004325240205,5.10321366e-50,1.051676388e-10,2.189339143e-52,weak
within_水生根茎类,102900005116899,102900051000944,-0.5975130998,0.2393967955,-0.106754632,-0.106754632,-0.106754632,0.07663473465,0.1426399115,0.1426399115,0.1426399115,0.0177355169,0.04908306756,0.04908306756,0.04908306756,0.4192338181,0,,,1,0.02398642991,-0.0400220258,0.08565974078,0.4278143556,-0.3471134729,-0.3471134729,-0.3471134729,3.108279865e-09,-0.6342862057,-0.6342862057,-0.6342862057,1.796352694e-32,-0.004335511191,-0.004335511191,-0.004335511191,0.943154183,0,,,1,-0.3120081203,-0.4223935172,-0.1688132359,3.770091066e-26,0.2682215713,1.087897953e-08,0.1241486183,2.514893772e-31,0.7804666367,1,1,1,0.5989400978,8.120196143e-26,retained
within_水生根茎类,102900005118824,102900011001691,0.8073346587,0.1486725664,-0.01445374484,-0.01445374484,-0.01445374484,0.8110696482,0.07839460215,0.07839460215,0.07839460215,0.1941233633,0,,,1,0,,,1,0.02597873345,-0.0709702892,0.07974909673,0.3904399715,0.08111034719,0.08111034719,0.08111034719,0.1790759965,-0.1965877736,-0.1965877736,-0.1965877736,0.001026229044,0,,,1,0,,,1,0.2049934172,0.06913021043,0.2916426216,7.462807894e-12,1,0.2387679954,0.4941321975,0.004104916174,1,1,1,1,0.5989400978,1.099782216e-11,retained
within_水生根茎类,102900005118824,102900011007969,0.6250733971,0.1678832117,0.05744640357,0.05744640357,0.05744640357,0.341693012,0.1323264574,0.1323264574,0.1323264574,0.02794413472,-0.06682617465,-0.06682617465,-0.06682617465,0.2711954625,0,,,1,0.04843938357,-0.02086928402,0.1171716704,0.1091540884,0.1704319857,0.1704319857,0.1704319857,0.004520112449,0.1418040083,0.1418040083,0.1418040083,0.01842045212,0.1074752358,0.1074752358,0.1074752358,0.07626641282,0,,,1,0.3229281629,0.2332113608,0.4075445465,5.389396263e-28,0.7518802426,0.007031286031,0.1564871544,0.03684090424,0.6903157227,0.2372732843,1,1,0.2183081768,1.371846322e-27,retained
within_水生根茎类,102900005118824,102900011009277,-0.5648412911,0.00664893617,0,,,1,0,,,1,-0.1185630698,-0.1185630698,-0.1185630698,0.05035894147,0.004232422095,0.004232422095,0.004232422095,0.9448117637,-0.01395888883,-0.0520504518,0.02375424263,0.6445077171,0,,,1,0,,,1,-0.154760693,-0.154760693,-0.154760693,0.01044375099,0.04444788559,0.04444788559,0.04444788559,0.4670272906,-0.435355799,-0.5003433735,-0.357430228,7.334630866e-52,1,1,1,1,0.2014608158,0.05848500555,1,1,0.7846180903,4.107393285e-51,retained
within_水生根茎类,102900005118824,102900011010891,-0.1916976745,0.1346153846,0.1082988838,0.1082988838,0.1082988838,0.07244404471,-0.03923274801,-0.03923274801,-0.03923274801,0.5162897545,0.0689472124,0.0689472124,0.0689472124,0.2562415478,-0.107326596,-0.107326596,-0.107326596,0.07832945796,0.02800189018,-0.05170463078,0.09825647648,0.3545875066,0.263715473,0.263715473,0.263715473,8.990205274e-06,-0.01090759589,-0.01090759589,-0.01090759589,0.8568436226,-0.1394682441,-0.1394682441,-0.1394682441,0.02116113634,-0.07340229034,-0.07340229034,-0.07340229034,0.2293057319,0.06457847657,-0.07097815445,0.2055906208,0.0326189534,0.2682215713,2.288415888e-05,0.8503595956,1,0.6903157227,0.08464454534,0.4386449646,0.9172229275,0.5840264814,0.03653322781,retained
within_水生根茎类,102900005118824,102900011021842,-0.8032655312,0.1262019231,0.01760169839,0.01760169839,0.01760169839,0.7709619981,0.06408078546,0.06408078546,0.06408078546,0.2887585019,0.07151236104,0.07151236104,0.07151236104,0.2389302285,0.06194032065,0.06194032065,0.06194032065,0.3105659092,0.0395031046,-0.0209324263,0.1010774235,0.1914826645,-0.1856712509,-0.1856712509,-0.1856712509,0.001951069253,-0.1865779829,-0.1865779829,-0.1865779829,0.001852092306,-0.3402786971,-0.3402786971,-0.3402786971,7.945195538e-09,0.0456916561,0.0456916561,0.0456916561,0.4546424488,-0.3874000455,-0.5019635627,-0.2534890951,1.57613477e-40,1,0.003213525829,0.6219413886,0.005762064953,0.6903157227,7.415515836e-08,1,1,0.3350946628,5.516471695e-40,retained
within_水生根茎类,102900005118824,102900051000944,0.9157537083,0.4094903339,0.1200926175,0.1200926175,0.1200926175,0.04622935021,0.1199606099,0.1199606099,0.1199606099,0.04647141401,-0.01390392477,-0.01390392477,-0.01390392477,0.8191118168,0,,,1,0.06937752997,-0.01037521723,0.1437443921,0.02168151105,0.1992998765,0.1992998765,0.1992998765,0.0008701620833,0.1707559809,0.1707559809,0.1707559809,0.00444310138,0.1309486841,0.1309486841,0.1309486841,0.03053948788,0,,,1,0.5035819643,0.3971524611,0.5836775565,1.819500615e-71,0.2682215713,0.001624302555,0.2168665987,0.0113097126,1,0.1068882076,1,1,0.07588528869,2.547300861e-70,retained
within_水生根茎类,102900011001691,102900011007969,0.4735779201,0.3051948052,-0.03008152786,-0.03008152786,-0.03008152786,0.6187685383,0.09884622567,0.09884622567,0.09884622567,0.1012716962,0,,,1,0,,,1,0.08537147157,-0.03965995588,0.2392343722,0.004699445206,0.4109593263,0.4109593263,0.4109593263,1.134570875e-12,0.3767170242,0.3767170242,0.3767170242,9.799650069e-11,0,,,1,0,,,1,0.4143826805,0.215143944,0.5665492159,1.119609767e-46,1,7.941996127e-12,0.3150674994,4.573170032e-10,1,1,1,1,0.03289611644,5.224845579e-46,retained
within_水生根茎类,102900011001691,102900011009277,-0.3433029635,0,0,,,1,0,,,1,0,,,1,0,,,1,-0.007862931651,-0.03193897105,0.008070319948,0.7949429055,0,,,1,0,,,1,0,,,1,0,,,1,-0.158534545,-0.197436617,-0.116756626,1.339017786e-07,1,1,1,1,1,1,1,1,0.8243852354,1.785357048e-07,retained
within_水生根茎类,102900011001691,102900011010891,-0.3839293697,0.05490196078,-0.05657392396,-0.05657392396,-0.05657392396,0.3490872555,-0.01430707625,-0.01430707625,-0.01430707625,0.8129513059,0,,,1,0,,,1,-0.01862881489,-0.08470814564,0.05360466626,0.5380321663,0.2592815771,0.2592815771,0.2592815771,1.284091047e-05,0.02329998436,0.02329998436,0.02329998436,0.6999529663,0,,,1,0,,,1,-0.008059106148,-0.1224080512,0.1258299595,0.7899451215,0.7518802426,2.996212444e-05,1,1,1,1,1,1,0.7173762217,0.7899451215,retained
within_水生根茎类,102900011001691,102900011021842,-0.6850082277,0,-0.1109736827,-0.1109736827,-0.1109736827,0.06562798124,-0.1835686619,-0.1835686619,-0.1835686619,0.002199431862,0,,,1,0,,,1,-0.05613408375,-0.09843890577,-0.0168291509,0.06333057673,-0.1666037845,-0.1666037845,-0.1666037845,0.005525493719,-0.08345971283,-0.08345971283,-0.08345971283,0.1667699014,0,,,1,0,,,1,-0.2355012039,-0.2867730569,-0.1821798406,2.895644364e-15,0.2682215713,0.008142832849,0.02052803071,0.2746798375,1,1,1,1,0.1364043191,5.067377637e-15,retained
within_水生根茎类,102900011001691,102900051000944,0.9306324508,0.3646616541,0.1345620145,0.1345620145,0.1345620145,0.02538171653,0.106301584,0.106301584,0.106301584,0.07790081234,0,,,1,0,,,1,0.126729269,0.01775217488,0.2267980888,2.602192743e-05,0.3895457622,0.3895457622,0.3895457622,1.957829566e-11,0.3939136314,0.3939136314,0.3939136314,1.11333531e-11,0,,,1,0,,,1,0.5501588251,0.4595721039,0.6357070715,1.198341732e-87,0.236896021,1.096384557e-10,0.2726528432,6.234677735e-11,1,1,1,1,0.000364306984,3.355356849e-86,retained
within_水生根茎类,102900011007969,102900011009277,-0.2810519017,0,0,,,1,0,,,1,-0.03833581514,-0.03833581514,-0.03833581514,0.5282123974,0,,,1,-0.01044471345,-0.03840892685,0.01266578339,0.7299151368,0,,,1,0,,,1,-0.01242052182,-0.01242052182,-0.01242052182,0.838129275,0,,,1,-0.1509474119,-0.1959550996,-0.1034374366,5.220079383e-07,1,1,1,1,0.8682921314,1,1,1,0.8243754982,6.643737396e-07,retained
within_水生根茎类,102900011007969,102900011010891,0.1518747254,0.1206896552,0.1162798222,0.1162798222,0.1162798222,0.05366032571,0.2163782531,0.2163782531,0.2163782531,0.0002929833838,-0.12076018,-0.12076018,-0.12076018,0.04621423287,0,,,1,0.0755092365,-0.01606541999,0.1368217577,0.01244126333,0.248238043,0.248238043,0.248238043,3.035441128e-05,0.1816501136,0.1816501136,0.1816501136,0.002450851524,-0.01119320633,-0.01119320633,-0.01119320633,0.8539355603,0,,,1,0.1409345088,-0.01564556926,0.303765945,2.845162958e-06,0.2682215713,6.070882255e-05,0.004101767373,0.006862384266,0.2014608158,1,1,1,0.05805922886,3.463676645e-06,retained
within_水生根茎类,102900011007969,102900011021842,-0.5466734158,0,-0.08550138492,-0.08550138492,-0.08550138492,0.1565986326,-0.05745673184,-0.05745673184,-0.05745673184,0.3416060814,-0.05090934019,-0.05090934019,-0.05090934019,0.402118217,0,,,1,-0.04509612838,-0.09693755611,-0.004434550118,0.1358773494,-0.3117810531,-0.3117810531,-0.3117810531,1.232576987e-07,-0.05933827519,-0.05933827519,-0.05933827519,0.3260046845,-0.05053976044,-0.05053976044,-0.05053976044,0.4055478202,0,,,1,-0.2242306069,-0.2879638089,-0.1628153305,6.036529411e-14,0.4384761712,3.451215563e-07,0.6832121628,0.5071183981,0.7804666367,0.8734876127,1,1,0.2536377189,9.942519029e-14,retained
within_水生根茎类,102900011007969,102900051000944,0.6381840344,0.3014705882,0.01939582628,0.01939582628,0.01939582628,0.74836542,0.07344659095,0.07344659095,0.07344659095,0.2238736973,0.7994572954,0.7994572954,0.7994572954,6.339802116e-62,0,,,1,0.0869888869,-0.02308514751,0.2219155808,0.003967869769,0.5357226919,0.5357226919,0.5357226919,6.656844873e-22,0.5568686413,0.5568686413,0.5568686413,7.029959475e-24,-0.005208863363,-0.005208863363,-0.005208863363,0.9317285705,0,,,1,0.5002344754,0.3486077992,0.6162391086,2.132686281e-70,1,6.213055215e-21,0.5223719603,6.56129551e-23,1.775144593e-60,1,1,1,0.03289611644,1.990507195e-69,retained
within_水生根茎类,102900011009277,102900011010891,0.03334307367,0.1055718475,0,,,1,0,,,1,0.3985630429,0.3985630429,0.3985630429,7.882842404e-12,0.1146046501,0.1146046501,0.1146046501,0.06002492286,0.07142379823,-0.02896682724,0.161493206,0.01808909154,0,,,1,0,,,1,0.4751637774,0.4751637774,0.4751637774,8.790107737e-17,-0.172658746,-0.172658746,-0.172658746,0.004436829353,0.01377476558,-0.1054194932,0.1430834567,0.648879915,1,1,1,1,1.103597937e-10,1.230615083e-15,0.42017446,0.02484624437,0.07235636615,0.6729125044,retained
within_水生根茎类,102900011009277,102900011021842,0.6483336117,0.2469135802,0,,,1,0,,,1,-0.0574601966,-0.0574601966,-0.0574601966,0.3442385146,0.1951173277,0.1951173277,0.1951173277,0.001271855331,0.0609455888,-0.03012802874,0.1492797144,0.04376773627,0,,,1,0,,,1,-0.1707426136,-0.1707426136,-0.1707426136,0.004669525846,-0.09271897142,-0.09271897142,-0.09271897142,0.1285775461,0.2083689184,0.06592564618,0.3420560382,3.312396962e-12,1,1,1,1,0.7804666367,0.03268668092,0.01780597464,0.6000285483,0.1114087832,5.152617497e-12,retained
within_水生根茎类,102900011009277,102900051000944,-0.3495571983,0,0,,,1,0,,,1,-0.03559028603,-0.03559028603,-0.03559028603,0.5581877987,0,,,1,-0.006128240782,-0.02431733571,0.007188628975,0.8394800671,0,,,1,0,,,1,-0.01759752988,-0.01759752988,-0.01759752988,0.7722391789,0,,,1,-0.2675066463,-0.3223146693,-0.2033738806,2.126762253e-19,1,1,1,1,0.8682921314,1,1,1,0.8394800671,3.969956206e-19,retained
within_水生根茎类,102900011010891,102900011021842,0.02449069636,0.2516853933,-0.0723515689,-0.0723515689,-0.0723515689,0.2308741307,-0.1073056307,-0.1073056307,-0.1073056307,0.07511746639,0.02476804712,0.02476804712,0.02476804712,0.6836994925,0.06133779126,0.06133779126,0.06133779126,0.315305124,-0.009024031527,-0.08323161894,0.063835884,0.7654915341,0.1945225986,0.1945225986,0.1945225986,0.001161919289,-0.01955947394,-0.01955947394,-0.01955947394,0.7463146504,0.05856539879,0.05856539879,0.05856539879,0.3350224199,0.4072671533,0.4072671533,0.4072671533,3.276465432e-12,0.2769782784,0.1638282744,0.4050245926,9.793414824e-21,0.5876796055,0.002033358756,0.2726528432,1,1,0.820280272,1,4.587051605e-11,0.8243754982,1.958682965e-20,retained
within_水生根茎类,102900011010891,102900051000944,-0.3018244847,0.07106598985,0.005818800798,0.005818800798,0.005818800798,0.9233369001,0.02111232694,0.02111232694,0.02111232694,0.7269456161,-0.1121115941,-0.1121115941,-0.1121115941,0.0643534076,0,,,1,-0.009127298553,-0.06524362672,0.04130221537,0.7628877921,0.1208306616,0.1208306616,0.1208306616,0.04489536409,0.1457371108,0.1457371108,0.1457371108,0.01538744767,-0.01585865601,-0.01585865601,-0.01585865601,0.7942142705,0,,,1,-0.04394524302,-0.1448858751,0.07138580404,0.1461616495,1,0.06285350972,1,0.03314219499,0.2252369266,1,1,1,0.8243754982,0.1574048534,retained
within_水生根茎类,102900011021842,102900051000944,-0.704851186,0,-0.1570343906,-0.1570343906,-0.1570343906,0.008968725577,-0.2300888576,-0.2300888576,-0.2300888576,0.0001147632552,-0.0472633221,-0.0472633221,-0.0472633221,0.4367047249,0,,,1,-0.07675166558,-0.1274434177,-0.03574876997,0.01106560142,-0.3544400569,-0.3544400569,-0.3544400569,1.365175823e-09,-0.1573501152,-0.1573501152,-0.1573501152,0.008830062996,-0.07160528017,-0.07160528017,-0.07160528017,0.2383189356,0,,,1,-0.3973779802,-0.4663179355,-0.3278140137,9.769479923e-43,0.1255621581,5.460703294e-09,0.003213371144,0.02060348032,0.7804666367,0.6672930196,1,1,0.05805922886,3.907791969e-42,retained
within_花叶类,102900005115168,102900005115199,-0.05926752608,0.04115226337,-0.02959819795,-0.02959819795,-0.02959819795,0.6244185168,0,,,1,0.1067249991,0.1067249991,0.1067249991,0.07835252567,-0.08380008065,-0.08380008065,-0.08380008065,0.1697512618,-0.02158685987,-0.1084194041,0.07688538499,0.4754786384,-0.251231977,-0.251231977,-0.251231977,2.413291451e-05,0,,,1,-0.02259415172,-0.02259415172,-0.02259415172,0.7101525872,-0.05665715863,-0.05665715863,-0.05665715863,0.3537199186,-0.04242620322,-0.1153632371,0.0581413941,0.1606333752,0.8514797957,7.541535786e-05,1,1,0.1892105895,0.7691183255,0.3806802229,0.4801627855,0.6122042555,0.1951012654,retained
within_花叶类,102900005115168,102900005115748,0.0130260387,0.05434782609,0.1818273675,0.1818273675,0.1818273675,0.002426571611,0,,,1,0.2580585226,0.2580585226,0.2580585226,1.577241609e-05,-0.03113880584,-0.03113880584,-0.03113880584,0.6104631332,0.1267847298,-0.0007354327434,0.2759416368,2.580923533e-05,-0.02702253153,-0.02702253153,-0.02702253153,0.6548922501,0,,,1,-0.01709744645,-0.01709744645,-0.01709744645,0.7785412653,-0.104772573,-0.104772573,-0.104772573,0.08573570855,0.01394375729,-0.06489060286,0.1286532936,0.644866571,0.01516607257,0.7765520752,1,1,0.0001819894164,0.8243215237,0.8105802574,0.1530994796,0.000154855412,0.6836041389,retained
within_花叶类,102900005115168,102900005115762,0.04511860341,0.06966618287,-0.0702342463,-0.0702342463,-0.0702342463,0.2448457079,0.07057964291,0.07057964291,0.07057964291,0.2425271358,-0.1181053699,-0.1181053699,-0.1181053699,0.05126025477,-0.05589757717,-0.05589757717,-0.05589757717,0.3602204388,-0.02289266539,-0.09072487435,0.04561726797,0.4491875478,-0.200167722,-0.200167722,-0.200167722,0.00082504561,0.1086980658,0.1086980658,0.1086980658,0.07139167155,-0.07363721963,-0.07363721963,-0.07363721963,0.2252250381,-0.1719785928,-0.1719785928,-0.1719785928,0.004597931424,-0.05057662306,-0.155906723,0.07206247808,0.09437076878,0.5100952249,0.001980109464,0.7740227737,0.1895354112,0.1450761927,0.292094424,0.5943847054,0.01277203173,0.5858968014,0.1199628417,retained
within_花叶类,102900005115168,102900005115779,-0.4402765725,0.1081409478,-0.09260383438,-0.09260383438,-0.09260383438,0.1248408596,-0.01585348998,-0.01585348998,-0.01585348998,0.793167941,-0.07960338424,-0.07960338424,-0.07960338424,0.1897528488,-0.1292173832,-0.1292173832,-0.1292173832,0.03381147984,-0.07435023594,-0.1428890403,-0.004964895677,0.01385873387,-0.09518851716,-0.09518851716,-0.09518851716,0.1146120287,0.001268385992,0.001268385992,0.001268385992,0.9832644938,-0.03015391881,-0.03015391881,-0.03015391881,0.6198582464,0.2347403484,0.2347403484,0.2347403484,9.867466004e-05,-0.03528362633,-0.1062856808,0.04301727959,0.2433749442,0.3151458814,0.1781534126,1,1,0.3625850613,0.6964699398,0.1300441532,0.0004055123015,0.0364703523,0.2885868903,retained
within_花叶类,102900005115168,102900005115786,0.06683073377,0.07103064067,-0.01247202596,-0.01247202596,-0.01247202596,0.8365811758,0.04430135153,0.04430135153,0.04430135153,0.4635529155,0.1029754943,0.1029754943,0.1029754943,0.08948046775,-0.2065205352,-0.2065205352,-0.2065205352,0.000638713881,-0.01958338006,-0.09359738737,0.05732492006,0.5174045855,0.113561531,0.113561531,0.113561531,0.05954293219,0.1058509546,0.1058509546,0.1058509546,0.07917688178,-0.08620641023,-0.08620641023,-0.08620641023,0.1554698217,-0.1979290617,-0.1979290617,-0.1979290617,0.001076906492,-0.04169915516,-0.1632817782,0.08282384966,0.1679312949,1,0.0970808677,1,0.2047677977,0.2064933871,0.2220997453,0.005042478008,0.00347389191,0.6482029207,0.2023268613,retained
within_花叶类,102900005115168,102900005115793,-0.18957662,0.07407407407,-0.02187046246,-0.02187046246,-0.02187046246,0.7175510518,-0.02289184986,-0.02289184986,-0.02289184986,0.7049614615,0.002268943648,0.002268943648,0.002268943648,0.9702321446,0.153535601,0.153535601,0.153535601,0.01153241193,0.01922761651,-0.05344489432,0.1062689117,0.5250443658,0.1651553403,0.1651553403,0.1651553403,0.005955430685,0.09368461345,0.09368461345,0.09368461345,0.1204807494,-0.004311880873,-0.004311880873,-0.004311880873,0.9434634984,0.1989469447,0.1989469447,0.1989469447,0.001013394016,-0.02429383702,-0.1224230956,0.08824197395,0.4219155131,0.9278677394,0.01207181896,1,0.2987126018,0.9833433898,0.9562130052,0.05671677998,0.003304545704,0.6482029207,0.4722934848,retained
within_花叶类,102900005115168,102900005115823,-0.4799156306,0.1073752711,-0.1087581684,-0.1087581684,-0.1087581684,0.07123430647,-0.03146793942,-0.03146793942,-0.03146793942,0.6026865745,-0.0485124144,-0.0485124144,-0.0485124144,0.4246680305,-0.1470672436,-0.1470672436,-0.1470672436,0.0155840184,-0.09371215018,-0.1577308874,-0.02692114347,0.001907296731,-0.2523358834,-0.2523358834,-0.2523358834,2.215988837e-05,-0.0653765643,-0.0653765643,-0.0653765643,0.2790987805,-0.02357894028,-0.02357894028,-0.02357894028,0.6981238106,0.1300107554,0.1300107554,0.1300107554,0.03272387735,-0.002179509312,-0.06463049716,0.04775371872,0.9425705654,0.2144377808,6.997859486e-05,1,0.6111652128,0.6184485881,0.7615896116,0.07083644728,0.07012259433,0.006893843607,0.9488965423,retained
within_花叶类,102900005115168,102900005115854,0.1231677895,0.1037344398,0.1232233225,0.1232233225,0.1232233225,0.04079071384,0,,,1,0.3941763977,0.3941763977,0.3941763977,1.393372636e-11,-0.1785279083,-0.1785279083,-0.1785279083,0.003244330173,0.0681779578,-0.02727314628,0.1549866722,0.02406369173,0.07141260112,0.07141260112,0.07141260112,0.2369989657,0,,,1,0.3109389777,0.3109389777,0.3109389777,1.566563844e-07,-0.1537297112,-0.1537297112,-0.1537297112,0.01142673791,0.07586464713,-0.06144037605,0.2101767369,0.01203307195,0.1474363151,0.3246390312,1,1,5.97159701e-10,6.619283846e-07,0.01946598104,0.02764533366,0.05760248891,0.0171086331,retained
within_花叶类,102900005115168,102900005115878,0.05483294394,0.1,0.01256212898,0.01256212898,0.01256212898,0.8354173079,0,,,1,-0.02588928281,-0.02588928281,-0.02588928281,0.6702027245,0.09986064293,0.09986064293,0.09986064293,0.1015552466,0.01640192204,-0.07755082808,0.09682413892,0.5877020705,-0.1914976887,-0.1914976887,-0.1914976887,0.001390602441,0,,,1,-0.03235152012,-0.03235152012,-0.03235152012,0.5945725913,0.5041689213,0.5041689213,0.5041689213,8.180135502e-19,0.09726967671,-0.06113909143,0.2219103661,0.001269893074,1,0.00320037527,1,1,0.8206563974,0.6731010467,0.2759792419,1.6360271e-17,0.6996453221,0.002005094328,retained
within_花叶类,102900005115168,102900005115885,-0.1876382297,0.0358056266,-0.01158800598,-0.01158800598,-0.01158800598,0.848018621,0,,,1,0.07206465692,0.07206465692,0.07206465692,0.2353129377,0.007957257086,0.007957257086,0.007957257086,0.8964505104,0.0003778863926,-0.1064314369,0.09882496762,0.9900344612,-0.2226969496,-0.2226969496,-0.2226969496,0.0001915748387,0,,,1,0.132293458,0.132293458,0.132293458,0.02885723142,-0.2531427554,-0.2531427554,-0.2531427554,2.564828047e-05,-0.1081458334,-0.1782202955,-0.02018143094,0.0003369979142,1,0.0005086057665,1,1,0.4057119615,0.05246769349,0.9684926058,0.0001183766791,0.9962489852,0.0005810308866,retained
within_花叶类,102900005115168,102900005115908,-0.4397901036,0.1370629371,-0.1543891817,-0.1543891817,-0.1543891817,0.01020854122,-0.04230486239,-0.04230486239,-0.04230486239,0.4839617356,0.004246791082,0.004246791082,0.004246791082,0.9443155526,-0.1370650833,-0.1370650833,-0.1370650833,0.02429696195,-0.07969557657,-0.1452261732,-0.01386832265,0.00833045296,0.3437531809,0.3437531809,0.3437531809,4.501515091e-09,0.09031983967,0.09031983967,0.09031983967,0.134456595,0.08444473844,0.08444473844,0.08444473844,0.1641222444,0.3784788082,0.3784788082,0.3784788082,1.267631282e-10,0.1564735903,0.07702509775,0.218315613,1.950370842e-07,0.04640246008,2.756029648e-08,1,0.3306309712,0.9778035524,0.2290077829,0.09850119709,1.267631282e-09,0.02450133224,4.270885055e-07,retained
within_花叶类,102900005115168,102900005115946,0.002690626662,0.03976143141,-0.09453187951,-0.09453187951,-0.09453187951,0.1171463224,0.122058699,0.122058699,0.122058699,0.04274732967,0.03023145704,0.03023145704,0.03023145704,0.6189581961,-0.10822086,-0.10822086,-0.10822086,0.07586203655,-0.005673912702,-0.07158612002,0.0742110647,0.851236256,0.03257239376,0.03257239376,0.03257239376,0.5900108263,-0.1543206511,-0.1543206511,-0.1543206511,0.01024258532,-0.07745332937,-0.07745332937,-0.07745332937,0.2020317649,-0.0399140071,-0.0399140071,-0.0399140071,0.5137101734,-0.1160491939,-0.1979395626,-0.03027489967,0.0001187059385,0.3110079356,0.7166123396,0.256483978,0.03167809892,0.7861612491,0.2693756865,0.2298849592,0.6164522081,0.9309673284,0.0002119748902,retained
within_花叶类,102900005115168,102900005115960,0.2745397593,0.09193245779,0.1609161363,0.1609161363,0.1609161363,0.007391180132,0.04549179411,0.04549179411,0.04549179411,0.4516144454,0.003680678,0.003680678,0.003680678,0.951728791,-0.05444495358,-0.05444495358,-0.05444495358,0.3728581355,0.04803703176,-0.0580975428,0.1565708072,0.1121315975,0.3126550928,0.3126550928,0.3126550928,1.131607792e-07,0.1960510783,0.1960510783,0.1960510783,0.001060014246,0.1534286271,0.1534286271,0.1534286271,0.01113375005,-0.2975343846,-0.2975343846,-0.2975343846,6.373699708e-07,0.01409330986,-0.1095868366,0.1395891064,0.6413234756,0.03758227186,4.992387317e-07,1,0.003785765163,0.9778035524,0.02272193888,0.6079208732,4.156760679e-06,0.2027183029,0.6836041389,retained
within_花叶类,102900005115168,102900005115984,-0.2383972371,0.1105527638,0.01947712549,0.01947712549,0.01947712549,0.7473463872,0.03232806859,0.03232806859,0.03232806859,0.5928043917,0.006122145227,0.006122145227,0.006122145227,0.9197955628,-0.0636083233,-0.0636083233,-0.0636083233,0.2976912581,-0.02005260574,-0.09425981792,0.05797710082,0.5074168814,0.05602126446,0.05602126446,0.05602126446,0.3538229154,-0.000671051646,-0.000671051646,-0.000671051646,0.9911454566,0.1009134782,0.1009134782,0.1009134782,0.0961196387,0.07931783312,0.07931783312,0.07931783312,0.1938320066,0.02796225512,-0.03509883906,0.1008184184,0.355269311,0.9540592177,0.46352347,1,1,0.9777279313,0.1486386165,0.5284460203,0.2936848585,0.6422998498,0.4099261281,retained
within_花叶类,102900005115168,102900005116790,-0.3027074847,0.09362549801,-0.1167745848,-0.1167745848,-0.1167745848,0.05264333266,0.09415569429,0.09415569429,0.09415569429,0.1186178008,-0.007418950914,-0.007418950914,-0.007418950914,0.9028828539,-0.04000237596,-0.04000237596,-0.04000237596,0.5127777717,-0.02821555878,-0.1224855601,0.06009124602,0.3509261959,0.2100805256,0.2100805256,0.2100805256,0.0004421279058,0.1619337073,0.1619337073,0.1619337073,0.007020911499,0.1043798376,0.1043798376,0.1043798376,0.08517285805,-0.2538199084,-0.2538199084,-0.2538199084,2.43587971e-05,0.005571935524,-0.0973411053,0.1266825715,0.8538796573,0.1753108744,0.001114608166,0.480882976,0.02289427663,0.9673744863,0.1373755775,0.7397075952,0.0001141818614,0.4873974943,0.8713057728,retained
within_花叶类,102900005115168,102900005118817,0.4390160069,0.1122994652,0.1084051256,0.1084051256,0.1084051256,0.07216273102,0.01690779648,0.01690779648,0.01690779648,0.7797548034,-0.09191055706,-0.09191055706,-0.09191055706,0.1298099687,0.03416750176,0.03416750176,0.03416750176,0.5761700283,0.01704002329,-0.06392344239,0.1002459352,0.5732547162,-0.1131134191,-0.1131134191,-0.1131134191,0.06056197569,0.1870803349,0.1870803349,0.1870803349,0.001799252749,0.01691577497,0.01691577497,0.01691577497,0.7808343171,0.4185639391,0.4185639391,0.4185639391,7.070551574e-13,0.1698183865,0.05071881646,0.2878971888,1.566462625e-08,0.2144377808,0.09820860923,1,0.006204319822,0.2742464128,0.8243215237,0.7858257175,8.838189467e-12,0.6859786383,3.759510301e-08,retained
within_花叶类,102900005115168,102900005118831,0.4906929942,0.07776261937,0.04733316633,0.04733316633,0.04733316633,0.4334933054,0.02700066077,0.02700066077,0.02700066077,0.65515357,0.0281590676,0.0281590676,0.0281590676,0.6432058254,-0.09721347042,-0.09721347042,-0.09721347042,0.1109928816,-0.01013290906,-0.0897962023,0.07579645334,0.7376767331,0.08108198641,0.08108198641,0.08108198641,0.1792285473,0.01184680667,0.01184680667,0.01184680667,0.8446668505,0.04835975893,0.04835975893,0.04835975893,0.4261286471,-0.4945086306,-0.4945086306,-0.4945086306,4.665403493e-18,-0.08685209314,-0.1830275211,0.03278823575,0.004025486188,0.6991827506,0.2568877276,1,1,0.7940812659,0.5033015517,0.2859848079,8.74763155e-17,0.8328927028,0.006008188341,retained
within_花叶类,102900005115168,102900005119975,-0.1589508618,0.06869009585,-0.08691757597,-0.08691757597,-0.08691757597,0.1498231017,-0.1871453995,-0.1871453995,-0.1871453995,0.001792510711,0.1065528202,0.1065528202,0.1065528202,0.07883774562,0.09212957187,0.09212957187,0.09212957187,0.1310349962,-0.0373768966,-0.09418797458,0.02981420955,0.2165143217,0.1914137839,0.1914137839,0.1914137839,0.001397497201,-0.07532770467,-0.07532770467,-0.07532770467,0.2122027122,-0.09450965593,-0.09450965593,-0.09450965593,0.1192617801,-0.07537077031,-0.07537077031,-0.07537077031,0.2170245122,-0.06953538668,-0.167796801,0.05150972093,0.02138382358,0.3533457954,0.00320037527,0.03411907315,0.4896985666,0.1892105895,0.1762489361,0.3144839908,0.3197839135,0.3436735265,0.02969975498,retained
within_花叶类,102900005115168,102900005122654,0.09361617805,0.1172413793,0.09334807037,0.09334807037,0.09334807037,0.1218255425,0,,,1,0.1408525955,0.1408525955,0.1408525955,0.01990111412,-0.08794169308,-0.08794169308,-0.08794169308,0.1495511488,-0.001190540909,-0.08765050139,0.09325391696,0.9686105857,-0.08382150947,-0.08382150947,-0.08382150947,0.1649323703,0,,,1,0.06435550073,0.06435550073,0.06435550073,0.2893506898,0.2173635285,0.2173635285,0.2173635285,0.0003204373909,0.1417760542,-0.005117637556,0.281910586,2.477988993e-06,0.3150660581,0.2415938105,1,1,0.06784470722,0.366266696,0.3451180358,0.001172331918,0.9906197228,5.057120393e-06,retained
within_花叶类,102900005115168,102900011000571,0.09062768991,0.04273504274,-0.02974038549,-0.02974038549,-0.02974038549,0.6227540869,-0.03702021676,-0.03702021676,-0.03702021676,0.5402435424,-0.008399713718,-0.008399713718,-0.008399713718,0.8901205469,0.003428837223,0.003428837223,0.003428837223,0.9552778283,-0.03819083115,-0.1245841356,0.06454101081,0.2066675977,0.07125037484,0.07125037484,0.07125037484,0.2380686229,-0.04381968755,-0.04381968755,-0.04381968755,0.4684325635,-0.0471824505,-0.0471824505,-0.0471824505,0.4374907103,-0.1161875745,-0.1161875745,-0.1161875745,0.05655145033,-0.0296956193,-0.1008274049,0.05386155771,0.3262252447,0.8514797957,0.3246390312,1,0.9306607222,0.9660035808,0.5126844261,0.991383409,0.1087251321,0.3332629288,0.3778670788,retained
within_花叶类,102900005115168,102900011006948,0.2085982606,0.01089918256,0.04251854072,0.04251854072,0.04251854072,0.481754533,-0.2163417683,-0.2163417683,-0.2163417683,0.0002936926957,-0.2233235284,-0.2233235284,-0.2233235284,0.0001991673293,-0.07597535848,-0.07597535848,-0.07597535848,0.2133487454,-0.08038728093,-0.1543082501,0.01551500683,0.007782849593,-0.247004639,-0.247004639,-0.247004639,3.333482784e-05,-0.1300241246,-0.1300241246,-0.1300241246,0.03081179783,-0.04778488685,-0.04778488685,-0.04778488685,0.4316551441,-0.08634369996,-0.08634369996,-0.08634369996,0.1571174974,-0.1535914906,-0.2013751856,-0.09007690728,3.273327293e-07,0.7489546691,0.0001010146298,0.01317378952,0.08803370808,0.001614870237,0.5078295813,0.4295612324,0.2510645095,0.02311737503,7.01427277e-07,retained
within_花叶类,102900005115168,102900011008164,0.007346590009,0.125,0.07442410901,0.07442410901,0.07442410901,0.2177531449,-0.03930322882,-0.03930322882,-0.03930322882,0.5155358013,-0.0976884702,-0.0976884702,-0.0976884702,0.1072829444,-0.01277781959,-0.01277781959,-0.01277781959,0.8344518179,0.004337468717,-0.08155496367,0.09784870042,0.8860003579,0.02865608623,0.02865608623,0.02865608623,0.6354946326,0.01979790371,0.01979790371,0.01979790371,0.7433299394,-0.008084491515,-0.008084491515,-0.008084491515,0.8942194926,0.3218363974,0.3218363974,0.3218363974,6.36074692e-08,0.1130825783,0.04144917406,0.1791461005,0.0001770103479,0.4633045636,0.7600476099,1,1,0.2349261555,0.91246887,0.9358062473,4.77056019e-07,0.9492860977,0.000308738979,retained
within_花叶类,102900005115168,102900011008522,-0.4470866183,0.009132420091,0,,,1,-0.003660665472,-0.003660665472,-0.003660665472,0.9517257687,-0.03544964149,-0.03544964149,-0.03544964149,0.5597452091,-0.0005977358964,-0.0005977358964,-0.0005977358964,0.992199817,-0.01868042992,-0.09567465259,0.05672918608,0.5369063437,0,,,1,-0.1408811581,-0.1408811581,-0.1408811581,0.01920326563,-3.352208023e-05,-3.352208023e-05,-3.352208023e-05,0.9995600989,-0.1664643811,-0.1664643811,-0.1664643811,0.006111208936,-0.1889867166,-0.2446124289,-0.128780793,2.910702207e-10,1,1,1,0.05648019302,0.7279668305,0.9995600989,0.9956067096,0.01594228418,0.6601307504,8.011106993e-10,retained
within_花叶类,102900005115168,102900051010455,-0.4229754898,0.09466811752,-0.02432652551,-0.02432652551,-0.02432652551,0.6874132405,-0.05621629716,-0.05621629716,-0.05621629716,0.3521471179,-0.04041065957,-0.04041065957,-0.04041065957,0.5061133882,-0.03461780757,-0.03461780757,-0.03461780757,0.5711495429,-0.03087780719,-0.1221555895,0.05269429971,0.3073268134,-0.1705299793,-0.1705299793,-0.1705299793,0.004496694251,-0.1594405007,-0.1594405007,-0.1594405007,0.007959082876,-0.08754626979,-0.08754626979,-0.08754626979,0.1491230745,0.05566574976,0.05566574976,0.05566574976,0.3622191847,-0.15691453,-0.2293133431,-0.08895614907,1.800321866e-07,0.9124523404,0.009500058277,0.9604012307,0.02513394592,0.6933060113,0.2150813574,0.7858257175,0.487290383,0.4399264578,4.000715259e-07,retained
within_花叶类,102900005115199,102900005115748,0.6366110084,0.1739130435,-0.1970676005,-0.1970676005,-0.1970676005,0.000996865815,0,,,1,-0.06383735319,-0.06383735319,-0.06383735319,0.2932591328,0.3030400691,0.3030400691,0.3030400691,3.850220287e-07,-0.02831779742,-0.1903912125,0.1277944737,0.3491827849,-0.007315001307,-0.007315001307,-0.007315001307,0.9037100388,0,,,1,0.1821599496,0.1821599496,0.1821599496,0.002517050164,0.3275699872,0.3275699872,0.3275699872,3.581636499e-08,0.2077054258,0.02396376233,0.4138372169,3.890087178e-12,0.008795874838,1,1,1,0.4755553505,0.006139146742,1.050060078e-05,2.984697083e-07,0.4872317929,1.190843014e-11,retained
within_花叶类,102900005115199,102900005115762,0.3930267056,0.1981707317,0.2862300124,0.2862300124,0.2862300124,1.330323331e-06,0,,,1,-0.0230314391,-0.0230314391,-0.0230314391,0.7048022273,-0.07941099372,-0.07941099372,-0.07941099372,0.1933073645,0.1121990408,0.02391200809,0.2060343606,0.0001990129392,0.1139225837,0.1139225837,0.1139225837,0.05873219749,0,,,1,-0.1497447634,-0.1497447634,-0.1497447634,0.01325595408,-0.0531035798,-0.0531035798,-0.0531035798,0.3847673144,0.329195152,0.1990098151,0.4396498134,4.344535841e-29,4.434411102e-05,0.09628229096,1,1,0.8457626728,0.02668984044,0.4027236759,0.5090798995,0.0009629658347,3.723887864e-28,retained
within_花叶类,102900005115199,102900005115779,-0.133951116,0.1413301663,0.08544460252,0.08544460252,0.08544460252,0.1568750394,0,,,1,0.02517539467,0.02517539467,0.02517539467,0.6787841724,0.002935139112,0.002935139112,0.002935139112,0.96171178,0.03303293219,-0.03704825218,0.1050664376,0.274773677,-0.0989289277,-0.0989289277,-0.0989289277,0.1009849352,0,,,1,-0.1203484272,-0.1203484272,-0.1203484272,0.04696846238,0.1026141979,0.1026141979,0.1026141979,0.09242441457,-0.04505254856,-0.1581526185,0.06531827891,0.1362563348,0.3620193216,0.1594498978,1,1,0.8222604912,0.0824008112,0.991383409,0.1631019081,0.4060694734,0.1675282804,retained
within_花叶类,102900005115199,102900005115786,-0.142739719,0.1619318182,-0.00688519137,-0.00688519137,-0.00688519137,0.9093427446,0,,,1,-0.02210100172,-0.02210100172,-0.02210100172,0.7162035253,0.00746897687,0.00746897687,0.00746897687,0.9027722105,-0.01857782765,-0.09362978046,0.05636729705,0.5391454562,-0.3250368915,-0.3250368915,-0.3250368915,3.272650877e-08,0,,,1,-0.175304806,-0.175304806,-0.175304806,0.003663676463,-0.07016209112,-0.07016209112,-0.07016209112,0.2505772409,0.04185546342,-0.05946415137,0.1652643509,0.1663416991,1,1.621946825e-07,1,1,0.8560201498,0.008454637992,0.9699486776,0.3614094821,0.6601781096,0.2012197973,retained
within_花叶类,102900005115199,102900005115793,-0.3977878289,0.06791171477,-0.01895265365,-0.01895265365,-0.01895265365,0.7539279474,0,,,1,0.1799138887,0.1799138887,0.1799138887,0.002850583069,-0.09746875874,-0.09746875874,-0.09746875874,0.1100537631,0.0008566339922,-0.07182733741,0.07247696245,0.9774114598,-0.1631494138,-0.1631494138,-0.1631494138,0.006600326995,0,,,1,-0.05641356461,-0.05641356461,-0.05641356461,0.3531130839,-0.04484471944,-0.04484471944,-0.04484471944,0.4630557327,-0.1625661185,-0.244215646,-0.08478895142,6.326541455e-08,0.9562244423,0.01302696118,1,1,0.01276380479,0.4323833681,0.2859848079,0.5788196659,0.9906197228,1.47128871e-07,retained
within_花叶类,102900005115199,102900005115823,0.04362638693,0.1630434783,0.2393654362,0.2393654362,0.2393654362,5.890850917e-05,0,,,1,0.04099238122,0.04099238122,0.04099238122,0.5000055011,0.04712951045,0.04712951045,0.04712951045,0.4405571993,0.126116068,0.04095808475,0.1948670653,2.848724585e-05,0.1928045351,0.1928045351,0.1928045351,0.001287164223,0,,,1,-0.0584954923,-0.0584954923,-0.0584954923,0.3356006322,0.1655892862,0.1655892862,0.1655892862,0.006388633412,0.2435695945,0.1533882379,0.3362069896,2.980467299e-16,0.0009301343553,0.003016791148,1,1,0.6912518448,0.4126237282,0.6708992883,0.01638111131,0.0001643494953,1.277343128e-15,retained
within_花叶类,102900005115199,102900005115854,0.6616200575,0.2401574803,0.00287879553,0.00287879553,0.00287879553,0.9620277117,0,,,1,-0.07052757537,-0.07052757537,-0.07052757537,0.2454765651,0.06248850182,0.06248850182,0.06248850182,0.3062949993,-0.009764043308,-0.1085539365,0.08528246161,0.7468932818,0.03931242641,0.03931242641,0.03931242641,0.515437454,0,,,1,-0.07374258937,-0.07374258937,-0.07374258937,0.2245602497,0.05780999252,0.05780999252,0.05780999252,0.343995796,0.2745267324,0.1382058775,0.4208988373,2.197923024e-20,1,0.6442968175,1,1,0.4160619748,0.292094424,0.5373596479,0.4712271178,0.8392059346,1.231205971e-19,retained
within_花叶类,102900005115199,102900005115878,-0.1141451635,0.140651801,0.1422740024,0.1422740024,0.1422740024,0.01803256092,0,,,1,0.01646166922,0.01646166922,0.01646166922,0.7865742811,-0.002845280172,-0.002845280172,-0.002845280172,0.9628831149,0.07532021962,-0.002664389199,0.1713453594,0.01266330011,0.31560481,0.31560481,0.31560481,8.463378264e-08,0,,,1,0.01926220268,0.01926220268,0.01926220268,0.7513704073,0.03554690993,0.03554690993,0.03554690993,0.5608568625,0.02732012441,-0.08463141623,0.1454942184,0.3664301767,0.07118116151,3.789572357e-07,1,1,0.907585709,0.8050397221,0.991383409,0.659831603,0.03422513543,0.4211841112,retained
within_花叶类,102900005115199,102900005115885,0.6168351074,0.3757575758,0.4636972857,0.4636972857,0.4636972857,4.044450015e-16,0,,,1,0.05889210948,0.05889210948,0.05889210948,0.3323285901,-0.06066612662,-0.06066612662,-0.06066612662,0.3206435198,0.2344830275,0.09777926163,0.3492246123,3.835145947e-15,0.6902298351,0.6902298351,0.6902298351,2.20269937e-40,0,,,1,0.1296854086,0.1296854086,0.1296854086,0.0321953981,0.09356476298,0.09356476298,0.09356476298,0.1251135109,0.5132725025,0.3928815583,0.6263886695,1.251793712e-74,1.213335004e-13,1.652024528e-38,1,1,0.5139101908,0.05818445439,0.5497923622,0.2085225181,1.643633977e-13,2.682415098e-73,weak
within_花叶类,102900005115199,102900005115908,-0.490832226,0.1065468549,-0.01300479746,-0.01300479746,-0.01300479746,0.829704575,0,,,1,0.07616285535,0.07616285535,0.07616285535,0.2096728212,0.00191698923,0.00191698923,0.00191698923,0.9749878366,-0.002896745629,-0.06619572813,0.05783760808,0.9237220648,-0.09958987931,-0.09958987931,-0.09958987931,0.09871620742,0,,,1,0.04987224022,0.04987224022,0.04987224022,0.4117860965,0.0560003258,0.0560003258,0.0560003258,0.3593367774,-0.1251025082,-0.2407159784,-0.009978439616,3.305478131e-05,1,0.1575258629,1,1,0.3859008979,0.4921746173,0.9937998397,0.4855902398,0.9735615902,6.197771495e-05,retained
within_花叶类,102900005115199,102900005115946,-0.3082700494,0.03249097473,-0.08278958442,-0.08278958442,-0.08278958442,0.1702137755,0,,,1,-0.0296438202,-0.0296438202,-0.0296438202,0.6257934605,-0.07612210407,-0.07612210407,-0.07612210407,0.212463342,-0.03486090706,-0.1018814425,0.03151930307,0.2490715105,-0.4097230141,-0.4097230141,-0.4097230141,1.344867001e-12,0,,,1,-0.1575050028,-0.1575050028,-0.1575050028,0.009140357922,-0.01059299239,-0.01059299239,-0.01059299239,0.8624486908,-0.2082010779,-0.2819007816,-0.1251062386,3.450053056e-12,0.3868494899,1.301484195e-11,1,1,0.7888152863,0.01958648126,0.4295612324,0.8983840529,0.3773810765,1.07814158e-11,retained
within_花叶类,102900005115199,102900005115960,-0.2707072047,0.1472727273,0.08671871363,0.08671871363,0.08671871363,0.1507608727,0,,,1,0.04734501363,0.04734501363,0.04734501363,0.4359115926,-0.07300885471,-0.07300885471,-0.07300885471,0.2318181887,0.04050838461,-0.03589466751,0.1185831636,0.1804167348,0.07999756762,0.07999756762,0.07999756762,0.1851338805,0,,,1,0.3583731068,0.3583731068,0.3583731068,1.074957354e-09,0.08357923039,0.08357923039,0.08357923039,0.170882933,0.09215866272,-0.04914795612,0.2317040508,0.002268548425,0.3533457954,0.2632235267,1,1,0.6260463298,5.657670283e-09,0.4515938741,0.26289682,0.3023744159,0.003454642272,retained
within_花叶类,102900005115199,102900005115984,-0.07999195294,0.1350364964,0.1663575541,0.1663575541,0.1663575541,0.005596556303,0,,,1,0.143245048,0.143245048,0.143245048,0.01787669816,0.02444206063,0.02444206063,0.02444206063,0.689288777,0.09251297959,0.02412834854,0.1506738863,0.002181039572,-0.03679347609,-0.03679347609,-0.03679347609,0.5427292009,0,,,1,0.08415155045,0.08415155045,0.08415155045,0.165596587,0.193388849,0.193388849,0.193388849,0.00140726327,0.01715278302,-0.1128195632,0.1579838118,0.5707192987,0.02945555949,0.6693481225,1,1,0.06167092343,0.2299952597,0.8490097496,0.004443989273,0.007520826111,0.6158841352,retained
within_花叶类,102900005115199,102900005116790,-0.2500124111,0.1566731141,-0.05407333562,-0.05407333562,-0.05407333562,0.3708343487,0,,,1,0.1243151522,0.1243151522,0.1243151522,0.04011455374,0.009900939503,0.009900939503,0.009900939503,0.871354515,-0.003176210515,-0.09045372234,0.07379326785,0.9163888875,0.01918551276,0.01918551276,0.01918551276,0.7510035883,0,,,1,0.1676459845,0.1676459845,0.1676459845,0.005487390319,0.06226914001,0.06226914001,0.06226914001,0.3079993913,0.08219939756,-0.04723665088,0.2283917081,0.006497803768,0.6285327945,0.8599277729,1,1,0.1200365773,0.01237757215,0.9543185369,0.4297665925,0.9714369832,0.009462821021,retained
within_花叶类,102900005115199,102900005118817,-0.2564100385,0.1353092784,0.08672517172,0.08672517172,0.08672517172,0.1507303487,0,,,1,0.01333850038,0.01333850038,0.01333850038,0.8263488139,-0.1131286614,-0.1131286614,-0.1131286614,0.06342043354,0.001217938924,-0.05748247144,0.06456978728,0.9678886038,-0.04136778863,-0.04136778863,-0.04136778863,0.4937053815,0,,,1,0.08912212644,0.08912212644,0.08912212644,0.1419123799,-0.1347272947,-0.1347272947,-0.1347272947,0.02685449206,-0.0577371196,-0.1649053113,0.03283493566,0.05613606623,0.3533457954,0.62038854,1,1,0.925017329,0.2076766535,0.2024056389,0.05923785014,0.9906197228,0.07322095595,retained
within_花叶类,102900005115199,102900005118831,-0.0872970804,0.1620498615,0.1737793676,0.1737793676,0.1737793676,0.003779478793,0,,,1,0.01930973269,0.01930973269,0.01930973269,0.750777125,-0.08216569956,-0.08216569956,-0.08216569956,0.1782594672,0.05628412948,0.01080392919,0.10905845,0.06262638726,0.08478235187,0.08478235187,0.08478235187,0.1601259744,0,,,1,0.1448690868,0.1448690868,0.1448690868,0.0166069353,-0.01152577701,-0.01152577701,-0.01152577701,0.8504726171,0.1073889596,-0.006339566162,0.2238344193,0.0003711020168,0.02248908567,0.2366393711,1,1,0.8807690924,0.03235117266,0.3903491983,0.8921041439,0.1278437071,0.0006289864692,retained
within_花叶类,102900005115199,102900005119975,-0.2836959314,0.1289308176,0.02358154437,0.02358154437,0.02358154437,0.6965052865,0,,,1,-0.007764499977,-0.007764499977,-0.007764499977,0.8983833302,0.5325298146,0.5325298146,0.5325298146,3.539746824e-21,0.03454161094,-0.06669580193,0.13032806,0.2534356071,-0.4068567253,-0.4068567253,-0.4068567253,1.989410486e-12,0,,,1,-0.1921898482,-0.1921898482,-0.1921898482,0.001419168831,0.1750161295,0.1750161295,0.1750161295,0.003917069141,-0.101563077,-0.1939841441,-0.007804100169,0.0007635813516,0.9124523404,1.86507233e-11,1,1,0.9660035808,0.003889920585,1.061924047e-18,0.01108604474,0.3801534106,0.00123824003,retained
within_花叶类,102900005115199,102900005122654,-0.2215813517,0.02490421456,-0.3004694544,-0.3004694544,-0.3004694544,3.634790945e-07,0,,,1,0.2063532471,0.2063532471,0.2063532471,0.0006016499342,-0.2474193864,-0.2474193864,-0.2474193864,3.943827127e-05,-0.0968773955,-0.2044465541,0.006967702569,0.001329014788,-0.2472312695,-0.2472312695,-0.2472312695,3.276724381e-05,0,,,1,0.213969343,0.213969343,0.213969343,0.000370213292,-0.1807456859,-0.1807456859,-0.1807456859,0.002875303742,-0.2344845783,-0.3142774387,-0.1515227452,3.833508802e-15,1.557767548e-05,0.0001003078892,1,1,0.003923803919,0.001110639876,0.0005377946082,0.008374671093,0.005046891599,1.455762836e-14,retained
within_花叶类,102900005115199,102900011000571,0.3313288428,0.06545454545,-0.01531631481,-0.01531631481,-0.01531631481,0.8000257586,0,,,1,-0.001638007612,-0.001638007612,-0.001638007612,0.97850746,-0.06270144973,-0.06270144973,-0.06270144973,0.304646399,-0.01530558894,-0.07553271859,0.04845724272,0.6129092281,0.1185693147,0.1185693147,0.1185693147,0.04908778442,0,,,1,-0.09594774112,-0.09594774112,-0.09594774112,0.113719457,-0.06351972027,-0.06351972027,-0.06351972027,0.2983660981,-0.01753945694,-0.1282087919,0.1411681021,0.5620656284,0.9796233779,0.0831996346,1,1,0.9850746242,0.1688902827,0.5373596479,0.418270231,0.7182530017,0.6109409004,retained
within_花叶类,102900005115199,102900011006948,-0.1457047116,0.06870229008,-0.1014907344,-0.1014907344,-0.1014907344,0.0924164859,0,,,1,-0.04354977463,-0.04354977463,-0.04354977463,0.4736216991,-0.1032491828,-0.1032491828,-0.1032491828,0.09041472669,-0.0569123772,-0.128481385,0.01684366822,0.05974778178,-0.1517278382,-0.1517278382,-0.1517278382,0.01160671786,0,,,1,-0.09717282389,-0.09717282389,-0.09717282389,0.1091589504,-0.04405364007,-0.04405364007,-0.04405364007,0.4709914762,-0.05410605669,-0.1672811006,0.06070894787,0.07350569938,0.2640471026,0.02205759497,1,1,0.6578079154,0.1637384256,0.2608117116,0.5808423935,0.1249806848,0.09464253139,retained
within_花叶类,102900005115199,102900011008164,-0.1618227312,0.1369863014,0.09256302352,0.09256302352,0.09256302352,0.1250078663,0,,,1,0.07351524189,0.07351524189,0.07351524189,0.2259963521,-0.08034614735,-0.08034614735,-0.08034614735,0.1880983286,0.02763510189,-0.04253275185,0.1014201981,0.3609285315,-0.1353538544,-0.1353538544,-0.1353538544,0.02452392838,0,,,1,-0.02915361006,-0.02915361006,-0.02915361006,0.6315200824,-0.05114562472,-0.05114562472,-0.05114562472,0.4025603761,0.02456974802,-0.08142406144,0.142851602,0.4166618291,0.3151458814,0.04353360068,1,1,0.3968667983,0.7069254654,0.4027236759,0.5228508201,0.4989795367,0.4681593585,retained
within_花叶类,102900005115199,102900011008522,-0.3767230609,0.02505219207,0,,,1,0,,,1,0.1000937978,0.1000937978,0.1000937978,0.09886531632,-0.02961019533,-0.02961019533,-0.02961019533,0.6281062381,0.01606101472,-0.01601955042,0.05847344417,0.5954889142,0,,,1,0,,,1,-0.01658204433,-0.01658204433,-0.01658204433,0.785051584,-0.05091952352,-0.05091952352,-0.05091952352,0.4046462119,-0.2128894473,-0.2897345751,-0.1213825493,1.091978316e-12,1,1,1,1,0.2230044729,0.8243215237,0.8153413809,0.5228508201,0.7061133369,3.485037179e-12,retained
within_花叶类,102900005115199,102900051010455,-0.2167872542,0.1644591611,0.2926826933,0.2926826933,0.2926826933,7.454133915e-07,0,,,1,0.09288993515,0.09288993515,0.09288993515,0.1257537261,-0.08981158752,-0.08981158752,-0.08981158752,0.1410521493,0.1389764386,0.08504957979,0.189869132,3.911989407e-06,0.2692376939,0.2692376939,0.2692376939,5.715173645e-06,0,,,1,-0.1482547413,-0.1482547413,-0.1482547413,0.01421060987,0.04212881666,0.04212881666,0.04212881666,0.4906083764,0.08461482201,0.001403990542,0.1820755247,0.005081857118,2.795300218e-05,1.905057882e-05,1,1,0.2675611194,0.02806023549,0.3331940534,0.5983028981,2.794278148e-05,0.007510133672,retained
within_花叶类,102900005115748,102900005115762,-0.1832778908,0.06286549708,-0.155963773,-0.155963773,-0.155963773,0.009453436464,0,,,1,-0.04608722946,-0.04608722946,-0.04608722946,0.4482145134,-0.2379680943,-0.2379680943,-0.2379680943,7.849491243e-05,-0.06667611637,-0.1442958326,-0.005867088679,0.02736296722,-0.4417875534,-0.4417875534,-0.4417875534,1.294788589e-14,0,,,1,-0.1133148571,-0.1133148571,-0.1133148571,0.0615248943,-0.1111836934,-0.1111836934,-0.1111836934,0.06813423934,-0.09802205856,-0.2045817092,0.02135624589,0.001163230639,0.04491383791,1.688854681e-13,1,1,0.6352775686,0.1036936421,0.0009811864054,0.1254004405,0.06413195442,0.00184639784,retained
within_花叶类,102900005115748,102900005115779,-0.09415231598,0.1067484663,0.03655979842,0.03655979842,0.03655979842,0.5452968231,0,,,1,-0.05896263525,-0.05896263525,-0.05896263525,0.3317489146,-0.02442139369,-0.02442139369,-0.02442139369,0.6895378863,-0.001033814634,-0.06967919642,0.06398168663,0.9727410521,0.3026533366,0.3026533366,0.3026533366,2.960335315e-07,0,,,1,-0.09840190439,-0.09840190439,-0.09840190439,0.1047293405,0.2934998343,0.2934998343,0.2934998343,9.161019964e-07,0.1060226255,-0.008793035462,0.2009171978,0.0004409579384,0.7870793023,1.184134126e-06,1,1,0.5139101908,0.1594863053,0.8490097496,5.608787733e-06,0.9906197228,0.0007390356509,retained
within_花叶类,102900005115748,102900005115786,-0.4019156953,0.04689655172,-0.04184360253,-0.04184360253,-0.04184360253,0.488744885,0,,,1,-0.04422537094,-0.04422537094,-0.04422537094,0.4667811317,0.0133849742,0.0133849742,0.0133849742,0.8267069355,-0.01342867741,-0.09494743563,0.0588004296,0.6571308295,-0.5366093394,-0.5366093394,-0.5366093394,5.535720486e-22,0,,,1,-0.1326566525,-0.1326566525,-0.1326566525,0.02841673373,-0.07718278914,-0.07718278914,-0.07718278914,0.2061419966,-0.2175138411,-0.2872845133,-0.1489067268,3.418862478e-13,0.7533247327,1.383930121e-20,1,1,0.6543660725,0.05198182999,0.9358062473,0.310766829,0.7553227925,1.165521299e-12,retained
within_花叶类,102900005115748,102900005115793,-0.4154458651,0.02517985612,-0.2803152786,-0.2803152786,-0.2803152786,2.23414561e-06,0,,,1,-0.1114740644,-0.1114740644,-0.1114740644,0.06589478705,-0.02087831946,-0.02087831946,-0.02087831946,0.7327186499,-0.06916615815,-0.144491357,0.01335293737,0.02208575461,-0.1574874659,-0.1574874659,-0.1574874659,0.008770337021,0,,,1,-0.1088401368,-0.1088401368,-0.1088401368,0.07258680785,-0.05236981329,-0.05236981329,-0.05236981329,0.3913787038,-0.1860627549,-0.2455985111,-0.1182422002,5.498174779e-10,6.09312439e-05,0.01706915903,1,1,0.1704175527,0.1177083371,0.872284107,0.5149719787,0.05430923264,1.485993183e-09,retained
within_花叶类,102900005115748,102900005115823,0.00138043764,0.09891304348,-0.0335050056,-0.0335050056,-0.0335050056,0.5794033987,0,,,1,-0.04368530675,-0.04368530675,-0.04368530675,0.4722450255,0.06919112592,0.06919112592,0.06919112592,0.2572101458,0.008391601187,-0.07092709383,0.0901150932,0.7814941803,0.07346614157,0.07346614157,0.07346614157,0.2237500978,0,,,1,-0.07982388802,-0.07982388802,-0.07982388802,0.188525164,0.2927597251,0.2927597251,0.2927597251,9.785539608e-07,0.1702104142,0.03963744519,0.2484213779,1.450088012e-08,0.8158123263,0.3093319324,1,1,0.6578079154,0.2559165122,0.4792735636,5.871323765e-06,0.8715548479,3.508277449e-08,retained
within_花叶类,102900005115748,102900005115854,0.2637995794,0.1479820628,0.04105993248,0.04105993248,0.04105993248,0.4969290933,0,,,1,0.05237341533,0.05237341533,0.05237341533,0.3887029367,-0.03319292978,-0.03319292978,-0.03319292978,0.5871059171,-0.0171580101,-0.1203152165,0.08498492267,0.5706018965,0.1359159848,0.1359159848,0.1359159848,0.02393024899,0,,,1,-0.05580249209,-0.05580249209,-0.05580249209,0.3583603985,0.09420140051,0.09420140051,0.09420140051,0.1225541503,0.1765026438,0.01438083694,0.3182030938,4.09862137e-09,0.7567610825,0.04298847124,1,1,0.5797105015,0.4370248763,0.796976358,0.2053980172,0.6859786383,1.033265892e-08,retained
within_花叶类,102900005115748,102900005115878,0.1491433582,0.1348314607,0.2135684273,0.2135684273,0.2135684273,0.0003525424048,0,,,1,0.02654535919,0.02654535919,0.02654535919,0.6623537455,0.07960614333,0.07960614333,0.07960614333,0.1922117257,0.07664224454,-0.01247261857,0.1623452113,0.01118109213,0.3656306968,0.3656306968,0.3656306968,3.728188669e-10,0,,,1,-0.008792170083,-0.008792170083,-0.008792170083,0.8850213894,-0.02454904177,-0.02454904177,-0.02454904177,0.6879998137,0.1213007595,0.03075486858,0.2119536452,5.716425012e-05,0.004067796979,2.727942929e-09,1,1,0.8143693592,0.9061652451,0.4027236759,0.7644442374,0.03164460036,0.0001039350002,retained
within_花叶类,102900005115748,102900005115885,0.6436062641,0.1449275362,-0.1643152834,-0.1643152834,-0.1643152834,0.006218297998,0,,,1,0.001997750583,0.001997750583,0.001997750583,0.9737887562,0.04153621585,0.04153621585,0.04153621585,0.4967346364,-0.01717019805,-0.105285616,0.07630428195,0.5703281952,0.0902119754,0.0902119754,0.0902119754,0.1349244114,0,,,1,0.08976227129,0.08976227129,0.08976227129,0.1390605079,0.09998934289,0.09998934289,0.09998934289,0.1011131302,0.1689730145,0.04291914041,0.2726048276,1.849059915e-08,0.03216361034,0.2065169562,1,1,0.9836250062,0.2045007469,0.7321721097,0.1763601108,0.6859786383,4.402523606e-08,retained
within_花叶类,102900005115748,102900005115908,-0.4190560221,0.09549795362,-0.07975698143,-0.07975698143,-0.07975698143,0.1864632068,0,,,1,-0.2158048373,-0.2158048373,-0.2158048373,0.0003284847768,0.1524286851,0.1524286851,0.1524286851,0.01215165866,0.006071013745,-0.06867561623,0.1018068465,0.8409589629,0.06154910506,0.06154910506,0.06154910506,0.3082712814,0,,,1,-0.08602422883,-0.08602422883,-0.08602422883,0.1563483081,0.1721709945,0.1721709945,0.1721709945,0.004551832808,-0.02191236931,-0.1094001323,0.06475262689,0.4688470323,0.4132888495,0.4123184306,1,1,0.002403547148,0.2222961727,0.05879834837,0.01276214806,0.9241307285,0.519018855,retained
within_花叶类,102900005115748,102900005115946,-0.4830387457,0,-0.01801872675,-0.01801872675,-0.01801872675,0.7656915737,0,,,1,-0.05931898296,-0.05931898296,-0.05931898296,0.3288299161,-0.2202486556,-0.2202486556,-0.2202486556,0.0002651642209,-0.05397875929,-0.09860802333,-0.01624004793,0.07418654798,-0.3271914814,-0.3271914814,-0.3271914814,2.622037067e-08,0,,,1,-0.1191871854,-0.1191871854,-0.1191871854,0.04915123643,-0.03376831148,-0.03376831148,-0.03376831148,0.5806378658,-0.2300251843,-0.2852049024,-0.1798604824,1.292248504e-14,0.963618638,1.333239187e-07,1,1,0.5139101908,0.08572890074,0.002566105364,0.680434999,0.1493688886,4.670777726e-14,retained
within_花叶类,102900005115748,102900005115960,0.01266069804,0.09788867562,0.08775170036,0.08775170036,0.08775170036,0.1459377956,0,,,1,0.2120601248,0.2120601248,0.2120601248,0.0004188083446,-0.1022839936,-0.1022839936,-0.1022839936,0.09348350084,0.057051516,-0.04270491896,0.1743187742,0.05912530508,0.1569289645,0.1569289645,0.1569289645,0.009015456362,0,,,1,0.301170321,0.301170321,0.301170321,3.945769655e-07,0.007741722031,0.007741722031,0.007741722031,0.8992402328,0.1021290592,-0.05452221652,0.2391823114,0.0007130182886,0.353075312,0.01733741608,1,1,0.00285551144,1.578307862e-06,0.2650409372,0.9288515866,0.1249126164,0.001162529818,retained
within_花叶类,102900005115748,102900005115984,0.2115156976,0.1105463787,0.04475663707,0.04475663707,0.04475663707,0.458966513,0,,,1,0.003715179364,0.003715179364,0.003715179364,0.951276871,0.01832735773,0.01832735773,0.01832735773,0.7643470992,0.02924055932,-0.0341217213,0.09391493299,0.333696727,0.4029005112,0.4029005112,0.4029005112,3.394502955e-12,0,,,1,-0.01602636059,-0.01602636059,-0.01602636059,0.7920875,0.2896292574,0.2896292574,0.2896292574,1.290739949e-06,0.2123616141,0.08397266779,0.3231264748,1.244654931e-12,0.7323933718,2.995149666e-11,1,1,0.9778035524,0.8279660279,0.8992318815,7.30607518e-06,0.4722123495,3.930489255e-12,retained
within_花叶类,102900005115748,102900005116790,-0.214576601,0.1022494888,0.1265832364,0.1265832364,0.1265832364,0.03556409542,0,,,1,0.03661304987,0.03661304987,0.03661304987,0.5469257987,-0.05632476812,-0.05632476812,-0.05632476812,0.3565554015,0.02161174037,-0.07609404562,0.1225375641,0.474969941,0.2049177172,0.2049177172,0.2049177172,0.0006140794418,0,,,1,0.08843484214,0.08843484214,0.08843484214,0.1450237614,-0.05743492349,-0.05743492349,-0.05743492349,0.3471406986,0.06330010792,-0.07286958466,0.1959767521,0.03622806627,0.1317188719,0.001510031414,1,1,0.7229949808,0.2105174297,0.5942590024,0.4733736799,0.6122042555,0.04830408836,retained
within_花叶类,102900005115748,102900005118817,0.03534633113,0.1093117409,0.1599240411,0.1599240411,0.1599240411,0.007768850237,0,,,1,-0.07067899194,-0.07067899194,-0.07067899194,0.2444619699,0.0837441819,0.0837441819,0.0837441819,0.1700371662,0.05232336769,-0.03076758706,0.1307442428,0.0835179093,0.2173104547,0.2173104547,0.2173104547,0.0002753924931,0,,,1,0.02165057773,0.02165057773,0.02165057773,0.7217457567,0.07530076128,0.07530076128,0.07530076128,0.2174530612,0.1283697523,0.02196250414,0.2438826048,2.038395196e-05,0.03823337663,0.000712221965,1,1,0.4160619748,0.7788623274,0.3806802229,0.3197839135,0.1622965615,3.895022668e-05,retained
within_花叶类,102900005115748,102900005118831,0.09273084525,0.07438016529,-0.09483281787,-0.09483281787,-0.09483281787,0.1159794716,0,,,1,0.0837162008,0.0837162008,0.0837162008,0.1678040631,0.1251825492,0.1251825492,0.1251825492,0.03982993506,0.03728002271,-0.03384125503,0.1122082719,0.2177083566,-0.1789660403,-0.1789660403,-0.1789660403,0.002846555119,0,,,1,0.1147674667,0.1147674667,0.1147674667,0.05824743416,-0.2207566673,-0.2207566673,-0.2207566673,0.0002564045009,-0.06593758409,-0.1815050913,0.04050688507,0.02912363445,0.3110079356,0.006279165703,1,1,0.3356081262,0.1004266106,0.1457192746,0.0009615168784,0.3437500368,0.03953434541,retained
within_花叶类,102900005115748,102900005119975,-0.3813028749,0.03943217666,-0.2532264728,-0.2532264728,-0.2532264728,2.068043813e-05,0,,,1,-0.0155372094,-0.0155372094,-0.0155372094,0.7982949862,0.1820057004,0.1820057004,0.1820057004,0.002683036361,-0.06325618506,-0.1394558913,0.01913408456,0.03635788275,-0.321538446,-0.321538446,-0.321538446,4.673143542e-08,0,,,1,-0.1454339016,-0.1454339016,-0.1454339016,0.01618417399,0.09138809728,0.09138809728,0.09138809728,0.1341777635,-0.1920825974,-0.2631060464,-0.1133172133,1.467937854e-10,0.0003877582149,2.225306449e-07,1,1,0.9175804439,0.03173367449,0.017125764,0.2211721376,0.08179677559,4.11571361e-10,retained
within_花叶类,102900005115748,102900005122654,0.1593422682,0.1095571096,0.2643339582,0.2643339582,0.2643339582,8.549707625e-06,0,,,1,-0.08853823985,-0.08853823985,-0.08853823985,0.1445523804,-0.04031049509,-0.04031049509,-0.04031049509,0.5095336031,-0.002374550954,-0.1049163099,0.1244411126,0.9374413721,0.2408687085,0.2408687085,0.2408687085,5.274093027e-05,0,,,1,0.09964029255,0.09964029255,0.09964029255,0.100410961,-0.08629888855,-0.08629888855,-0.08629888855,0.1573337593,0.08210443906,-0.04825828451,0.2263777744,0.006560089872,0.0001832080205,0.0001566562285,1,1,0.3011507925,0.1544784015,0.7397075952,0.2510645095,0.9799038733,0.009507376626,retained
within_花叶类,102900005115748,102900011000571,0.6919853344,0.1196172249,0.2144455295,0.2144455295,0.2144455295,0.00033283908,0,,,1,-0.003277747098,-0.003277747098,-0.003277747098,0.9570077316,-0.06868892226,-0.06868892226,-0.06868892226,0.2606879493,0.09988696468,0.0003996693237,0.1969325952,0.000933481507,0.515262505,0.515262505,0.515262505,4.051680895e-20,0,,,1,-0.07260557449,-0.07260557449,-0.07260557449,0.2318077037,-0.04486120333,-0.04486120333,-0.04486120333,0.4628911661,0.122554849,-0.02610310134,0.3163876511,4.779806869e-05,0.00399406896,8.682173347e-19,1,1,0.9798713975,0.2984648545,0.4827554617,0.5788196659,0.003636940936,8.74354915e-05,retained
within_花叶类,102900005115748,102900011006948,-0.2597283764,0.03438395415,-0.03380699004,-0.03380699004,-0.03380699004,0.5759878378,0,,,1,-0.08714559467,-0.08714559467,-0.08714559467,0.1510000585,0.008959009699,0.008959009699,0.008959009699,0.8835018245,-0.003522049373,-0.08560379383,0.07823878384,0.9073239475,-0.1471606415,-0.1471606415,-0.1471606415,0.01440277582,0,,,1,-0.07353261912,-0.07353261912,-0.07353261912,0.2258863546,0.07647719199,0.07647719199,0.07647719199,0.210331812,-0.07096701613,-0.1455205675,0.01502392283,0.01884243127,0.8158123263,0.02667180708,1,1,0.3081633847,0.292094424,0.9603280701,0.315497718,0.9686732536,0.02629176457,retained
within_花叶类,102900005115748,102900011008164,-0.4449839732,0.09207161125,-0.008009840009,-0.008009840009,-0.008009840009,0.8946144077,0,,,1,-0.1070576604,-0.1070576604,-0.1070576604,0.0774218955,-0.04142614058,-0.04142614058,-0.04142614058,0.4978770346,0.001042078189,-0.07014128439,0.08236010478,0.9725232498,-0.095889841,-0.095889841,-0.095889841,0.1119528667,0,,,1,-0.09721350419,-0.09721350419,-0.09721350419,0.1090100177,0.01889866463,0.01889866463,0.01889866463,0.7572274944,-0.02458619144,-0.1146393259,0.07912263301,0.4163499477,1,0.1749263543,1,1,0.1888338915,0.1637384256,0.7321721097,0.8230733635,0.9906197228,0.4681593585,retained
within_花叶类,102900005115748,102900011008522,-0.3481194723,0.02857142857,0,,,1,0,,,1,-0.1484262352,-0.1484262352,-0.1484262352,0.01409774557,-0.009906849076,-0.009906849076,-0.009906849076,0.8712783961,-0.03536814027,-0.09609334864,0.02281289351,0.2422470892,0,,,1,0,,,1,-0.08117506901,-0.08117506901,-0.08117506901,0.1811292975,0.03752548543,0.03752548543,0.03752548543,0.5392403205,-0.1391110258,-0.2015963251,-0.04820464482,3.827823705e-06,1,1,1,1,0.05273025028,0.2469944967,0.9543185369,0.6419527625,0.370786361,7.655647409e-06,retained
within_花叶类,102900005115748,102900051010455,-0.3120439452,0.09691629956,-0.03646804215,-0.03646804215,-0.03646804215,0.5463066668,0,,,1,0.08338017254,0.08338017254,0.08338017254,0.1695228939,0.01556977141,0.01556977141,0.01556977141,0.7989811361,0.01587829861,-0.06012889099,0.07879044948,0.599681683,-0.1622683139,-0.1622683139,-0.1622683139,0.006902827418,0,,,1,-0.1109966695,-0.1109966695,-0.1109966695,0.06706870755,0.1833943237,0.1833943237,0.1833943237,0.002484735228,-0.09500797809,-0.1546754058,-0.03636672757,0.001647184025,0.7870793023,0.01353495572,1,1,0.3368004515,0.1105528146,0.9223520367,0.007454205683,0.7082854524,0.002573725039,retained
within_花叶类,102900005115762,102900005115779,0.2827636295,0.5388711395,0.04322885355,0.04322885355,0.04322885355,0.4744566183,0.1926436946,0.1926436946,0.1926436946,0.001299502229,0.1651186227,0.1651186227,0.1651186227,0.006247818171,0.07761617646,0.07761617646,0.07761617646,0.2035986252,0.1035714408,0.04673913332,0.1612384966,0.0005978657548,-0.1412828371,-0.1412828371,-0.1412828371,0.01885905375,-0.00464983154,-0.00464983154,-0.00464983154,0.9387041884,0.4874444362,0.4874444362,0.4874444362,1.066072748e-17,-0.2150811392,-0.2150811392,-0.2150811392,0.0003715685238,0.1479624003,0.03870375017,0.2850687621,8.757089286e-07,0.7466263762,0.03449826905,0.02998851297,1,0.02567596508,1.102833877e-16,0.4212385349,0.001343018761,0.002456982554,1.850089286e-06,retained
within_花叶类,102900005115762,102900005115786,0.8055760816,0.7762619372,0.1556888004,0.1556888004,0.1556888004,0.009581618754,0.1213026986,0.1213026986,0.1213026986,0.0440592197,0.07348086408,0.07348086408,0.07348086408,0.226214075,0.4209447597,0.4209447597,0.4209447597,5.080324378e-13,0.1939501898,0.1295085826,0.284949542,9.659550415e-11,0.3249617068,0.3249617068,0.3249617068,3.297958543e-08,0.5808757005,0.5808757005,0.5808757005,2.663823365e-26,0.4196447835,0.4196447835,0.4196447835,4.527863378e-13,0.6666723411,0.6666723411,0.6666723411,4.510855024e-36,0.6676009642,0.5667729529,0.7744541586,3.295575401e-142,0.04491383791,1.621946825e-07,0.2591718806,1.141638585e-24,0.3968667983,3.395897533e-12,5.080324378e-11,4.510855024e-34,1.811165703e-09,3.295575401e-140,weak
within_花叶类,102900005115762,102900005115793,0.4552743587,0.4800531915,0.1728508207,0.1728508207,0.1728508207,0.003973071802,0.1320789042,0.1320789042,0.1320789042,0.02824107323,0.1761926265,0.1761926265,0.1761926265,0.003492398493,0.07643880294,0.07643880294,0.07643880294,0.21056151,0.1443962009,0.0854701115,0.2039379257,1.603448603e-06,0.1240531117,0.1240531117,0.1240531117,0.0394431523,-0.06267754804,-0.06267754804,-0.06267754804,0.2994692011,0.5248780176,0.5248780176,0.5248780176,9.916518654e-21,0.04084622192,0.04084622192,0.04084622192,0.5039185116,0.2312050458,0.126241081,0.3398257071,9.392502647e-15,0.02248908567,0.06839853,0.1802621696,0.637168513,0.01540764041,1.487477798e-19,0.4295612324,0.6071307368,1.300093462e-05,3.477493812e-14,retained
within_花叶类,102900005115762,102900005115823,0.2723397939,0.6620320856,0.2035048456,0.2035048456,0.2035048456,0.0006709249098,0.03580991033,0.03580991033,0.03580991033,0.5535767775,0.1983363165,0.1983363165,0.1983363165,0.0009848848267,0.003694203812,0.003694203812,0.003694203812,0.9518206995,0.1140136973,0.06994126966,0.1868179923,0.0001563074792,-0.08097193634,-0.08097193634,-0.08097193634,0.1798214093,-0.08989386646,-0.08989386646,-0.08989386646,0.1363113628,0.4459663842,0.4459663842,0.4459663842,9.553076355e-15,0.02070144456,0.02070144456,0.02070144456,0.7348978521,0.3141444015,0.2260642201,0.4219164455,1.665189687e-26,0.006619415546,0.2568877276,1,0.3324667385,0.005574819774,8.188351162e-14,0.991383409,0.8017067478,0.0007815373959,1.248892265e-25,retained
within_花叶类,102900005115762,102900005115854,0.414530604,0.1596516691,-0.05674273899,-0.05674273899,-0.05674273899,0.3476487227,0,,,1,-0.06325033062,-0.06325033062,-0.06325033062,0.2977294871,0.07094434434,0.07094434434,0.07094434434,0.2453205598,0.02685312865,-0.03287643995,0.09479173592,0.3746826367,0.03416409844,0.03416409844,0.03416409844,0.5719610448,0,,,1,-0.1549245831,-0.1549245831,-0.1549245831,0.01036152675,0.03291580714,0.03291580714,0.03291580714,0.5902329339,0.1366844089,0.01830634797,0.2516329057,5.648212955e-06,0.6239930821,0.700360463,1,1,0.4802088502,0.02158651406,0.4628689807,0.6889878606,0.5109308682,1.114778873e-05,retained
within_花叶类,102900005115762,102900005115878,-0.7426120833,0.1606060606,0.1599105051,0.1599105051,0.1599105051,0.007774119915,0,,,1,-0.05997350799,-0.05997350799,-0.05997350799,0.323511692,0.002899301611,0.002899301611,0.002899301611,0.9621789215,0.03219280871,-0.05195959464,0.1135040781,0.287172694,-0.08329456422,-0.08329456422,-0.08329456422,0.1676137449,0,,,1,-0.4062349403,-0.4062349403,-0.4062349403,2.852301635e-12,-0.3258417568,-0.3258417568,-0.3258417568,4.263921869e-08,-0.4824480054,-0.5797264158,-0.3529805977,6.515031869e-65,0.03823337663,0.2440976868,1,1,0.5108079348,1.989977885e-11,0.991383409,3.457233948e-07,0.4182126611,1.149711506e-63,retained
within_花叶类,102900005115762,102900005115885,-0.2145098463,0.2374670185,0.2459962104,0.2459962104,0.2459962104,3.597487808e-05,0,,,1,0.07926658527,0.07926658527,0.07926658527,0.1916393138,-0.0005909765572,-0.0005909765572,-0.0005909765572,0.9922880206,0.1042056731,0.01835697188,0.1971152268,0.0005529204996,0.004804132179,0.004804132179,0.004804132179,0.9366743245,0,,,1,0.1907281473,0.1907281473,0.1907281473,0.001545510363,0.1245984232,0.1245984232,0.1245984232,0.04077199056,0.05289360586,-0.07723362601,0.1763700811,0.08020176841,0.0006348507897,1,1,1,0.3638721147,0.004177055035,0.9956067096,0.0837780628,0.002303835415,0.1023852363,retained
within_花叶类,102900005115762,102900005115908,0.07426969738,0.4774972558,0.09471163777,0.09471163777,0.09471163777,0.116448235,-0.05952366058,-0.05952366058,-0.05952366058,0.3244928344,0.07727547056,0.07727547056,0.07727547056,0.2030727272,0.03570695583,0.03570695583,0.03570695583,0.5590929168,0.03374338227,-0.02137191271,0.1019577232,0.2645773935,-0.2302161658,-0.2302161658,-0.2302161658,0.0001137382318,-0.1354252282,-0.1354252282,-0.1354252282,0.02444785218,0.1844162273,0.1844162273,0.1844162273,0.002218122656,0.1681049408,0.1681049408,0.1681049408,0.005620033095,-0.03104133444,-0.1631387289,0.1207265674,0.3047708345,0.3110079356,0.0003159395329,0.9157549877,0.07052265053,0.3831560891,0.005591905857,0.783775117,0.01505366008,0.392936723,0.3585539229,retained
within_花叶类,102900005115762,102900005115946,0.6597683357,0.4915254237,0.01883416724,0.01883416724,0.01883416724,0.7554173094,0.006237553121,0.006237553121,0.006237553121,0.9178385916,-0.05764837604,-0.05764837604,-0.05764837604,0.3426580546,0.3345988665,0.3345988665,0.3345988665,1.742597329e-08,0.002733879429,-0.06545238995,0.06783510216,0.9279987129,0.2750961712,0.2750961712,0.2750961712,3.495577067e-06,0.08597533904,0.08597533904,0.08597533904,0.1543058176,0.354952491,0.354952491,0.354952491,1.584373151e-09,0.186263399,0.186263399,0.186263399,0.002116628265,0.3795681426,0.2518291457,0.4875568209,7.548677382e-39,0.9562244423,1.178284405e-05,1,0.3673948038,0.5244766141,8.195033538e-09,6.534739983e-07,0.006414025044,0.9735615902,9.435846727e-38,retained
within_花叶类,102900005115762,102900005115960,-0.8229598523,0.3902743142,-0.1493974879,-0.1493974879,-0.1493974879,0.01296704999,0.07957902987,0.07957902987,0.07957902987,0.1874509573,0.02136470648,0.02136470648,0.02136470648,0.7252708249,0.1914981365,0.1914981365,0.1914981365,0.001570425002,0.02648154537,-0.03147384621,0.08747354982,0.3813303196,-0.5000520254,-0.5000520254,-0.5000520254,7.216396825e-19,-0.2980798991,-0.2980798991,-0.2980798991,4.541274327e-07,-0.05932882925,-0.05932882925,-0.05932882925,0.3287494966,0.234946765,0.234946765,0.234946765,9.725062736e-05,-0.1436946542,-0.2883732353,-0.005746706027,1.803018822e-06,0.05599687105,1.443279365e-17,0.6538986883,3.168330926e-06,0.862960565,0.4075406983,0.01070744319,0.0004052109473,0.5127767677,3.730383771e-06,retained
within_花叶类,102900005115762,102900005115984,0.0689020702,0.5155080214,0.1209342579,0.1209342579,0.1209342579,0.04471072739,0.1142950228,0.1142950228,0.1142950228,0.05790546878,0.1243685002,0.1243685002,0.1243685002,0.04002845891,0.02878058845,0.02878058845,0.02878058845,0.637771579,0.1137831958,0.0524277272,0.1897928143,0.0001612093363,-0.3073575234,-0.3073575234,-0.3073575234,1.891647844e-07,-0.269363323,-0.269363323,-0.269363323,5.655914671e-06,0.4115057844,0.4115057844,0.4115057844,1.397218503e-12,-0.1488946429,-0.1488946429,-0.1488946429,0.01432918291,0.007652305112,-0.09012997938,0.1552229952,0.8003182388,0.156582575,7.77389525e-07,0.3113163184,3.085044366e-05,0.1200365773,9.980132162e-12,0.8153413809,0.03411710217,0.0007928328014,0.8250703493,retained
within_花叶类,102900005115762,102900005116790,-0.1203542883,0.3801020408,-0.1158668353,-0.1158668353,-0.1158668353,0.05452167112,0.1259514972,0.1259514972,0.1259514972,0.03650099148,0.005992425934,0.005992425934,0.005992425934,0.9214894532,-0.02410481334,-0.02410481334,-0.02410481334,0.6933579622,0.01941310381,-0.05097734048,0.08156446571,0.5210539694,-0.5232886339,-0.5232886339,-0.5232886339,8.356327878e-21,-0.2126868746,-0.2126868746,-0.2126868746,0.000373434488,0.1438092251,0.1438092251,0.1438092251,0.01742631941,0.3142443654,0.3142443654,0.3142443654,1.336235012e-07,-0.01782483416,-0.1549058833,0.1376228571,0.555719829,0.1758763584,1.928383357e-19,0.223475458,0.00140037933,0.9777279313,0.03351215272,0.8490097496,9.110693266e-07,0.6482029207,0.6062398135,retained
within_花叶类,102900005115762,102900005118817,-0.6612087177,0.4203954214,0.04419849618,0.04419849618,0.04419849618,0.4645925528,0.174174038,0.174174038,0.174174038,0.003699807665,-0.09457720258,-0.09457720258,-0.09457720258,0.1189968314,-0.03527246198,-0.03527246198,-0.03527246198,0.5638879122,0.03494005473,-0.02519699806,0.09704910742,0.2479978937,-0.004846230456,-0.004846230456,-0.004846230456,0.9361205815,0.2460724487,0.2460724487,0.2460724487,3.576858373e-05,-0.1092274195,-0.1092274195,-0.1092274195,0.07156947609,-0.3994744944,-0.3994744944,-0.3994744944,9.128643944e-12,-0.2513087161,-0.3498766972,-0.1099530781,3.11011838e-17,0.7374484966,1,0.04432833942,0.0001778581239,0.2549932102,0.1170737285,0.7858257175,9.78068994e-11,0.3773810765,1.37211105e-16,retained
within_花叶类,102900005115762,102900005118831,-0.5245068644,0.5017026107,0.1873113794,0.1873113794,0.1873113794,0.001775416209,0.06444126097,0.06444126097,0.06444126097,0.2860490204,0.0742419092,0.0742419092,0.0742419092,0.2214289519,-0.01323637252,-0.01323637252,-0.01323637252,0.8286009848,0.09285447238,0.03590631462,0.1477070117,0.00209963305,-0.1222708152,-0.1222708152,-0.1222708152,0.04238519973,-0.07384115358,-0.07384115358,-0.07384115358,0.221388651,0.06163681881,0.06163681881,0.06163681881,0.3102490494,0.2228645993,0.2228645993,0.2228645993,0.0002228611619,0.06782499831,-0.07760034941,0.1978302761,0.02480643103,0.01301740077,0.07307793057,0.8496505557,0.5069969108,0.3954088427,0.3910702304,0.9358062473,0.000857158315,0.007335114703,0.03398141236,retained
within_花叶类,102900005115762,102900005119975,0.5844325527,0.7245337159,0.2576062963,0.2576062963,0.2576062963,1.466803126e-05,0.08422291396,0.08422291396,0.08422291396,0.1629114609,0.2258173674,0.2258173674,0.2258173674,0.0001680805239,0.06222209562,0.06222209562,0.06222209562,0.3083657267,0.1519484437,0.07813259526,0.228051663,4.378715595e-07,0.1880985961,0.1880985961,0.1880985961,0.001696351388,0.3378699383,0.3378699383,0.3378699383,8.51918677e-09,0.5816103487,0.5816103487,0.5816103487,4.164497492e-26,0.204806056,0.204806056,0.204806056,0.0007100930026,0.5595834749,0.4158330989,0.6712719956,3.051224876e-91,0.0002933606253,0.003826356515,0.6033757812,7.099322309e-08,0.001400671033,1.041124373e-24,0.5378471977,0.002448596561,4.237466705e-06,9.153674629e-90,weak
within_花叶类,102900005115762,102900005122654,-0.6656832466,0.08635394456,-0.367478627,-0.367478627,-0.367478627,2.994325076e-10,0,,,1,-0.1267792213,-0.1267792213,-0.1267792213,0.03629742428,0.1758483878,0.1758483878,0.1758483878,0.00374713891,-0.05304772528,-0.126014172,0.03378154116,0.0793240854,-0.3498369945,-0.3498369945,-0.3498369945,2.294871153e-09,0,,,1,-0.3088759832,-0.3088759832,-0.3088759832,1.909368983e-07,0.2250743141,0.2250743141,0.2250743141,0.0001921265096,-0.5814551072,-0.6468626236,-0.4999999828,4.828902755e-100,4.491487614e-08,1.464811374e-08,1,1,0.1122600751,7.906916972e-07,0.02121022025,0.0007583941169,0.1565606949,2.897341653e-98,retained
within_花叶类,102900005115762,102900011000571,-0.2427560384,0.07320441989,-0.03604671151,-0.03604671151,-0.03604671151,0.5509555116,-0.05852094984,-0.05852094984,-0.05852094984,0.3327243122,-0.02518116594,-0.02518116594,-0.02518116594,0.6787146295,-0.02847146308,-0.02847146308,-0.02847146308,0.6413888818,-0.01409071866,-0.09413776331,0.057482264,0.6413847954,-0.3104079891,-0.3104079891,-0.3104079891,1.408909332e-07,0.2059172494,0.2059172494,0.2059172494,0.0005765929661,-0.2735284472,-0.2735284472,-0.2735284472,4.508254515e-06,0.1640784101,0.1640784101,0.1640784101,0.00689423267,-0.1924300792,-0.3035064309,-0.06827800896,1.358403901e-10,0.7870793023,5.953138021e-07,0.9157549877,0.002109486461,0.8222604912,1.610090898e-05,0.8153413809,0.0173804185,0.7429167514,3.844539343e-10,retained
within_花叶类,102900005115762,102900011006948,0.6086924188,0.3177842566,-0.025992109,-0.025992109,-0.025992109,0.6672493046,0.09687279058,0.09687279058,0.09687279058,0.1083076253,0.1604691284,0.1604691284,0.1604691284,0.007896672358,-0.09969910933,-0.09969910933,-0.09969910933,0.1021123195,0.03083816757,-0.05236607735,0.1120654202,0.3079485205,0.2243232183,0.2243232183,0.2243232183,0.0001713962427,0.01737706707,0.01737706707,0.01737706707,0.7738052805,0.1780395479,0.1780395479,0.1780395479,0.003159097441,0.1354129467,0.1354129467,0.1354129467,0.02608146843,0.2410336399,0.1269802848,0.3633718794,6.145649612e-16,0.9016882495,0.0004590970786,0.451281772,1,0.03201353659,0.007581833859,0.2759792419,0.05795881873,0.4399264578,2.596753357e-15,retained
within_花叶类,102900005115762,102900011008164,0.6986605564,0.5334796926,0.2319393367,0.2319393367,0.2319393367,0.0001006824498,0.02922084527,0.02922084527,0.02922084527,0.6288449939,0.1515468537,0.1515468537,0.1515468537,0.01217704169,0.1137873397,0.1137873397,0.1137873397,0.06188613287,0.1228924547,0.06300118787,0.2009080193,4.553673135e-05,0.2493895611,0.2493895611,0.2493895611,2.780073256e-05,0.4951002069,0.4951002069,0.4951002069,1.787308879e-18,0.3725340803,0.3725340803,0.3725340803,2.052905929e-10,-0.1788568412,-0.1788568412,-0.1788568412,0.003187016845,0.2749761828,0.1600603529,0.376025616,1.896333622e-20,0.001510236747,8.598164709e-05,1,4.124558951e-17,0.04744301958,1.184368805e-09,0.1996326867,0.009105762414,0.000248382171,1.094038628e-19,retained
within_花叶类,102900005115762,102900011008522,-0.04000517087,0.1948529412,0,,,1,-0.149940762,-0.149940762,-0.149940762,0.0126379583,0.1699290368,0.1699290368,0.1699290368,0.004873029582,-0.03045797012,-0.03045797012,-0.03045797012,0.6182943306,0.001266973453,-0.07711012716,0.07474408074,0.9665965308,0,,,1,-0.6405735889,-0.6405735889,-0.6405735889,2.798001502e-33,0.1618269062,0.1618269062,0.1618269062,0.007379104965,-0.1798291158,-0.1798291158,-0.1798291158,0.003022931709,-0.2477189411,-0.3657751822,-0.1288153953,8.958930444e-17,1,1,0.1053163191,2.798001502e-31,0.02059026584,0.01604153253,0.8135451718,0.008719995313,0.9906197228,3.89518715e-16,retained
within_花叶类,102900005115762,102900051010455,0.2237681249,0.5768442623,0.2026857248,0.2026857248,0.2026857248,0.0007060709916,0.1056873552,0.1056873552,0.1056873552,0.07964431646,0.2334249821,0.2334249821,0.2334249821,9.899913071e-05,0.02206046529,0.02206046529,0.02206046529,0.7182096591,0.1493707272,0.08423077425,0.2113448167,6.869113803e-07,0.04492202796,0.04492202796,0.04492202796,0.4573067009,-0.2838496961,-0.2838496961,-0.2838496961,1.64130473e-06,0.2428737367,0.2428737367,0.2428737367,5.004733719e-05,0.00502501944,0.00502501944,0.00502501944,0.9344980662,0.2166827628,0.08942032804,0.3468298179,4.220524455e-13,0.006619415546,0.5837957884,0.3651638351,1.004880447e-05,0.0008485639775,0.0001668244573,0.8684085768,0.9499610705,6.43979419e-06,1.376257975e-12,retained
within_花叶类,102900005115779,102900005115786,0.4866848076,0.5417536534,0.05183701625,0.05183701625,0.05183701625,0.390975482,0.1330474385,0.1330474385,0.1330474385,0.02709452627,0.1542894255,0.1542894255,0.1542894255,0.01068341323,0.004133999785,0.004133999785,0.004133999785,0.9460931647,0.102387385,0.03058625917,0.174599546,0.0006909886762,-0.2219849111,-0.2219849111,-0.2219849111,0.0002010908264,0.03819018461,0.03819018461,0.03819018461,0.5275083871,0.03042467998,0.03042467998,0.03042467998,0.6167177708,-0.07620035899,-0.07620035899,-0.07620035899,0.2119922638,0.1072336342,-0.02402886982,0.2287130704,0.0003784879942,0.6480256608,0.0005291863854,0.1794650197,1,0.042171368,0.6955463581,0.991383409,0.3164063639,0.00272758688,0.0006379011139,retained
within_花叶类,102900005115779,102900005115793,0.8333164611,0.5462184874,0.01085488266,0.01085488266,0.01085488266,0.8575280777,0.1489580891,0.1489580891,0.1489580891,0.01323870933,0.1502612837,0.1502612837,0.1502612837,0.01293843549,0.0478673193,0.0478673193,0.0478673193,0.4334273069,0.1092830716,0.03646845558,0.173942756,0.0002912192106,0.3615512905,0.3615512905,0.3615512905,6.018930118e-10,0.3689059668,0.3689059668,0.3689059668,2.52552709e-10,0.3835342281,0.3835342281,0.3835342281,5.361251869e-11,-0.09171947032,-0.09171947032,-0.09171947032,0.1327661363,0.4306105547,0.3422825031,0.5222541409,1.176043294e-50,1,4.103815989e-09,0.1073408865,2.52552709e-09,0.04976321342,3.350782418e-10,0.6634091432,0.2200543695,0.001360748661,1.764064942e-49,retained
within_花叶类,102900005115779,102900005115823,0.6982563511,0.82,0.1594270757,0.1594270757,0.1594270757,0.007964423163,0.1518333163,0.1518333163,0.1518333163,0.01154824091,0.303397366,0.303397366,0.303397366,3.205916062e-07,0.4155990322,0.4155990322,0.4155990322,1.063310535e-12,0.2605864695,0.1720507133,0.3342192511,1.867257722e-18,-0.3123176639,-0.3123176639,-0.3123176639,1.169606604e-07,-0.02584858197,-0.02584858197,-0.02584858197,0.6689777527,0.5905156606,0.5905156606,0.5905156606,4.758245336e-27,0.5973355629,0.5973355629,0.5973355629,1.682211282e-27,0.2187839275,0.06444701821,0.3352028118,2.473722486e-13,0.03853753143,5.085246103e-07,0.09898492211,1,5.657498933e-06,1.297703273e-25,7.974829016e-11,7.209476923e-26,1.867257722e-16,8.530077537e-13,weak
within_花叶类,102900005115779,102900005115854,-0.3603603651,0.1863580999,0.02405464471,0.02405464471,0.02405464471,0.6907262589,0,,,1,-0.03550388497,-0.03550388497,-0.03550388497,0.5591443022,-0.04914557436,-0.04914557436,-0.04914557436,0.4212331461,0.00523225331,-0.07045569992,0.07266779265,0.862696391,0.420376436,0.420376436,0.420376436,3.03573541e-13,0,,,1,-0.1178648099,-0.1178648099,-0.1178648099,0.05173933026,0.2437031642,0.2437031642,0.2437031642,5.186558054e-05,0.1406373752,0.04493862305,0.2314041213,2.986843149e-06,0.9124523404,3.140415941e-12,1,1,0.7279668305,0.08972138196,0.651391463,0.0002222810595,0.9309673284,6.013778153e-06,retained
within_花叶类,102900005115779,102900005115878,-0.593282922,0.3966244726,0.135890454,0.135890454,0.135890454,0.02395694146,0,,,1,0.1074809216,0.1074809216,0.1074809216,0.07625077655,0.2147907896,0.2147907896,0.2147907896,0.0003785912405,0.1322321573,0.06665293946,0.2021486494,1.133723724e-05,-0.2272656199,-0.2272656199,-0.2272656199,0.0001398474548,0,,,1,-0.1931845105,-0.1931845105,-0.1931845105,0.001338687338,0.1826118702,0.1826118702,0.1826118702,0.002594768127,-0.1584168799,-0.263880368,-0.05320398799,1.368258516e-07,0.09214208252,0.0003814021496,1,1,0.1877696831,0.00371857594,0.00329667971,0.007707232061,7.393850372e-05,3.086297404e-07,retained
within_花叶类,102900005115779,102900005115885,-0.4002726584,0.3002336449,0.0154718334,0.0154718334,0.0154718334,0.7980387362,0,,,1,0.01029975454,0.01029975454,0.01029975454,0.8654792634,0.1425922878,0.1425922878,0.1425922878,0.01907046703,0.04751060235,-0.0193228782,0.1102044406,0.1161234817,-0.1456052387,-0.1456052387,-0.1456052387,0.01548157997,0,,,1,0.2492899635,0.2492899635,0.2492899635,3.099833054e-05,0.1627027522,0.1627027522,0.1627027522,0.007385360115,0.01305056916,-0.1048261028,0.1283962408,0.6661930382,0.9796233779,0.02849370547,1,1,0.9511297683,0.0001056761268,0.08413441335,0.01816072159,0.208605057,0.7037250404,retained
within_花叶类,102900005115779,102900005115908,0.862159233,0.7303754266,0.06781126521,0.06781126521,0.06781126521,0.2615456794,0.07872465174,0.07872465174,0.07872465174,0.1922468632,0.360090419,0.360090419,0.360090419,8.831931051e-10,0.2088377368,0.2088377368,0.2088377368,0.0005527603553,0.1761130468,0.0994024795,0.2460193471,4.438123394e-09,0.01074614631,0.01074614631,0.01074614631,0.8589403014,0.2245208872,0.2245208872,0.2245208872,0.0001690838737,0.5236608581,0.5236608581,0.5236608581,1.261570848e-20,0.3211448931,0.3211448931,0.3211448931,6.81148455e-08,0.3409279912,0.2122516852,0.4482543461,3.317392188e-31,0.530160161,0.9723852469,0.6553870336,0.0006674363436,2.649579315e-08,1.802244068e-19,0.004606336294,4.984013086e-07,5.788856601e-08,3.210379537e-30,weak
within_花叶类,102900005115779,102900005115946,0.6656963493,0.3468271335,-0.02251164587,-0.02251164587,-0.02251164587,0.7096386784,0.09852240118,0.09852240118,0.09852240118,0.1024007373,0.08207765024,0.08207765024,0.08207765024,0.1763096423,0.01045562544,0.01045562544,0.01045562544,0.8642150802,0.0403317331,-0.01657248887,0.09668796568,0.1823261347,-0.03672082222,-0.03672082222,-0.03672082222,0.5435268707,-0.3310884748,-0.3310884748,-0.3310884748,1.748323828e-08,0.01239013522,0.01239013522,0.01239013522,0.8385198606,-0.002163442082,-0.002163442082,-0.002163442082,0.9717734696,0.06832759157,-0.05576427475,0.2150272366,0.02375467406,0.9256156674,0.6693481225,0.4326791715,1.41755986e-07,0.3479795571,0.8704358415,0.9543185369,0.9750235481,0.3038768912,0.03268991843,retained
within_花叶类,102900005115779,102900005115960,-0.6060348194,0.541218638,0.07993342663,0.07993342663,0.07993342663,0.1854875993,0.153461408,0.153461408,0.153461408,0.01067804195,0.1942689973,0.1942689973,0.1942689973,0.001255725265,0.1662715278,0.1662715278,0.1662715278,0.006171403582,0.1618251299,0.1100401743,0.2297228128,7.271479714e-08,0.07434281513,0.07434281513,0.07434281513,0.2182575438,0.2566400554,0.2566400554,0.2566400554,1.583125975e-05,0.03435803558,0.03435803558,0.03435803558,0.571903705,0.01301291199,0.01301291199,0.01301291199,0.8314510339,0.06583126763,-0.06918132836,0.2113984784,0.02938494391,0.4132888495,0.3045454099,0.09707310866,8.18858263e-05,0.006609080343,0.6523616406,0.03366220136,0.8781664807,7.790871122e-07,0.03970938366,weak
within_花叶类,102900005115779,102900005115984,0.7885878131,0.922705314,0.3614995989,0.3614995989,0.3614995989,6.055310853e-10,0.2973301587,0.2973301587,0.2973301587,4.867862884e-07,0.320800295,0.320800295,0.320800295,5.956681855e-08,0.3614350983,0.3614350983,0.3614350983,9.383951035e-10,0.3456006265,0.2703328402,0.4192866009,4.486457076e-32,0.6731308709,0.6731308709,0.6731308709,8.820903274e-38,0.3106032118,0.3106032118,0.3106032118,1.382435059e-07,0.557132291,0.557132291,0.557132291,1.163768489e-23,0.6697901594,0.6697901594,0.6697901594,1.637304417e-36,0.574729408,0.4730577273,0.6736576548,2.890191731e-97,4.57901849e-08,5.292541964e-36,0.000111366704,9.874536132e-07,1.276431826e-06,2.493789619e-22,5.630370621e-08,2.455956625e-34,1.345937123e-29,1.238653599e-95,clear
within_花叶类,102900005115779,102900005116790,0.3422490359,0.4823113208,0.1487444035,0.1487444035,0.1487444035,0.01337262024,0.03258638718,0.03258638718,0.03258638718,0.5898510111,0.08011885815,0.08011885815,0.08011885815,0.186892001,-0.08150177055,-0.08150177055,-0.08150177055,0.1818044323,0.04865932495,-0.02131721715,0.1064343933,0.1075530586,0.009111360853,0.009111360853,0.009111360853,0.8802238589,0.2809614475,0.2809614475,0.2809614475,2.11234523e-06,0.09746193418,0.09746193418,0.09746193418,0.1081039678,-0.08376578594,-0.08376578594,-0.08376578594,0.1699266259,0.1033948411,-0.0209220589,0.2267262072,0.000610972007,0.05599687105,0.9890155719,1,1.21866071e-05,0.3612218489,0.1637384256,0.3923836668,0.26289682,0.1979504147,0.001007096715,retained
within_花叶类,102900005115779,102900005118817,-0.5784926216,0.7539863326,0.1872760259,0.1872760259,0.1872760259,0.001779044772,0.1657878267,0.1657878267,0.1657878267,0.005764134215,0.313732316,0.313732316,0.313732316,1.195453678e-07,0.2727272507,0.2727272507,0.2727272507,5.439907917e-06,0.2471153946,0.1782142509,0.3349579382,1.068541918e-16,0.6645244972,0.6645244972,0.6645244972,1.550519933e-36,0.4644157464,0.4644157464,0.4644157464,3.594557663e-16,0.4150231938,0.4150231938,0.4150231938,8.617757592e-13,0.3183338402,0.3183338402,0.3183338402,8.98142947e-08,0.3329196133,0.2302729074,0.4525841801,9.458011245e-30,0.01301740077,7.752599667e-35,0.05578194402,5.675617363e-15,2.241475647e-06,6.305676287e-12,0.0001104443415,6.266113584e-07,6.411251511e-15,8.598192041e-29,weak
within_花叶类,102900005115779,102900005118831,-0.6477244095,0.4905472637,0.0776129359,0.0776129359,0.0776129359,0.1986207914,0.01633598349,0.01633598349,0.01633598349,0.787021729,0.2129561478,0.2129561478,0.2129561478,0.0003953079626,0.1479338788,0.1479338788,0.1479338788,0.01497740945,0.134854371,0.07305239521,0.2008413385,7.541311872e-06,-0.773308711,-0.773308711,-0.773308711,3.726419513e-56,-0.2317105075,-0.2317105075,-0.2317105075,0.0001023313168,-0.04315793557,-0.04315793557,-0.04315793557,0.4776141382,-0.6516325477,-0.6516325477,-0.6516325477,5.066947193e-34,-0.4265721302,-0.5219450336,-0.3139449259,1.20492995e-49,0.4256159815,5.589629269e-54,1,0.0004323858456,0.00275796253,0.555365277,0.06912650514,3.800210395e-32,5.261380376e-05,1.721328499e-48,retained
within_花叶类,102900005115779,102900005119975,0.7752949333,0.5471910112,0.1940609516,0.1940609516,0.1940609516,0.001194423528,0.1787504076,0.1787504076,0.1787504076,0.00288073561,0.07683119493,0.07683119493,0.07683119493,0.205689917,-0.0830944858,-0.0830944858,-0.0830944858,0.1733865254,0.1271977405,0.05217158728,0.2006511341,2.427648306e-05,0.2913361614,0.2913361614,0.2913361614,8.421834251e-07,0.1740001743,0.1740001743,0.1740001743,0.003734716081,0.1430938348,0.1430938348,0.1430938348,0.0179991207,-0.1099689349,-0.1099689349,-0.1099689349,0.07122099733,0.3360463579,0.2279608345,0.455409928,2.587134887e-30,0.009684515091,3.081158872e-06,0.03864314377,0.01231225082,0.3850368737,0.03396060509,0.384692238,0.1302823122,0.000148631529,2.425438957e-29,retained
within_花叶类,102900005115779,102900005122654,-0.5261959607,0.3049180328,0.003812377288,0.003812377288,0.003812377288,0.9497276847,0,,,1,0.1090751907,0.1090751907,0.1090751907,0.07196796313,0.2266528912,0.2266528912,0.2266528912,0.0001726475106,0.1390957957,0.06994262874,0.2145545063,3.837260335e-06,0.02020783869,0.02020783869,0.02020783869,0.7382072715,0,,,1,0.0740584855,0.0740584855,0.0740584855,0.2225755895,-0.0507660719,-0.0507660719,-0.0507660719,0.4060654931,-0.1442621845,-0.26842043,-0.02828945906,1.639855872e-06,1,0.8485141051,1,1,0.1829693978,0.2915837417,0.001849794757,0.5228508201,2.794278148e-05,3.440257075e-06,retained
within_花叶类,102900005115779,102900011000571,-0.3139626075,0.1279620853,-0.1160542369,-0.1160542369,-0.1160542369,0.05412940613,-0.1129983385,-0.1129983385,-0.1129983385,0.0608259857,-0.1099810499,-0.1099810499,-0.1099810499,0.06962311239,0.01265762735,0.01265762735,0.01265762735,0.8359869142,-0.07713432037,-0.1439645856,-0.002628798794,0.01066999856,0.06937428789,0.06937428789,0.06937428789,0.2506854904,0.0724468627,0.0724468627,0.0724468627,0.2302588452,-0.04927078489,-0.04927078489,-0.04927078489,0.4174551539,-0.1450681104,-0.1450681104,-0.1450681104,0.01706592851,-0.05324004552,-0.1743965021,0.06533075897,0.07823981162,0.1758763584,0.3387641762,0.3146171674,0.5193808539,0.178520801,0.4950061113,0.9358062473,0.03908227903,0.03048571016,0.1003074508,retained
within_花叶类,102900005115779,102900011006948,0.4679817513,0.278436019,-0.02104745271,-0.02104745271,-0.02104745271,0.7277514392,0.06124577768,0.06124577768,0.06124577768,0.3106660274,0.04732090133,0.04732090133,0.04732090133,0.4361456098,0.08570179519,0.08570179519,0.08570179519,0.1602368032,0.04616021384,-0.0185837551,0.1058510209,0.1268737422,0.2361701858,0.2361701858,0.2361701858,7.434440566e-05,0.2858267187,0.2858267187,0.2858267187,1.37871219e-06,0.2068845461,0.2068845461,0.2068845461,0.0005819316405,0.1165798054,0.1165798054,0.1165798054,0.05571697291,0.2745015294,0.162794756,0.3598444775,2.216170748e-20,0.9370190204,0.0002124125876,0.9093069455,8.800290578e-06,0.6260463298,0.001728509823,0.3669545112,0.1087251321,0.2238948392,1.231205971e-19,retained
within_花叶类,102900005115779,102900011008164,0.295241916,0.7350993377,0.2112329403,0.2112329403,0.2112329403,0.0004104227887,0.1769286799,0.1769286799,0.1769286799,0.003184714694,0.4771000439,0.4771000439,0.4771000439,6.338235004e-17,0.1000792709,0.1000792709,0.1000792709,0.1008051108,0.2423133964,0.170283788,0.3337383693,4.269890466e-16,0.3361574216,0.3361574216,0.3361574216,1.023195144e-08,0.06489155553,0.06489155553,0.06489155553,0.2826884941,0.7076813756,0.7076813756,0.7076813756,8.878230541e-43,0.2619555638,0.2619555638,0.2619555638,1.295950942e-05,0.3510348549,0.2479802581,0.4756983684,4.19424752e-33,0.004397387022,5.903048905e-08,0.03980893367,0.6145402045,1.901470501e-14,1.331734581e-40,0.2759792419,6.270730365e-05,2.134945233e-14,4.660275023e-32,weak
within_花叶类,102900005115779,102900011008522,0.7913576522,0.3356562137,0,,,1,0.02616000691,0.02616000691,0.02616000691,0.665229593,0.1949307306,0.1949307306,0.1949307306,0.001207450231,0.09588058754,0.09588058754,0.09588058754,0.1159986558,0.1059855217,0.04461490494,0.171171834,0.0004430157242,0,,,1,-0.1834113912,-0.1834113912,-0.1834113912,0.002219120567,-0.1622828525,-0.1622828525,-0.1622828525,0.007212218118,0.06019658598,0.06019658598,0.06019658598,0.3244101116,0.02591841038,-0.1102908574,0.1530015694,0.3915416727,1,1,1,0.007565183753,0.006586092171,0.01579317836,0.2949118367,0.4505695994,0.001954481136,0.4441107237,retained
within_花叶类,102900005115779,102900051010455,0.7958214072,0.7985309549,0.1949362595,0.1949362595,0.1949362595,0.001133486406,0.1380892298,0.1380892298,0.1380892298,0.02175015683,0.1907213793,0.1907213793,0.1907213793,0.001546118577,0.2502174221,0.2502174221,0.2502174221,3.199784934e-05,0.1916487374,0.1125863527,0.2583259824,1.616851785e-10,-0.0823721375,-0.0823721375,-0.0823721375,0.1723857177,0.02942526892,0.02942526892,0.02942526892,0.6264453737,-0.07578977016,-0.07578977016,-0.07578977016,0.2119201912,0.5647854664,0.5647854664,0.5647854664,3.761947391e-24,0.222417716,0.06989410197,0.3737814487,9.693116205e-14,0.009445720046,0.2498343735,0.1553582631,1,0.007730592884,0.2813099883,0.0004571121335,1.128584217e-22,2.853267856e-09,3.421099837e-13,weak
within_花叶类,102900005115786,102900005115793,0.7857213484,0.4641943734,0.05446848715,0.05446848715,0.05446848715,0.3673432455,0.105900249,0.105900249,0.105900249,0.07903647412,0.2206619249,0.2206619249,0.2206619249,0.0002382212274,-0.1120092546,-0.1120092546,-0.1120092546,0.0660995501,0.1027066508,0.0300065151,0.1704473237,0.0006646351842,0.1145325789,0.1145325789,0.1145325789,0.05738319083,-0.04993886982,-0.04993886982,-0.04993886982,0.4085787726,0.3301241153,0.3301241153,0.3301241153,2.311222625e-08,-0.006448245871,-0.006448245871,-0.006448245871,0.9160068371,0.3049013051,0.1975748277,0.4153202421,5.447232094e-25,0.6284885972,0.09458767719,0.3651638351,0.8282002148,0.001880693901,1.100582202e-07,0.2071108049,0.9411029149,0.002680157287,3.985779581e-24,retained
within_花叶类,102900005115786,102900005115823,0.2999873736,0.650364204,0.02982366626,0.02982366626,0.02982366626,0.6217801012,0.1844568199,0.1844568199,0.1844568199,0.002091201326,0.2510964447,0.2510964447,0.2510964447,2.702405739e-05,0.09790297859,0.09790297859,0.09790297859,0.1084707697,0.1406492172,0.061721715,0.2158732939,2.981069559e-06,-0.1652476208,-0.1652476208,-0.1652476208,0.005927170404,0.0571962843,0.0571962843,0.0571962843,0.3438025035,0.05908385412,0.05908385412,0.05908385412,0.3307540947,0.1661421668,0.1661421668,0.1661421668,0.006212077546,0.2039362162,0.08220473099,0.2974804038,9.597172339e-12,0.8514797957,0.01207181896,0.03690355281,0.7162552156,0.0002795592144,0.4083383885,0.2854493939,0.01606571779,2.29313043e-05,2.850645249e-11,retained
within_花叶类,102900005115786,102900005115854,-0.08418503504,0.1477900552,0.09358724682,0.09358724682,0.09358724682,0.1208686233,0,,,1,0.03201715188,0.03201715188,0.03201715188,0.5983894994,0.2162914411,0.2162914411,0.2162914411,0.0003435793424,0.08578449486,0.004391821263,0.1647677886,0.004501861992,-0.1648980946,-0.1648980946,-0.1648980946,0.00603484897,0,,,1,-0.1765684029,-0.1765684029,-0.1765684029,0.003422112233,0.1156455423,0.1156455423,0.1156455423,0.057721632,-0.01692428178,-0.1271795851,0.1012537209,0.5758627145,0.3150660581,0.01215070262,1,1,0.7699935286,0.008020575546,0.003221056335,0.1091922133,0.01392328451,0.6192072198,retained
within_花叶类,102900005115786,102900005115878,-0.8101629812,0.1821821822,-0.05872022841,-0.05872022841,-0.05872022841,0.3310778035,0,,,1,-0.001042898652,-0.001042898652,-0.001042898652,0.9863149939,0.1571117551,0.1571117551,0.1571117551,0.009717864603,0.01164622355,-0.06880059831,0.09071050873,0.7002703415,-0.300542014,-0.300542014,-0.300542014,3.610185599e-07,0,,,1,-0.3912047724,-0.3912047724,-0.3912047724,2.039821279e-11,-0.3549294665,-0.3549294665,-0.3549294665,1.9543488e-09,-0.5209448757,-0.6134103249,-0.4016609861,3.314090212e-77,0.6093411653,1.425073263e-06,1,1,0.9896137062,1.302013583e-10,0.04858932301,1.832202e-08,0.7957617517,8.285225529e-76,retained
within_花叶类,102900005115786,102900005115885,-0.6038098937,0.2079701121,0.08423399851,0.08423399851,0.08423399851,0.1628559194,0,,,1,0.1051841766,0.1051841766,0.1051841766,0.08278177287,0.005433813728,0.005433813728,0.005433813728,0.9291827788,0.05924560655,-0.0216076546,0.137014073,0.04999974138,-0.3413344942,-0.3413344942,-0.3413344942,5.860747613e-09,0,,,1,0.001509535915,0.001509535915,0.001509535915,0.9801927971,0.0904413499,0.0904413499,0.0904413499,0.1382744571,-0.1332799636,-0.23882859,0.003778551094,9.641694982e-06,0.3729524871,3.447498596e-08,1,1,0.1970994592,0.9834710339,0.9862114452,0.2254474845,0.1079131109,1.890528428e-05,retained
within_花叶类,102900005115786,102900005115908,0.3982515485,0.4929577465,0.1538329548,0.1538329548,0.1538329548,0.01048777553,0.1034794578,0.1034794578,0.1034794578,0.08617356146,0.2791543248,0.2791543248,0.2791543248,2.803934143e-06,0.1651543513,0.1651543513,0.1651543513,0.006530665873,0.1814010982,0.1223981143,0.2352960161,1.484151968e-09,0.02717805198,0.02717805198,0.02717805198,0.6530352479,0.001371728281,0.001371728281,0.001371728281,0.9819011851,-0.09922167956,-0.09922167956,-0.09922167956,0.101854628,0.2299544605,0.2299544605,0.2299544605,0.0001377245604,0.06382809507,-0.06473578884,0.185942477,0.03469819939,0.04696018895,0.7765520752,0.3858517677,1,3.823546559e-05,0.1558999409,0.03498571003,0.0005508982418,2.226227952e-08,0.04647080276,weak
within_花叶类,102900005115786,102900005115946,0.932838764,0.5367231638,0.09477282389,0.09477282389,0.09477282389,0.1162113628,0.1891371474,0.1891371474,0.1891371474,0.001596970542,0.4235421685,0.4235421685,0.4235421685,2.611221831e-13,0.1380874637,0.1380874637,0.1380874637,0.02324621459,0.210965038,0.1269059842,0.302281979,1.756739832e-12,0.5641939571,0.5641939571,0.5641939571,1.345613938e-24,0.1444733541,0.1444733541,0.1444733541,0.01631048031,0.7041430684,0.7041430684,0.7041430684,3.439045631e-42,0.1163307971,0.1163307971,0.1163307971,0.05624555092,0.5732087644,0.4582630215,0.6648335385,1.202048158e-96,0.3110079356,4.036841814e-23,0.03411907315,0.04844697123,1.958416373e-11,3.269851958e-40,0.09822344192,0.1087251321,4.054014996e-11,4.507680592e-95,weak
within_花叶类,102900005115786,102900005115960,-0.7549002118,0.4090909091,0.03824729228,0.03824729228,0.03824729228,0.5268906876,0.06936813063,0.06936813063,0.06936813063,0.2507276486,0.07663727809,0.07663727809,0.07663727809,0.2068398733,-0.03941964394,-0.03941964394,-0.03941964394,0.5189424591,0.04006370499,-0.02230805204,0.1174596548,0.1852517273,-0.2846374396,-0.2846374396,-0.2846374396,1.531403897e-06,-0.2248607799,-0.2248607799,-0.2248607799,0.0001651758484,-0.1571374667,-0.1571374667,-0.1571374667,0.009306097476,0.09094872468,0.09094872468,0.09094872468,0.1360672241,-0.1254738591,-0.2636418223,0.01243068211,3.13060833e-05,0.7825109222,5.404954929e-06,0.783523902,0.0006607033936,0.3850368737,0.0198002074,0.744893482,0.2230610231,0.3070470618,5.906808169e-05,retained
within_花叶类,102900005115786,102900005115984,0.2364884142,0.5220588235,0.0417555272,0.0417555272,0.0417555272,0.4896610762,0.2927266,0.2927266,0.2927266,7.424446934e-07,0.2626990562,0.2626990562,0.2626990562,1.092159806e-05,0.06947533191,0.06947533191,0.06947533191,0.2552562445,0.1775914343,0.1047102324,0.2554292193,3.278232928e-09,-0.3203627997,-0.3203627997,-0.3203627997,5.262099828e-08,-0.176631911,-0.176631911,-0.176631911,0.003236901003,0.007454903841,0.007454903841,0.007454903841,0.9024145503,-0.04814082309,-0.04814082309,-0.04814082309,0.4308012288,-0.01454174779,-0.1424948248,0.08379697675,0.6307484604,0.7533247327,2.428661459e-07,0.000111366704,0.01078967001,0.0001335306557,0.9177097121,0.4786054584,0.5499590155,4.683189897e-08,0.6758019219,weak
within_花叶类,102900005115786,102900005116790,-0.1370695332,0.382133995,0.1824957025,0.1824957025,0.1824957025,0.002336980554,-0.03336540669,-0.03336540669,-0.03336540669,0.5809855048,-0.01678672485,-0.01678672485,-0.01678672485,0.782464337,0.01280800379,0.01280800379,0.01280800379,0.8340664034,0.03610764663,-0.04221410208,0.1183080129,0.2325347053,-0.2883940254,-0.2883940254,-0.2883940254,1.097199238e-06,-0.2829880106,-0.2829880106,-0.2829880106,1.770145522e-06,-0.0528589152,-0.0528589152,-0.0528589152,0.3843148459,0.2522453874,0.2522453874,0.2522453874,2.745679554e-05,-0.03273021151,-0.1621214596,0.08901069025,0.2791986502,0.01491689715,3.965780377e-06,1,1.041262072e-05,0.9063293478,0.464896991,0.9358062473,0.0001248036161,0.363335477,0.3297621853,retained
within_花叶类,102900005115786,102900005118817,-0.6233898958,0.408266129,-0.09007071035,-0.09007071035,-0.09007071035,0.1355389806,0.1132885995,0.1132885995,0.1132885995,0.06016190268,0.1269613964,0.1269613964,0.1269613964,0.03602786719,0.03855990017,0.03855990017,0.03855990017,0.5281066425,0.05281957947,-0.02558109562,0.1201137027,0.08062612812,-0.2213230741,-0.2213230741,-0.2213230741,0.0002103302455,0.2210867112,0.2210867112,0.2210867112,0.000213724936,-0.3246598053,-0.3246598053,-0.3246598053,4.040985917e-08,-0.2979342238,-0.2979342238,-0.2979342238,6.146759503e-07,-0.3467366471,-0.4377302253,-0.2299436655,2.744180379e-32,0.3360470594,0.000548687597,0.3146171674,0.000832694556,0.1122600751,1.818782058e-07,0.7544380607,4.097839669e-06,0.1580904473,2.838807288e-31,retained
within_花叶类,102900005115786,102900005118831,-0.5083467587,0.5259009009,-0.0563926591,-0.0563926591,-0.0563926591,0.3506360569,0.03866158127,0.03866158127,0.03866158127,0.5224205928,0.06728751095,0.06728751095,0.06728751095,0.267893362,0.1892770132,0.1892770132,0.1892770132,0.001784129223,0.05676625583,-0.01412530253,0.1223561132,0.06040733096,0.05029663258,0.05029663258,0.05029663258,0.4052254839,0.07788435511,0.07788435511,0.07788435511,0.1970506346,-0.01021304357,-0.01021304357,-0.01021304357,0.8666011608,0.0979809242,0.0979809242,0.0979809242,0.1081885169,0.07136476859,-0.09733136189,0.2119810514,0.01818493908,0.6239930821,0.5239984705,1,0.4582572898,0.4417993526,0.8934032585,0.01189419482,0.1859521883,0.1249806848,0.02549290525,retained
within_花叶类,102900005115786,102900005119975,0.892190757,0.7115117892,0.05492125306,0.05492125306,0.05492125306,0.363368256,0.214812465,0.214812465,0.214812465,0.0003249043116,0.4264011928,0.4264011928,0.4264011928,1.735860992e-13,-0.06065753162,-0.06065753162,-0.06065753162,0.3207122113,0.176388387,0.09129615392,0.2683560939,4.195480009e-09,0.4241064165,0.4241064165,0.4241064165,1.780299329e-13,0.5765407874,0.5765407874,0.5765407874,7.542831136e-26,0.670125951,0.670125951,0.670125951,5.965712626e-37,0.1669973606,0.1669973606,0.1669973606,0.005947577171,0.7226334213,0.6487263295,0.7959842741,1.705042098e-177,0.6284885972,1.907463567e-12,0.01317378952,2.828561676e-24,1.735860992e-11,2.982856313e-35,0.5497923622,0.01565151887,5.721109104e-08,2.557563148e-175,weak
within_花叶类,102900005115786,102900005122654,-0.5764914172,0.09822361546,-0.06154281505,-0.06154281505,-0.06154281505,0.3083208169,0,,,1,-0.04592900103,-0.04592900103,-0.04592900103,0.4497759804,0.2145457981,0.2145457981,0.2145457981,0.0003846126329,0.04128013295,-0.05472020782,0.1194653464,0.1722487608,-0.2857718033,-0.2857718033,-0.2857718033,1.385429968e-06,0,,,1,-0.5057956446,-0.5057956446,-0.5057956446,3.874418332e-19,0.2780168736,0.2780168736,0.2780168736,3.503285422e-06,-0.579582288,-0.6467748365,-0.5074169818,2.908347954e-99,0.5817373903,4.947964173e-06,1,1,0.6352775686,4.843022915e-18,0.00329667971,1.843834433e-05,0.2919470522,1.454173977e-97,retained
within_花叶类,102900005115786,102900011000571,-0.2544697856,0.07723035952,0.0728119108,0.0728119108,0.0728119108,0.2279125627,-0.1142014,-0.1142014,-0.1142014,0.05811237944,-0.01722837064,-0.01722837064,-0.01722837064,0.776889931,-0.0001173104684,-0.0001173104684,-0.0001173104684,0.9984691281,0.01719117994,-0.04787826199,0.0982542209,0.5698571576,-0.2833157728,-0.2833157728,-0.2833157728,1.720038368e-06,0.2844194021,0.2844194021,0.2844194021,1.561097731e-06,-0.3222866235,-0.3222866235,-0.3222866235,5.13318002e-08,0.1215395587,0.1215395587,0.1215395587,0.04601716964,-0.1871088841,-0.315149997,-0.04662207387,4.384303803e-10,0.4815054142,6.000133843e-06,0.3113163184,9.756860816e-06,0.9063293478,2.264638244e-07,0.9984691281,0.09265201941,0.6859786383,1.195719219e-09,retained
within_花叶类,102900005115786,102900011006948,0.7436295681,0.3164556962,0.1107532895,0.1107532895,0.1107532895,0.06616896043,0.05908411945,0.05908411945,0.05908411945,0.3280847576,-0.1151650585,-0.1151650585,-0.1151650585,0.05737594414,0.0946393485,0.0946393485,0.0946393485,0.1208172927,0.05226673373,-0.03790050465,0.1279758458,0.08385322344,0.05858894841,0.05858894841,0.05858894841,0.3321618944,0.0447537921,0.0447537921,0.0447537921,0.4589950935,-0.01183612991,-0.01183612991,-0.01183612991,0.8456478192,0.3248643341,0.3248643341,0.3248643341,4.703588571e-08,0.2171502362,0.1171161289,0.3015882971,3.749323725e-13,0.2025580421,0.4409228686,0.9157549877,0.9179901871,0.1545571562,0.8748080888,0.3016372218,3.618145055e-07,0.1622965615,1.249774575e-12,retained
within_花叶类,102900005115786,102900011008164,0.8567338226,0.5089757128,0.05450968479,0.05450968479,0.05450968479,0.3669804468,0.139766042,0.139766042,0.139766042,0.02018761827,0.2184457714,0.2184457714,0.2184457714,0.00027607387,0.1203211523,0.1203211523,0.1203211523,0.04825831596,0.1261454038,0.05692468298,0.2029612608,2.836441923e-05,0.07437131602,0.07437131602,0.07437131602,0.2180806112,0.6120663947,0.6120663947,0.6120663947,9.215233687e-30,-0.001556549374,-0.001556549374,-0.001556549374,0.9795760473,-0.1271214735,-0.1271214735,-0.1271214735,0.03683353335,0.1606540877,0.02890422609,0.3099796028,9.049141855e-08,0.6284885972,0.3045454099,0.1506453748,6.911425265e-28,0.002123645154,0.9834710339,0.1683429626,0.07781732397,0.0001643494953,2.072322562e-07,retained
within_花叶类,102900005115786,102900011008522,0.1689952377,0.2432098765,0,,,1,-0.01133880995,-0.01133880995,-0.01133880995,0.851248586,0.184174036,0.184174036,0.184174036,0.002248583598,-0.1765448181,-0.1765448181,-0.1765448181,0.003610093846,0.02666819433,-0.04752222558,0.1389104503,0.377982151,0,,,1,-0.7140060724,-0.7140060724,-0.7140060724,2.5588363e-44,0.4331363148,0.4331363148,0.4331363148,6.532883976e-14,-0.2375957865,-0.2375957865,-0.2375957865,8.060705902e-05,-0.06398014142,-0.2330047957,0.06695987073,0.03426799066,1,1,1,7.6765089e-42,0.01037807814,5.296932953e-13,0.02082746449,0.0003405932071,0.5127767677,0.04610043587,retained
within_花叶类,102900005115786,102900051010455,0.3472303194,0.5981688708,0.0803264141,0.0803264141,0.0803264141,0.1833281802,0.002130902978,0.002130902978,0.002130902978,0.9718878944,0.1470091953,0.1470091953,0.1470091953,0.01505438916,0.08186489949,0.08186489949,0.08186489949,0.1798591614,0.07891654295,-0.007326780595,0.1555814498,0.008988191951,0.02310609245,0.02310609245,0.02310609245,0.7023307432,-0.5828527457,-0.5828527457,-0.5828527457,1.648540857e-26,0.430499294,0.430499294,0.430499294,9.602807418e-14,0.1179288613,0.1179288613,0.1179288613,0.0529243488,0.2569238559,0.135391347,0.4003831057,5.745728033e-18,0.4132888495,0.8198413345,1,8.242704286e-25,0.05507703353,7.581163751e-13,0.3909981771,0.1051477128,0.02617919986,2.736060968e-17,retained
within_花叶类,102900005115793,102900005115823,0.5944922949,0.4861702128,0.01195147601,0.01195147601,0.01195147601,0.8433120507,0.111476307,0.111476307,0.111476307,0.06440779253,0.2001400533,0.2001400533,0.2001400533,0.0008829443083,-0.02554364779,-0.02554364779,-0.02554364779,0.67605984,0.09662677934,0.03385269083,0.1559564359,0.001368102655,-0.2943906531,-0.2943906531,-0.2943906531,6.379206883e-07,0.1615982823,0.1615982823,0.1615982823,0.007141091817,0.4508013687,0.4508013687,0.4508013687,4.531670709e-15,-0.1335760303,-0.1335760303,-0.1335760303,0.02819671972,0.05468545801,-0.05097252696,0.1658986503,0.07047096728,1,2.392202581e-06,0.3220389626,0.02303578005,0.005193790049,4.119700645e-14,0.8450747999,0.06174464173,0.005130384957,0.09112625079,retained
within_花叶类,102900005115793,102900005115854,-0.4250505171,0.0826306914,-0.2725573887,-0.2725573887,-0.2725573887,4.331647142e-06,0,,,1,-0.05433005943,-0.05433005943,-0.05433005943,0.3712033307,-0.1821542345,-0.1821542345,-0.1821542345,0.002661158555,-0.07184536115,-0.1519433909,0.01298327983,0.01741734573,-0.006184723899,-0.006184723899,-0.006184723899,0.9185320408,0,,,1,-0.07463812518,-0.07463812518,-0.07463812518,0.218966467,-0.1216786358,-0.1216786358,-0.1216786358,0.04576698421,-0.1173527456,-0.2069626901,-0.02012280953,9.929211094e-05,0.0001082911786,1,1,1,0.5568049961,0.2893829961,0.017125764,0.09265201941,0.04504485964,0.000179443574,retained
within_花叶类,102900005115793,102900005115878,-0.7107797685,0.1923076923,-0.118322732,-0.118322732,-0.118322732,0.04956408185,0,,,1,0.03962226298,0.03962226298,0.03962226298,0.5144531757,0.01267743482,0.01267743482,0.01267743482,0.8357338902,-0.0217406544,-0.09938066289,0.05888371012,0.4723389954,-0.354984613,-0.354984613,-0.354984613,1.283105543e-09,0,,,1,-0.3277837242,-0.3277837242,-0.3277837242,2.940041474e-08,0.06934406119,0.06934406119,0.06934406119,0.256157445,-0.2812602704,-0.3834779829,-0.1635161851,2.33962652e-21,0.1685054135,8.554036956e-09,1,1,0.7015270578,1.356942219e-07,0.9358062473,0.3676901124,0.6122042555,1.4324244e-20,retained
within_花叶类,102900005115793,102900005115885,-0.7021262004,0.1762048193,-0.04025971686,-0.04025971686,-0.04025971686,0.5053604531,0,,,1,0.008333080251,0.008333080251,0.008333080251,0.8909867658,0.1215289401,0.1215289401,0.1215289401,0.04603631845,0.01535856462,-0.05123153586,0.0923384704,0.6116802893,-0.2348657698,-0.2348657698,-0.2348657698,8.167923392e-05,0,,,1,0.1537193281,0.1537193281,0.1537193281,0.0109798257,0.04858984153,0.04858984153,0.04858984153,0.4265098917,-0.1159510384,-0.2258230009,-0.02358166607,0.000120303989,0.7656976562,0.0002311676432,1,1,0.9660035808,0.02256128568,0.1624811239,0.5468075534,0.7182530017,0.0002135573769,retained
within_花叶类,102900005115793,102900005115908,0.8430556404,0.4899749373,0.1481477006,0.1481477006,0.1481477006,0.01375288187,0.2069058952,0.2069058952,0.2069058952,0.0005416091846,0.3010623829,0.3010623829,0.3010623829,3.985505007e-07,-0.03114488642,-0.03114488642,-0.03114488642,0.6103933898,0.1650348401,0.1003440087,0.223300971,3.960613627e-08,0.08594386554,0.08594386554,0.08594386554,0.154457284,0.515396076,0.515396076,0.515396076,3.947961859e-20,0.3914024444,0.3914024444,0.3914024444,1.988990729e-11,0.05305490271,0.05305490271,0.05305490271,0.3852037906,0.3940821888,0.2825622029,0.48362918,5.339603156e-42,0.05599687105,0.2305332597,0.01624827554,9.869904648e-19,6.292902642e-06,1.297167867e-10,0.8105802574,0.5090798995,4.400681807e-07,6.964699769e-41,weak
within_花叶类,102900005115793,102900005115946,0.9292611396,0.4179810726,0.05228358184,0.05228358184,0.05228358184,0.3869016139,0.1055393925,0.1055393925,0.1055393925,0.08006899328,0.07230469966,0.07230469966,0.07230469966,0.233752844,-0.1258728251,-0.1258728251,-0.1258728251,0.03874042474,0.04470413359,-0.02747510814,0.1188004094,0.1393156331,0.1713514165,0.1713514165,0.1713514165,0.004304648149,-0.4679315935,-0.4679315935,-0.4679315935,2.010404225e-16,0.1904758427,0.1904758427,0.1904758427,0.001568333058,-0.03159234408,-0.03159234408,-0.03159234408,0.6052708048,0.235057475,0.122189388,0.3499591988,3.273409445e-15,0.6448360232,0.009158825849,0.3651638351,3.350673709e-15,0.4053517526,0.004200892121,0.1434830546,0.7038032614,0.2429923833,1.259003633e-14,retained
within_花叶类,102900005115793,102900005115960,-0.6728687307,0.4319880419,-0.1021211605,-0.1021211605,-0.1021211605,0.09039953201,0.08869367912,0.08869367912,0.08869367912,0.1416428574,0.07995936219,0.07995936219,0.07995936219,0.1877737881,0.2008709942,0.2008709942,0.2008709942,0.0009026632594,0.05533910756,-0.02467712148,0.1416410219,0.06717135848,0.01674097523,0.01674097523,0.01674097523,0.7818729171,0.4455849346,0.4455849346,0.4455849346,7.227279768e-15,0.1632977325,0.1632977325,0.1632977325,0.006852786428,0.09872359808,0.09872359808,0.09872359808,0.1055280898,0.1554363837,0.02403192664,0.2767887346,2.352437296e-07,0.2607678808,0.8918702477,0.5591589964,1.032468538e-13,0.3612218489,0.01511644065,0.006769974445,0.1829966874,0.1361581591,5.113994121e-07,retained
within_花叶类,102900005115793,102900005115984,0.6164736861,0.56133829,0.05628988733,0.05628988733,0.05628988733,0.3515161029,0.2395832977,0.2395832977,0.2395832977,5.797440627e-05,0.1845008467,0.1845008467,0.1845008467,0.002207568853,0.09098820554,0.09098820554,0.09098820554,0.1358966114,0.1551640936,0.101152388,0.2120294709,2.47058164e-07,0.3685903413,0.3685903413,0.3685903413,2.622618081e-10,0.4295565388,0.4295565388,0.4295565388,8.066047101e-14,0.3393467922,0.3393467922,0.3393467922,8.777379515e-09,-0.1018275656,-0.1018275656,-0.1018275656,0.0949633482,0.329316739,0.2269115953,0.4314482534,4.134965287e-29,0.6239930821,1.966963561e-09,0.00434808047,1.0520931e-12,0.01037807814,4.388689758e-08,0.3235633604,0.1666023653,2.47058164e-06,3.648498783e-28,weak
within_花叶类,102900005115793,102900005116790,0.2118177854,0.3826606876,-0.01980504241,-0.01980504241,-0.01980504241,0.7432406346,0.1009876888,0.1009876888,0.1009876888,0.09405155176,0.1216093071,0.1216093071,0.1216093071,0.04469083411,0.001236747658,0.001236747658,0.001236747658,0.9838618413,0.07565687969,0.0154580692,0.1443260737,0.01227023023,-0.01186910065,-0.01186910065,-0.01186910065,0.8443782472,0.3463505602,0.3463505602,0.3463505602,3.382234619e-09,0.2831179339,0.2831179339,0.2831179339,1.993956744e-06,0.05387286256,0.05387286256,0.05387286256,0.3779093269,0.2147375359,0.09780873027,0.3227325924,6.887190365e-13,0.9528726084,0.9595207355,0.4148744182,3.170844955e-08,0.130167478,7.47733779e-06,0.9937998397,0.5038791025,0.03346426425,2.221674311e-12,retained
within_花叶类,102900005115793,102900005118817,-0.6483497723,0.4363852556,-0.06574949146,-0.06574949146,-0.06574949146,0.2763596764,0.0733939967,0.0733939967,0.0733939967,0.2242064404,0.01686221854,0.01686221854,0.01686221854,0.7815106675,-0.05779739265,-0.05779739265,-0.05779739265,0.3441011497,0.01009997204,-0.05768354091,0.07268955908,0.7384981965,0.311749258,0.311749258,0.311749258,1.236408697e-07,0.205024084,0.205024084,0.205024084,0.0006099856178,0.1446367258,0.1446367258,0.1446367258,0.01678363702,-0.1155766099,-0.1155766099,-0.1155766099,0.05787187307,-0.01103269466,-0.1187857583,0.1244198899,0.715354292,0.5449207113,5.298894414e-07,0.7473548012,0.002204767293,0.9063293478,0.03248445874,0.5799457579,0.1091922133,0.8328927028,0.7477570996,retained
within_花叶类,102900005115793,102900005118831,-0.6257275595,0.3558139535,0.06517417427,0.06517417427,0.06517417427,0.2805929715,0.03538427372,0.03538427372,0.03538427372,0.5583035732,0.07012392242,0.07012392242,0.07012392242,0.2481956567,0.05948021838,0.05948021838,0.05948021838,0.3302116792,0.0630611645,-0.007338297213,0.1319203663,0.03693906848,-0.4141379265,-0.4141379265,-0.4141379265,7.30411002e-13,0.0204530761,0.0204530761,0.0204530761,0.7351482136,0.1714471971,0.1714471971,0.1714471971,0.004499503041,0.006196089582,0.006196089582,0.006196089582,0.9192799659,-0.1297947469,-0.250456267,0.001705226385,1.644836002e-05,0.5466096847,7.30411002e-12,1,1,0.4183072866,0.01022614327,0.5628608168,0.9412422859,0.08208681885,3.183553552e-05,retained
within_花叶类,102900005115793,102900005119975,0.9416335774,0.5667166417,0.1916600296,0.1916600296,0.1916600296,0.001377350802,0.05999771102,0.05999771102,0.05999771102,0.3206475518,0.1753592243,0.1753592243,0.1753592243,0.003652963524,0.1273746493,0.1273746493,0.1273746493,0.03645674442,0.1239090435,0.04444782099,0.2130563382,3.932367228e-05,0.4050534157,0.4050534157,0.4050534157,2.540257149e-12,0.1789076443,0.1789076443,0.1789076443,0.002855775066,0.3714571756,0.3714571756,0.3714571756,2.335001501e-10,0.1673919824,0.1673919824,0.1673919824,0.005828964329,0.5127173062,0.4210764584,0.5954963142,1.911971598e-74,0.01087382212,2.309324681e-11,0.9157549877,0.009626208088,0.0158824501,1.321698963e-09,0.1367127916,0.01547512654,0.0002225868243,3.823943197e-73,retained
within_花叶类,102900005115793,102900005122654,-0.6278729724,0.1267973856,-0.06082499361,-0.06082499361,-0.06082499361,0.3140082482,0,,,1,0.07395299537,0.07395299537,0.07395299537,0.223236952,0.02904039898,0.02904039898,0.02904039898,0.634737961,0.02871571847,-0.03132043711,0.0963469968,0.3424496952,-0.1730397729,-0.1730397729,-0.1730397729,0.003932966343,0,,,1,-0.2535216112,-0.2535216112,-0.2535216112,2.244141891e-05,0.09677614382,0.09677614382,0.09677614382,0.1126162632,-0.3422931058,-0.4405901171,-0.2362113146,1.85557752e-31,0.5881579493,0.008427785021,1,1,0.396278613,7.738420314e-05,0.8153413809,0.1908750223,0.4800696662,1.85557752e-30,retained
within_花叶类,102900005115793,102900011000571,-0.3937011306,0.09154929577,-0.09281976095,-0.09281976095,-0.09281976095,0.1239601205,0.03415260629,0.03415260629,0.03415260629,0.572090424,0.003904548885,0.003904548885,0.003904548885,0.9487966745,0.1346343615,0.1346343615,0.1346343615,0.02696076661,0.02096924817,-0.05987129304,0.08105192561,0.4882012702,-0.06142636689,-0.06142636689,-0.06142636689,0.3092388229,-0.04549601796,-0.04549601796,-0.04549601796,0.4515723963,-0.1932038733,-0.1932038733,-0.1932038733,0.001337163031,0.1694965123,0.1694965123,0.1694965123,0.005231488342,-0.0878879382,-0.1694688041,0.01670018007,0.003607438121,0.3151458814,0.4123184306,1,0.9092061671,0.9778035524,0.00371857594,0.1078430664,0.01413915768,0.6232356641,0.005411157182,retained
within_花叶类,102900005115793,102900011006948,0.732818372,0.3174603175,0.211470209,0.211470209,0.211470209,0.0004041630088,-0.09455059849,-0.09455059849,-0.09455059849,0.1170734756,0.05460405783,0.05460405783,0.05460405783,0.3687921815,-0.0218505279,-0.0218505279,-0.0218505279,0.7207791188,0.03110386799,-0.0314943574,0.1301215708,0.3037971516,0.3291074259,0.3291074259,0.3291074259,2.149854488e-08,0.1265973628,0.1265973628,0.1265973628,0.0355433807,0.1119332219,0.1119332219,0.1119332219,0.06478165287,-0.01485240345,-0.01485240345,-0.01485240345,0.808058836,0.2406341105,0.135549467,0.3409302591,6.882616011e-16,0.004397387022,1.131502362e-07,0.480882976,0.1005944737,0.5559681128,0.1076495537,0.8684085768,0.8688804688,0.4381689687,2.790249734e-15,retained
within_花叶类,102900005115793,102900011008164,0.6227783953,0.4588235294,-0.006760958857,-0.006760958857,-0.006760958857,0.9109716825,0.03991199504,0.03991199504,0.03991199504,0.5090473905,0.2025001549,0.2025001549,0.2025001549,0.0007642358687,0.05136471393,0.05136471393,0.05136471393,0.4005453547,0.07067707518,0.005372665634,0.1320295504,0.01933470361,0.2144390888,0.2144390888,0.2144390888,0.0003329799526,-0.2352612402,-0.2352612402,-0.2352612402,7.938657067e-05,0.3781373374,0.3781373374,0.3781373374,1.042502236e-10,-0.01589570371,-0.01589570371,-0.01589570371,0.7948655614,0.1038462495,-0.0004208057664,0.2284477666,0.0005779897196,1,0.0008465592016,1,0.0003554622567,0.004878101289,6.132366094e-10,0.6312998307,0.8577685914,0.04915602614,0.0009579940104,retained
within_花叶类,102900005115793,102900011008522,0.7074775816,0.3771043771,0,,,1,-0.1553484567,-0.1553484567,-0.1553484567,0.009742407434,0.07523475034,0.07523475034,0.07523475034,0.2152954378,-0.09706712267,-0.09706712267,-0.09706712267,0.1115340751,-0.02874995941,-0.1111158879,0.0565601647,0.341874215,0,,,1,-0.05639045625,-0.05639045625,-0.05639045625,0.3506549055,0.1036805543,0.1036805543,0.1036805543,0.08729648682,0.1147551362,0.1147551362,0.1147551362,0.05968731307,0.2671859841,0.1448013362,0.385182018,2.355338454e-19,1,1,0.09133506969,0.725492908,0.3938331179,0.1400478398,0.2859848079,0.111913712,0.4800696662,1.284730066e-18,retained
within_花叶类,102900005115793,102900051010455,0.7612242757,0.5103825137,-0.07773286502,-0.07773286502,-0.07773286502,0.1979258847,0.1820901363,0.1820901363,0.1820901363,0.002390980708,0.2115861457,0.2115861457,0.2115861457,0.000431758038,0.1000675312,0.1000675312,0.1000675312,0.1008452792,0.1063491618,0.01811770894,0.1733655552,0.0004232285416,-0.05604946452,-0.05604946452,-0.05604946452,0.3535802999,0.09502892889,0.09502892889,0.09502892889,0.1152239778,0.1978810973,0.1978810973,0.1978810973,0.001012271019,-0.02597078543,-0.02597078543,-0.02597078543,0.6709567173,0.3174333094,0.1879308852,0.4268625371,4.670911709e-27,0.4256159815,0.46352347,0.03864314377,0.2880599446,0.00287838692,0.002892202911,0.2759792419,0.753883952,0.001895053171,3.687561876e-26,retained
within_花叶类,102900005115823,102900005115854,-0.1194056438,0.1670258621,-0.06730145303,-0.06730145303,-0.06730145303,0.2651568871,0,,,1,-0.01366880673,-0.01366880673,-0.01366880673,0.8221193233,0.04870218698,0.04870218698,0.04870218698,0.4254400789,-0.004954451375,-0.07773822059,0.08074484627,0.86991974,-0.2582284807,-0.2582284807,-0.2582284807,1.396241177e-05,0,,,1,-0.02877406826,-0.02877406826,-0.02877406826,0.6359690578,0.3253545244,0.3253545244,0.3253545244,4.477891957e-08,0.09002621624,-0.006044507269,0.1927972353,0.00286660394,0.5322923336,4.521167459e-05,1,1,0.925017329,0.7092591723,0.6545231983,3.535177861e-07,0.9353975699,0.004321513477,retained
within_花叶类,102900005115823,102900005115878,-0.6638316741,0.4021526419,0.03649864504,0.03649864504,0.03649864504,0.5459697576,0,,,1,0.03852557748,0.03852557748,0.03852557748,0.5261711317,0.08889996193,0.08889996193,0.08889996193,0.1451483472,0.04673458298,-0.01554851477,0.1178722167,0.1222103345,0.2257140359,0.2257140359,0.2257140359,0.0001557344395,0,,,1,-0.2221764733,-0.2221764733,-0.2221764733,0.0002152009132,-0.09698605488,-0.09698605488,-0.09698605488,0.1118347534,-0.1614338972,-0.2577881114,-0.02504124599,7.824062856e-08,0.7870793023,0.0004209038905,1,1,0.7046934799,0.0006521239795,0.3401914388,0.1906274206,0.2175647128,1.805552967e-07,retained
within_花叶类,102900005115823,102900005115885,-0.1097608146,0.3083511777,0.08590259804,0.08590259804,0.08590259804,0.1546560543,0,,,1,0.02116284977,0.02116284977,0.02116284977,0.7277634098,0.0308883335,0.0308883335,0.0308883335,0.6133390614,0.04593665671,-0.03845252925,0.1044844115,0.1287257998,0.1884678781,0.1884678781,0.1884678781,0.001660383624,0,,,1,0.137948338,0.137948338,0.137948338,0.0226235802,0.04391216829,0.04391216829,0.04391216829,0.4724184801,0.100298287,-0.0299464549,0.2105365966,0.0008888203059,0.3596652425,0.003773599146,1,1,0.862960565,0.04241921288,0.8105802574,0.5808423935,0.2258347364,0.001433581139,retained
within_花叶类,102900005115823,102900005115908,0.6582203847,0.7451820128,-0.05697464605,-0.05697464605,-0.05697464605,0.3456786834,0.01383314225,0.01383314225,0.01383314225,0.8190388477,0.4109728612,0.4109728612,0.4109728612,1.502617266e-12,0.3426522408,0.3426522408,0.3426522408,7.463307682e-09,0.1820727539,0.09553434122,0.2621559226,1.288341214e-09,-0.1177630445,-0.1177630445,-0.1177630445,0.05065948903,0.2304161679,0.2304161679,0.2304161679,0.0001121452399,0.6721757955,0.6721757955,0.6721757955,3.018020501e-37,0.4286208825,0.4286208825,0.4286208825,1.718936431e-13,0.236400713,0.0818124303,0.3528086891,2.256595019e-15,0.6239930821,0.08490417155,1,0.000467271833,7.513086332e-11,1.8108123e-35,3.198560435e-07,2.242090997e-12,2.03422297e-08,9.026380076e-15,weak
within_花叶类,102900005115823,102900005115946,0.4827756769,0.3659531091,-4.136318164e-05,-4.136318164e-05,-4.136318164e-05,0.9994542007,0.05396100278,0.05396100278,0.05396100278,0.3718305191,0.07430662083,0.07430662083,0.07430662083,0.221025426,-0.001300876261,-0.001300876261,-0.001300876261,0.983025158,0.03551092852,-0.02088412971,0.09699060051,0.2403499039,-0.1500334222,-0.1500334222,-0.1500334222,0.01258256889,-0.2830782827,-0.2830782827,-0.2830782827,1.756207559e-06,-0.07942522313,-0.07942522313,-0.07942522313,0.1907490556,-0.01393653072,-0.01393653072,-0.01393653072,0.8196857445,-0.04013768483,-0.175416099,0.07473956713,0.1844407763,1,0.02344578054,0.9983394069,1.041262072e-05,0.3954088427,0.257768994,0.9937998397,0.8729553998,0.3697690829,0.220447143,retained
within_花叶类,102900005115823,102900005115960,-0.6079350972,0.5107991361,0.148055371,0.148055371,0.148055371,0.01381256153,0.1062201608,0.1062201608,0.1062201608,0.07813014164,0.1241313886,0.1241313886,0.1241313886,0.04041231436,0.1330723613,0.1330723613,0.1330723613,0.0288017722,0.1231465633,0.0437530458,0.2021999525,4.390190657e-05,-0.08534637216,-0.08534637216,-0.08534637216,0.1573540759,0.286853972,0.286853972,0.286853972,1.258644988e-06,0.2248164836,0.2248164836,0.2248164836,0.00017996766,-0.01013406096,-0.01013406096,-0.01013406096,0.868352674,0.04674030922,-0.06907123821,0.1847490187,0.1221645251,0.05599687105,0.2336941722,0.3651638351,8.390966587e-06,0.1200365773,0.0005509214082,0.1122146969,0.9014041599,0.0002438994809,0.1514436261,retained
within_花叶类,102900005115823,102900005115984,0.8129953041,0.8173076923,0.3059342229,0.3059342229,0.3059342229,2.16794847e-07,0.2136223236,0.2136223236,0.2136223236,0.0003513010538,0.4380672665,0.4380672665,0.4380672665,3.150375986e-14,0.3316202783,0.3316202783,0.3316202783,2.37000547e-08,0.3190593297,0.2470877206,0.398041866,2.476863079e-27,-0.2003190066,-0.2003190066,-0.2003190066,0.0008174053217,0.2430293207,0.2430293207,0.2430293207,4.493403845e-05,0.5969225135,0.5969225135,0.5969225135,9.581133776e-28,0.591970003,0.591970003,0.591970003,6.371616906e-27,0.2943033844,0.1481033712,0.4063861064,2.553443696e-23,1.083974235e-05,0.00197759352,0.01317378952,0.0002174227667,4.725563979e-12,2.874340133e-26,7.900018232e-07,2.38935634e-25,3.715294619e-25,1.702295798e-22,clear
within_花叶类,102900005115823,102900005116790,0.1289771621,0.4672395274,0.2102729802,0.2102729802,0.2102729802,0.0004366796788,-0.02218709025,-0.02218709025,-0.02218709025,0.713639952,0.08030137228,0.08030137228,0.08030137228,0.185886692,-0.05121435903,-0.05121435903,-0.05121435903,0.4019275589,0.05197595184,-0.02481818183,0.1419742948,0.08559204186,0.02531971455,0.02531971455,0.02531971455,0.6753617372,0.2378752569,0.2378752569,0.2378752569,6.568810434e-05,0.2937868127,0.2937868127,0.2937868127,7.758188014e-07,-0.04168997361,-0.04168997361,-0.04168997361,0.4951412155,0.1133053644,0.02171073538,0.2273126771,0.0001718346412,0.004517375987,0.7914395357,1,0.0003078618387,0.3612218489,3.062442637e-06,0.6312998307,0.6011537235,0.1646000805,0.0003014642828,retained
within_花叶类,102900005115823,102900005118817,-0.7637239399,0.6826530612,0.198986434,0.198986434,0.198986434,0.0008870085088,0.03149461264,0.03149461264,0.03149461264,0.6023790153,0.1703768163,0.1703768163,0.1703768163,0.00476005828,0.2075664034,0.2075664034,0.2075664034,0.000598492822,0.1478948872,0.07795864595,0.2290276072,8.859125604e-07,-0.2388661666,-0.2388661666,-0.2388661666,6.110291437e-05,-0.1590856151,-0.1590856151,-0.1590856151,0.008101329077,0.2747091849,0.2747091849,0.2747091849,4.084143237e-06,0.1064446039,0.1064446039,0.1064446039,0.0808262484,-0.0616628973,-0.1845727752,0.06955808686,0.04134189435,0.008063713716,0.0001796596119,1,0.02531665336,0.02040024977,1.494198745e-05,0.004852644503,0.1460715332,7.593536232e-06,0.05463686478,retained
within_花叶类,102900005115823,102900005118831,-0.5763727174,0.6118355065,0.167897668,0.167897668,0.167897668,0.005165217046,0.1394175857,0.1394175857,0.1394175857,0.0205040604,-0.02853472553,-0.02853472553,-0.02853472553,0.6387813684,0.06779775255,0.06779775255,0.06779775255,0.2669387077,0.09117841952,0.004472210136,0.1584763957,0.002527648125,0.3349909849,0.3349909849,0.3349909849,1.158434881e-08,0.5713821902,0.5713821902,0.5713821902,2.551426656e-25,0.06078191584,0.06078191584,0.06078191584,0.3170205048,-0.5369365134,-0.5369365134,-0.5369365134,1.450061724e-21,0.09862122888,-0.040626194,0.2322679237,0.001084270564,0.0276708056,6.557178572e-08,0.1506453748,8.504755521e-24,0.7918777295,0.39697798,0.4883025141,3.346296287e-20,0.00852016222,0.001730218986,retained
within_花叶类,102900005115823,102900005119975,0.4834798224,0.5543933054,0.05500753123,0.05500753123,0.05500753123,0.3626138373,0.08847121064,0.08847121064,0.08847121064,0.1426483832,0.1572652876,0.1572652876,0.1572652876,0.009248156932,-0.06471801665,-0.06471801665,-0.06471801665,0.2893252678,0.07511859882,0.01407365251,0.1482086864,0.01290399681,-0.3272948041,-0.3272948041,-0.3272948041,2.594202189e-08,0.08380427932,0.08380427932,0.08380427932,0.1650195354,0.06718844072,0.06718844072,0.06718844072,0.2686001486,0.0217928111,0.0217928111,0.0217928111,0.7214860758,0.1237325317,-0.007515252831,0.2467720767,4.034140311e-05,0.6284885972,1.333239187e-07,0.5591589964,0.3898099263,0.03699262773,0.3414408668,0.5216356292,0.7899482582,0.03456427716,7.470630205e-05,retained
within_花叶类,102900005115823,102900005122654,-0.3195579096,0.3161616162,-0.02540492742,-0.02540492742,-0.02540492742,0.6743315426,0,,,1,0.0764558589,0.0764558589,0.0764558589,0.2079199118,0.1176836304,0.1176836304,0.1176836304,0.05342316002,0.06811581531,-0.0273593109,0.1540675647,0.02419304534,0.1215365181,0.1215365181,0.1215365181,0.04364990877,0,,,1,0.06071151632,0.06071151632,0.06071151632,0.317582384,0.106246493,0.106246493,0.106246493,0.08139581769,-0.1234941792,-0.236690868,-0.004171453849,4.17553578e-05,0.9071724788,0.07482841503,1,1,0.3850368737,0.39697798,0.1747090167,0.1462200318,0.05760248891,7.685035178e-05,retained
within_花叶类,102900005115823,102900011000571,-0.4379165504,0.1203801478,0.00260167888,0.00260167888,0.00260167888,0.965680612,-0.0003042859259,-0.0003042859259,-0.0003042859259,0.9959848744,-0.03640791051,-0.03640791051,-0.03640791051,0.5491756618,-0.09911248115,-0.09911248115,-0.09911248115,0.1041557581,-0.05184803387,-0.1167843379,-0.008292074983,0.08636612834,0.0001794626352,0.0001794626352,0.0001794626352,0.9976319411,-0.1610775735,-0.1610775735,-0.1610775735,0.007331298535,0.02329846084,0.02329846084,0.02329846084,0.7015422325,-0.2014879013,-0.2014879013,-0.2014879013,0.0008695929088,-0.128273147,-0.2291529664,-0.03686600752,2.068088999e-05,1,1,1,0.02339776128,0.7229949808,0.7625459049,0.2770796466,0.00296452128,0.1650308185,3.926751265e-05,retained
within_花叶类,102900005115823,102900011006948,0.5509348762,0.276047261,0.067162623,0.067162623,0.067162623,0.2661461668,0.02341536208,0.02341536208,0.02341536208,0.6985394267,0.01924464327,0.01924464327,0.01924464327,0.7515896255,0.08011126222,0.08011126222,0.08011126222,0.1893969072,0.04669074811,-0.008298785554,0.119733281,0.1225614549,-0.1701909416,-0.1701909416,-0.1701909416,0.004578184666,0.1174324225,0.1174324225,0.1174324225,0.05131599936,0.1012897422,0.1012897422,0.1012897422,0.09487976091,0.1996110971,0.1996110971,0.1996110971,0.0009738314849,0.1040831177,0.01928355658,0.1949859776,0.0005613526254,0.5322923336,0.009604583215,1,0.1425444427,0.8807690924,0.1474814936,0.4027236759,0.003210433467,0.2175647128,0.000935587709,retained
within_花叶类,102900005115823,102900011008164,0.08573913156,0.7401656315,0.03884306289,0.03884306289,0.03884306289,0.5204685651,0.1868845146,0.1868845146,0.1868845146,0.001819683901,0.3154901549,0.3154901549,0.3154901549,1.006983751e-07,0.1371894611,0.1371894611,0.1371894611,0.0241669841,0.1666526222,0.09519827249,0.2414939096,2.902759836e-08,-0.3172556919,-0.3172556919,-0.3172556919,7.183579809e-08,0.03367333928,0.03367333928,0.03367333928,0.5774983134,0.5280966519,0.5280966519,0.5280966519,5.222115615e-21,0.2665685867,0.2665685867,0.2665685867,8.976865784e-06,0.1550643393,0.007235214731,0.2753518653,2.515280528e-07,0.7825109222,3.26526355e-07,0.03411907315,1,2.013967502e-06,8.518862055e-20,0.09850119709,4.488432892e-05,3.349338272e-07,5.42866301e-07,weak
within_花叶类,102900005115823,102900011008522,0.7197387359,0.2755825735,0,,,1,0.1676328789,0.1676328789,0.1676328789,0.00523718028,0.2148028219,0.2148028219,0.2148028219,0.0003506887447,0.03754929634,0.03754929634,0.03754929634,0.5389827286,0.118660176,0.04274858812,0.1753804428,8.28555104e-05,0,,,1,0.06807754417,0.06807754417,0.06807754417,0.2596730194,-0.08547739293,-0.08547739293,-0.08547739293,0.1590076605,-0.116243549,-0.116243549,-0.116243549,0.05643173465,-0.1411473193,-0.2875034783,-0.01742656305,2.74767214e-06,1,1,0.0523718028,0.572808131,0.002504919605,0.2250108403,0.7627114083,0.1087251321,0.0004212992054,5.569605688e-06,retained
within_花叶类,102900005115823,102900051010455,0.8395162994,0.8103277061,0.2178103912,0.2178103912,0.2178103912,0.0002663690728,0.2782733702,0.2782733702,0.2782733702,2.664678029e-06,0.2624652592,0.2624652592,0.2624652592,1.112755464e-05,0.1995073055,0.1995073055,0.1995073055,0.0009799189346,0.2318883506,0.1613279961,0.2919174267,7.801578486e-15,0.02557285411,0.02557285411,0.02557285411,0.6723031441,-0.2301841645,-0.2301841645,-0.2301841645,0.0001139950791,-0.08524130693,-0.08524130693,-0.08524130693,0.1601662495,0.5453527796,0.5453527796,0.5453527796,2.54191527e-22,0.07612903138,-0.05912091263,0.2106798531,0.01173715995,0.003474379211,0.7909448754,0.0002664678029,0.0004684729278,0.0001335306557,0.2255862669,0.006999420961,6.93249619e-21,2.925591932e-13,0.01676737135,weak
within_花叶类,102900005115854,102900005115878,0.1237775306,0.120661157,0.01037151838,0.01037151838,0.01037151838,0.863809228,0,,,1,0.002647281091,0.002647281091,0.002647281091,0.9652713671,0.1177753908,0.1177753908,0.1177753908,0.05323605978,0.03810135497,-0.04902173849,0.1447445085,0.2077338923,-0.2453102852,-0.2453102852,-0.2453102852,3.788213811e-05,0,,,1,0.03733044627,0.03733044627,0.03733044627,0.5390936259,-0.0444885974,-0.0444885974,-0.0444885974,0.4666189793,-0.04992663748,-0.1539587644,0.04976350562,0.09868662705,1,0.0001136464143,1,1,0.9816318987,0.6172827777,0.1747090167,0.5788860779,0.3332629288,0.1249197811,retained
within_花叶类,102900005115854,102900005115885,0.6151680097,0.2067183463,0.06851468961,0.06851468961,0.06851468961,0.2566187677,0,,,1,0.06726905407,0.06726905407,0.06726905407,0.2680249406,0.08411861296,0.08411861296,0.08411861296,0.1681289065,0.09333221458,-0.0001588554363,0.188043784,0.001990412237,0.0413163858,0.0413163858,0.0413163858,0.4942428702,0,,,1,0.1016064126,0.1016064126,0.1016064126,0.0938461625,0.09790260887,0.09790260887,0.09790260887,0.1084721099,0.2016145669,0.08589345994,0.3244611809,1.65945952e-11,0.5266218433,0.62038854,1,1,0.4417993526,0.1466346289,0.3806802229,0.1859521883,0.007108615133,4.833377244e-11,retained
within_花叶类,102900005115854,102900005115908,-0.5654326102,0.1174968072,-0.06313072208,-0.06313072208,-0.06313072208,0.295981749,0,,,1,-0.0386481844,-0.0386481844,-0.0386481844,0.524854389,-0.07491692589,-0.07491692589,-0.07491692589,0.2198134026,-0.05336600012,-0.1304120086,0.04009159842,0.07753624929,-0.008434453561,-0.008434453561,-0.008434453561,0.8890627972,0,,,1,0.01405408223,0.01405408223,0.01405408223,0.8171924622,-0.05781770749,-0.05781770749,-0.05781770749,0.3439312974,-0.1237333604,-0.2217773696,-0.01301091753,4.033656689e-05,0.5669587029,0.9952195491,1,1,0.7046934799,0.8512421482,0.4367153694,0.4712271178,0.1540455284,7.470630205e-05,retained
within_花叶类,102900005115854,102900005115946,-0.2372336133,0.0559566787,0.01462387546,0.01462387546,0.01462387546,0.8088883486,0,,,1,-0.0002319949402,-0.0002319949402,-0.0002319949402,0.9969556013,0.2306685292,0.2306685292,0.2306685292,0.0001310981392,0.03551284726,-0.02372576473,0.09703948458,0.2403244815,-0.1741372737,-0.1741372737,-0.1741372737,0.003707164525,0,,,1,-0.1875357082,-0.1875357082,-0.1875357082,0.001858008204,-0.02874231078,-0.02874231078,-0.02874231078,0.6382190313,-0.1591121829,-0.2574996747,-0.06427712196,1.204008229e-07,0.9864492056,0.008001074514,1,1,0.9969556013,0.004822252304,0.001512670837,0.7301757265,0.3697690829,2.736382339e-07,retained
within_花叶类,102900005115854,102900005115960,-0.2257859418,0.1358024691,0.1545405546,0.1545405546,0.1545405546,0.0101336982,0,,,1,0.02896518612,0.02896518612,0.02896518612,0.6337271353,-0.01152357789,-0.01152357789,-0.01152357789,0.8505008127,0.06344972085,-0.02538269002,0.1442946044,0.0357888338,0.1300283047,0.1300283047,0.1300283047,0.03080637173,0,,,1,0.1900185008,0.1900185008,0.1900185008,0.001610491071,-0.04778247754,-0.04778247754,-0.04778247754,0.4342437918,0.06268640916,-0.06278778138,0.2075060767,0.03807808289,0.04640246008,0.05436418541,1,1,0.7918777295,0.004275640011,0.9485139175,0.55200482,0.08170848369,0.05054612773,retained
within_花叶类,102900005115854,102900005115984,-0.2418053007,0.195954488,0.008030887865,0.008030887865,0.008030887865,0.8943390942,0,,,1,-0.02865879357,-0.02865879357,-0.02865879357,0.6373229033,0.02031838058,0.02031838058,0.02031838058,0.7396246856,0.005295159228,-0.06794991072,0.07964529487,0.8610622925,0.2982739523,0.2982739523,0.2982739523,4.460231819e-07,0,,,1,0.00358503644,0.00358503644,0.00358503644,0.952981643,0.337093822,0.337093822,0.337093822,1.343481491e-08,0.1534565301,0.07939291419,0.2418583985,3.352885754e-07,1,1.737752657e-06,1,1,0.7918777295,0.9626077202,0.8735724633,1.22134681e-07,0.9309673284,7.133799476e-07,retained
within_花叶类,102900005115854,102900005116790,-0.02733150208,0.1420560748,-0.04314137433,-0.04314137433,-0.04314137433,0.4753521262,0,,,1,0.004904150384,0.004904150384,0.004904150384,0.9357135037,-0.002316321681,-0.002316321681,-0.002316321681,0.9697797597,-0.02980492016,-0.1079015716,0.04712850309,0.3244469666,0.004624933566,0.004624933566,0.004624933566,0.9390317651,0,,,1,0.1125066454,0.1125066454,0.1125066454,0.06341321823,-0.0297300971,-0.0297300971,-0.0297300971,0.6267145007,0.02220253077,-0.09279022328,0.1635680059,0.4629789152,0.7466263762,1,1,1,0.9778035524,0.1062791367,0.9929485594,0.7203614951,0.4612990047,0.5144210169,retained
within_花叶类,102900005115854,102900005118817,-0.03293213368,0.2016129032,0.1257492359,0.1257492359,0.1257492359,0.03680533936,0,,,1,-0.1147286453,-0.1147286453,-0.1147286453,0.05833311053,0.009028499151,0.009028499151,0.009028499151,0.882604708,0.03981716264,-0.05070553368,0.1250308152,0.1879732836,0.49163384,0.49163384,0.49163384,3.343074324e-18,0,,,1,0.08838376998,0.08838376998,0.08838376998,0.1452570265,0.004692290996,0.004692290996,0.004692290996,0.938826474,0.1788880353,0.08535439368,0.2708620582,2.508067885e-09,0.1346536806,5.899542924e-17,1,1,0.1548666651,0.2105174297,0.9603280701,0.9499610705,0.3071730044,6.542785788e-09,retained
within_花叶类,102900005115854,102900005118831,-0.09441984135,0.109375,-0.1181039306,-0.1181039306,-0.1181039306,0.04998993933,0,,,1,0.02509648134,0.02509648134,0.02509648134,0.6797353394,0.06647588163,0.06647588163,0.06647588163,0.2763979119,0.0263430295,-0.04792411792,0.1169901374,0.3838267744,-0.5547763881,-0.5547763881,-0.5547763881,1.118921075e-23,0,,,1,0.1826225447,0.1826225447,0.1826225447,0.002452930648,-0.2080241739,-0.2080241739,-0.2080241739,0.0005816369306,-0.1745796371,-0.2639015413,-0.07624531737,6.060094175e-09,0.1685054135,3.051602931e-22,1,1,0.8222604912,0.006031796675,0.502541658,0.002077274752,0.5127767677,1.515023544e-08,retained
within_花叶类,102900005115854,102900005119975,-0.4037671766,0.1368584759,-0.1412499921,-0.1412499921,-0.1412499921,0.01888699679,0,,,1,0.03892520398,0.03892520398,0.03892520398,0.521885515,0.04071380416,0.04071380416,0.04071380416,0.5053033886,-0.0492769594,-0.1199397525,0.03289499675,0.1031562608,0.08212310873,0.08212310873,0.08212310873,0.1736911744,0,,,1,-0.1983745281,-0.1983745281,-0.1983745281,0.0009826173206,0.02207797534,0.02207797534,0.02207797534,0.7179954932,-0.04872714019,-0.1511642441,0.05211601459,0.1070631716,0.07358570179,0.2505161169,1,1,0.7046934799,0.00283447304,0.7394683736,0.7899482582,0.1910301125,0.1343889183,retained
within_花叶类,102900005115854,102900005122654,-0.08210583418,0.1070707071,-0.004111343977,-0.004111343977,-0.004111343977,0.9457911475,0,,,1,0.1332705798,0.1332705798,0.1332705798,0.02768523251,0.02349740108,0.02349740108,0.02349740108,0.7007090875,0.06866991523,-0.02692167206,0.1497151822,0.02306062223,0.04239268387,0.04239268387,0.04239268387,0.4830539188,0,,,1,0.1284226129,0.1284226129,0.1284226129,0.03392654574,-0.007606889175,-0.007606889175,-0.007606889175,0.900986039,-0.02686059748,-0.1254250794,0.09114894991,0.3745497559,1,0.6114606568,1,1,0.0902779321,0.06094589056,0.8545232774,0.9288515866,0.05579182799,0.4288737663,retained
within_花叶类,102900005115854,102900011000571,-0.1115502215,0.07368421053,0.01668902443,0.01668902443,0.01668902443,0.7825328611,0,,,1,0.1235887712,0.1235887712,0.1235887712,0.04130243922,0.002687000968,0.002687000968,0.002687000968,0.9649465181,0.04424852201,-0.03481608648,0.133565376,0.1433955265,-0.02262898649,-0.02262898649,-0.02262898649,0.7081939992,0,,,1,0.08202576115,0.08202576115,0.08202576115,0.1765841209,-0.003307433181,-0.003307433181,-0.003307433181,0.9568597324,-0.00572729693,-0.09649426657,0.09881181455,0.8498531202,0.9700820592,0.8234813944,1,1,0.1214777624,0.241896056,0.991383409,0.9632816098,0.2486627628,0.8701567783,retained
within_花叶类,102900005115854,102900011006948,0.05992643837,0.1188630491,-0.04893909323,-0.04893909323,-0.04893909323,0.4180363207,0,,,1,-0.1150160267,-0.1150160267,-0.1150160267,0.05770133831,0.1180668455,0.1180668455,0.1180668455,0.05264538784,0.01361363839,-0.07573603456,0.08990883328,0.6527159935,0.1031124293,0.1031124293,0.1031124293,0.08729950693,0,,,1,-0.1559598843,-0.1559598843,-0.1559598843,0.009855227008,0.1949656033,0.1949656033,0.1949656033,0.001283243954,0.04089097138,-0.07746908029,0.1801329806,0.17633233,0.6787178903,0.1400526849,1,1,0.1545571562,0.02082090213,0.1747090167,0.004095459427,0.7531338387,0.2115987959,retained
within_花叶类,102900005115854,102900011008164,0.04179085574,0.1979301423,0.02206818262,0.02206818262,0.02206818262,0.7151078707,0,,,1,0.004720683408,0.004720683408,0.004720683408,0.9381136018,0.01696871405,0.01696871405,0.01696871405,0.7813572064,0.002728929826,-0.06029702263,0.07793665352,0.928128716,0.3082960546,0.3082960546,0.3082960546,1.728327408e-07,0,,,1,-0.02586361602,-0.02586361602,-0.02586361602,0.6705105254,0.1470814575,0.1470814575,0.1470814575,0.01557389838,0.19820297,0.09542007258,0.2880669483,3.666800925e-11,0.9278677394,7.201364198e-07,1,1,0.9778035524,0.7395336678,0.9156529763,0.03650132432,0.9735615902,1.057731036e-10,retained
within_花叶类,102900005115854,102900011008522,-0.5150420778,0.04347826087,0,,,1,0,,,1,-0.08748935627,-0.08748935627,-0.08748935627,0.1493886045,0.06095480612,0.06095480612,0.06095480612,0.3183419369,-0.02045206544,-0.1040305926,0.05709692067,0.4989945417,0,,,1,0,,,1,-0.07837499452,-0.07837499452,-0.07837499452,0.1966994153,-0.1381615993,-0.1381615993,-0.1381615993,0.02317157114,-0.1714195681,-0.2442709504,-0.08951225017,1.141562936e-08,1,1,1,1,0.3069628859,0.2646180475,0.5497923622,0.05226670183,0.6343150954,2.784299843e-08,retained
within_花叶类,102900005115854,102900051010455,-0.3851472509,0.169769989,0.05972389417,0.05972389417,0.05972389417,0.3228650027,0,,,1,-0.08795214387,-0.08795214387,-0.08795214387,0.1472398456,0.06457732119,0.06457732119,0.06457732119,0.2903771669,0.0001422327388,-0.07106708353,0.06499927569,0.9962489852,-0.00805074058,-0.00805074058,-0.00805074058,0.8940794252,0,,,1,-0.2048049743,-0.2048049743,-0.2048049743,0.0006626934598,0.2936670304,0.2936670304,0.2936670304,9.025316875e-07,-0.02595312357,-0.1147908355,0.06528395728,0.3909074637,0.5978981531,0.9971146006,1,1,0.3046341633,0.001949098411,0.5216356292,5.608787733e-06,0.9962489852,0.4441107237,retained
within_花叶类,102900005115878,102900005115885,0.4747341881,0.3941979522,0.1908360877,0.1908360877,0.1908360877,0.001445826028,0,,,1,0.3315563688,0.3315563688,0.3315563688,1.992731256e-08,0.1229977522,0.1229977522,0.1229977522,0.04345019615,0.2303050134,0.1449755478,0.3151822917,1.198261951e-14,0.3959680214,0.3959680214,0.3959680214,8.512763239e-12,0,,,1,0.08285840136,0.08285840136,0.08285840136,0.172217795,-0.08204039092,-0.08204039092,-0.08204039092,0.1789245908,0.2809092911,0.1671317029,0.3936266053,2.633444585e-21,0.01112173868,7.093969366e-11,1,1,4.59861059e-07,0.2369969656,0.1570489018,0.2738641696,3.994206503e-13,1.580066751e-20,weak
within_花叶类,102900005115878,102900005115908,-0.4543049655,0.3968072976,0.08842093807,0.08842093807,0.08842093807,0.1428763611,0,,,1,0.05178381116,0.05178381116,0.05178381116,0.3940725536,0.1053797892,0.1053797892,0.1053797892,0.08392578116,0.06876796623,0.00345761537,0.1264826327,0.02286509533,-0.1208680507,-0.1208680507,-0.1208680507,0.04482865296,0,,,1,-0.1852564814,-0.1852564814,-0.1852564814,0.002115334835,0.08444707991,0.08444707991,0.08444707991,0.1664681036,-0.07933515429,-0.2082867766,0.05294172288,0.008629216751,0.3484789295,0.07641247664,1,1,0.582373232,0.005423935476,0.2468405328,0.26289682,0.05576852521,0.0124459857,retained
within_花叶类,102900005115878,102900005115946,-0.8005415972,0.08217592593,-0.1154344365,-0.1154344365,-0.1154344365,0.05543576252,0,,,1,0.06278298198,0.06278298198,0.06278298198,0.3013206995,0.028007199,0.028007199,0.028007199,0.6468374955,-0.00659757511,-0.07967193169,0.06888012222,0.8273730489,-0.2957964203,-0.2957964203,-0.2957964203,5.607533196e-07,0,,,1,-0.4239145759,-0.4239145759,-0.4239145759,2.476510721e-13,-0.05076441828,-0.05076441828,-0.05076441828,0.4060808036,-0.4433121887,-0.5370213049,-0.3312221774,6.33005932e-54,0.1769226463,2.155122494e-06,1,1,0.4810398987,1.905008247e-12,0.8153413809,0.5228508201,0.912543804,9.994830506e-53,retained
within_花叶类,102900005115878,102900005115960,0.7639949761,0.2662420382,-0.09598707446,-0.09598707446,-0.09598707446,0.1115880448,0,,,1,0.003731880241,0.003731880241,0.003731880241,0.9510581183,0.07952848381,0.07952848381,0.07952848381,0.1926471885,0.007025550978,-0.09652102524,0.08985403827,0.8163684428,-0.09922010079,-0.09922010079,-0.09922010079,0.09998043882,0,,,1,-0.3181240654,-0.3181240654,-0.3181240654,7.770965104e-08,-0.258395075,-0.258395075,-0.258395075,1.712581935e-05,-0.09109577671,-0.2112209593,0.04692539772,0.002550683299,0.308574706,0.1586991092,1,1,0.9778035524,3.330413616e-07,0.4027236759,8.15515207e-05,0.9037289035,0.003864671665,retained
within_花叶类,102900005115878,102900005115984,-0.520359955,0.3980582524,0.1109773259,0.1109773259,0.1109773259,0.06561906903,0,,,1,0.1158401283,0.1158401283,0.1158401283,0.05592095402,0.1598910705,0.1598910705,0.1598910705,0.008487295519,0.09966128667,0.04406422399,0.1595996728,0.0009588588842,-0.1844454627,-0.1844454627,-0.1844454627,0.002092554085,0,,,1,-0.1244556944,-0.1244556944,-0.1244556944,0.03988807748,0.01779190171,0.01779190171,0.01779190171,0.7710379753,-0.1314377872,-0.2286664253,-0.005225093721,1.280832575e-05,0.2025580421,0.004650120189,1,1,0.1529040106,0.07122870979,0.04389980441,0.8350591791,0.003687918785,2.495128392e-05,retained
within_花叶类,102900005115878,102900005116790,0.2279476529,0.2578534031,-0.1528444019,-0.1528444019,-0.1528444019,0.01100075566,0,,,1,-0.107441344,-0.107441344,-0.107441344,0.07635967113,0.02431729667,0.02431729667,0.02431729667,0.6907931301,-0.05951762324,-0.1328081036,0.01770876923,0.04895527097,-0.07561728738,-0.07561728738,-0.07561728738,0.2104456161,0,,,1,-0.4004246005,-0.4004246005,-0.4004246005,6.174415937e-12,-0.2858894567,-0.2858894567,-0.2858894567,1.7890506e-06,-0.1662739226,-0.2712428237,-0.0508278261,3.122620323e-08,0.04853274556,0.2964022762,1,1,0.1877696831,4.209829048e-11,0.8490097496,9.758457816e-06,0.1064245021,7.318641381e-08,retained
within_花叶类,102900005115878,102900005118817,0.775613213,0.4583821805,0.0128663667,0.0128663667,0.0128663667,0.831490107,0,,,1,0.250166195,0.250166195,0.250166195,2.900622479e-05,0.3143546361,0.3143546361,0.3143546361,1.322100021e-07,0.1740592326,0.1027464807,0.2507482832,6.731605127e-09,-0.3420055142,-0.3420055142,-0.3420055142,5.448276343e-09,0,,,1,0.1020954623,0.1020954623,0.1020954623,0.09226759006,0.4519448214,0.4519448214,0.4519448214,5.371489336e-15,0.2594521563,0.1342190534,0.3823418858,2.649766646e-18,1,3.268965806e-08,1,1,0.0002900622479,0.146030494,3.966300063e-06,8.057234004e-14,8.077926153e-08,1.324883323e-17,weak
within_花叶类,102900005115878,102900005118831,0.4488774062,0.3581920904,0.05773777725,0.05773777725,0.05773777725,0.3392459936,0,,,1,0.1205049647,0.1205049647,0.1205049647,0.04668051969,0.2057497432,0.2057497432,0.2057497432,0.0006699409046,0.1043096631,0.02763833822,0.1857479177,0.0005458582761,0.3738827138,0.3738827138,0.3738827138,1.385697013e-10,0,,,1,-0.3791576542,-0.3791576542,-0.3791576542,9.201967554e-11,-0.1459208464,-0.1459208464,-0.1459208464,0.01641941003,-0.05507983214,-0.1903150069,0.1412335185,0.06846465384,0.6168108975,1.093971326e-09,1,1,0.1333729134,5.521180532e-10,0.005153391574,0.03789094623,0.002303835415,0.08891513486,retained
within_花叶类,102900005115878,102900005119975,-0.8086320049,0.1283924843,-0.08925258459,-0.08925258459,-0.08925258459,0.1391405836,0,,,1,-0.1882923405,-0.1882923405,-0.1882923405,0.001779124288,-0.004550851586,-0.004550851586,-0.004550851586,0.9406669873,-0.08201999336,-0.1535083446,-0.01111490826,0.006615930207,-0.478828545,-0.478828545,-0.478828545,3.180072733e-17,0,,,1,-0.3826104806,-0.3826104806,-0.3826104806,6.012789216e-11,-0.1387593451,-0.1387593451,-0.1387593451,0.02257725569,-0.5263055179,-0.6112103754,-0.4349212623,4.788112388e-79,0.342148976,4.7701091e-16,1,1,0.008749791581,3.68129952e-10,0.991383409,0.05131194475,0.02004827335,1.305848833e-77,retained
within_花叶类,102900005115878,102900005122654,0.4793735966,0.5324232082,-0.2849747435,-0.2849747435,-0.2849747435,1.486528941e-06,0,,,1,0.1914966387,0.1914966387,0.1914966387,0.001477856166,0.2725447797,0.2725447797,0.2725447797,5.522217074e-06,0.1091875327,0.001623285674,0.2010557138,0.0002948288766,-0.08738926057,-0.08738926057,-0.08738926057,0.1476164919,0,,,1,0.5458140615,0.5458140615,0.5458140615,1.349926466e-22,0.01101477805,0.01101477805,0.01101477805,0.8570292958,0.4516941947,0.3282301147,0.5572384132,3.688932281e-56,4.459586823e-05,0.2214247378,1,1,0.007514522878,2.699852932e-21,0.0001104443415,0.8958494382,0.001360748661,6.148220469e-55,retained
within_花叶类,102900005115878,102900011000571,0.2431237878,0.1948998179,0.1305331653,0.1305331653,0.1305331653,0.03015700248,0,,,1,0.2013251181,0.2013251181,0.2013251181,0.0008213622435,-0.03102897255,-0.03102897255,-0.03102897255,0.6117235087,0.05752344459,-0.02383488634,0.1321956751,0.05705390843,0.256946579,0.256946579,0.256946579,1.545309272e-05,0,,,1,0.3966610351,0.3966610351,0.3966610351,1.010168181e-11,-0.1480388756,-0.1480388756,-0.1480388756,0.01490533954,0.2060557472,0.06919653549,0.3132221799,5.788083669e-12,0.1130887593,4.931838102e-05,1,1,0.00502874843,6.734454538e-11,0.8105802574,0.03520946348,0.1213912945,1.736425101e-11,retained
within_花叶类,102900005115878,102900011006948,-0.7362900585,0.06097560976,-0.2654567694,-0.2654567694,-0.2654567694,7.801939711e-06,0,,,1,-0.2413296609,-0.2413296609,-0.2413296609,5.605483058e-05,0.05250076012,0.05250076012,0.05250076012,0.390193845,-0.1391795405,-0.2294984815,-0.06128332449,3.785645847e-06,-0.3645664787,-0.3645664787,-0.3645664787,4.227156542e-10,0,,,1,-0.2026536152,-0.2026536152,-0.2026536152,0.0007570522,-0.1653246378,-0.1653246378,-0.1653246378,0.006474724097,-0.3211961232,-0.4136982722,-0.2200104352,1.069720388e-27,0.0001800447626,3.01939753e-09,1,1,0.0005424661024,0.002205006408,0.6293449112,0.01646116296,2.794278148e-05,8.742932038e-27,retained
within_花叶类,102900005115878,102900011008164,-0.5140835173,0.380952381,-0.07844578153,-0.07844578153,-0.07844578153,0.1938315098,0,,,1,0.09702691877,0.09702691877,0.09702691877,0.1096944331,0.1068379799,0.1068379799,0.1068379799,0.07970483185,0.01944094894,-0.06049808817,0.09767157519,0.5204562848,-0.4266942178,-0.4266942178,-0.4266942178,1.224636494e-13,0,,,1,-0.1141676537,-0.1141676537,-0.1141676537,0.05958284804,0.2074381293,0.2074381293,0.2074381293,0.0006032965451,-0.1102882371,-0.2195378478,0.01634236741,0.0002556669568,0.4244485616,1.413042108e-12,1,1,0.238466159,0.1020990922,0.2391144955,0.002129281924,0.6482029207,0.0004433531043,retained
within_花叶类,102900005115878,102900011008522,-0.3508364518,0.2323232323,0,,,1,0,,,1,-0.1495588492,-0.1495588492,-0.1495588492,0.01337190577,0.09487709467,0.09487709467,0.09487709467,0.11988247,-0.03428920635,-0.1053750158,0.03110887838,0.2569228636,0,,,1,0,,,1,-0.4814398796,-0.4814398796,-0.4814398796,3.022431369e-17,-0.1038683834,-0.1038683834,-0.1038683834,0.08848881436,-0.08496368458,-0.213718399,0.05928971212,0.004902181343,1,1,1,1,0.050779389,2.924933582e-16,0.3016372218,0.1570807356,0.3834669605,0.007280467341,retained
within_花叶类,102900005115878,102900051010455,-0.6013083103,0.4123505976,0.1185207634,0.1185207634,0.1185207634,0.04918126253,0,,,1,-0.1004800735,-0.1004800735,-0.1004800735,0.09756375265,0.2149235461,0.2149235461,0.2149235461,0.0003753650756,0.06319617248,-0.007111881771,0.1265222448,0.0365358931,0.1165146761,0.1165146761,0.1165146761,0.05317556356,0,,,1,-0.2778804157,-0.2778804157,-0.2778804157,3.125129413e-06,-0.07273542119,-0.07273542119,-0.07273542119,0.2335757278,-0.2408532992,-0.3701177889,-0.1159653115,6.468155333e-16,0.1685054135,0.08862593927,1,1,0.2217358015,1.157455338e-05,0.00329667971,0.3401588269,0.08179677559,2.695064722e-15,retained
within_花叶类,102900005115885,102900005115908,-0.5497015786,0.2966751918,-0.06862530728,-0.06862530728,-0.06862530728,0.2558498521,0,,,1,0.1030951706,0.1030951706,0.1030951706,0.08910670795,0.04160492734,0.04160492734,0.04160492734,0.4960222305,0.02343985971,-0.0382871532,0.0862103531,0.4384200889,-0.03664107013,-0.03664107013,-0.03664107013,0.5444031396,0,,,1,0.1758835344,0.1758835344,0.1758835344,0.003551188326,0.126508383,0.126508383,0.126508383,0.03775965057,-0.004161319108,-0.1213304046,0.09508780813,0.8906003165,0.5266218433,0.6693481225,1,1,0.2064933871,0.008258577502,0.7321721097,0.07866593869,0.576868538,0.9056952371,retained
within_花叶类,102900005115885,102900005115946,-0.7111926333,0.07418397626,-0.1728784069,-0.1728784069,-0.1728784069,0.003967193658,0,,,1,0.09829315822,0.09829315822,0.09829315822,0.1051154473,0.06842266082,0.06842266082,0.06842266082,0.2625448952,-0.02630120255,-0.09281048944,0.03265132784,0.3845825758,-0.4854682088,-0.4854682088,-0.4854682088,1.000689298e-17,0,,,1,0.06868722017,0.06868722017,0.06868722017,0.2580433057,0.04445378585,0.04445378585,0.04445378585,0.4669681028,-0.2628061148,-0.3700101758,-0.1407364643,9.367207378e-19,0.02248908567,1.580035734e-16,1,1,0.2318723103,0.3294169859,0.4832114635,0.5788860779,0.5127767677,4.845107264e-18,retained
within_花叶类,102900005115885,102900005115960,0.1925353549,0.2899505766,0.02484584396,0.02484584396,0.02484584396,0.6811016636,0,,,1,-0.04580042561,-0.04580042561,-0.04580042561,0.4510470737,-0.0147779986,-0.0147779986,-0.0147779986,0.8090018631,-0.0009381280496,-0.1104796047,0.1031376867,0.9752632048,0.1512730572,0.1512730572,0.1512730572,0.01186185057,0,,,1,0.05326404876,0.05326404876,0.05326404876,0.380676297,0.5268720646,0.5268720646,0.5268720646,1.092341138e-20,0.2169921933,0.0722795867,0.3603338344,3.902545119e-13,0.9099412799,0.02226131163,1,1,0.6352775686,0.4623598749,0.929887199,2.340731009e-19,0.9906197228,1.286553336e-12,retained
within_花叶类,102900005115885,102900005115984,-0.1509233281,0.29784689,0.05267076418,0.05267076418,0.05267076418,0.3833904078,0,,,1,0.1030897678,0.1030897678,0.1030897678,0.0891235543,0.0739610692,0.0739610692,0.0739610692,0.2257706143,0.06658318916,0.003077083342,0.1278892014,0.0275793381,-0.02862118818,-0.02862118818,-0.02862118818,0.6359065003,0,,,1,0.3201083302,0.3201083302,0.3201083302,6.382171679e-08,0.2179155375,0.2179155375,0.2179155375,0.0003090957233,0.07880273723,-0.02893559787,0.1915312365,0.009088059603,0.6448360232,0.7600476099,1,1,0.2064933871,2.774857252e-07,0.4455998967,0.001144798975,0.06413799558,0.01304506163,retained
within_花叶类,102900005115885,102900005116790,-0.1048600798,0.2798634812,-0.1109991734,-0.1109991734,-0.1109991734,0.06556564602,0,,,1,-0.2020525855,-0.2020525855,-0.2020525855,0.0007855481692,-0.09432165195,-0.09432165195,-0.09432165195,0.1220753245,-0.118940004,-0.2190121012,-0.01632392476,7.968843102e-05,0.0912985977,0.0912985977,0.0912985977,0.1302684635,0,,,1,-0.07786648429,-0.07786648429,-0.07786648429,0.1996286149,0.3828057141,0.3828057141,0.3828057141,7.483528427e-11,0.09894548213,-0.02716535231,0.2342351173,0.001043633561,0.2025580421,0.2004130208,1,1,0.004909676057,0.2673597521,0.3016372218,7.741581131e-10,0.0004121815398,0.00167427844,retained
within_花叶类,102900005115885,102900005118817,0.1314751027,0.3010075567,0.07959581735,0.07959581735,0.07959581735,0.1873576118,0,,,1,0.007991398157,0.007991398157,0.007991398157,0.8954305609,0.04923341647,0.04923341647,0.04923341647,0.4204025757,0.04803179154,-0.01720815974,0.1202851678,0.1121707943,-0.05603652941,-0.05603652941,-0.05603652941,0.3536915724,0,,,1,0.2588888625,0.2588888625,0.2588888625,1.477608216e-05,-0.2656123211,-0.2656123211,-0.2656123211,9.692248531e-06,0.06072705931,-0.06523171181,0.1626698633,0.04453021576,0.4132888495,0.46352347,1,1,0.9660035808,5.215087823e-05,0.651391463,4.766679605e-05,0.2027183029,0.0583365272,retained
within_花叶类,102900005115885,102900005118831,0.04044385994,0.2853437095,0.08710201162,0.08710201162,0.08710201162,0.1489573239,0,,,1,0.0990675134,0.0990675134,0.0990675134,0.1023904212,0.02246023295,0.02246023295,0.02246023295,0.7133256076,0.07003978842,0.01333691636,0.1545813188,0.02045631627,0.1148310748,0.1148310748,0.1148310748,0.05673246298,0,,,1,-0.03320888005,-0.03320888005,-0.03320888005,0.5848365103,-0.0006866738919,-0.0006866738919,-0.0006866738919,0.9910392618,0.03692683035,-0.08040527114,0.1618829517,0.2221017123,0.3533457954,0.09403170659,1,1,0.2292322863,0.6645869435,0.8663873776,0.9910392618,0.05114079068,0.2644068004,retained
within_花叶类,102900005115885,102900005119975,-0.702022342,0.1772665765,0.008502149429,0.008502149429,0.008502149429,0.8881782002,0,,,1,0.1137203924,0.1137203924,0.1137203924,0.06059497916,-0.01665430439,-0.01665430439,-0.01665430439,0.7853087849,0.04215476359,-0.04503472173,0.1102704982,0.1633295022,-0.4512692017,-0.4512692017,-0.4512692017,2.97840803e-15,0,,,1,0.1517768593,0.1517768593,0.1517768593,0.01204506297,-0.02857975406,-0.02857975406,-0.02857975406,0.6401207203,-0.1951714186,-0.2929911906,-0.08350644037,7.330363117e-11,1,4.061465496e-14,1,1,0.1580738587,0.02441566818,0.9167028618,0.7301757265,0.2799934324,2.094389462e-10,retained
within_花叶类,102900005115885,102900005122654,0.2572664746,0.2445652174,-0.3483848693,-0.3483848693,-0.3483848693,2.69878156e-09,0,,,1,0.07232257168,0.07232257168,0.07232257168,0.2336369819,0.1583870474,0.1583870474,0.1583870474,0.0091348332,0.0141583375,-0.07584976738,0.1029927684,0.6397854211,-0.2302260281,-0.2302260281,-0.2302260281,0.0001136591845,0,,,1,0.1091372781,0.1091372781,0.1091372781,0.07180522018,-0.2690489813,-0.2690489813,-0.2690489813,7.347750884e-06,0.01154116153,-0.1154557171,0.1334828579,0.7028451835,1.619268936e-07,0.0003159395329,1,1,0.4053517526,0.1170737285,0.0464483044,3.736144517e-05,0.7429167514,0.7372501925,retained
within_花叶类,102900005115885,102900011000571,0.2381593189,0.149870801,0.01002355147,0.01002355147,0.01002355147,0.8683362654,0,,,1,0.06276600788,0.06276600788,0.06276600788,0.3014516699,0.1176081708,0.1176081708,0.1176081708,0.05357743179,0.05058998309,-0.03533403698,0.1368659315,0.09428366983,0.0986148598,0.0986148598,0.0986148598,0.1020773613,0,,,1,-0.02460228601,-0.02460228601,-0.02460228601,0.6857035104,0.2209748017,0.2209748017,0.2209748017,0.0002527266222,0.0968546114,-0.02930831151,0.2282161092,0.001332525366,1,0.160330934,1,1,0.4810398987,0.753520341,0.1747090167,0.0009597213502,0.1774034225,0.002092971779,retained
within_花叶类,102900005115885,102900011006948,-0.5108359932,0.08952380952,-0.03605041718,-0.03605041718,-0.03605041718,0.55091454,0,,,1,-0.1990375059,-0.1990375059,-0.1990375059,0.000944033119,0.1713556361,0.1713556361,0.1713556361,0.004750087691,-0.03242430997,-0.132213909,0.0673613799,0.2837190246,-0.1949900154,-0.1949900154,-0.1949900154,0.001129838839,0,,,1,0.04263074502,0.04263074502,0.04263074502,0.4830144299,0.02186350499,0.02186350499,0.02186350499,0.7206201987,-0.1080684792,-0.2055368595,0.001415165158,0.0003403441208,0.7870793023,0.002668910643,1,1,0.005446344917,0.5594761736,0.02638937606,0.7899482582,0.4172338597,0.0005834470642,retained
within_花叶类,102900005115885,102900011008164,-0.5133648515,0.2618483412,0.1486927414,0.1486927414,0.1486927414,0.01340517364,0,,,1,0.004441506708,0.004441506708,0.004441506708,0.9417668314,-0.07502237796,-0.07502237796,-0.07502237796,0.2191631261,0.03461426329,-0.03787743992,0.1099721874,0.2524379615,-0.1863411882,-0.1863411882,-0.1863411882,0.001877487801,0,,,1,0.2558050135,0.2558050135,0.2558050135,1.880728315e-05,-0.2515978117,-0.2515978117,-0.2515978117,2.883608112e-05,-0.00996899676,-0.1236207913,0.1093611621,0.741767718,0.05599687105,0.004203330899,1,1,0.9778035524,6.56068017e-05,0.4367153694,0.0001291167811,0.3801534106,0.7673459152,retained
within_花叶类,102900005115885,102900011008522,-0.4541155839,0.1951672862,0,,,1,0,,,1,-0.1339142972,-0.1339142972,-0.1339142972,0.02693563842,0.2648570299,0.2648570299,0.2648570299,1.02952218e-05,-0.0006434034863,-0.07823015996,0.07531657212,0.983033138,0,,,1,0,,,1,-0.1615400011,-0.1615400011,-0.1615400011,0.007485876527,0.4787745414,0.4787745414,0.4787745414,7.085686217e-17,-0.04429024448,-0.1735586864,0.09672260049,0.1430181466,1,1,1,1,0.08879880799,0.01615656804,0.0001816803846,1.180947703e-15,0.9929627657,0.1744123739,retained
within_花叶类,102900005115885,102900051010455,-0.482202533,0.3191256831,0.175417197,0.175417197,0.175417197,0.003458679804,0,,,1,0.01173003475,0.01173003475,0.01173003475,0.847014317,0.04988412867,0.04988412867,0.04988412867,0.4142797699,0.06979152864,-0.0100563482,0.1459627,0.02090835026,0.2752468943,0.2752468943,0.2752468943,3.45112159e-06,0,,,1,-0.04948355277,-0.04948355277,-0.04948355277,0.415444487,0.1895752233,0.1895752233,0.1895752233,0.001753969396,0.0299656222,-0.08700373546,0.1434296984,0.321843881,0.02117559064,1.176518724e-05,1,1,0.9411270188,0.4945767703,0.6473121405,0.005481154362,0.05183888494,0.3756932463,retained
within_花叶类,102900005115908,102900005115946,0.6267664268,0.2892938497,-0.04888593969,-0.04888593969,-0.04888593969,0.418542699,0.1711446427,0.1711446427,0.1711446427,0.004352280833,0.108422271,0.108422271,0.108422271,0.07369764746,-0.111937066,-0.111937066,-0.111937066,0.06627545758,0.05628048457,-0.01768694762,0.125601688,0.06264341649,-0.1512539105,-0.1512539105,-0.1512539105,0.01187269954,-0.430171381,-0.430171381,-0.430171381,7.370258326e-14,-0.1874737783,-0.1874737783,-0.1874737783,0.001864604224,-0.0587233724,-0.0587233724,-0.0587233724,0.3364131599,-0.08275683131,-0.2022600908,0.04633662454,0.006142761408,0.6787178903,0.02226131163,0.04663158035,1.005035226e-12,0.1857923886,0.004822252304,0.2071108049,0.4650873179,0.1278437071,0.009033472658,retained
within_花叶类,102900005115908,102900005115960,-0.3495813103,0.6204081633,-0.05565746091,-0.05565746091,-0.05565746091,0.3569622273,0.1393257178,0.1393257178,0.1393257178,0.02058820122,0.06790727987,0.06790727987,0.06790727987,0.2635006616,0.07109597601,0.07109597601,0.07109597601,0.2443105731,0.0655560422,-0.007228487699,0.1412081072,0.03007078018,0.5802343743,0.5802343743,0.5802343743,3.110322437e-26,0.4935183563,0.4935183563,0.4935183563,2.38058242e-18,0.3656859913,0.3656859913,0.3656859913,4.618072951e-10,0.04240099268,0.04240099268,0.04240099268,0.4878082369,0.3499119709,0.2312001193,0.4520833299,6.870559844e-33,0.6263594885,1.036774146e-24,0.1506453748,5.101248043e-17,0.4391677694,2.518948882e-09,0.4628689807,0.5973162084,0.0693941081,7.361314119e-32,retained
within_花叶类,102900005115908,102900005115984,0.7102210602,0.7502930832,0.05565021748,0.05565021748,0.05565021748,0.3570249085,0.1808067571,0.1808067571,0.1808067571,0.002569429354,0.3802396475,0.3802396475,0.3802396475,8.057540096e-11,0.1420974631,0.1420974631,0.1420974631,0.01949477292,0.1973127056,0.1297427356,0.2681678907,4.499172149e-11,0.2166580653,0.2166580653,0.2166580653,0.0002875962836,0.3597357593,0.3597357593,0.3597357593,7.432921468e-10,0.5279337506,0.5279337506,0.5279337506,5.395279301e-21,0.2444691821,0.2444691821,0.2444691821,4.903539732e-05,0.3532943203,0.2476461149,0.4545155724,1.544271603e-33,0.6263594885,0.0007374263682,0.03864314377,7.193149808e-09,2.685846699e-09,8.518862055e-20,0.08475988225,0.0002131973797,8.998344299e-10,1.78185185e-32,weak
within_花叶类,102900005115908,102900005116790,0.3628352765,0.5543624161,0.05847478346,0.05847478346,0.05847478346,0.3331065037,-0.004585718986,-0.004585718986,-0.004585718986,0.9395477226,0.02416948792,0.02416948792,0.02416948792,0.6909462947,-0.05874185081,-0.05874185081,-0.05874185081,0.3362608689,0.003342449646,-0.07292097914,0.07789113368,0.912030089,0.4721930957,0.4721930957,0.4721930957,9.85112132e-17,0.2865842487,0.2865842487,0.2865842487,1.289164439e-06,0.3668089692,0.3668089692,0.3668089692,4.048457529e-10,0.06804428637,0.06804428637,0.06804428637,0.2651993264,0.3211758854,0.2168661518,0.4210627149,1.078294951e-27,0.6093411653,1.407303046e-15,1,8.407594171e-06,0.8324654153,2.249143072e-09,0.5699336761,0.3788561806,0.9702447756,8.742932038e-27,retained
within_花叶类,102900005115908,102900005118817,-0.474503075,0.6136618141,-0.06303600801,-0.06303600801,-0.06303600801,0.2967083879,0.06546790954,0.06546790954,0.06546790954,0.2784261691,0.2743933343,0.2743933343,0.2743933343,4.193710243e-06,0.2513243087,0.2513243087,0.2513243087,2.943807518e-05,0.1483675018,0.06649011591,0.2340597903,8.168166866e-07,-0.06171623133,-0.06171623133,-0.06171623133,0.3069570351,0.04157595265,0.04157595265,0.04157595265,0.4915319199,0.4690350485,0.4690350485,0.4690350485,2.441522608e-16,0.1365451629,0.1365451629,0.1365451629,0.02484683573,0.1139794869,0.001088976507,0.2436450925,0.0001570260385,0.5669587029,0.4123184306,0.8437156639,0.9637880783,5.470056839e-05,2.288927445e-15,0.0004439836368,0.05562724417,7.303228696e-06,0.0002771047739,retained
within_花叶类,102900005115908,102900005118831,-0.4720004502,0.5879682179,0.009579005869,0.009579005869,0.009579005869,0.8741260205,0.0350863055,0.0350863055,0.0350863055,0.5616241509,0.0746379384,0.0746379384,0.0746379384,0.2189676233,0.1286303528,0.1286303528,0.1286303528,0.0346358666,0.07101833573,0.001123839652,0.1485751551,0.01875644874,0.09327114942,0.09327114942,0.09327114942,0.1221345435,0.2171975104,0.2171975104,0.2171975104,0.000277470111,0.1772883267,0.1772883267,0.1772883267,0.003291021671,-0.4096411175,-0.4096411175,-0.4096411175,2.385205954e-12,0.003098667674,-0.136671534,0.146645409,0.9184229317,1,0.1888678508,1,0.001053683966,0.3954088427,0.00777406694,0.1315286073,2.862247144e-11,0.0480934583,0.927699931,retained
within_花叶类,102900005115908,102900005119975,0.7311146944,0.4740484429,0.06680575366,0.06680575366,0.06680575366,0.2687007424,0.06625901346,0.06625901346,0.06625901346,0.2726468559,0.1140759877,0.1140759877,0.1140759877,0.05978913965,-0.02802032476,-0.02802032476,-0.02802032476,0.6466831906,0.05974949663,0.003864119758,0.1212998148,0.04807943773,0.1517093402,0.1517093402,0.1517093402,0.01161700002,0.2322358387,0.2322358387,0.2322358387,9.858303664e-05,-0.148244786,-0.148244786,-0.148244786,0.01421718598,0.08047607594,0.08047607594,0.08047607594,0.1873828218,0.1774822126,0.05335085156,0.29213819,3.352721005e-09,0.5338425345,0.02205759497,0.8346332322,0.0004224987285,0.1573398412,0.02806023549,0.8153413809,0.2853545509,0.1052834403,8.670830186e-09,retained
within_花叶类,102900005115908,102900005122654,-0.3854998179,0.3435582822,0.008848998116,0.008848998116,0.008848998116,0.8836480468,0,,,1,0.08499346266,0.08499346266,0.08499346266,0.1613893587,0.2679650875,0.2679650875,0.2679650875,8.021675789e-06,0.1332755597,0.06301681506,0.2232440061,9.648286458e-06,-0.1687506694,-0.1687506694,-0.1687506694,0.004939395039,0,,,1,0.1432690159,0.1432690159,0.1432690159,0.01785736047,0.2229715961,0.2229715961,0.2229715961,0.0002212729507,0.0006710385997,-0.1253608548,0.1184651637,0.9823045035,1,0.01029040633,1,1,0.3249450175,0.03396060509,0.000150406421,0.000857158315,6.57837713e-05,0.9823045035,retained
within_花叶类,102900005115908,102900011000571,-0.5016494175,0.1388518024,-0.03366905163,-0.03366905163,-0.03366905163,0.5775468016,0.1948587871,0.1948587871,0.1948587871,0.001138762277,-0.04657844355,-0.04657844355,-0.04657844355,0.4433865564,0.01553885861,0.01553885861,0.01553885861,0.7993717652,0.04230492598,-0.02445829751,0.1288823189,0.161833805,0.1982486695,0.1982486695,0.1982486695,0.0009278543123,0.03025539034,0.03025539034,0.03025539034,0.6167415835,0.06972493057,0.06972493057,0.06972493057,0.2509038754,0.03027374711,0.03027374711,0.03027374711,0.6204208081,0.04760967959,-0.08100266682,0.1630680544,0.1153637842,0.8158123263,0.002209176934,0.02846905691,1,0.6334093663,0.3216716351,0.9223520367,0.7158701632,0.2790238018,0.1436063703,retained
within_花叶类,102900005115908,102900011006948,0.4491596008,0.1980440098,0.002360169138,0.002360169138,0.002360169138,0.9688647356,-0.05960887597,-0.05960887597,-0.05960887597,0.3237994135,-0.008215202079,-0.008215202079,-0.008215202079,0.8925194696,0.01310531671,0.01310531671,0.01310531671,0.8302722207,-0.001672952736,-0.08297777373,0.07501267109,0.9559025469,-0.4244833784,-0.4244833784,-0.4244833784,1.686204468e-13,0.06381627247,0.06381627247,0.06381627247,0.2907575973,0.07437701254,0.07437701254,0.07437701254,0.2205870761,0.04672043062,0.04672043062,0.04672043062,0.444539027,-0.02587706823,-0.1545579525,0.07246019129,0.3922978059,1,1.873560519e-12,0.9157549877,0.6275343827,0.9660035808,0.2902461527,0.9358062473,0.5627076291,0.9906197228,0.4441107237,retained
within_花叶类,102900005115908,102900011008164,0.1854071336,0.6063249727,0.00793420092,0.00793420092,0.00793420092,0.8956038979,0.08133680388,0.08133680388,0.08133680388,0.1778613442,0.3023432943,0.3023432943,0.3023432943,3.537760183e-07,0.005345859776,0.005345859776,0.005345859776,0.93032613,0.08624312548,0.02532603586,0.1618633345,0.004291292185,-0.1180544921,-0.1180544921,-0.1180544921,0.05008658381,-0.2339364663,-0.2339364663,-0.2339364663,8.731400103e-05,0.4926033525,0.4926033525,0.4926033525,4.283439902e-18,0.05395792313,0.05395792313,0.05395792313,0.3771556557,0.03066196242,-0.07727986487,0.1502295052,0.3107221695,1,0.08441559069,0.6352190864,0.0003852088281,5.896266972e-06,4.759377669e-17,0.9862114452,0.5038791025,0.01341028808,0.3641275424,retained
within_花叶类,102900005115908,102900011008522,0.9151662867,0.3439897698,0,,,1,-0.08337534386,-0.08337534386,-0.08337534386,0.1672005956,0.1081426176,0.1081426176,0.1081426176,0.07444876032,0.03769183316,0.03769183316,0.03769183316,0.537442016,0.02297958081,-0.04215995788,0.09565372152,0.4474673207,0,,,1,-0.04340669196,-0.04340669196,-0.04340669196,0.4726389655,-0.1431438835,-0.1431438835,-0.1431438835,0.01795852056,-0.03883587037,-0.03883587037,-0.03883587037,0.5251561087,0.1283926865,-0.01176222854,0.23718467,2.031405644e-05,1,1,0.604339502,0.9328400634,0.1861219008,0.03396060509,0.7627114083,0.6276766239,0.5858968014,3.895022668e-05,retained
within_花叶类,102900005115908,102900051010455,0.8812764378,0.6479591837,0.0991409104,0.0991409104,0.0991409104,0.1002528441,0.06947538721,0.06947538721,0.06947538721,0.2499939752,0.1249974156,0.1249974156,0.1249974156,0.03902519047,0.1505692413,0.1505692413,0.1505692413,0.01325800856,0.1108241471,0.04233005332,0.1747518854,0.0002384154034,-0.1397239139,-0.1397239139,-0.1397239139,0.02022564927,-0.07019092141,-0.07019092141,-0.07019092141,0.2451376268,-0.1955626745,-0.1955626745,-0.1955626745,0.001162945638,0.2924575164,0.2924575164,0.2924575164,1.005209439e-06,0.04657885408,-0.07519800101,0.1668197731,0.1234613029,0.2837344645,0.0365523782,0.783523902,0.5447502818,0.1194648688,0.003291355578,0.06236793112,5.9129967e-06,0.001135311445,0.1524213616,retained
within_花叶类,102900005115946,102900005115960,-0.7386295234,0.2175675676,-0.05159453249,-0.05159453249,-0.05159453249,0.3931983925,0.1074836611,0.1074836611,0.1074836611,0.07463247612,-0.05734710304,-0.05734710304,-0.05734710304,0.3451905742,-0.02525784847,-0.02525784847,-0.02525784847,0.6794826577,0.002127072174,-0.07267285209,0.08048522946,0.9439499687,-0.3890587391,-0.3890587391,-0.3890587391,2.083945404e-11,-0.604987261,-0.604987261,-0.604987261,6.075283498e-29,-0.1653562236,-0.1653562236,-0.1653562236,0.006172511471,0.08410692159,0.08410692159,0.08410692159,0.1681882479,-0.262461803,-0.3848838361,-0.1459809164,1.042965941e-18,0.6481292184,1.689685463e-10,0.3651638351,3.645170099e-27,0.5256709252,0.01381905553,0.8458290345,0.26289682,0.9832812174,5.303216651e-18,retained
within_花叶类,102900005115946,102900005115984,0.4313222115,0.3248898678,0.006455642997,0.006455642997,0.006455642997,0.9149765545,0.06105286604,0.06105286604,0.06105286604,0.3121953846,0.1364712996,0.1364712996,0.1364712996,0.02412765653,0.001546969645,0.001546969645,0.001546969645,0.9798145679,0.05858481797,-0.01810426927,0.1330661917,0.05261491257,-0.1297366861,-0.1297366861,-0.1297366861,0.03118687399,-0.4543792367,-0.4543792367,-0.4543792367,1.820916129e-15,-0.0282443041,-0.0282443041,-0.0282443041,0.6422008079,0.06502112437,0.06502112437,0.06502112437,0.2870677873,-0.04876525556,-0.1586867838,0.1046053582,0.106788608,1,0.05471381402,0.9093069455,2.731374193e-14,0.08042552178,0.7135564533,0.9937998397,0.4043208271,0.1127462412,0.1343889183,retained
within_花叶类,102900005115946,102900005116790,0.04071932302,0.1777476255,-0.03676715447,-0.03676715447,-0.03676715447,0.5430181201,-0.1003899958,-0.1003899958,-0.1003899958,0.09602414999,-0.1307414564,-0.1307414564,-0.1307414564,0.03080602886,-0.0718774076,-0.0718774076,-0.0718774076,0.2391516633,-0.0899770365,-0.1695664225,-0.01611744826,0.002881953701,-0.4364040309,-0.4364040309,-0.4364040309,2.922972356e-14,-0.5537709871,-0.5537709871,-0.5537709871,1.39729919e-23,-0.1016115647,-0.1016115647,-0.1016115647,0.09382942102,0.1164197195,0.1164197195,0.1164197195,0.05605631788,-0.2196973069,-0.3332952508,-0.1078189609,1.957716642e-13,0.7870793023,3.653715445e-13,0.4148744182,4.19189757e-22,0.09937428665,0.1466346289,0.4628689807,0.1087251321,0.009606512338,6.829244099e-13,retained
within_花叶类,102900005115946,102900005118817,-0.6425991838,0.26067908,-0.02473425958,-0.02473425958,-0.02473425958,0.6824559599,0.07257496091,0.07257496091,0.07257496091,0.2294335791,0.01335305917,0.01335305917,0.01335305917,0.8261622856,-0.01020508339,-0.01020508339,-0.01020508339,0.8674385106,0.005543824227,-0.05827297688,0.07422210683,0.8546086337,-0.02111668875,-0.02111668875,-0.02111668875,0.7268914475,-0.2395998322,-0.2395998322,-0.2395998322,5.790408586e-05,-0.2837150037,-0.2837150037,-0.2837150037,1.893281606e-06,-0.08388228331,-0.08388228331,-0.08388228331,0.1693314725,-0.2992935307,-0.3912391997,-0.186588264,4.256096409e-24,0.9099412799,0.838720901,0.7563744366,0.0002757337422,0.925017329,7.189676985e-06,0.9543185369,0.26289682,0.9309673284,2.976526737e-23,retained
within_花叶类,102900005115946,102900005118831,-0.5791751373,0.2850521437,-0.002861180606,-0.002861180606,-0.002861180606,0.9622598856,0.04017720726,0.04017720726,0.04017720726,0.506234045,0.06433577952,0.06433577952,0.06433577952,0.2894988073,0.02121008432,0.02121008432,0.02121008432,0.7286368984,0.04069036951,-0.01503311442,0.09958548297,0.17846524,-0.08379053244,-0.08379053244,-0.08379053244,0.1650891038,-0.1019671707,-0.1019671707,-0.1019671707,0.09088891856,0.01825393128,0.01825393128,0.01825393128,0.7639898465,0.01348957449,0.01348957449,0.01348957449,0.82537432,-0.09464665666,-0.2669784273,0.01914036218,0.001716224852,1,0.2415938105,1,0.2310735218,0.4720089249,0.815647523,0.8708807551,0.8749551095,0.3007841123,0.002667707024,retained
within_花叶类,102900005115946,102900005119975,0.9317672274,0.5833333333,0.1083932798,0.1083932798,0.1083932798,0.07219405285,0.1117678605,0.1117678605,0.1117678605,0.0637085827,0.3465557127,0.3465557127,0.3465557127,4.02692212e-09,-0.1193983415,-0.1193983415,-0.1193983415,0.05001579748,0.1588633976,0.06063923509,0.2600513028,1.260460759e-07,0.488858226,0.488858226,0.488858226,5.491454819e-18,-0.1069862686,-0.1069862686,-0.1069862686,0.07599388371,0.6319327773,0.6319327773,0.6319327773,7.696758941e-32,-0.01409181144,-0.01409181144,-0.01409181144,0.8177116199,0.5652273648,0.4587857084,0.6634219309,1.889411204e-93,0.2144377808,9.152424698e-17,0.3220389626,0.198244914,1.098251487e-07,3.298610975e-30,0.1724682672,0.8729553998,1.303924923e-06,6.298037348e-92,weak
within_花叶类,102900005115946,102900005122654,-0.6181145152,0.01130653266,-0.03832501784,-0.03832501784,-0.03832501784,0.5260505671,0,,,1,-0.03739427292,-0.03739427292,-0.03739427292,0.5383995159,0.09312826939,0.09312826939,0.09312826939,0.1268920758,0.005345537252,-0.04196230564,0.04930801933,0.8597540572,-0.1925374664,-0.1925374664,-0.1925374664,0.001307710363,0,,,1,-0.5217808398,-0.5217808398,-0.5217808398,1.826328249e-20,0.02808788739,0.02808788739,0.02808788739,0.6458891714,-0.5174763591,-0.5761603289,-0.4521649186,4.938692172e-76,0.7825109222,0.003041186892,1,1,0.7178660212,2.382167282e-19,0.3069969575,0.7339649675,0.9309673284,1.139698193e-74,retained
within_花叶类,102900005115946,102900011000571,-0.4215324112,0.03874538745,0.06553816966,0.06553816966,0.06553816966,0.2779095628,0.05856068951,0.05856068951,0.05856068951,0.3323955502,-0.005550521718,-0.005550521718,-0.005550521718,0.9272625059,0.1104163374,0.1104163374,0.1104163374,0.07007112423,0.01766620464,-0.02888220253,0.08291084045,0.5592428864,-0.166981,-0.166981,-0.166981,0.005418198513,0.1152151619,0.1152151619,0.1152151619,0.05590414084,-0.328911308,-0.328911308,-0.328911308,2.618848125e-08,0.07016752214,0.07016752214,0.07016752214,0.2505404774,-0.183886142,-0.2779922499,-0.07652052582,8.769464742e-10,0.5449207113,0.01121006589,0.9157549877,0.1502613756,0.9778035524,1.227585059e-07,0.2145034415,0.3614094821,0.68200352,2.307753879e-09,retained
within_花叶类,102900005115946,102900011006948,0.8207125688,0.2945590994,0.03214459961,0.03214459961,0.03214459961,0.5949060953,0.1001563884,0.1001563884,0.1001563884,0.09680403092,-0.1033347179,-0.1033347179,-0.1033347179,0.08836233777,-0.1333377637,-0.1333377637,-0.1333377637,0.02848157572,0.01201077182,-0.07964446732,0.09205617608,0.6913628634,0.2073721099,0.2073721099,0.2073721099,0.0005258037175,-0.237664669,-0.237664669,-0.237664669,6.670339838e-05,0.1334468682,0.1334468682,0.1334468682,0.02747819079,-0.03103504209,-0.03103504209,-0.03103504209,0.6116538288,0.1765227718,0.04606189836,0.277227633,4.081784959e-09,0.8301015283,0.00130364558,0.4148744182,0.0003078618387,0.2064933871,0.05057335728,0.1122146969,0.7084793384,0.7916368665,1.033265892e-08,retained
within_花叶类,102900005115946,102900011008164,0.8031868647,0.345847554,0.0606200254,0.0606200254,0.0606200254,0.3156447661,0.01126296296,0.01126296296,0.01126296296,0.8522321754,0.1175856667,0.1175856667,0.1175856667,0.05229990828,0.07143274972,0.07143274972,0.07143274972,0.2420777882,0.05680997674,-0.008508177668,0.1252675506,0.06020935867,0.2581805367,0.2581805367,0.2581805367,1.401561912e-05,0.2459265023,0.2459265023,0.2459265023,3.616448519e-05,-0.04425266765,-0.04425266765,-0.04425266765,0.4665058967,0.004566644711,0.004566644711,0.004566644711,0.9404614598,0.144216784,0.01148922428,0.2913757242,1.652368458e-06,0.5881579493,4.521167459e-05,1,0.0001778581239,0.1466352569,0.5445594125,0.4628689807,0.9499610705,0.1249806848,3.442434287e-06,retained
within_花叶类,102900005115946,102900011008522,0.4705249605,0.3327495622,0,,,1,-0.0327813074,-0.0327813074,-0.0327813074,0.5876269439,0.1945042256,0.1945042256,0.1945042256,0.001238365386,0.2002776384,0.2002776384,0.2002776384,0.000935560963,0.07570828906,-0.0003408986363,0.1740297284,0.01221116662,0,,,1,-0.08947726342,-0.08947726342,-0.08947726342,0.1381442674,0.4822981648,0.4822981648,0.4822981648,2.607411017e-17,-0.0358719405,-0.0358719405,-0.0358719405,0.5572773466,0.2311610759,0.1005355313,0.3645785157,9.505149752e-15,1,1,1,0.3342200018,0.006609080343,2.607411017e-16,0.006845568022,0.6582015905,0.03346426425,3.477493812e-14,retained
within_花叶类,102900005115946,102900051010455,0.5803142922,0.3773388773,-0.09584658182,-0.09584658182,-0.09584658182,0.1121154765,0.02790509956,0.02790509956,0.02790509956,0.6443823715,0.03004982961,0.03004982961,0.03004982961,0.6210673868,-0.0341752529,-0.0341752529,-0.0341752529,0.5760834355,-0.01173568477,-0.08616303762,0.05767223521,0.6980805482,-0.2380916401,-0.2380916401,-0.2380916401,6.466003289e-05,-0.07195547167,-0.07195547167,-0.07195547167,0.2334440699,0.4460336024,0.4460336024,0.4460336024,9.455304835e-15,0.02422812567,0.02422812567,0.02422812567,0.6918690628,0.2561715304,0.1260216509,0.3982529279,7.222003231e-18,0.308574706,0.0001865193256,1,0.5226359775,0.7861612491,8.188351162e-14,0.7858257175,0.7659067116,0.7957617517,3.385314015e-17,retained
within_花叶类,102900005115960,102900005115984,-0.4249419159,0.5599505562,0.2299757624,0.2299757624,0.2299757624,0.0001156811034,0.1727736819,0.1727736819,0.1727736819,0.003989550548,0.2958906086,0.2958906086,0.2958906086,6.411055852e-07,0.07096398064,0.07096398064,0.07096398064,0.2451896026,0.1836669425,0.0952865116,0.2588616979,9.188753448e-10,0.3978238798,0.3978238798,0.3978238798,6.669377129e-12,0.3460236368,0.3460236368,0.3460236368,3.506656917e-09,0.184203105,0.184203105,0.184203105,0.002244907498,0.2065810158,0.2065810158,0.2065810158,0.0006363215043,0.2833443448,0.1735088675,0.4081228174,1.154917e-21,0.001652587192,5.716608968e-11,0.04432833942,3.187869925e-08,9.616583778e-06,0.005612268745,0.4628689807,0.002219726178,1.531458908e-08,7.218231249e-21,weak
within_花叶类,102900005115960,102900005116790,-0.1420397418,0.810546875,0.1847040214,0.1847040214,0.1847040214,0.00206195401,-0.02887391935,-0.02887391935,-0.02887391935,0.6329262986,0.385214769,0.385214769,0.385214769,4.347587423e-11,0.2292833125,0.2292833125,0.2292833125,0.000144237548,0.2150621013,0.1399689834,0.3006541891,6.348895084e-13,0.8007145501,0.8007145501,0.8007145501,6.344803874e-63,0.6626861104,0.6626861104,0.6626861104,2.825330267e-36,0.7035177543,0.7035177543,0.7035177543,4.359802611e-42,0.7931018304,0.7931018304,0.7931018304,1.206839988e-59,0.7477116861,0.6798450946,0.8017133411,1.428921786e-196,0.0140474071,1.903441162e-60,1,4.2379954e-34,1.630345283e-09,3.269851958e-40,0.001602639423,3.620519964e-57,1.810646442e-11,4.286765357e-194,weak
within_花叶类,102900005115960,102900005118817,0.8316042045,0.4185228605,0.1143188493,0.1143188493,0.1143188493,0.05785290848,0.1782429983,0.1782429983,0.1782429983,0.002962641022,0.1435702391,0.1435702391,0.1435702391,0.01761587804,0.007274992001,0.007274992001,0.007274992001,0.9052854324,0.1055314766,0.02641870252,0.1684239978,0.0004689328885,0.07163787281,0.07163787281,0.07163787281,0.2355192208,0.1894937464,0.1894937464,0.1894937464,0.001564095731,0.2395123516,0.2395123516,0.2395123516,6.399486006e-05,-0.465081737,-0.465081737,-0.465081737,6.765441743e-16,0.01054619666,-0.1079003868,0.1353532959,0.7273948678,0.1826933952,0.3241090195,0.03864314377,0.0054561479,0.06167092343,0.0002109720661,0.9699486776,1.068227644e-14,0.002038838646,0.7550811776,retained
within_花叶类,102900005115960,102900005118831,0.834761005,0.6614509246,0.02831546047,0.02831546047,0.02831546047,0.6395194834,0.02501527232,0.02501527232,0.02501527232,0.6790472712,0.09876514913,0.09876514913,0.09876514913,0.1034477404,0.1022330365,0.1022330365,0.1022330365,0.09364779779,0.08941868999,0.01978620262,0.158976022,0.00306155296,0.05358554031,0.05358554031,0.05358554031,0.3751720889,0.3450711771,0.3450711771,0.3450711771,3.894936854e-09,0.5579637697,0.5579637697,0.5579637697,9.684119631e-24,0.08429119071,0.08429119071,0.08429119071,0.1672547789,0.2578072124,0.112866221,0.3941415077,4.388546202e-18,0.8681259956,0.4872364791,1,3.436708989e-08,0.2298838676,2.234796838e-22,0.2650409372,0.26289682,0.01009303174,2.123490098e-17,retained
within_花叶类,102900005115960,102900005119975,-0.6844205837,0.3776315789,-0.1165136703,-0.1165136703,-0.1165136703,0.0531776319,0.1799459071,0.1799459071,0.1799459071,0.002695825795,0.03307142081,0.03307142081,0.03307142081,0.5863925113,-0.03429471209,-0.03429471209,-0.03429471209,0.5747496558,0.02726420593,-0.03364195291,0.1071977287,0.3674123245,-0.09001536535,-0.09001536535,-0.09001536535,0.1357803428,0.001192980324,0.001192980324,0.001192980324,0.9842592888,-0.2888857093,-0.2888857093,-0.2888857093,1.20274153e-06,0.1285258377,0.1285258377,0.1285258377,0.03478441695,-0.08229893273,-0.2277272684,0.06706908165,0.006433086431,0.1753108744,0.2067720956,0.03864314377,1,0.7582661784,4.625928962e-06,0.7858257175,0.07400939776,0.5055146569,0.009414272827,retained
within_花叶类,102900005115960,102900005122654,0.7154705126,0.2151898734,0.2148819752,0.2148819752,0.2148819752,0.000323421173,0,,,1,0.05219331672,0.05219331672,0.05219331672,0.3903384044,0.07703016509,0.07703016509,0.07703016509,0.2070431251,0.07313537714,-0.006206155512,0.1630617062,0.01549555786,-0.009962990508,-0.009962990508,-0.009962990508,0.8691246045,0,,,1,-0.09610587645,-0.09610587645,-0.09610587645,0.1131225275,-0.4015990158,-0.4015990158,-0.4015990158,6.921998504e-12,0.007000932421,-0.1376904072,0.1599772091,0.8170005063,0.00399406896,0.9802157194,1,1,0.5797105015,0.1688395933,0.4254310789,7.691109449e-11,0.0404231944,0.8393840818,retained
within_花叶类,102900005115960,102900011000571,0.2098225707,0.1008849558,0.005076772989,0.005076772989,0.005076772989,0.9330886742,0.03919784882,0.03919784882,0.03919784882,0.5166632913,-0.01938792263,-0.01938792263,-0.01938792263,0.749801456,-0.1056576608,-0.1056576608,-0.1056576608,0.08310785212,-0.02717255006,-0.11953458,0.05194849337,0.3690256995,0.3343135975,0.3343135975,0.3343135975,1.244737765e-08,-0.2717584065,-0.2717584065,-0.2717584065,4.632019705e-06,-0.3343416381,-0.3343416381,-0.3343416381,1.490304923e-08,0.2001973417,0.2001973417,0.2001973417,0.0009400967783,0.0118753058,-0.1403172534,0.1486800061,0.6946679803,1,6.915209808e-08,1,2.573344281e-05,0.8807690924,7.211152852e-08,0.2468405328,0.003133655928,0.5055146569,0.731229453,retained
within_花叶类,102900005115960,102900011006948,-0.6558745448,0.1984,0.1485188274,0.1485188274,0.1485188274,0.01351527297,0.07883305237,0.07883305237,0.07883305237,0.1916334531,0.1444126031,0.1444126031,0.1444126031,0.01695562673,0.05183000445,0.05183000445,0.05183000445,0.3962859948,0.1219327939,0.03510518433,0.2145309649,5.224581512e-05,-0.3324057419,-0.3324057419,-0.3324057419,1.52252661e-08,0.3815029716,0.3815029716,0.3815029716,5.417877738e-11,-0.1137462878,-0.1137462878,-0.1137462878,0.0605359952,-0.08773660659,-0.08773660659,-0.08773660659,0.1505064551,-0.06636499645,-0.188676259,0.04950549078,0.02809317615,0.05599687105,8.156392555e-08,0.6553870336,5.804869005e-10,0.06055580975,0.1026033817,0.6312998307,0.2427523469,0.0002749779743,0.03830887657,retained
within_花叶类,102900005115960,102900011008164,-0.7021534999,0.3923766816,-0.02382451986,-0.02382451986,-0.02382451986,0.6935350721,0.03256360286,0.03256360286,0.03256360286,0.590111235,0.1933171992,0.1933171992,0.1933171992,0.00132827352,0.099052453,0.099052453,0.099052453,0.1043666669,0.08280040925,0.01441533861,0.1641088912,0.006115754919,-0.292911246,-0.292911246,-0.292911246,7.30083609e-07,-0.3946917231,-0.3946917231,-0.3946917231,1.005948483e-11,0.08653337637,0.08653337637,0.08653337637,0.1539025293,-0.3613978727,-0.3613978727,-0.3613978727,9.423872108e-10,-0.2339146928,-0.3727514598,-0.1219691712,4.483857366e-15,0.9124523404,2.704013367e-06,1,1.160709788e-10,0.006870380275,0.2209127215,0.2770796466,9.119876233e-09,0.01872169873,1.681446512e-14,retained
within_花叶类,102900005115960,102900011008522,-0.2885113419,0.4335664336,0,,,1,-0.07765910617,-0.07765910617,-0.07765910617,0.1983530567,0.185868073,0.185868073,0.185868073,0.002043271439,0.05141836444,0.05141836444,0.05141836444,0.4000528369,0.09190779428,0.004114994836,0.1789460094,0.002332437375,0,,,1,0.150655487,0.150655487,0.150655487,0.01221622104,0.1835884433,0.1835884433,0.1835884433,0.002323816167,0.6428183131,0.6428183131,0.6428183131,7.133006192e-33,0.2656300162,0.1232993622,0.3904978012,3.857690774e-19,1,1,0.6686058091,0.03739659501,0.009886797286,0.005761527687,0.6312998307,4.279803715e-31,0.00795149105,2.030363565e-18,retained
within_花叶类,102900005115960,102900051010455,-0.4887886943,0.5076252723,0.1857802678,0.1857802678,0.1857802678,0.001938918959,0.1526719347,0.1526719347,0.1526719347,0.01109248915,0.05104235981,0.05104235981,0.05104235981,0.4008880761,0.2550228391,0.2550228391,0.2550228391,2.221798498e-05,0.1482905716,0.07385152372,0.2201978735,8.276992522e-07,0.03361800699,0.03361800699,0.03361800699,0.5781242027,-0.1042586553,-0.1042586553,-0.1042586553,0.08382186635,-0.2274964276,-0.2274964276,-0.2274964276,0.000149774005,0.2913382509,0.2913382509,0.2913382509,1.110113786e-06,-0.01399165622,-0.1257170388,0.107407134,0.6437309011,0.01352734158,0.7050295154,0.09787490431,0.2149278624,0.5895412884,0.0004632185721,0.0003702997496,6.404502611e-06,7.303228696e-06,0.6836041389,retained
within_花叶类,102900005115984,102900005116790,0.1222347845,0.496954933,0.2224899902,0.2224899902,0.2224899902,0.0001942964241,0.1730439497,0.1730439497,0.1730439497,0.003932083958,0.1834058083,0.1834058083,0.1834058083,0.002347744464,-0.009881033103,-0.009881033103,-0.009881033103,0.8716109303,0.1464302468,0.06176599925,0.2156501416,1.137589097e-06,0.2956660392,0.2956660392,0.2956660392,5.675155902e-07,0.2656043988,0.2656043988,0.2656043988,7.708377748e-06,0.1774983177,0.1774983177,0.1774983177,0.003253650872,0.1121736121,0.1121736121,0.1121736121,0.06570047506,0.2172776767,0.104739316,0.3251505299,3.630081659e-13,0.002649496693,2.155122494e-06,0.04432833942,4.129488079e-05,0.01067156575,0.00774678779,0.9543185369,0.1224232455,9.47990914e-06,1.223623031e-12,retained
within_花叶类,102900005115984,102900005118817,-0.504435267,0.7725674091,0.3614289798,0.3614289798,0.3614289798,6.105357987e-10,0.2179113559,0.2179113559,0.2179113559,0.0002645805308,0.2342671644,0.2342671644,0.2342671644,9.326336409e-05,0.2311980947,0.2311980947,0.2311980947,0.0001263780996,0.2489895645,0.1885345367,0.3153528966,6.172424099e-17,0.6302666217,0.6302666217,0.6302666217,5.767236704e-32,0.1079735436,0.1079735436,0.1079735436,0.07331105882,0.3584560298,0.3584560298,0.3584560298,1.064835075e-09,0.08995853034,0.08995853034,0.08995853034,0.1404002443,0.2584042148,0.139105672,0.3901696584,3.655759597e-18,4.57901849e-08,2.471672873e-30,0.01317378952,0.192923839,0.0008478487645,5.657670283e-09,0.001512670837,0.2276760719,4.629318074e-15,1.797914556e-17,weak
within_花叶类,102900005115984,102900005118831,-0.3762936115,0.4744232698,0.09416419445,0.09416419445,0.09416419445,0.1185843933,0.1439123143,0.1439123143,0.1439123143,0.01673552983,-0.0147725186,-0.0147725186,-0.0147725186,0.8080244767,0.1779966963,0.1779966963,0.1779966963,0.003338862805,0.1046657513,0.03669796865,0.1712344098,0.0005223060774,-0.6206135661,-0.6206135661,-0.6206135661,8.864700736e-31,0.05066359325,0.05066359325,0.05066359325,0.4018030361,0.01651866656,0.01651866656,0.01651866656,0.7858531859,-0.5698583697,-0.5698583697,-0.5698583697,1.195800431e-24,-0.2992868911,-0.4346409013,-0.1605356307,4.26635499e-24,0.3120641929,3.324262776e-29,0.1321226039,0.8200061961,0.921700924,0.8243215237,0.01964036944,3.986001437e-23,0.002238454617,2.976526737e-23,retained
within_花叶类,102900005115984,102900005119975,0.5068811133,0.5191441441,0.03115937203,0.03115937203,0.03115937203,0.6062496531,0.0531095869,0.0531095869,0.0531095869,0.3794344433,0.1843919362,0.1843919362,0.1843919362,0.00222116074,-0.03230372116,-0.03230372116,-0.03230372116,0.5971665174,0.07645449488,0.00532813679,0.1577694221,0.01138174902,0.1665049846,0.1665049846,0.1665049846,0.005553909714,-0.02185284794,-0.02185284794,-0.02185284794,0.7177688501,0.01788060731,0.01788060731,0.01788060731,0.7686783993,-0.06706473316,-0.06706473316,-0.06706473316,0.2721564302,0.1671610674,0.04631481128,0.2847889202,2.631031967e-08,0.8395945378,0.01141214325,0.9985116928,1,0.01037807814,0.817742978,0.8058424472,0.3851270239,0.03191144586,6.215036142e-08,retained
within_花叶类,102900005115984,102900005122654,-0.2173306636,0.3219954649,0.05431313625,0.05431313625,0.05431313625,0.3687133104,0,,,1,0.03886312502,0.03886312502,0.03886312502,0.5225500802,0.1644930281,0.1644930281,0.1644930281,0.006752042597,0.07871993398,0.001781930972,0.1619617671,0.009161342268,-0.05397146052,-0.05397146052,-0.05397146052,0.37173771,0,,,1,0.1353251371,0.1353251371,0.1353251371,0.02535347843,-0.1630889279,-0.1630889279,-0.1630889279,0.007244433143,-0.04768597506,-0.1650707803,0.06974331203,0.1147814354,0.6284885972,0.4848752739,1,1,0.7046934799,0.0472425064,0.0355370663,0.01796140449,0.02642694885,0.1434767942,retained
within_花叶类,102900005115984,102900011000571,-0.2497676825,0.1337423313,0.04968379738,0.04968379738,0.04968379738,0.4109795535,-0.08549933691,-0.08549933691,-0.08549933691,0.1566085956,0.0291297784,0.0291297784,0.0291297784,0.6317990483,-0.01579026606,-0.01579026606,-0.01579026606,0.7961963163,0.0002555481756,-0.06971854597,0.06066192675,0.9932606434,0.3702325664,0.3702325664,0.3702325664,2.154261424e-10,-0.0728854937,-0.0728854937,-0.0728854937,0.2274416805,0.05204949426,0.05204949426,0.05204949426,0.3916474317,-0.07405994193,-0.07405994193,-0.07405994193,0.2251491456,0.04497268585,-0.07636647918,0.1650591672,0.1369529629,0.673736973,1.657124172e-09,0.5872822334,0.5169129101,0.7918777295,0.4699769181,0.9223520367,0.3294865546,0.9962489852,0.1676975056,retained
within_花叶类,102900005115984,102900011006948,0.5637345718,0.2848410758,0.05232449241,0.05232449241,0.05232449241,0.3865296927,-0.01945517593,-0.01945517593,-0.01945517593,0.7476214675,-0.007844910556,-0.007844910556,-0.007844910556,0.8973367343,0.1504930714,0.1504930714,0.1504930714,0.01330515864,0.0536497744,-0.003949973604,0.1051675966,0.07596998329,0.08892645609,0.08892645609,0.08892645609,0.1405965461,0.0890526736,0.0890526736,0.0890526736,0.1400316868,0.1892277642,0.1892277642,0.1892277642,0.001685836134,0.07589951455,0.07589951455,0.07589951455,0.2138073937,0.1566610451,0.05020705033,0.2559405236,1.885161794e-07,0.6448360232,0.2130250699,1,0.3360760483,0.9660035808,0.00443641088,0.06236793112,0.3175357332,0.1519399666,4.158445133e-07,retained
within_花叶类,102900005115984,102900011008164,-0.07618708092,0.719376392,0.1472038265,0.1472038265,0.1472038265,0.01437378844,0.03386891388,0.03386891388,0.03386891388,0.5752886248,0.2901203101,0.2901203101,0.2901203101,1.077810782e-06,0.05713661094,0.05713661094,0.05713661094,0.3496549554,0.1323751625,0.06480895152,0.2141951436,1.109012484e-05,0.1398459734,0.1398459734,0.1398459734,0.02011563095,-0.3233746492,-0.3233746492,-0.3233746492,3.878401628e-08,0.5347472079,0.5347472079,0.5347472079,1.357911548e-21,0.169682622,0.169682622,0.169682622,0.005181396392,0.1172491605,-0.008432874301,0.2529373633,0.0001007179923,0.05749515378,0.0365523782,1,2.983385868e-07,1.539729688e-05,2.546084152e-20,0.5860138918,0.01413108107,7.393416562e-05,0.0001809305251,retained
within_花叶类,102900005115984,102900011008522,0.6713549599,0.3293838863,0,,,1,0.03252862187,0.03252862187,0.03252862187,0.5905108617,0.2567900276,0.2567900276,0.2567900276,1.741830867e-05,-0.02894842597,-0.02894842597,-0.02894842597,0.6358111688,0.1086253861,0.04272444234,0.1889238158,0.0003169297524,0,,,1,0.2325061236,0.2325061236,0.2325061236,9.670513146e-05,-0.1491220291,-0.1491220291,-0.1491220291,0.01364785766,0.1699923668,0.1699923668,0.1699923668,0.005098982526,0.09227971419,-0.04483852711,0.1946155659,0.00223829636,1,1,1,0.0004204570933,0.000193536763,0.02729571531,0.8153413809,0.01403389686,0.001440589784,0.003425963816,retained
within_花叶类,102900005115984,102900051010455,0.7273148823,0.7898089172,0.2414906709,0.2414906709,0.2414906709,5.037160065e-05,0.1698569518,0.1698569518,0.1698569518,0.00465975997,0.2551928569,0.2551928569,0.2551928569,1.97226727e-05,0.2205917073,0.2205917073,0.2205917073,0.0002592189021,0.2148839506,0.150508817,0.2788282504,6.639036955e-13,-0.04539532793,-0.04539532793,-0.04539532793,0.4525753801,0.1501110004,0.1501110004,0.1501110004,0.01253635956,-0.1538763568,-0.1538763568,-0.1538763568,0.01089746467,0.6130215421,0.6130215421,0.6130215421,2.959183289e-29,0.1765213781,0.02001854731,0.3090648495,4.082948594e-09,0.0008395266775,0.5802248462,0.04820441348,0.03798896836,0.0002113143504,0.02254647862,0.002566105364,1.479591644e-27,1.810646442e-11,1.033265892e-08,weak
within_花叶类,102900005116790,102900005118817,0.1446259209,0.4095808383,0.07765823576,0.07765823576,0.07765823576,0.1983581017,0.1283794135,0.1283794135,0.1283794135,0.03301104065,0.03638054046,0.03638054046,0.03638054046,0.5494761854,0.03214156411,0.03214156411,0.03214156411,0.5990095524,0.06733525176,-0.02062637928,0.1277360128,0.02586981072,-0.02616466433,-0.02616466433,-0.02616466433,0.6651736013,0.3228821067,0.3228821067,0.3228821067,4.077758385e-08,0.120823713,0.120823713,0.120823713,0.04609876417,-0.4315686067,-0.4315686067,-0.4315686067,1.125489683e-13,-0.02173691211,-0.1228597961,0.08182748904,0.4724152569,0.4256159815,0.7856381118,0.2063190041,3.022613999e-07,0.7229949808,0.0813507603,0.8058424472,1.534758659e-12,0.0611097891,0.5210462392,retained
within_花叶类,102900005116790,102900005118831,-0.474827693,0.6076487252,-0.03770512795,-0.03770512795,-0.03770512795,0.5327697211,0.02308748905,0.02308748905,0.02308748905,0.7025590372,0.03182438923,0.03182438923,0.03182438923,0.6005949523,0.02157632402,0.02157632402,0.02157632402,0.7241398701,0.02113822258,-0.06184682177,0.09902767041,0.4847023297,0.1757452145,0.1757452145,0.1757452145,0.003397474278,0.2260189311,0.2260189311,0.2260189311,0.0001524850196,0.4928348574,0.4928348574,0.4928348574,4.110222717e-18,0.131044194,0.131044194,0.131044194,0.03135197042,0.2519303325,0.1196724017,0.3759678851,2.585050028e-17,0.7870793023,0.007385813647,1,0.000618182512,0.7699935286,4.742564673e-17,0.8689678441,0.06766612321,0.6214132432,1.157485087e-16,retained
within_花叶类,102900005116790,102900005119975,0.01369109605,0.3359683794,0.01105899715,0.01105899715,0.01105899715,0.8548783491,0.001708321059,0.001708321059,0.001708321059,0.9774611823,-0.005928575656,-0.005928575656,-0.005928575656,0.9223233486,0.03586269872,0.03586269872,0.03586269872,0.5573789721,0.01950824387,-0.05765849433,0.09854057758,0.5190132841,-0.1632390432,-0.1632390432,-0.1632390432,0.006570229585,-0.1460690056,-0.1460690056,-0.1460690056,0.01515275017,-0.1225002897,-0.1225002897,-0.1225002897,0.04313786136,0.1468524438,0.1468524438,0.1468524438,0.01573765328,-0.0009132021602,-0.1370014871,0.1073033874,0.9759202549,1,0.01302696118,1,0.04545825052,0.9777279313,0.07657608525,0.783775117,0.03659919367,0.6482029207,0.9791842022,retained
within_花叶类,102900005116790,102900005122654,-0.2272625607,0.2113702624,0.1833091753,0.1833091753,0.1833091753,0.002232002945,0,,,1,0.002907948894,0.002907948894,0.002907948894,0.9618542452,-0.02995691867,-0.02995691867,-0.02995691867,0.6240853259,0.02385120254,-0.0678705786,0.113950625,0.4304243483,0.1115226986,0.1115226986,0.1115226986,0.06429611543,0,,,1,-0.2314359639,-0.2314359639,-0.2314359639,0.0001138870281,-0.2757899095,-0.2757899095,-0.2757899095,4.221058004e-06,-0.107718298,-0.2124540585,0.02940181959,0.0003558843374,0.01455654094,0.103703412,1,1,0.9814839237,0.0003596432467,0.8153413809,2.183305864e-05,0.5688427511,0.0006066210296,retained
within_花叶类,102900005116790,102900011000571,-0.3770690681,0.1092278719,-0.042511468,-0.042511468,-0.042511468,0.4818275038,-0.07139933346,-0.07139933346,-0.07139933346,0.2370863205,0.0136831461,0.0136831461,0.0136831461,0.8219358267,0.1182659252,0.1182659252,0.1182659252,0.05224506562,0.03763812854,-0.04200918036,0.114872765,0.2133179426,0.3037016698,0.3037016698,0.3037016698,2.680968031e-07,-0.2181898673,-0.2181898673,-0.2181898673,0.0002597047043,-0.3024383404,-0.3024383404,-0.3024383404,3.50653485e-07,0.2323057781,0.2323057781,0.2323057781,0.0001170155516,-0.0171636527,-0.1328875043,0.1095467535,0.5704751746,0.7489546691,1.086878931e-06,0.7647945823,0.0009988642473,0.925017329,1.421568182e-06,0.1747090167,0.0004743873715,0.3404009722,0.6158841352,retained
within_花叶类,102900005116790,102900011006948,-0.1036137578,0.213559322,0.1734998466,0.1734998466,0.1734998466,0.003836839505,-0.04359987405,-0.04359987405,-0.04359987405,0.4706688162,0.1671697824,0.1671697824,0.1671697824,0.005623977272,0.08290092245,0.08290092245,0.08290092245,0.1743938146,0.09622175907,0.0005446262433,0.193545799,0.001433516856,-0.2083449569,-0.2083449569,-0.2083449569,0.0004941898519,0.4266125096,0.4266125096,0.4266125096,1.239249749e-13,-0.03986781267,-0.03986781267,-0.03986781267,0.5118481153,-0.02520464973,-0.02520464973,-0.02520464973,0.6801205103,0.06150302699,-0.06333433092,0.1912129802,0.04187247225,0.02248908567,0.00123547463,1,1.549062186e-12,0.02343323863,0.588331167,0.384692238,0.7591193342,0.005309321687,0.05509535822,retained
within_花叶类,102900005116790,102900011008164,0.02863367074,0.3817142857,0.03834499066,0.03834499066,0.03834499066,0.5258347948,0.005773422101,0.005773422101,0.005773422101,0.9239329557,0.06504702247,0.06504702247,0.06504702247,0.2841890588,-0.04320132941,-0.04320132941,-0.04320132941,0.4796243146,0.009063425178,-0.05430245487,0.07391013304,0.7644979611,-0.3205478937,-0.3205478937,-0.3205478937,5.164849545e-08,-0.2059189917,-0.2059189917,-0.2059189917,0.0005765295125,0.102027408,0.102027408,0.102027408,0.09248597955,-0.4074528278,-0.4074528278,-0.4074528278,3.196398142e-12,-0.1843507074,-0.30463223,-0.08298493392,7.941509115e-10,0.7825109222,2.421023224e-07,1,0.002109486461,0.465883703,0.146030494,0.7194364719,3.688151702e-11,0.8557812997,2.127189941e-09,retained
within_花叶类,102900005116790,102900011008522,0.4909265799,0.3807017544,0,,,1,-0.1201954356,-0.1201954356,-0.1201954356,0.0460415438,0.1295307425,0.1295307425,0.1295307425,0.03240329839,-0.07370906146,-0.07370906146,-0.07370906146,0.2273601238,0.02604741824,-0.05713952747,0.1262298801,0.3891878501,0,,,1,0.1151250458,0.1151250458,0.1151250458,0.05609758022,0.1921041773,0.1921041773,0.1921041773,0.001426304214,0.4802680991,0.4802680991,0.4802680991,5.505807082e-17,0.226257416,0.09198522066,0.3653753191,3.537701196e-14,1,1,0.2656242912,0.1502613756,0.1034147821,0.003889920585,0.4458041644,9.716130144e-16,0.5166210399,1.263464713e-13,retained
within_花叶类,102900005116790,102900051010455,0.3737014471,0.4797371303,0.06468444636,0.06468444636,0.06468444636,0.2842308201,0.03857225536,0.03857225536,0.03857225536,0.5233827599,0.217923542,0.217923542,0.217923542,0.0002857752037,0.1795418241,0.1795418241,0.1795418241,0.003070600149,0.1280460074,0.07051306477,0.2150933378,2.139534052e-05,0.06990823107,0.06990823107,0.06990823107,0.2470483283,-0.02363667656,-0.02363667656,-0.02363667656,0.695830924,-0.05245065864,-0.05245065864,-0.05245065864,0.3880027669,0.2797962418,0.2797962418,0.2797962418,3.015018287e-06,0.1025618898,-0.01032859224,0.2268702064,0.0006764665176,0.550124168,0.3353597217,1,1,0.002143314028,0.4674732131,0.01879959275,1.615188368e-05,0.0001337208783,0.001108961504,retained
within_花叶类,102900005118817,102900005118831,0.6896827037,0.4279959718,0.1208353441,0.1208353441,0.1208353441,0.04488700484,0.01666530325,0.01666530325,0.01666530325,0.782834249,0.1021894227,0.1021894227,0.1021894227,0.09196674407,0.2467197638,0.2467197638,0.2467197638,4.153896256e-05,0.131096218,0.06850261013,0.2036819457,1.349528485e-05,-0.7691320129,-0.7691320129,-0.7691320129,3.308034911e-55,-0.2799167262,-0.2799167262,-0.2799167262,2.312584995e-06,0.1033190613,0.1033190613,0.1033190613,0.08841083625,-0.2960951756,-0.2960951756,-0.2960951756,7.258889164e-07,-0.2664920746,-0.3914077545,-0.1287619441,2.936208264e-19,0.156582575,3.308034911e-53,1,1.309010374e-05,0.2106108643,0.1410811217,0.0005418125551,4.633333509e-06,8.614011609e-05,1.572968713e-18,retained
within_花叶类,102900005118817,102900005119975,-0.6513267807,0.4052004334,-0.0178610657,-0.0178610657,-0.0178610657,0.7676828483,0.2076072418,0.2076072418,0.2076072418,0.0005179955332,0.01029598039,0.01029598039,0.01029598039,0.8655280891,-0.02914593302,-0.02914593302,-0.02914593302,0.6335074531,0.03938156281,-0.031242658,0.1015930346,0.1928536504,0.259397154,0.259397154,0.259397154,1.272316908e-05,0.1380723498,0.1380723498,0.1380723498,0.02176640421,-0.3087959971,-0.3087959971,-0.3087959971,1.924016463e-07,-0.1888426971,-0.1888426971,-0.1888426971,0.001828902751,-0.2355786757,-0.3429050322,-0.0929309789,2.834236528e-15,0.963618638,4.194451346e-05,0.01624827554,0.06339729383,0.9511297683,7.906916972e-07,0.8153413809,0.005598681892,0.3127356493,1.104247998e-14,retained
within_花叶类,102900005118817,102900005122654,0.6661080552,0.4012578616,0.1328117029,0.1328117029,0.1328117029,0.02736984557,0,,,1,-0.035378439,-0.035378439,-0.035378439,0.5605344595,0.4298614342,0.4298614342,0.4298614342,1.439047965e-13,0.175192169,0.08812713957,0.2574562127,5.352839734e-09,0.03766690958,0.03766690958,0.03766690958,0.5331853892,0,,,1,0.2359734134,0.2359734134,0.2359734134,8.258614386e-05,0.1266213621,0.1266213621,0.1266213621,0.0375875219,0.3768008543,0.2363858827,0.4859875993,2.888670301e-38,0.1039361224,0.6637162522,1,1,0.7279668305,0.0002664069157,2.158571948e-11,0.07866593869,6.691049668e-08,3.466404361e-37,weak
within_花叶类,102900005118817,102900011000571,0.1989341893,0.1503957784,-6.415622892e-05,-6.415622892e-05,-6.415622892e-05,0.9991534398,-0.1188238568,-0.1188238568,-0.1188238568,0.04860012596,-0.08885666023,-0.08885666023,-0.08885666023,0.1431080638,0.08855840074,0.08855840074,0.08855840074,0.1467061982,-0.01421544951,-0.08700613684,0.0440440461,0.6384358634,0.02968272546,0.02968272546,0.02968272546,0.6234288177,0.1162721557,0.1162721557,0.1162721557,0.05367621169,0.1118639622,0.1118639622,0.1118639622,0.06494856407,-0.1819970607,-0.1819970607,-0.1819970607,0.002684313926,0.07338240164,-0.04323102883,0.1828894658,0.01514960147,1,0.7511190575,0.2750950526,0.1463896683,0.3002267073,0.1076495537,0.3411772052,0.007895040958,0.7429167514,0.02143811529,retained
within_花叶类,102900005118817,102900011006948,-0.6034028385,0.2791293214,-0.003676759062,-0.003676759062,-0.003676759062,0.9515137974,0.1326857157,0.1326857157,0.1326857157,0.02751796969,-0.1158364338,-0.1158364338,-0.1158364338,0.05592883288,0.03999420651,0.03999420651,0.03999420651,0.5128639327,0.03980072599,-0.03332297011,0.1003917521,0.1881557683,0.2752773952,0.2752773952,0.2752773952,3.442191253e-06,0.3962846189,0.3962846189,0.3962846189,8.166516067e-12,0.08378108582,0.08378108582,0.08378108582,0.1674736718,-0.005291318308,-0.005291318308,-0.005291318308,0.9310352099,0.06876641486,-0.01850503555,0.1655214587,0.02286817775,1,1.176518724e-05,0.1794650197,9.79981928e-11,0.1529040106,0.2315304219,0.7397075952,0.9499610705,0.3071730044,0.03161499228,retained
within_花叶类,102900005118817,102900011008164,-0.4767442079,0.736903376,0.1050989578,0.1050989578,0.1050989578,0.08134395145,0.118097877,0.118097877,0.118097877,0.05000176466,0.3420594732,0.3420594732,0.3420594732,6.562061088e-09,0.2810691812,0.2810691812,0.2810691812,2.706316401e-06,0.2128129706,0.141497288,0.2983490167,1.112904643e-12,0.3483612648,0.3483612648,0.3483612648,2.705884707e-09,0.2559376747,0.2559376747,0.2559376747,1.67311601e-05,0.5332025132,0.5332025132,0.5332025132,1.86163218e-21,0.3286155429,0.3286155429,0.3286155429,3.221348955e-08,0.3155412596,0.1783452739,0.446380591,9.723857679e-27,0.239246916,1.691177942e-08,0.2777875815,8.507369543e-05,1.640515272e-07,3.285233259e-20,6.245345542e-05,2.761156247e-07,2.782261609e-11,7.479890522e-26,weak
within_花叶类,102900005118817,102900011008522,-0.4312123228,0.2228571429,0,,,1,-0.08358425853,-0.08358425853,-0.08358425853,0.166135626,0.1157727431,0.1157727431,0.1157727431,0.05606480388,0.03415835746,0.03415835746,0.03415835746,0.5762721929,0.0357972644,-0.02151590765,0.1036716828,0.2365770049,0,,,1,-0.3907183709,-0.3907183709,-0.3907183709,1.683896716e-11,-0.274114444,-0.274114444,-0.274114444,4.292779322e-06,-0.1633711875,-0.1633711875,-0.1633711875,0.007142951404,-0.2081288546,-0.3260321668,-0.0779818262,3.510997156e-12,1,1,0.604339502,1.870996351e-10,0.1529040106,1.551606984e-05,0.7858257175,0.01785737851,0.367736277,1.085875409e-11,retained
within_花叶类,102900005118817,102900051010455,-0.6179253141,0.6555217832,0.0959755284,0.0959755284,0.0959755284,0.111631317,-0.004094468145,-0.004094468145,-0.004094468145,0.9460133198,0.0684868194,0.0684868194,0.0684868194,0.2594380409,0.1813356355,0.1813356355,0.1813356355,0.002783777153,0.08794171305,0.01245307896,0.1613330549,0.003586852947,-0.04793533528,-0.04793533528,-0.04793533528,0.4276592995,-0.1211013668,-0.1211013668,-0.1211013668,0.04441423669,-0.3246086993,-0.3246086993,-0.3246086993,4.061946597e-08,0.03591676513,0.03591676513,0.03591676513,0.5567845686,-0.2406355044,-0.3502200947,-0.1191246714,6.879899417e-16,0.308574706,0.5506342912,1,0.1245258973,0.4348123591,1.818782058e-07,0.01739860721,0.6582015905,0.01169625961,2.790249734e-15,retained
within_花叶类,102900005118831,102900005119975,-0.5395638187,0.4101123596,0.1226473623,0.1226473623,0.1226473623,0.04174870612,0.004653956692,0.004653956692,0.004653956692,0.9386499158,0.05822816952,0.05822816952,0.05822816952,0.3378176083,-0.06361024468,-0.06361024468,-0.06361024468,0.2976766352,0.05167933752,-0.01048138113,0.1133940702,0.087395605,-0.361872473,-0.361872473,-0.361872473,5.797587811e-10,0.0590649096,0.0590649096,0.0590649096,0.328242323,-0.1557564503,-0.1557564503,-0.1557564503,0.009952947267,0.1160254014,0.1160254014,0.1160254014,0.05689948578,-0.0933752854,-0.2538259748,0.02104720491,0.001980825887,0.1491025218,4.044828705e-09,1,0.6886202581,0.5197193975,0.02088030895,0.5284460203,0.1087251321,0.1659410221,0.003047424441,retained
within_花叶类,102900005118831,102900005122654,0.7200107212,0.2567409144,-0.01755844462,-0.01755844462,-0.01755844462,0.7715092483,0,,,1,0.01399418449,0.01399418449,0.01399418449,0.8179579619,0.2512521322,0.2512521322,0.2512521322,2.959890912e-05,0.0952408557,0.008275263743,0.1734418119,0.0016040485,0.04359138531,0.04359138531,0.04359138531,0.4707552931,0,,,1,-0.2361076885,-0.2361076885,-0.2361076885,8.179659694e-05,-0.04491456967,-0.04491456967,-0.04491456967,0.4623586066,-0.01854918675,-0.1627293405,0.124636171,0.539771326,0.9643865604,0.5984177454,1,1,0.925017329,0.0002664069157,0.0004439836368,0.5788196659,0.005868470122,0.590990503,retained
within_花叶类,102900005118831,102900011000571,0.3335150329,0.1081441923,0.07118770158,0.07118770158,0.07118770158,0.2384827724,0.08678120166,0.08678120166,0.08678120166,0.1504657211,0.1432353005,0.1432353005,0.1432353005,0.0178845678,0.1441512587,0.1441512587,0.1441512587,0.01778572995,0.09284124856,0.01976118063,0.1634278569,0.002102732881,-0.02230691203,-0.02230691203,-0.02230691203,0.7121618136,-0.3227547184,-0.3227547184,-0.3227547184,4.130905799e-08,-0.1140276612,-0.1140276612,-0.1140276612,0.05989813408,0.1892473191,0.1892473191,0.1892473191,0.001787158175,-0.01055903715,-0.135547896,0.1347649635,0.7270761915,0.5003135086,0.8248978536,0.5713888142,3.022613999e-07,0.06167092343,0.1020990922,0.0796375968,0.005527293326,0.007335114703,0.7550811776,retained
within_花叶类,102900005118831,102900011006948,-0.3447289583,0.1829419036,0.03657029035,0.03657029035,0.03657029035,0.5451814106,-0.0877151544,-0.0877151544,-0.0877151544,0.1461064023,0.06128444059,0.06128444059,0.06128444059,0.3130285517,-0.0280220796,-0.0280220796,-0.0280220796,0.646662562,0.01929425295,-0.04147724324,0.08236605346,0.5236090173,-0.4326529115,-0.4326529115,-0.4326529115,5.111510921e-14,0.09815156416,0.09815156416,0.09815156416,0.1037059004,-0.05968559008,-0.05968559008,-0.05968559008,0.3258442116,-0.131989967,-0.131989967,-0.131989967,0.03013974377,-0.1432011308,-0.2646540995,-0.03653136615,1.957470163e-06,0.7870793023,6.133813105e-13,0.561947701,0.2614434465,0.4968707169,0.4056152012,0.8153413809,0.06552118212,0.6482029207,4.022198965e-06,retained
within_花叶类,102900005118831,102900011008164,-0.563555117,0.4587525151,0.169223001,0.169223001,0.169223001,0.004818207707,0.05384452335,0.05384452335,0.05384452335,0.3728652024,0.07994824548,0.07994824548,0.07994824548,0.1878353614,0.1104917831,0.1104917831,0.1104917831,0.06987872162,0.1026402347,0.0314077653,0.1585484825,0.0006700393219,-0.4929836118,-0.4929836118,-0.4929836118,2.621919132e-18,0.002688346286,0.002688346286,0.002688346286,0.9645380978,-0.00963721972,-0.00963721972,-0.00963721972,0.8740580508,-0.3311947533,-0.3311947533,-0.3311947533,2.47578462e-08,-0.2363362405,-0.3670066422,-0.09687173374,2.297367077e-15,0.02676782059,4.916098373e-17,0.9983394069,1,0.3612218489,0.8980048467,0.2145034415,2.184515842e-07,0.002680157287,9.06855425e-15,retained
within_花叶类,102900005118831,102900011008522,-0.4717166595,0.3473132372,0,,,1,0.07168026463,0.07168026463,0.07168026463,0.2352414897,0.0561478121,0.0561478121,0.0561478121,0.35538915,-0.02743327615,-0.02743327615,-0.02743327615,0.6535991531,0.05041919403,-0.01483757516,0.1328226838,0.09540196481,0,,,1,0.116315207,0.116315207,0.116315207,0.05358705392,0.1844919006,0.1844919006,0.1844919006,0.002208682444,-0.01386637109,-0.01386637109,-0.01386637109,0.8205780758,-0.02243869512,-0.1616548231,0.09771728429,0.4582331578,1,1,0.7647945823,0.1463896683,0.5384684091,0.005591905857,0.8204173469,0.8729553998,0.1777676363,0.5110406965,retained
within_花叶类,102900005118831,102900051010455,-0.5085451735,0.5133079848,0.01642050824,0.01642050824,0.01642050824,0.7859463611,0.08827988997,0.08827988997,0.08827988997,0.1435174757,0.1269696826,0.1269696826,0.1269696826,0.03601564683,0.05290767431,0.05290767431,0.05290767431,0.3865257842,0.07488438632,-0.006431584037,0.1410867478,0.01318866938,-0.002806488466,-0.002806488466,-0.002806488466,0.9629807767,-0.4758309492,-0.4758309492,-0.4758309492,5.316059275e-17,-0.1783627027,-0.1783627027,-0.1783627027,0.003103836541,-0.5427769756,-0.5427769756,-0.5427769756,4.353737908e-22,-0.2912497697,-0.4128542448,-0.1583576558,7.511607117e-23,0.9703041495,1,0.5591589964,9.381281074e-16,0.1122600751,0.007509281953,0.626798569,1.088434477e-20,0.03501416648,4.898874207e-22,retained
within_花叶类,102900005119975,102900005122654,-0.5756279377,0.04048140044,-0.1865615656,-0.1865615656,-0.1865615656,0.001853842837,0,,,1,-0.1380651244,-0.1380651244,-0.1380651244,0.02250819035,-0.1371614291,-0.1371614291,-0.1371614291,0.02419622579,-0.08682974645,-0.1592695511,-0.007628048083,0.004034970179,-0.3242980291,-0.3242980291,-0.3242980291,3.529698293e-08,0,,,1,-0.4434202634,-0.4434202634,-0.4434202634,1.408153651e-14,0.02716429544,0.02716429544,0.02716429544,0.6567779454,-0.6025985259,-0.6772976915,-0.5188010344,3.291826695e-109,0.01324173455,1.707918529e-07,1,1,0.07587030454,1.173461376e-13,0.09850119709,0.7435222023,0.01274201109,2.468870021e-107,retained
within_花叶类,102900005119975,102900011000571,-0.2623990436,0.05820895522,-0.1955644617,-0.1955644617,-0.1955644617,0.001091528499,-0.06474673343,-0.06474673343,-0.06474673343,0.2837663787,0.01509212271,0.01509212271,0.01509212271,0.8039543306,-0.04259275638,-0.04259275638,-0.04259275638,0.4858405383,-0.07627278827,-0.1413107859,-0.01422486063,0.01157898071,-0.2029017221,-0.2029017221,-0.2029017221,0.0006966416075,0.3235222475,0.3235222475,0.3235222475,3.820514544e-08,-0.2935927987,-0.2935927987,-0.2935927987,7.895247589e-07,-0.02642147607,-0.02642147607,-0.02642147607,0.6655885183,-0.1732932351,-0.3000364712,-0.04133677921,7.853189655e-09,0.009355958564,0.001699125872,0.8496505557,2.983385868e-07,0.9205583938,3.076070489e-06,0.7251351317,0.7506637425,0.03216383532,1.947071815e-08,retained
within_花叶类,102900005119975,102900011006948,0.6794471887,0.3227848101,0.01693612727,0.01693612727,0.01693612727,0.7793952509,0.1054466733,0.1054466733,0.1054466733,0.08033604372,-0.08619852321,-0.08619852321,-0.08619852321,0.155507776,-0.05585425935,-0.05585425935,-0.05585425935,0.360593388,0.02630838428,-0.05829357535,0.107375293,0.3844527393,0.1573753438,0.1573753438,0.1573753438,0.008819065497,0.05338813175,0.05338813175,0.05338813175,0.3769363789,0.08495348592,0.08495348592,0.08495348592,0.1615872988,0.0836385009,0.0836385009,0.0836385009,0.1705786715,0.2523867379,0.1252179774,0.3404481165,2.256134222e-17,0.9700820592,0.01706915903,0.3651638351,0.774526806,0.3152184648,0.2265242506,0.5943847054,0.26289682,0.5127767677,1.025515556e-16,retained
within_花叶类,102900005119975,102900011008164,0.6694420332,0.5016949153,0.1686357646,0.1686357646,0.1686357646,0.004969287993,0.1954160481,0.1954160481,0.1954160481,0.001101310174,0.09664372544,0.09664372544,0.09664372544,0.1111106155,-0.09409434993,-0.09409434993,-0.09409434993,0.1229816385,0.1225898513,0.05146674507,0.1965677371,4.755876829e-05,0.3540895118,0.3540895118,0.3540895118,1.420674789e-09,0.2877221742,0.2877221742,0.2877221742,1.165030481e-06,0.02415273481,0.02415273481,0.02415273481,0.6911495354,-0.1593424364,-0.1593424364,-0.1593424364,0.008718615026,0.2027198214,0.04618060825,0.3367280219,1.279683107e-11,0.02710520723,9.265270365e-09,0.02846905691,7.943389643e-06,0.2398070838,0.7567330679,0.3016372218,0.0212649147,0.0002547791158,3.763773844e-11,retained
within_花叶类,102900005119975,102900011008522,0.516711538,0.2774647887,0,,,1,-0.1331735966,-0.1331735966,-0.1331735966,0.02694816339,0.2338091736,0.2338091736,0.2338091736,9.634265711e-05,-0.04644391082,-0.04644391082,-0.04644391082,0.4472420912,0.03659019996,-0.03363488283,0.1283225895,0.2263477307,0,,,1,-0.4777305275,-0.4777305275,-0.4777305275,3.840887926e-17,0.3412493616,0.3412493616,0.3412493616,7.159667647e-09,-0.06773801943,-0.06773801943,-0.06773801943,0.2673613172,0.09415264489,-0.05392034212,0.2481983346,0.001814924223,1,1,0.1794650197,7.201664862e-16,0.0008485639775,3.640508973e-08,0.6776395322,0.3801345742,0.3555199958,0.00280658385,retained
within_花叶类,102900005119975,102900051010455,0.6292146272,0.5243523316,0.06831015597,0.06831015597,0.06831015597,0.2580447032,0.01919928836,0.01919928836,0.01919928836,0.7508306984,0.2356928697,0.2356928697,0.2356928697,8.425893391e-05,0.004072533748,0.004072533748,0.004072533748,0.9468934872,0.08709579925,0.005017917861,0.162837963,0.0039233609,-0.2296817694,-0.2296817694,-0.2296817694,0.0001180993822,-0.3808660339,-0.3808660339,-0.3808660339,5.865768774e-11,0.5227652329,0.5227652329,0.5227652329,1.505138963e-20,0.02515825213,0.02515825213,0.02515825213,0.680677003,0.2988477339,0.1706797881,0.4277460331,5.002071723e-24,0.5266218433,0.0003250441712,1,6.068036663e-10,0.0007899275054,2.052462222e-19,0.991383409,0.7591193342,0.01264196634,3.410503447e-23,retained
within_花叶类,102900005122654,102900011000571,0.2041342195,0.2261072261,-0.04105891394,-0.04105891394,-0.04105891394,0.4969397775,0,,,1,0.07077339201,0.07077339201,0.07077339201,0.243830908,0.1923447422,0.1923447422,0.1923447422,0.001495335741,0.08100719466,-0.006437729072,0.1787807951,0.007319689895,-0.07380510049,-0.07380510049,-0.07380510049,0.2216149022,0,,,1,0.4889972071,0.4889972071,0.4889972071,8.115208266e-18,-0.04151509338,-0.04151509338,-0.04151509338,0.4969537447,0.2532996678,0.1086513454,0.3805508514,1.717059346e-17,0.7567610825,0.3077984753,1,1,0.4160619748,8.694866e-17,0.01043257494,0.6011537235,0.02195906969,7.924889291e-17,retained
within_花叶类,102900005122654,102900011006948,-0.4572617439,0.1011804384,0.2030499559,0.2030499559,0.2030499559,0.0006902379406,0,,,1,0.04053110302,0.04053110302,0.04053110302,0.5048455751,0.02037726959,0.02037726959,0.02037726959,0.7388973807,0.04847780869,-0.01971329005,0.1313550641,0.1088730298,0.1643160257,0.1643160257,0.1643160257,0.006218061218,0,,,1,0.02021028285,0.02021028285,0.02021028285,0.7395642671,0.119510498,0.119510498,0.119510498,0.04979938845,-0.1384465509,-0.2296190902,-0.01747086785,4.260900589e-06,0.006619415546,0.01243612244,1,1,0.6933060113,0.7952303947,0.8735724633,0.09959877691,0.1991579813,8.465365408e-06,retained
within_花叶类,102900005122654,102900011008164,-0.5711795822,0.3172413793,-0.06212574288,-0.06212574288,-0.06212574288,0.3037523444,0,,,1,0.07439028406,0.07439028406,0.07439028406,0.2205044999,0.3523209844,0.3523209844,0.3523209844,2.610617365e-09,0.1436606396,0.06924073064,0.2339222984,1.81327733e-06,-0.08739285757,-0.08739285757,-0.08739285757,0.14759976,0,,,1,0.1729792585,0.1729792585,0.1729792585,0.004148904169,0.320476269,0.320476269,0.320476269,7.276468105e-08,-0.02012436189,-0.1351005084,0.0917294478,0.5058984781,0.5767449578,0.2214247378,1,1,0.3954088427,0.009501307257,1.305308683e-07,5.197477218e-07,1.431534734e-05,0.5559323935,retained
within_花叶类,102900005122654,102900011008522,-0.4009902779,0.1155624037,0,,,1,0,,,1,-0.2006674266,-0.2006674266,-0.2006674266,0.000855031715,-0.05528738579,-0.05528738579,-0.05528738579,0.3654961302,-0.08700495948,-0.1730344633,-0.003839071069,0.003961149453,0,,,1,0,,,1,-0.7087282047,-0.7087282047,-0.7087282047,5.924343334e-43,-0.4446975903,-0.4446975903,-0.4446975903,1.622468387e-14,-0.2875732332,-0.3940105978,-0.1799757789,2.706378902e-22,1,1,1,1,0.00513019029,1.331734581e-40,0.599173984,2.317811982e-13,0.01264196634,1.727475895e-21,retained
within_花叶类,102900005122654,102900051010455,-0.4588292284,0.2790466733,-0.1843236704,-0.1843236704,-0.1843236704,0.002107111066,0,,,1,-0.1970149431,-0.1970149431,-0.1970149431,0.001066324071,0.09392226385,0.09392226385,0.09392226385,0.1236712609,-0.06208339613,-0.1442440138,0.01439703097,0.03997342203,-0.07938378349,-0.07938378349,-0.07938378349,0.1885391197,0,,,1,-0.5998003404,-0.5998003404,-0.5998003404,4.609672391e-28,-0.109703494,-0.109703494,-0.109703494,0.0719104479,-0.4850027793,-0.5604975755,-0.3877471427,1.111289685e-65,0.0140474071,0.266800641,1,1,0.005924022616,1.536557464e-26,0.3016372218,0.1307462689,0.08817666624,2.08366816e-64,retained
within_花叶类,102900011000571,102900011006948,-0.427480488,0.06476683938,0.04674336447,0.04674336447,0.04674336447,0.4392516112,-0.178553736,-0.178553736,-0.178553736,0.002912234963,-0.03046184186,-0.03046184186,-0.03046184186,0.6162872836,-0.0457450347,-0.0457450347,-0.0457450347,0.454115082,-0.07046781717,-0.1462377365,-0.007390758314,0.01969692767,-0.1355297415,-0.1355297415,-0.1355297415,0.02433682007,-0.08157407134,-0.08157407134,-0.08157407134,0.1765952607,0.1639725098,0.1639725098,0.1639725098,0.006622750976,-0.1259132089,-0.1259132089,-0.1259132089,0.03867747148,-0.07188087238,-0.1514874331,0.03137342377,0.01736177032,0.7046817292,0.04345860726,0.03864314377,0.4138951424,0.7861612491,0.01471722439,0.6845956011,0.08002235478,0.04965612019,0.02445319764,retained
within_花叶类,102900011000571,102900011008164,-0.1820380614,0.1271820449,-0.09048516999,-0.09048516999,-0.09048516999,0.1337419656,-0.06656032016,-0.06656032016,-0.06656032016,0.270467315,-0.1211010966,-0.1211010966,-0.1211010966,0.04559745713,0.2211625491,0.2211625491,0.2211625491,0.0002496005436,0.03228998047,-0.0632592396,0.129514251,0.2857195939,-0.1773746621,-0.1773746621,-0.1773746621,0.003107722677,0.2590955183,0.2590955183,0.2590955183,1.303262815e-05,0.0264678647,0.0264678647,0.0264678647,0.6632789542,-0.09590663416,-0.09590663416,-0.09590663416,0.1158991727,-0.0297587023,-0.1474917848,0.06702472648,0.3251981409,0.3343549139,0.00680523214,0.8346332322,6.859277974e-05,0.1315311263,0.7342571449,0.002566105364,0.1953356844,0.4181262349,0.3778670788,retained
within_花叶类,102900011000571,102900011008522,-0.5218247092,0.03433476395,0,,,1,-0.00391622677,-0.00391622677,-0.00391622677,0.9483601405,-0.01266668367,-0.01266668367,-0.01266668367,0.8349666109,-0.1385341181,-0.1385341181,-0.1385341181,0.02279962517,-0.0397787962,-0.09812978633,0.02316795678,0.1883994427,0,,,1,-0.237284851,-0.237284851,-0.237284851,6.85720314e-05,-0.4940178946,-0.4940178946,-0.4940178946,3.326907614e-18,0.1117463316,0.1117463316,0.1117463316,0.06674207986,-0.190853024,-0.2571248596,-0.1186313816,1.929196788e-10,1,1,1,0.0003116910518,0.9311895289,3.992289137e-17,0.09771267929,0.1235964442,0.3071730044,5.358879965e-10,retained
within_花叶类,102900011000571,102900051010455,-0.5212189234,0.110403397,-0.006999316271,-0.006999316271,-0.006999316271,0.9078466716,0.05348822597,0.05348822597,0.05348822597,0.3760411766,0.04943606088,0.04943606088,0.04943606088,0.4158927938,-0.1048480191,-0.1048480191,-0.1048480191,0.08550913432,-0.01700978826,-0.06408794154,0.03423055361,0.5739354607,-0.1295461192,-0.1295461192,-0.1295461192,0.0314376855,-0.02867861857,-0.02867861857,-0.02867861857,0.6352287648,-0.3381920713,-0.3381920713,-0.3381920713,9.925913946e-09,-0.1228196254,-0.1228196254,-0.1228196254,0.04375717075,-0.2063736649,-0.3040411669,-0.1141876585,5.362772388e-12,1,0.05483317239,0.9983394069,1,0.6086236007,4.881597022e-08,0.249055731,0.08930034848,0.6859786383,1.625082542e-11,retained
within_花叶类,102900011006948,102900011008164,0.5584816571,0.2697044335,0.1047869576,0.1047869576,0.1047869576,0.08225699773,-0.004389134438,-0.004389134438,-0.004389134438,0.9421346181,0.05900333633,0.05900333633,0.05900333633,0.3314146744,0.005694896344,0.005694896344,0.005694896344,0.9257897189,0.04157244204,-0.01482080349,0.1046936474,0.1692282576,0.3328889765,0.3328889765,0.3328889765,1.44697837e-08,0.06312666519,0.06312666519,0.06312666519,0.2960128489,0.2348176315,0.2348176315,0.2348176315,8.968462717e-05,-0.01279298602,-0.01279298602,-0.01279298602,0.8342581566,0.1722951129,0.08511436574,0.2754716954,9.589773288e-09,0.2395834885,7.892609289e-08,1,0.6343132476,0.5139101908,0.0002862275335,0.9862114452,0.8781664807,0.2884572572,2.358140972e-08,retained
within_花叶类,102900011006948,102900011008522,0.3447187878,0.1577946768,0,,,1,-0.03250487187,-0.03250487187,-0.03250487187,0.5907822549,0.1482145615,0.1482145615,0.1482145615,0.01423716757,-0.05186610743,-0.05186610743,-0.05186610743,0.3959566419,0.03169608554,-0.02835859767,0.09419030555,0.2946783817,0,,,1,-0.05993499773,-0.05993499773,-0.05993499773,0.3211545468,0.04166452126,0.04166452126,0.04166452126,0.4929969827,-0.1491825442,-0.1491825442,-0.1491825442,0.01413978992,-0.0033693811,-0.1461148648,0.1127618951,0.9113241902,1,1,1,0.6784955214,0.05273025028,0.5688426724,0.6312998307,0.0339354958,0.4270701184,0.9236393819,retained
within_花叶类,102900011006948,102900051010455,0.5271649159,0.2819672131,0.0310679845,0.0310679845,0.0310679845,0.6073067156,-0.0198907081,-0.0198907081,-0.0198907081,0.7421692292,0.04749686767,0.04749686767,0.04749686767,0.4344394585,0.3003883021,0.3003883021,0.3003883021,4.914565307e-07,0.06339405214,-0.009433441997,0.144366602,0.03595173282,0.03002593997,0.03002593997,0.03002593997,0.6194172128,-0.1928614763,-0.1928614763,-0.1928614763,0.001282822125,0.1345947134,0.1345947134,0.1345947134,0.02616231893,0.2467724396,0.2467724396,0.2467724396,4.137719392e-05,0.1572429644,0.06449829919,0.250077138,1.695864499e-07,0.8395945378,0.7492950155,1,0.004527607499,0.6260463298,0.04844873876,1.228641327e-05,0.0001825464437,0.08170848369,3.796711564e-07,retained
within_花叶类,102900011008164,102900011008522,0.04437357512,0.2096597146,0,,,1,0.07997127032,0.07997127032,0.07997127032,0.1852788423,0.1453787515,0.1453787515,0.1453787515,0.01622503506,-0.1009117052,-0.1009117052,-0.1009117052,0.09798904729,0.05053918893,-0.01582915754,0.1322806591,0.09461515868,0,,,1,-0.5409272241,-0.5409272241,-0.5409272241,2.237315044e-22,-0.2474371064,-0.2474371064,-0.2474371064,3.564444507e-05,-0.2884739784,-0.2884739784,-0.2884739784,1.428418167e-06,-0.2768602356,-0.3656548893,-0.1589372101,1.018404776e-20,1,1,0.6538986883,6.101768302e-21,0.05864470503,0.0001201498148,0.2747356466,7.935656485e-06,0.1774034225,5.990616328e-20,retained
within_花叶类,102900011008164,102900051010455,0.1271331901,0.6446199408,0.03328073156,0.03328073156,0.03328073156,0.5819461261,-0.01687416893,-0.01687416893,-0.01687416893,0.7801816389,-0.01030969962,-0.01030969962,-0.01030969962,0.8653506076,0.007878493973,0.007878493973,0.007878493973,0.8974698147,-0.007486011297,-0.07535529284,0.06204307532,0.8045688664,-0.2387369787,-0.2387369787,-0.2387369787,6.168313341e-05,-0.4815713073,-0.4815713073,-0.4815713073,1.978475444e-17,-0.2278872532,-0.2278872532,-0.2278872532,0.0001457894782,0.05136494585,0.05136494585,0.05136494585,0.4005432248,-0.1840658842,-0.2901518708,-0.04053857569,8.439608249e-10,0.8158123263,0.0001796596119,1,3.956950889e-16,0.9511297683,0.0004555921193,0.9684926058,0.5228508201,0.8939654071,2.24060396e-09,retained
within_花叶类,102900011008522,102900051010455,0.9311406661,0.3715545755,0,,,1,0.1329811361,0.1329811361,0.1329811361,0.02717172056,0.4151376676,0.4151376676,0.4151376676,8.482479345e-13,0.1217372021,0.1217372021,0.1217372021,0.04566197086,0.2023379112,0.1275282665,0.2724702724,1.400149768e-11,0,,,1,0.3427615779,0.3427615779,0.3427615779,5.017162303e-09,0.6002977244,0.6002977244,0.6002977244,4.059077149e-28,0.200436671,0.200436671,0.200436671,0.0009266369611,0.4104078914,0.289140488,0.5136397471,9.789403451e-46,1,1,0.1794650197,4.300424831e-08,5.089487607e-11,1.522153931e-26,0.1624811239,0.003123495374,3.000320931e-10,1.334918652e-44,weak
within_花菜类,102900005116714,102900011009970,0.4558193433,0.4113277623,0.1852551572,0.1852551572,0.1852551572,0.001998086018,0.09752895352,0.09752895352,0.09752895352,0.1059267121,0.1539641407,0.1539641407,0.1539641407,0.01085166066,0.3678439812,0.3678439812,0.3678439812,4.48147127e-10,0.1944508929,0.1084003049,0.268044697,8.628201446e-11,-0.9203358603,-0.9203358603,-0.9203358603,1.033063484e-113,-1,-1,-1,0,-0.9459285561,-0.9459285561,-0.9459285561,1.595375482e-134,-0.8928057974,-0.8928057974,-0.8928057974,8.155820816e-95,-0.9394229412,-0.97933958,-0.8881365552,0,0.001998086018,1.033063484e-113,0.1059267121,0,0.01085166066,1.595375482e-134,4.48147127e-10,8.155820816e-95,8.628201446e-11,0,weak
within_茄类,102900005116257,102900005116509,0.3953912049,0.8232421875,0.135223707,0.135223707,0.135223707,0.02466317569,0.2388518876,0.2388518876,0.2388518876,6.116679173e-05,0.2497567424,0.2497567424,0.2497567424,2.992155806e-05,0.2724548896,0.2724548896,0.2724548896,5.563199275e-06,0.2245350972,0.1594700246,0.2954481486,5.572714055e-14,-0.6445522417,-0.6445522417,-0.6445522417,8.434062838e-34,-0.08099282144,-0.08099282144,-0.08099282144,0.1797087858,-0.1524311207,-0.1524311207,-0.1524311207,0.01167651307,-0.4295936588,-0.4295936588,-0.4295936588,1.495417328e-13,-0.3551471782,-0.4710989968,-0.2176657114,6.764567761e-34,0.04932635138,5.060437703e-33,0.0003670007504,0.2695631787,0.0001795293484,0.02335302613,3.337919565e-05,4.486251985e-13,3.343628433e-13,2.029370328e-33,weak
within_茄类,102900005116257,102900011022764,0.1377829061,0.4151486098,0.02833622055,0.02833622055,0.02833622055,0.6392738774,-0.04978185026,-0.04978185026,-0.04978185026,0.4100556807,0.1707646804,0.1707646804,0.1707646804,0.004664114377,0.1477565405,0.1477565405,0.1477565405,0.01509982798,0.06823670702,-0.005163346577,0.1559065791,0.0239419526,-0.3513178834,-0.3513178834,-0.3513178834,1.943498402e-09,-0.5693104048,-0.5693104048,-0.5693104048,4.137428096e-25,-0.03441441005,-0.03441441005,-0.03441441005,0.5712727508,-0.6042940492,-0.6042940492,-0.6042940492,2.880344681e-28,-0.4232725335,-0.565385567,-0.2979301676,7.879404931e-49,0.6392738774,3.380016396e-09,0.7913504365,1.241228429e-24,0.01399234313,0.6855273009,0.03019965596,1.728206809e-27,0.02873034312,4.727642959e-48,retained
within_茄类,102900005116257,102900051000463,-0.5026242159,0.4902152642,0.08505719815,0.08505719815,0.08505719815,0.1587706805,-0.02664085295,-0.02664085295,-0.02664085295,0.6594586971,0.1473150155,0.1473150155,0.1473150155,0.01484324945,-0.08383199754,-0.08383199754,-0.08383199754,0.1695881779,0.03999859362,-0.03777220135,0.1086963126,0.1859676404,-0.2952650451,-0.2952650451,-0.2952650451,5.888068232e-07,-0.0560728586,-0.0560728586,-0.0560728586,0.3533791115,-0.1793341574,-0.1793341574,-0.1793341574,0.002942950555,-0.3985476938,-0.3985476938,-0.3985476938,1.029352648e-11,-0.2764499814,-0.3841582773,-0.1628883633,1.166517615e-20,0.1905248166,5.888068232e-07,0.7913504365,0.3533791115,0.01781189933,0.008828851664,0.1818046951,2.058705296e-11,0.1859676404,2.33303523e-20,retained
within_茄类,102900005116509,102900011022764,0.7265494174,0.4088937093,0.1001544305,0.1001544305,0.1001544305,0.09681058843,-0.05562566492,-0.05562566492,-0.05562566492,0.3572374261,0.1514160585,0.1514160585,0.1514160585,0.0122526598,0.1061353855,0.1061353855,0.1061353855,0.08171666674,0.06857280155,-0.0003214246954,0.1510990247,0.02325570771,-0.2965757583,-0.2965757583,-0.2965757583,5.219155489e-07,-0.6748550582,-0.6748550582,-0.6748550582,4.909372599e-38,0.01365209617,0.01365209617,0.01365209617,0.8223331755,-0.0401744336,-0.0401744336,-0.0401744336,0.510964868,-0.1529530277,-0.2623410511,-0.0271429468,3.666472107e-07,0.1452158826,5.888068232e-07,0.7913504365,2.945623559e-37,0.01781189933,0.8223331755,0.1225750001,0.510964868,0.02873034312,4.399766529e-07,retained
within_茄类,102900005116509,102900051000463,-0.03957304882,0.5278093076,0.1555592362,0.1555592362,0.1555592362,0.009642549297,-0.01504862158,-0.01504862158,-0.01504862158,0.8034490187,0.1523843276,0.1523843276,0.1523843276,0.01170253769,0.08150172169,0.08150172169,0.08150172169,0.1818046951,0.1034613178,0.01774577594,0.1825788827,0.0006060074508,0.3500000962,0.3500000962,0.3500000962,2.253344264e-09,-0.1745086819,-0.1745086819,-0.1745086819,0.003633446982,0.7211265228,0.7211265228,0.7211265228,4.274627915e-45,0.1539820312,0.1539820312,0.1539820312,0.01129065248,0.2720027049,0.1569576389,0.3989547001,5.009051165e-20,0.04932635138,3.380016396e-09,0.8034490187,0.007266893963,0.01781189933,2.564776749e-44,0.1818046951,0.01354878297,0.001818022352,7.513576747e-20,retained
within_茄类,102900011022764,102900051000463,0.09582014195,0.2784471218,0.1379886672,0.1379886672,0.1379886672,0.021847106,0.03270964819,0.03270964819,0.03270964819,0.588444137,0.02349722051,0.02349722051,0.02349722051,0.6991191685,0.1601263095,0.1601263095,0.1601263095,0.00838979523,0.08309205046,0.008564746304,0.1650839963,0.005937748757,-0.4820705199,-0.4820705199,-0.4820705199,1.813918888e-17,0.06456675723,0.06456675723,0.06456675723,0.2851097612,-0.07431085171,-0.07431085171,-0.07431085171,0.2209990615,0.1833002074,0.1833002074,0.1833002074,0.00249774197,-0.04900670343,-0.175701067,0.07263543125,0.105062264,0.04932635138,5.441756663e-17,0.7913504365,0.3421317135,0.6991191685,0.3314985923,0.02516938569,0.003746612955,0.01187549751,0.105062264,retained
within_辣椒类,102900005116219,102900005116226,0.1097718505,0.2770919067,0.02903725037,0.02903725037,0.02903725037,0.6310034457,0.1122320753,0.1122320753,0.1122320753,0.06260817004,0.03824676533,0.03824676533,0.03824676533,0.5291716839,0.175567071,0.175567071,0.175567071,0.003803817731,0.08660778244,-0.006735905245,0.1748975166,0.004130277933,-0.1011460448,-0.1011460448,-0.1011460448,0.09353437278,-0.02818833729,-0.02818833729,-0.02818833729,0.6410242939,0.03792491798,0.03792491798,0.03792491798,0.5326461082,0.1188457621,0.1188457621,0.1188457621,0.05109349195,-0.01512940257,-0.1239717593,0.08955267223,0.6170042393,0.7561144873,0.1543317151,0.1678983319,0.6715492602,0.7109235319,0.5492912991,0.006785188385,0.05715543167,0.007173640621,0.6362856218,retained
within_辣椒类,102900005116219,102900005116233,0.4382774675,0.4010484928,-0.06154082161,-0.06154082161,-0.06154082161,0.3083365168,0.07233205349,0.07233205349,0.07233205349,0.2310002795,0.08266099663,0.08266099663,0.08266099663,0.1732456401,0.202443399,0.202443399,0.202443399,0.000820570668,0.06809009033,-0.04748887262,0.1655930733,0.02424676948,0.3878108824,0.3878108824,0.3878108824,2.444266636e-11,0.1462125174,0.1462125174,0.1462125174,0.01505224145,-0.07683625941,-0.07683625941,-0.07683625941,0.205659946,0.125542631,0.125542631,0.125542631,0.03925841018,0.1143433607,-0.001082564185,0.2376976984,0.0001495398053,0.5218002593,1.016189999e-10,0.4477730465,0.018397184,0.3266917784,0.2262259406,0.001934202289,0.04532405606,0.03721597176,0.0001827708731,retained
within_辣椒类,102900005116219,102900005116943,0.4140991534,0.2686357243,-0.03722622285,-0.03722622285,-0.03722622285,0.537990109,0.03092016978,0.03092016978,0.03092016978,0.6090181907,0.09776548338,0.09776548338,0.09776548338,0.1070049507,0.1516786116,0.1516786116,0.1516786116,0.0125877569,0.05247499537,-0.04467876588,0.1423493586,0.08262549945,-0.179540976,-0.179540976,-0.179540976,0.002757212929,-0.01153595987,-0.01153595987,-0.01153595987,0.8486930112,-0.08119387406,-0.08119387406,-0.08119387406,0.1810278991,0.139472155,0.139472155,0.139472155,0.02188579915,-0.01734080377,-0.1208531144,0.08887220788,0.5665035276,0.7245662656,0.005870195268,0.742745343,0.8617498267,0.2077154926,0.2025057854,0.01978076084,0.02626295898,0.1112914891,0.5934798861,retained
within_辣椒类,102900005116219,102900005117209,0.1292170297,0.07553956835,0.1523325235,0.1523325235,0.1523325235,0.01127499405,-0.01361384359,-0.01361384359,-0.01361384359,0.8218593732,-0.009076496217,-0.009076496217,-0.009076496217,0.8813301038,0.2240816998,0.2240816998,0.2240816998,0.0002054070495,0.09864224532,0.02096667226,0.1810178621,0.001081593018,-0.1121424359,-0.1121424359,-0.1121424359,0.06281943229,-0.288246064,-0.288246064,-0.288246064,1.111805059e-06,-0.1795582468,-0.1795582468,-0.1795582468,0.002906929528,-0.1059619058,-0.1059619058,-0.1059619058,0.08221966977,-0.1945432309,-0.2806851608,-0.09529993222,8.450118692e-11,0.04648827804,0.109107435,0.9040453105,1.667707588e-06,0.9662496639,0.003761908801,0.000564869386,0.09044163675,0.002230785599,1.093544772e-10,retained
within_辣椒类,102900005116219,102900005119968,-0.06828125601,0.1068493151,0.01062812739,0.01062812739,0.01062812739,0.8604735914,0.003343973337,0.003343973337,0.003343973337,0.9558976446,0.1003880046,0.1003880046,0.1003880046,0.09787273774,0.01154448006,0.01154448006,0.01154448006,0.8502328285,-0.0009996478663,-0.08406907918,0.0846313716,0.9736416062,-0.06142330859,-0.06142330859,-0.06142330859,0.3092629569,0.1956136724,0.1956136724,0.1956136724,0.001088302786,-0.06196625058,-0.06196625058,-0.06196625058,0.3076652455,-0.08463423606,-0.08463423606,-0.08463423606,0.1655273019,0.1106691554,-0.04468008303,0.2516662338,0.000243289229,0.8873633911,0.4165582685,0.9672835577,0.00140839184,0.2018625216,0.3275146162,0.8633133336,0.1790951135,0.9736416062,0.0002817033178,retained
within_辣椒类,102900005116219,102900005123880,-0.2272123435,0.04527559055,0.1793267921,0.1793267921,0.1793267921,0.002790193964,-0.06025206507,-0.06025206507,-0.06025206507,0.3185966059,-0.008251365624,-0.008251365624,-0.008251365624,0.8920492126,0.09024816546,0.09024816546,0.09024816546,0.1391220423,0.04831058741,-0.02048263509,0.1287481378,0.1101003423,-0.08447762406,-0.08447762406,-0.08447762406,0.1616387651,-0.2828226476,-0.2828226476,-0.2828226476,1.795952129e-06,-0.2020453934,-0.2020453934,-0.2020453934,0.0007858950737,-0.1251823638,-0.1251823638,-0.1251823638,0.03983023109,-0.2049275754,-0.2760964774,-0.1136760865,7.580939176e-12,0.01416560013,0.2370701888,0.5391634868,2.634063123e-06,0.9662496639,0.001080605726,0.1669464508,0.04532405606,0.1397427421,1.000683971e-11,retained
within_辣椒类,102900005116219,102900005125808,0.4678647725,0.2231292517,-0.08256812848,-0.08256812848,-0.08256812848,0.171363439,0.1265582692,0.1265582692,0.1265582692,0.03560073169,0.03024711594,0.03024711594,0.03024711594,0.6187764992,0.05703027506,0.05703027506,0.05703027506,0.3505539539,0.03969263647,-0.03920945733,0.1296991493,0.1893590636,-0.2735986715,-0.2735986715,-0.2735986715,3.967957636e-06,0.08770478677,0.08770478677,0.08770478677,0.1461542609,-0.1617483002,-0.1617483002,-0.1617483002,0.007408222204,-0.1475986567,-0.1475986567,-0.1475986567,0.01520955336,-0.08662348601,-0.2154403956,0.04202025197,0.004123468607,0.3899995507,1.190387291e-05,0.1305360162,0.1634945969,0.7785371082,0.008889866645,0.373170338,0.01858945411,0.2272308764,0.004535815468,retained
within_辣椒类,102900005116219,102900011000328,0.6867476993,0.3627906977,0.2005465177,0.2005465177,0.2005465177,0.0008060382343,0.0158597395,0.0158597395,0.0158597395,0.7930882492,-0.02822549231,-0.02822549231,-0.02822549231,0.6424225605,0.1587916516,0.1587916516,0.1587916516,0.008956459887,0.1009970518,0.008038142468,0.1677871846,0.0008174562931,0.3605531972,0.3605531972,0.3605531972,6.760364114e-10,0.006995742171,0.006995742171,0.006995742171,0.9078935199,0.0006129701573,0.0006129701573,0.0006129701573,0.991956296,0.1368914143,0.1368914143,0.1368914143,0.02447945809,0.2102798914,0.1111981999,0.3285521467,2.078486657e-12,0.005531025152,2.62461195e-09,0.8871834652,0.9078935199,0.7851831295,0.991956296,0.01477815881,0.02885078989,0.001740390818,2.799594273e-12,retained
within_辣椒类,102900005116219,102900011001219,-0.1628086558,0.05017921147,0.1797715918,0.1797715918,0.1797715918,0.002722097931,-0.002480093567,-0.002480093567,-0.002480093567,0.9672835577,0.008022937307,0.008022937307,0.008022937307,0.8950202351,0.1014615257,0.1014615257,0.1014615257,0.09616357031,0.08453135004,0.01131269058,0.1539386255,0.005125719892,-0.1249766165,-0.1249766165,-0.1249766165,0.03798778354,-0.2796875853,-0.2796875853,-0.2796875853,2.358865793e-06,-0.2443496466,-0.2443496466,-0.2443496466,4.487669855e-05,-0.1772257176,-0.1772257176,-0.1772257176,0.003480503882,-0.2353920275,-0.3217245811,-0.1400178266,2.984409399e-15,0.01416560013,0.06776199227,0.9672835577,3.384459615e-06,0.9662496639,6.438830662e-05,0.1220537623,0.004504181494,0.008674295201,4.281978703e-15,retained
within_辣椒类,102900005116219,102900011016701,0.3213895538,0.3471264368,-0.06443579646,-0.06443579646,-0.06443579646,0.2860899659,0.00979721449,0.00979721449,0.00979721449,0.8712832173,0.1570942818,0.1570942818,0.1570942818,0.009325745617,0.1142543176,0.1142543176,0.1142543176,0.06081698258,0.03408979197,-0.03219605865,0.1078374465,0.2597014185,-0.3877494479,-0.3877494479,-0.3877494479,2.463490906e-11,-0.1250292904,-0.1250292904,-0.1250292904,0.03790616132,0.07380486124,0.07380486124,0.07380486124,0.2241680263,-6.869232913e-05,-6.869232913e-05,-6.869232913e-05,0.9991035822,-0.111989178,-0.245559361,-0.0167020601,0.0002046037157,0.4968930987,1.016189999e-10,0.9274950378,0.04389134469,0.03077496054,0.2425424547,0.08362335104,0.9991035822,0.2955223039,0.0002411400935,retained
within_辣椒类,102900005116219,102900051004294,0.3932981876,0.3960526316,-0.06581633275,-0.06581633275,-0.06581633275,0.2758706684,0.234645005,0.234645005,0.234645005,8.298599844e-05,0.04833516835,0.04833516835,0.04833516835,0.4263642034,0.2121332137,0.2121332137,0.2121332137,0.0004488506615,0.1236054024,0.04226137496,0.213007486,4.108981374e-05,0.357517586,0.357517586,0.357517586,9.601593855e-10,0.1388363326,0.1388363326,0.1388363326,0.02104148815,-0.01385553249,-0.01385553249,-0.01385553249,0.8197306108,0.004809012778,0.004809012778,0.004809012778,0.937307849,0.1018409791,-0.01450259854,0.2177437448,0.0007383529029,0.4953222141,3.520584413e-09,0.0006846344872,0.02524978577,0.598947709,0.832341851,0.001184965746,0.9517279697,0.0001084771083,0.0008401946827,retained
within_辣椒类,102900005116226,102900005116233,0.7156957044,0.7864583333,0.1999134794,0.1999134794,0.1999134794,0.0008380341139,0.2280075067,0.2280075067,0.2280075067,0.0001327998278,0.2132247877,0.2132247877,0.2132247877,0.0003885046662,0.2752778986,0.2752778986,0.2752778986,4.404859675e-06,0.2292524601,0.1497070555,0.3106018881,1.591040077e-14,0.5638359266,0.5638359266,0.5638359266,1.46025893e-24,0.6096403679,0.6096403679,0.6096403679,1.76814651e-29,0.8228027836,0.8228027836,0.8228027836,1.841364179e-68,0.6089914151,0.6089914151,0.6089914151,8.537518473e-29,0.6966177063,0.617361071,0.7660068554,8.211655986e-160,0.005531025152,1.606284824e-23,0.000973865404,4.167773916e-29,0.001831521998,7.148825638e-68,1.615115214e-05,2.817381096e-28,1.312608063e-13,3.613128634e-159,weak
within_辣椒类,102900005116226,102900005116943,0.7730375968,0.8453292496,0.1722215598,0.1722215598,0.1722215598,0.004109310487,0.2793236594,0.2793236594,0.2793236594,2.434192276e-06,-0.03790788036,-0.03790788036,-0.03790788036,0.5328303531,0.2541901856,0.2541901856,0.2541901856,2.367987549e-05,0.1654096323,0.0924569509,0.2456721507,3.686508596e-08,0.8749625101,0.8749625101,0.8749625101,2.720802146e-88,0.8025922784,0.8025922784,0.8025922784,1.995968007e-63,0.7428689275,0.7428689275,0.7428689275,3.803414788e-49,0.7353820068,0.7353820068,0.7353820068,3.384831285e-47,0.7932791017,0.7423088381,0.8477117754,9.099286591e-238,0.01937246372,1.795729416e-86,2.295095574e-05,4.391129616e-62,0.7109235319,1.141024436e-48,7.814358913e-05,2.79248581e-46,1.520684796e-07,3.002764575e-236,weak
within_辣椒类,102900005116226,102900005117209,0.7081346898,0.3968992248,0.01792263184,0.01792263184,0.01792263184,0.7669050795,0.04271738409,0.04271738409,0.04271738409,0.4797054711,-0.009365161515,-0.009365161515,-0.009365161515,0.8775851059,0.1432457257,0.1432457257,0.1432457257,0.01852246825,0.05325614552,-0.00773228241,0.1390295316,0.07814959131,0.1519953149,0.1519953149,0.1519953149,0.01145893535,0.6562783773,0.6562783773,0.6562783773,2.21375784e-35,0.5611251456,0.5611251456,0.5611251456,4.792640519e-24,0.4382181544,0.4382181544,0.4382181544,4.264259678e-14,0.5197540245,0.4175970654,0.5960695804,8.408297257e-77,0.8578938178,0.0229178707,0.6882730672,8.117112082e-35,0.9662496639,7.531292244e-24,0.02716628676,8.277680551e-14,0.1097419793,1.849825397e-76,retained
within_辣椒类,102900005116226,102900005119968,0.4010424767,0.1330128205,0.03381351752,0.03381351752,0.03381351752,0.575914114,0.1064875312,0.1064875312,0.1064875312,0.07737913393,0.002409758646,0.002409758646,0.002409758646,0.968385628,-0.00547622325,-0.00547622325,-0.00547622325,0.928631531,0.03438061839,-0.03901476553,0.1168424723,0.2556560801,0.1277533669,0.1277533669,0.1277533669,0.03388258871,0.1697258322,0.1697258322,0.1697258322,0.004692141415,0.1579717741,0.1579717741,0.1579717741,0.00893364847,0.2144688663,0.2144688663,0.2144688663,0.0003865217443,0.1635799839,0.08633323794,0.2564234174,5.223974979e-08,0.7453006181,0.06389288156,0.1823936728,0.005955410257,0.9832838684,0.01052894284,0.928631531,0.0005314673985,0.2955223039,6.630429781e-08,retained
within_辣椒类,102900005116226,102900005123880,0.6898520728,0.3113207547,-0.01308245931,-0.01308245931,-0.01308245931,0.8287032455,0.0558056652,0.0558056652,0.0558056652,0.3556812512,-0.06548426169,-0.06548426169,-0.06548426169,0.2809576099,0.05849815818,0.05849815818,0.05849815818,0.3382728223,0.0153915186,-0.06102916785,0.08680270228,0.6109163674,-0.05865949255,-0.05865949255,-0.05865949255,0.3315790681,0.6236324268,0.6236324268,0.6236324268,3.810568441e-31,0.5140001616,0.5140001616,0.5140001616,8.241857208e-20,0.3240627113,0.3240627113,0.3240627113,5.096493582e-08,0.4631881213,0.3601051546,0.5357469791,2.509928826e-59,0.8681653048,0.4376843699,0.5771639452,9.314722856e-31,0.4635800564,1.208805724e-19,0.3660001028,7.822525033e-08,0.6400076229,4.359350066e-59,retained
within_辣椒类,102900005116226,102900005125808,0.7076202361,0.7913561848,0.1510754285,0.1510754285,0.1510754285,0.01197425343,0.2187375014,0.2187375014,0.2187375014,0.000250360821,0.1482397868,0.1482397868,0.1482397868,0.01422048928,0.3039034615,0.3039034615,0.3039034615,3.554228594e-07,0.204730248,0.1256377403,0.2714923223,7.946044164e-12,0.7159952598,0.7159952598,0.7159952598,1.149699108e-44,0.7832065022,0.7832065022,0.7832065022,1.740873695e-58,0.7964835745,0.7964835745,0.7964835745,3.737180061e-61,0.6924111747,0.6924111747,0.6924111747,7.132088046e-40,0.7588682519,0.7010341964,0.8118796964,8.39659393e-206,0.04648827804,1.517602822e-43,0.001502164926,2.297953278e-57,0.0408066214,1.298178337e-60,1.954825727e-06,3.922648425e-39,4.767626498e-11,9.236253323e-205,weak
within_辣椒类,102900005116226,102900011000328,-0.1390890789,0.7032332564,-0.06585563515,-0.06585563515,-0.06585563515,0.2755834079,-0.1203909375,-0.1203909375,-0.1203909375,0.04568620459,0.04831855699,0.04831855699,0.04831855699,0.4265233685,0.2488228333,0.2488228333,0.2488228333,3.552285722e-05,0.0283905076,-0.05091334667,0.08881732752,0.3479462521,-0.03767557866,-0.03767557866,-0.03767557866,0.5330910888,0.1469572844,0.1469572844,0.1469572844,0.01453996688,0.7924620148,0.7924620148,0.7924620148,3.929461115e-60,0.5845257155,0.5845257155,0.5845257155,3.881849376e-26,0.3195563964,0.1742496749,0.4492107812,2.038653331e-27,0.4953222141,0.6008143043,0.1471525142,0.01810637385,0.598947709,1.296722168e-59,0.0001116432656,1.164554813e-25,0.3827408773,3.203598092e-27,retained
within_辣椒类,102900005116226,102900011001219,0.7131512972,0.3572519084,0.0160175252,0.0160175252,0.0160175252,0.7910769343,-0.1105557563,-0.1105557563,-0.1105557563,0.06665692716,-0.0560867955,-0.0560867955,-0.0560867955,0.3559130298,0.0646031571,0.0646031571,0.0646031571,0.2901838151,-0.02462462602,-0.08408873779,0.04582769089,0.4156214983,-0.1089796652,-0.1089796652,-0.1089796652,0.07065680621,0.6499374216,0.6499374216,0.6499374216,1.616866602e-34,0.5901866305,0.5901866305,0.5901866305,5.16148772e-27,0.4130392881,0.4130392881,0.4130392881,1.507496038e-12,0.4805285799,0.3762114635,0.5645105451,2.436270544e-64,0.8681653048,0.1195730567,0.16821594,5.616483987e-34,0.5462851155,8.308736329e-27,0.3246124034,2.689046986e-12,0.4496888342,4.729231057e-64,retained
within_辣椒类,102900005116226,102900011016701,0.4010713944,0.3720930233,0.0428490655,0.0428490655,0.0428490655,0.4783511134,-0.08622291826,-0.08622291826,-0.08622291826,0.1531182528,-0.003420594421,-0.003420594421,-0.003420594421,0.9551360117,0.1557231798,0.1557231798,0.1557231798,0.01038997515,0.02905807855,-0.03782152785,0.09284673679,0.3367235426,-0.3033947188,-0.3033947188,-0.3033947188,2.760030707e-07,-0.5810430781,-0.5810430781,-0.5810430781,2.558094531e-26,-0.8297489724,-0.8297489724,-0.8297489724,1.355504872e-70,-0.6965224976,-0.6965224976,-0.6965224976,1.617269379e-40,-0.6495381563,-0.7215654412,-0.5593702213,3.192142665e-132,0.7136387991,9.108101333e-07,0.3259936996,5.446265776e-26,0.9832838684,6.390237253e-70,0.01672532585,9.703616272e-40,0.3766737934,1.108849557e-131,retained
within_辣椒类,102900005116226,102900051004294,0.5633634919,0.7971014493,0.1954257357,0.1954257357,0.1954257357,0.001100669233,0.1185885254,0.1185885254,0.1185885254,0.04905083808,0.09913447828,0.09913447828,0.09913447828,0.1021574163,0.2666775982,0.2666775982,0.2666775982,8.898576553e-06,0.1704250719,0.09307599943,0.2511204462,1.389966185e-08,0.5547312998,0.5547312998,0.5547312998,1.130143633e-23,0.7086340683,0.7086340683,0.7086340683,2.146510859e-43,0.8100770753,0.8100770753,0.8100770753,8.727462233e-65,0.7807542185,0.7807542185,0.7807542185,1.147227323e-56,0.7516714375,0.682106474,0.801802903,8.61286927e-200,0.006604015398,1.065563997e-22,0.1471525142,1.180580973e-42,0.2043148327,3.200069485e-64,3.091084487e-05,7.571700331e-55,6.115851215e-08,7.105617148e-199,weak
within_辣椒类,102900005116233,102900005116943,0.734868476,0.7486979167,0.1310005345,0.1310005345,0.1310005345,0.02956631925,0.2205965918,0.2205965918,0.2205965918,0.0002209278121,0.2059564125,0.2059564125,0.2059564125,0.0006167792701,0.3622428662,0.3622428662,0.3622428662,8.556996844e-10,0.251658398,0.1842047562,0.326946083,2.803030412e-17,0.5384622293,0.5384622293,0.5384622293,3.758641336e-22,0.6305905989,0.6305905989,0.6305905989,5.253071041e-32,0.8285664384,0.8285664384,0.8285664384,3.176854254e-70,0.6522403954,0.6522403954,0.6522403954,4.208537041e-34,0.6990947622,0.6184981169,0.7603855503,2.057579798e-161,0.09880419152,3.100879102e-21,0.00145812356,1.507402994e-31,0.002544214489,1.397815872e-69,6.275131019e-09,1.736021529e-33,2.642857246e-16,9.700019045e-161,weak
within_辣椒类,102900005116233,102900005117209,0.6104031825,0.3458549223,0.04525073953,0.04525073953,0.04525073953,0.4540178263,0.1404477709,0.1404477709,0.1404477709,0.01958076157,0.03737781671,0.03737781671,0.03737781671,0.5385784332,0.294703182,0.294703182,0.294703182,8.226290377e-07,0.1482463151,0.05917190233,0.2420793519,8.340228397e-07,0.001810708,0.001810708,0.001810708,0.9761107253,0.5271793785,0.5271793785,0.5271793785,3.828760443e-21,0.6407822066,0.6407822066,0.6407822066,5.840893471e-33,0.4920534555,0.4920534555,0.4920534555,7.199097213e-18,0.5216326975,0.4379844466,0.5944235606,1.932355677e-77,0.6968645707,0.9761107253,0.08077064146,7.019394145e-21,0.7109235319,1.133820497e-32,3.878108321e-06,1.4848138e-17,2.502068519e-06,4.397774989e-77,retained
within_辣椒类,102900005116233,102900005119968,-0.1555581769,0.1147757256,-0.03841451122,-0.03841451122,-0.03841451122,0.5250840946,-0.1096958498,-0.1096958498,-0.1096958498,0.06881561181,-0.000126224831,-0.000126224831,-0.000126224831,0.9983435873,-0.07184651508,-0.07184651508,-0.07184651508,0.2393541498,-0.05831881332,-0.1344073612,0.01731358448,0.05369942825,0.03850301522,0.03850301522,0.03850301522,0.5241291965,0.02463410139,0.02463410139,0.02463410139,0.6836724437,0.2007627039,0.2007627039,0.2007627039,0.0008500765599,0.2202250691,0.2202250691,0.2202250691,0.0002655776256,0.1015078992,0.01646141954,0.2037301479,0.0007686846432,0.7245662656,0.6008143043,0.16821594,0.7050372075,0.9983435873,0.001145001081,0.2771469103,0.0003729387934,0.07875916143,0.0008598845161,retained
within_辣椒类,102900005116233,102900005123880,0.2639564123,0.2705882353,0.05555501672,0.05555501672,0.05555501672,0.3578493716,0.1186537483,0.1186537483,0.1186537483,0.04892557355,0.03011990801,0.03011990801,0.03011990801,0.6202532167,0.1916514853,0.1916514853,0.1916514853,0.001556572867,0.09837267655,0.02289338714,0.1917729594,0.001116404496,-0.1000374671,-0.1000374671,-0.1000374671,0.09720297152,0.5184449934,0.5184449934,0.5184449934,2.177436131e-20,0.6058534017,0.6058534017,0.6058534017,9.655265344e-29,0.4096922147,0.4096922147,0.4096922147,2.368896966e-12,0.4725927861,0.386036989,0.5461953707,5.208089997e-62,0.5623347268,0.1564730761,0.1471525142,3.884075261e-20,0.7785371082,1.593118782e-28,0.003113145735,4.114399994e-12,0.002232808992,9.820969709e-62,retained
within_辣椒类,102900005116233,102900005125808,0.5721336399,0.7402597403,0.08554116306,0.08554116306,0.08554116306,0.1564052185,0.3388772222,0.3388772222,0.3388772222,7.644950984e-09,0.2911973608,0.2911973608,0.2911973608,9.790540441e-07,0.4561500577,0.4561500577,0.4561500577,2.794200898e-15,0.3146738085,0.231447678,0.4222138062,1.35852242e-26,0.3986200837,0.3986200837,0.3986200837,6.00361211e-12,0.6666233763,0.6666233763,0.6666233763,7.774817412e-37,0.8745463505,0.8745463505,0.8745463505,3.670321431e-87,0.6971878945,0.6971878945,0.6971878945,1.268984836e-40,0.7161028532,0.6413791404,0.7754107162,7.204464138e-173,0.3686694435,2.830274281e-11,1.261416912e-07,3.018458525e-36,9.231080988e-06,3.028015181e-86,4.610431481e-14,8.375299921e-40,1.793249595e-25,4.322678483e-172,clear
within_辣椒类,102900005116233,102900011000328,-0.02883276144,0.8518943743,0.02818252148,0.02818252148,0.02818252148,0.6410931733,0.02477951084,0.02477951084,0.02477951084,0.6819066239,0.3668856456,0.3668856456,0.3668856456,4.012156837e-10,0.397545547,0.397545547,0.397545547,1.171603004e-11,0.1957685373,0.1150854543,0.2796374931,6.401038346e-11,0.2060687333,0.2060687333,0.2060687333,0.0005711002516,0.3227706903,0.3227706903,0.3227706903,4.124205726e-08,0.8800683554,0.8800683554,0.8800683554,1.219363122e-89,0.5425113198,0.5425113198,0.5425113198,4.600986474e-22,0.412869642,0.2785496012,0.5366236863,2.564642786e-46,0.7561144873,0.001396022837,0.7895760908,6.804939448e-08,1.324011756e-08,1.149685229e-88,1.104654261e-10,1.16794272e-21,3.520571091e-10,4.340164715e-46,weak
within_辣椒类,102900005116233,102900011001219,0.4337935236,0.3099489796,-0.02242478874,-0.02242478874,-0.02242478874,0.7107087188,0.05547523271,0.05547523271,0.05547523271,0.3585412387,0.07835038511,0.07835038511,0.07835038511,0.1968404496,0.2041059319,0.2041059319,0.2041059319,0.0007413061482,0.09346601167,0.02461769505,0.1715978592,0.001960771093,-0.204072858,-0.204072858,-0.204072858,0.0006475106577,0.5380171466,0.5380171466,0.5380171466,4.125867259e-22,0.7140749676,0.7140749676,0.7140749676,7.294657529e-44,0.3777475017,0.3777475017,0.3777475017,1.384670679e-10,0.4692489445,0.3495288691,0.5529586142,4.78874449e-61,0.8229258849,0.001514930072,0.5771639452,7.78020683e-22,0.351120802,1.851720757e-43,0.001812081696,2.28470662e-10,0.003697454061,8.779364898e-61,retained
within_辣椒类,102900005116233,102900011016701,0.3123282451,0.4976787372,0.1214506038,0.1214506038,0.1214506038,0.04379993256,0.084381431,0.084381431,0.084381431,0.1621185274,0.155542524,0.155542524,0.155542524,0.01005663249,0.2891380959,0.2891380959,0.2891380959,1.347646604e-06,0.1625711669,0.08857918405,0.2553380579,6.320530302e-08,-0.5106190168,-0.5106190168,-0.5106190168,9.910540747e-20,-0.7052452784,-0.7052452784,-0.7052452784,8.010823697e-43,-0.9051626598,-0.9051626598,-0.9051626598,1.095156826e-102,-0.7553967394,-0.7553967394,-0.7553967394,4.058067436e-51,-0.7521008744,-0.8106064708,-0.6886055475,3.821966294e-200,0.1376569309,6.540956893e-19,0.3343694628,4.067033569e-42,0.03160655927,3.614017524e-101,5.929645058e-06,8.92774836e-50,2.453852941e-07,3.60356822e-199,weak
within_辣椒类,102900005116233,102900051004294,0.5957766328,0.9481193256,0.2696672596,0.2696672596,0.2696672596,5.514958219e-06,0.3742949836,0.3742949836,0.3742949836,1.317873078e-10,0.3719035796,0.3719035796,0.3719035796,2.213771127e-10,0.4584183907,0.4584183907,0.4584183907,1.956703273e-15,0.3752154016,0.2900043429,0.453474578,6.195581459e-38,0.7274677966,0.7274677966,0.7274677966,9.928252789e-47,0.7515487802,0.7515487802,0.7515487802,2.00626822e-51,0.8696945762,0.8696945762,0.8696945762,4.441405835e-85,0.7382979996,0.7382979996,0.7382979996,9.56520101e-48,0.808863207,0.7422191341,0.8686523735,2.519603191e-254,8.00063762e-05,1.63816171e-45,2.899320771e-09,1.324137025e-50,1.324011756e-08,3.257030946e-84,4.3047472e-14,1.262606533e-46,1.363027921e-36,1.662938106e-252,clear
within_辣椒类,102900005116943,102900005117209,0.5336333401,0.4318555008,0.2068456592,0.2068456592,0.2068456592,0.0005436830954,0.1118142729,0.1118142729,0.1118142729,0.06359785301,0.1519132005,0.1519132005,0.1519132005,0.0119674262,0.1897204158,0.1897204158,0.1897204158,0.001739454557,0.1725857879,0.1005150549,0.244548094,9.04885015e-09,0.1807383144,0.1807383144,0.1807383144,0.002579277811,0.6693342061,0.6693342061,0.6693342061,3.161323758e-37,0.7037038181,0.7037038181,0.7037038181,4.06292232e-42,0.4329107359,0.4329107359,0.4329107359,9.268475776e-14,0.5725244312,0.4835808523,0.638452347,2.277360334e-96,0.004485385537,0.005674411185,0.1678983319,1.30404605e-36,0.03590227859,9.931587894e-42,0.003376588258,1.699220559e-13,4.265886499e-08,7.157418191e-96,weak
within_辣椒类,102900005116943,102900005119968,0.3393253862,0.1491525424,0.1116785651,0.1116785651,0.1116785651,0.06392206726,0.1922906846,0.1922906846,0.1922906846,0.001326962937,0.07220403545,0.07220403545,0.07220403545,0.2344061942,-0.02306890675,-0.02306890675,-0.02306890675,0.7059117485,0.09543239916,0.008562718597,0.1739264152,0.001569350161,0.1488878275,0.1488878275,0.1488878275,0.01328260966,0.2072290076,0.2072290076,0.2072290076,0.0005306090643,0.1785813847,0.1785813847,0.1785813847,0.00306693976,0.2210979698,0.2210979698,0.2210979698,0.0002506717266,0.2198713088,0.1480056998,0.3037937377,1.872161355e-13,0.1834285408,0.02578388933,0.007298296152,0.0007004039648,0.3966874056,0.003892654311,0.7279714906,0.0003596594338,0.003046385607,2.574221863e-13,retained
within_辣椒类,102900005116943,102900005123880,0.4854658406,0.3416666667,0.130703424,0.130703424,0.130703424,0.0299406641,0.148339797,0.148339797,0.148339797,0.01362944063,0.23247671,0.23247671,0.23247671,0.0001058531953,0.1043020222,0.1043020222,0.1043020222,0.08715974098,0.1512290048,0.05905115053,0.2341421692,4.968841229e-07,-0.04009661419,-0.04009661419,-0.04009661419,0.5070881073,0.639881572,0.639881572,0.639881572,3.440732859e-33,0.6685110137,0.6685110137,0.6685110137,1.01660587e-36,0.3303466531,0.3303466531,0.3303466531,2.700363623e-08,0.5223898565,0.4148001743,0.5905566633,1.065541537e-77,0.09880419152,0.597639555,0.06425307724,1.081373184e-32,0.0005588446275,2.096749607e-36,0.1127949589,4.24342855e-08,1.561635815e-06,2.511633623e-77,weak
within_辣椒类,102900005116943,102900005125808,0.9215285639,0.782674772,-0.01334633409,-0.01334633409,-0.01334633409,0.8253030651,0.1126324437,0.1126324437,0.1126324437,0.06167170369,0.2416234899,0.2416234899,0.2416234899,5.486169979e-05,0.2018471773,0.2018471773,0.2018471773,0.0008508517334,0.1551841917,0.07843482748,0.2283076414,2.461669107e-07,0.7643299599,0.7643299599,0.7643299599,3.84953311e-54,0.8185183023,0.8185183023,0.8185183023,6.460828537e-68,0.8252680131,0.8252680131,0.8252680131,3.303241895e-69,0.6264820161,0.6264820161,0.6264820161,7.678005272e-31,0.7759065854,0.7112572062,0.8337251591,6.457341324e-221,0.8681653048,8.468972842e-53,0.1678983319,2.132073417e-66,0.0003620872186,1.362587282e-68,0.001936421186,2.8152686e-30,8.123508052e-07,1.420615091e-219,weak
within_辣椒类,102900005116943,102900011000328,-0.08518923486,0.6658986175,-0.08003706048,-0.08003706048,-0.08003706048,0.1849163359,-0.04145604888,-0.04145604888,-0.04145604888,0.4927832231,0.277778061,0.277778061,0.277778061,3.152406252e-06,0.2048981794,0.2048981794,0.2048981794,0.0007060775682,0.09276687018,0.01295215325,0.1775691553,0.002120246342,-0.02898009651,-0.02898009651,-0.02898009651,0.6316760213,0.2370892111,0.2370892111,0.2370892111,6.955365647e-05,0.8364538459,0.8364538459,0.8364538459,9.538728416e-73,0.56381486,0.56381486,0.56381486,4.673863714e-24,0.3703411677,0.220738574,0.4942964361,6.300888431e-37,0.3936928441,0.6834527444,0.6919934622,9.767109206e-05,2.311764585e-05,4.842739042e-72,0.00179235075,1.285312521e-23,0.003887118294,1.039646591e-36,retained
within_辣椒类,102900005116943,102900011001219,0.47623379,0.3938411669,0.1039234406,0.1039234406,0.1039234406,0.08482716522,0.04648239805,0.04648239805,0.04648239805,0.4418133327,0.2102702848,0.2102702848,0.2102702848,0.0004696834828,0.1102580607,0.1102580607,0.1102580607,0.07047616843,0.1099172805,0.0352222531,0.1880758726,0.0002682857418,-0.08938548116,-0.08938548116,-0.08938548116,0.1385506042,0.6877349378,0.6877349378,0.6877349378,5.418730586e-40,0.7464134275,0.7464134275,0.7464134275,7.600707854e-50,0.4057703499,0.4057703499,0.4057703499,3.997432482e-12,0.5406092774,0.4330461837,0.6169987323,4.029316837e-84,0.2073552928,0.2126590669,0.647992888,2.554544419e-39,0.002066607324,2.388793897e-49,0.09492708401,6.764885739e-12,0.00063238782,1.022826582e-83,retained
within_辣椒类,102900005116943,102900011016701,0.3897738265,0.3401297498,0.07078243855,0.07078243855,0.07078243855,0.2411729897,0.08933780018,0.08933780018,0.08933780018,0.1387620577,0.1347270578,0.1347270578,0.1347270578,0.02601414206,0.1209831047,0.1209831047,0.1209831047,0.04702966162,0.1066191175,0.03153408705,0.1910408599,0.0004090755284,-0.2743703159,-0.2743703159,-0.2743703159,3.717423001e-06,-0.6428181361,-0.6428181361,-0.6428181361,1.425546421e-33,-0.8654530452,-0.8654530452,-0.8654530452,2.517475243e-83,-0.6914255317,-0.6914255317,-0.6914255317,1.014163677e-39,-0.6839226235,-0.7495259365,-0.5940861139,7.399769276e-152,0.4896796798,1.168332943e-05,0.3052765269,4.70430319e-33,0.06867733503,1.66153366e-82,0.06604165249,4.781057333e-39,0.000924003405,3.052404826e-151,retained
within_辣椒类,102900005116943,102900051004294,0.8292694135,0.7612137203,0.137162443,0.137162443,0.137162443,0.022657898,0.1551988286,0.1551988286,0.1551988286,0.00981384997,0.3051952335,0.3051952335,0.3051952335,2.707704125e-07,0.2839744028,0.2839744028,0.2839744028,2.110765103e-06,0.2271983729,0.1534284975,0.2919404138,2.755626954e-14,0.5030166357,0.5030166357,0.5030166357,4.163231954e-19,0.7523434979,0.7523434979,0.7523434979,1.375003551e-51,0.8425216565,0.8425216565,0.8425216565,8.823823354e-75,0.7239813496,0.7239813496,0.7239813496,4.049530567e-45,0.7407244583,0.6633145167,0.7973699942,4.922636107e-191,0.08307895932,2.497939172e-18,0.04982416139,1.008335937e-50,2.978474537e-06,4.853102845e-74,8.194735104e-06,2.969655749e-44,2.0207931e-13,3.248939831e-190,weak
within_辣椒类,102900005117209,102900005119968,0.11716493,0.09037900875,0.1517890669,0.1517890669,0.1517890669,0.011572741,-0.09413102151,-0.09413102151,-0.09413102151,0.1187148117,0.07511380407,0.07511380407,0.07511380407,0.2160360326,-0.04609407044,-0.04609407044,-0.04609407044,0.4506751657,0.006591100528,-0.09517496203,0.09252779674,0.8275397968,-0.02511500108,-0.02511500108,-0.02511500108,0.6778391231,-0.08566354368,-0.08566354368,-0.08566354368,0.1558112944,0.1890790511,0.1890790511,0.1890790511,0.001700361409,-0.06095790702,-0.06095790702,-0.06095790702,0.3183172727,0.03425794773,-0.05275184058,0.1427924931,0.2573570405,0.04648827804,0.7101171766,0.2701785369,0.1713924238,0.3752204776,0.00224447706,0.4721358879,0.3388538709,0.8534004155,0.2739607205,retained
within_辣椒类,102900005117209,102900005123880,0.612006316,0.5607476636,0.6818921364,0.6818921364,0.6818921364,4.307242106e-39,0.3230133814,0.3230133814,0.3230133814,4.023679619e-08,0.2784796838,0.2784796838,0.2784796838,2.969891092e-06,0.5424809346,0.5424809346,0.5424809346,4.630132075e-22,0.4073064631,0.3084344223,0.4922408188,5.208971934e-45,0.4835480816,0.4835480816,0.4835480816,1.40163437e-17,0.7411811144,0.7411811144,0.7411811144,2.440790631e-49,0.6116628013,0.6116628013,0.6116628013,2.086368569e-29,0.6595934279,0.6595934279,0.6595934279,4.306049229e-35,0.6738300581,0.5865555502,0.7262519187,8.10728544e-146,2.84277979e-37,7.11598988e-17,4.426047581e-07,1.464474379e-48,2.311764585e-05,3.530777578e-29,1.527943585e-20,1.894661661e-34,1.718960738e-43,3.147534347e-145,clear
within_辣椒类,102900005117209,102900005125808,0.5050339948,0.4363636364,-0.1060311843,-0.1060311843,-0.1060311843,0.07866450248,0.03184853657,0.03184853657,0.03184853657,0.5983047212,-0.00887300288,-0.00887300288,-0.00887300288,0.8839717154,0.3480084286,0.3480084286,0.3480084286,4.189202724e-09,0.141267352,0.04696974955,0.2480828136,2.694104418e-06,0.2036311667,0.2036311667,0.2036311667,0.0006656510923,0.6033687836,0.6033687836,0.6033687836,9.288853049e-29,0.645426265,0.645426265,0.645426265,1.45872564e-33,0.592308106,0.592308106,0.592308106,5.863040806e-27,0.5920502473,0.5046381532,0.656807709,1.497486181e-104,0.2073552928,0.001514930072,0.742745343,2.114014832e-28,0.9662496639,2.91745128e-33,2.764873798e-08,1.842669967e-26,7.730908331e-06,4.941704399e-104,retained
within_辣椒类,102900005117209,102900011000328,-0.3417509121,0.3141542002,0.02814381367,0.02814381367,0.02814381367,0.6415516862,-0.02727218134,-0.02727218134,-0.02727218134,0.6519123268,0.1233884931,0.1233884931,0.1233884931,0.04163512696,0.2315905031,0.2315905031,0.2315905031,0.0001229838018,0.1064099646,0.006141674177,0.1884427548,0.0004200015477,-0.1574873819,-0.1574873819,-0.1574873819,0.008770373421,0.3139699755,0.3139699755,0.3139699755,9.945592392e-08,0.6183243142,0.6183243142,0.6183243142,3.461722848e-30,0.3510119324,0.3510119324,0.3510119324,3.015890748e-09,0.2469475743,0.1500064467,0.3416843669,1.122111953e-16,0.7561144873,0.01808889518,0.7683252423,1.6009978e-07,0.1056891684,6.346491889e-30,0.00035291004,4.854848522e-09,0.000924003405,1.645764197e-16,retained
within_辣椒类,102900005117209,102900011001219,0.9180252407,0.6023054755,0.3058621987,0.3058621987,0.3058621987,2.182914859e-07,0.4473221048,0.4473221048,0.4473221048,5.5217654e-15,0.3052342261,0.3052342261,0.3052342261,2.69776982e-07,0.5644163448,0.5644163448,0.5644163448,4.085992771e-24,0.429493946,0.3158733823,0.5208091194,2.244947615e-50,0.03730848572,0.03730848572,0.03730848572,0.537091575,0.7973962363,0.7973962363,0.7973962363,4.75347137e-62,0.7395264468,0.7395264468,0.7395264468,1.695003825e-48,0.737871178,0.737871178,0.737871178,1.152091839e-47,0.7101101875,0.630429576,0.7710103316,9.745234778e-169,4.80241269e-06,0.6008143043,1.822182582e-13,7.843227761e-61,2.978474537e-06,4.66126052e-48,2.696755229e-22,1.267301023e-46,1.481665426e-48,4.947580733e-168,clear
within_辣椒类,102900005117209,102900011016701,0.3418079167,0.105517909,0.07023511757,0.07023511757,0.07023511757,0.2448398399,0.007134343914,0.007134343914,0.007134343914,0.906077003,0.05835657994,0.05835657994,0.05835657994,0.3367515027,0.1722731578,0.1722731578,0.1722731578,0.004527524507,0.0711322552,-0.01468968271,0.1418205899,0.01856680826,0.04152797501,0.04152797501,0.04152797501,0.4920324058,-0.5800801902,-0.5800801902,-0.5800801902,3.228220474e-26,-0.6845879829,-0.6845879829,-0.6845879829,4.322521886e-39,-0.5758830522,-0.5758830522,-0.5758830522,2.987016048e-25,-0.5506760413,-0.6219681313,-0.4563803375,7.661344136e-88,0.4896796798,0.597639555,0.9492235269,6.658204728e-26,0.5291809328,9.837463602e-39,0.007863595197,8.571437356e-25,0.02988803281,2.106869637e-87,retained
within_辣椒类,102900005117209,102900051004294,0.4706069676,0.3565789474,0.05625493027,0.05625493027,0.05625493027,0.351815761,0.08222154037,0.08222154037,0.08222154037,0.1731743016,0.1138934192,0.1138934192,0.1138934192,0.06020175988,0.2874738536,0.2874738536,0.2874738536,1.558846454e-06,0.1558977874,0.07293224111,0.2335073012,2.164574767e-07,0.04084947528,0.04084947528,0.04084947528,0.4991392964,0.6253886462,0.6253886462,0.6253886462,2.321826583e-31,0.6687997758,0.6687997758,0.6687997758,9.244157529e-37,0.5524761332,0.5524761332,0.5524761332,5.601162693e-23,0.5591535764,0.4620458595,0.6321294115,4.476458951e-91,0.5623347268,0.597639555,0.3463486032,6.12962218e-31,0.1324438717,1.968110958e-36,6.430241623e-06,1.478706951e-22,7.51904919e-07,1.342937685e-90,weak
within_辣椒类,102900005119968,102900005123880,0.686841696,0.09642857143,-0.04205284983,-0.04205284983,-0.04205284983,0.4865719085,0.03823943936,0.03823943936,0.03823943936,0.5269756062,0.08100348462,0.08100348462,0.08100348462,0.182056433,0.06479974793,0.06479974793,0.06479974793,0.2887153834,0.06033899396,-0.04015971952,0.1552610331,0.04591181511,-0.01378043521,-0.01378043521,-0.01378043521,0.819716532,-0.1068833253,-0.1068833253,-0.1068833253,0.07627814998,0.2159120807,0.2159120807,0.2159120807,0.0003261874824,-0.01835619042,-0.01835619042,-0.01835619042,0.7639873067,0.05870830614,-0.03652745099,0.1879901118,0.05211769346,0.7136387991,0.8453326737,0.7098038777,0.08679927411,0.3337701272,0.0004580505072,0.3246124034,0.78786191,0.06886772266,0.05638963555,retained
within_辣椒类,102900005119968,102900005125808,0.5727644219,0.1499148211,-0.02986358626,-0.02986358626,-0.02986358626,0.6213134619,0.1415171463,0.1415171463,0.1415171463,0.01866075487,-0.007050110991,-0.007050110991,-0.007050110991,0.9076890782,-0.08711301352,-0.08711301352,-0.08711301352,0.1534396139,0.01687292743,-0.06386332879,0.106523008,0.5770216689,0.06732313719,0.06732313719,0.06732313719,0.2650025971,0.2353351144,0.2353351144,0.2353351144,7.896506213e-05,0.1647204695,0.1647204695,0.1647204695,0.00637585684,0.2071768423,0.2071768423,0.2071768423,0.0006131920131,0.2480175836,0.171055629,0.3439073365,8.209360466e-17,0.7561144873,0.3721313066,0.08077064146,0.0001085769604,0.9662496639,0.007939746254,0.180839545,0.0008259320993,0.6142488733,1.23140407e-16,retained
within_辣椒类,102900005119968,102900011000328,0.1579108779,0.1010452962,-0.01507600979,-0.01507600979,-0.01507600979,0.8030986048,-0.03620861381,-0.03620861381,-0.03620861381,0.5491668392,-0.05868838915,-0.05868838915,-0.05868838915,0.3340066891,-0.1000009064,-0.1000009064,-0.1000009064,0.1010734813,-0.05136406388,-0.1218641786,0.01865599923,0.08934606992,-0.006826134675,-0.006826134675,-0.006826134675,0.9101170497,-0.3096813511,-0.3096813511,-0.3096813511,1.511800843e-07,0.1461367689,0.1461367689,0.1461367689,0.01567123916,0.1477960769,0.1477960769,0.1477960769,0.01507245996,0.007675532989,-0.06849207583,0.1168623902,0.7997249789,0.8681653048,0.9241188505,0.7235572809,2.375687039e-07,0.5291809328,0.01814564535,0.12586509,0.01858945411,0.1179368123,0.8120284402,retained
within_辣椒类,102900005119968,102900011001219,0.321314518,0.07738095238,-0.03233509088,-0.03233509088,-0.03233509088,0.5927240162,0.03531161201,0.03531161201,0.03531161201,0.5591124443,-0.1216639707,-0.1216639707,-0.1216639707,0.04459422395,-0.06093139852,-0.06093139852,-0.06093139852,0.3185281591,-0.03413340477,-0.1434721059,0.05479188997,0.2590919682,-0.02808365636,-0.02808365636,-0.02808365636,0.6422645489,-0.131309635,-0.131309635,-0.131309635,0.02918112376,0.1344819646,0.1344819646,0.1344819646,0.02628912764,-0.04858683066,-0.04858683066,-0.04858683066,0.4265385842,0.001362274428,-0.08125852995,0.100251585,0.9640855781,0.752303559,0.6837009714,0.7235572809,0.03439203872,0.109008103,0.02991521422,0.350380975,0.4468499453,0.2955223039,0.9640855781,retained
within_辣椒类,102900005119968,102900011016701,0.08111956947,0.0871559633,0.003277020606,0.003277020606,0.003277020606,0.9567797897,0.0713433141,0.0713433141,0.0713433141,0.2374554035,0.1091771673,0.1091771673,0.1091771673,0.07170082134,-0.1983273508,-0.1983273508,-0.1983273508,0.001051630801,0.004068156289,-0.07125476532,0.07475457613,0.8930346615,-0.04082548968,-0.04082548968,-0.04082548968,0.4993915204,0.06853741845,0.06853741845,0.06853741845,0.2564606469,-0.1633512843,-0.1633512843,-0.1633512843,0.00683427291,-0.188366007,-0.188366007,-0.188366007,0.001879224647,-0.1155194984,-0.2094401701,-0.03574313457,0.0001275731356,0.9567797897,0.597639555,0.4477730465,0.2774820114,0.1526533616,0.008353000223,0.002313587763,0.002480576535,0.9067736563,0.0001588646594,retained
within_辣椒类,102900005119968,102900051004294,0.1442749458,0.1174899866,-0.06800917505,-0.06800917505,-0.06800917505,0.2601529556,0.05388361502,0.05388361502,0.05388361502,0.3725177546,-0.1404270971,-0.1404270971,-0.1404270971,0.02028127768,-0.09704181209,-0.09704181209,-0.09704181209,0.1116278832,-0.04893262524,-0.1171791327,0.01898353728,0.1055895521,0.0634957533,0.0634957533,0.0634957533,0.2931923464,0.06497044175,0.06497044175,0.06497044175,0.2821025209,0.05153141256,0.05153141256,0.05153141256,0.3963847675,0.1523837539,0.1523837539,0.1523837539,0.01217740215,0.113055569,0.05207446556,0.1843104796,0.000177647678,0.4953222141,0.4031394763,0.585385043,0.3003026835,0.05577351363,0.4152602326,0.1364340794,0.0154559335,0.1366453027,0.0002131772136,retained
within_辣椒类,102900005123880,102900005125808,0.5952064224,0.3524451939,-0.2685282061,-0.2685282061,-0.2685282061,6.061089106e-06,0.06136814947,0.06136814947,0.06136814947,0.3096984463,0.04974885293,0.04974885293,0.04974885293,0.412945374,0.2324986013,0.2324986013,0.2324986013,0.0001154537446,0.0698538358,-0.009665558188,0.1692365543,0.02079409115,-0.03464493384,-0.03464493384,-0.03464493384,0.5665602092,0.5670576623,0.5670576623,0.5670576623,6.971750234e-25,0.6180957353,0.6180957353,0.6180957353,3.684421835e-30,0.5051679994,0.5051679994,0.5051679994,6.810606896e-19,0.5472964805,0.4512699218,0.6062232389,1.404766599e-86,8.00063762e-05,0.6232162301,0.5378973016,1.394350047e-24,0.598947709,6.572211922e-30,0.0003463612339,1.55000019e-18,0.03267642895,3.708583822e-86,retained
within_辣椒类,102900005123880,102900011000328,-0.2721431002,0.2427745665,0.1121293539,0.1121293539,0.1121293539,0.06285031271,-0.03337428353,-0.03337428353,-0.03337428353,0.5808848418,-0.01914508888,-0.01914508888,-0.01914508888,0.7528328764,0.1472459854,0.1472459854,0.1472459854,0.01545717581,0.04258993531,-0.03613288419,0.1171169095,0.1590233934,-0.1252483458,-0.1252483458,-0.1252483458,0.03756830767,0.3070336981,0.3070336981,0.3070336981,1.951366507e-07,0.5490712283,0.5490712283,0.5490712283,6.731540629e-23,0.2666814286,0.2666814286,0.2666814286,8.895837551e-06,0.2314906406,0.1353849988,0.3258705117,8.692114584e-15,0.1834285408,0.06776199227,0.7372769146,2.995120685e-07,0.8872673187,1.009731094e-22,0.02363517624,1.304722841e-05,0.1980291315,1.220594814e-14,retained
within_辣椒类,102900005123880,102900011001219,0.7831407003,0.5673076923,0.3949459376,0.3949459376,0.3949459376,9.731031072e-12,0.4530018072,0.4530018072,0.4530018072,2.265704727e-15,0.231920843,0.231920843,0.231920843,0.0001100754569,0.4154344049,0.4154344049,0.4154344049,1.087548519e-12,0.3487495912,0.2343751733,0.442268406,1.142759509e-32,-0.05302038705,-0.05302038705,-0.05302038705,0.3802365471,0.8251409911,0.8251409911,0.8251409911,6.475495401e-70,0.6174244525,0.6174244525,0.6174244525,4.423439276e-30,0.6373220209,0.6373220209,0.6373220209,3.553011823e-32,0.6599040101,0.5543301806,0.7232119079,7.212875498e-138,3.211240254e-10,0.4826079252,1.49536512e-13,4.273826965e-68,0.0005588446275,7.682815585e-30,1.435564046e-11,1.37940459e-31,1.88555319e-31,2.644721016e-137,clear
within_辣椒类,102900005123880,102900011016701,-0.08456679211,0.06858846918,0.05667798193,0.05667798193,0.05667798193,0.3482000967,0.06650220302,0.06650220302,0.06650220302,0.2708867855,0.02969568418,0.02969568418,0.02969568418,0.6251888899,0.1058350952,0.1058350952,0.1058350952,0.08258893324,0.05789620342,-0.01545788828,0.126823731,0.05546072278,0.0856129164,0.0856129164,0.0856129164,0.1560567863,-0.5542761834,-0.5542761834,-0.5542761834,1.249814878e-23,-0.6257428646,-0.6257428646,-0.6257428646,4.449328156e-31,-0.4694358782,-0.4694358782,-0.4694358782,3.337613691e-16,-0.5050287074,-0.5675920588,-0.4050028556,6.226792389e-72,0.5623347268,0.2340851795,0.4966257734,2.426111234e-23,0.7785371082,8.390161666e-31,0.1090173919,6.675227382e-16,0.07957408051,1.28427593e-71,retained
within_辣椒类,102900005123880,102900051004294,0.3193100559,0.2768211921,0.03683424369,0.03683424369,0.03683424369,0.542281866,0.03985633926,0.03985633926,0.03985633926,0.5096388141,-0.04920355243,-0.04920355243,-0.04920355243,0.4180916877,0.1849370039,0.1849370039,0.1849370039,0.002280139163,0.05272590185,-0.01425215254,0.1279089687,0.08116574776,-0.09657588001,-0.09657588001,-0.09657588001,0.1093987261,0.5839495061,0.5839495061,0.5839495061,1.261460506e-26,0.5553588454,0.5553588454,0.5553588454,1.719250492e-23,0.4373365993,0.4373365993,0.4373365993,4.855728426e-14,0.4897057903,0.3842699759,0.5656501338,4.118637294e-67,0.7245662656,0.1719122839,0.7007533693,2.775213114e-26,0.598947709,2.638849593e-23,0.004180255132,9.156516461e-14,0.1112914891,8.237274589e-67,retained
within_辣椒类,102900005125808,102900011000328,0.08803313546,0.6682080925,0.03840552232,0.03840552232,0.03840552232,0.5251811283,0.05160703896,0.05160703896,0.05160703896,0.3930835566,0.1586204029,0.1586204029,0.1586204029,0.008653299214,0.3016786793,0.3016786793,0.3016786793,4.365522522e-07,0.156582491,0.08928809038,0.2371771015,1.912227738e-07,0.05729030837,0.05729030837,0.05729030837,0.3430085418,0.2239334128,0.2239334128,0.2239334128,0.0001760431992,0.8527560103,0.8527560103,0.8527560103,2.051620735e-78,0.4993866942,0.4993866942,0.4993866942,1.950139925e-18,0.3633453046,0.2234700535,0.4823818598,1.641550791e-35,0.7245662656,0.443893407,0.5941995838,0.0002371194112,0.03005882885,1.230972441e-77,2.216342203e-06,4.151910808e-18,7.011501706e-07,2.642496396e-35,weak
within_辣椒类,102900005125808,102900011001219,0.4913775939,0.3957654723,-0.2171131559,-0.2171131559,-0.2171131559,0.0002790313381,-0.01109625601,-0.01109625601,-0.01109625601,0.854394845,-0.004594993745,-0.004594993745,-0.004594993745,0.9397581865,0.1928809888,0.1928809888,0.1928809888,0.001449490427,0.07170478361,-0.007581161655,0.1694478792,0.01763888267,-0.07022528127,-0.07022528127,-0.07022528127,0.2449060935,0.6237832087,0.6237832087,0.6237832087,3.652335051e-31,0.6967474359,0.6967474359,0.6967474359,5.469495442e-41,0.5142448733,0.5142448733,0.5142448733,1.253551297e-19,0.5507121921,0.447481529,0.6239285155,7.425288699e-88,0.002630866903,0.3513870037,0.9244272094,9.271312052e-31,0.9832838684,1.289238211e-40,0.003026266933,3.064236505e-19,0.02910415641,2.106869637e-87,retained
within_辣椒类,102900005125808,102900011016701,0.2883761718,0.3385899814,0.1045694255,0.1045694255,0.1045694255,0.08289846619,0.06407826349,0.06407826349,0.06407826349,0.2887775184,0.1148164363,0.1148164363,0.1148164363,0.05813950957,0.1926710748,0.1926710748,0.1926710748,0.001467280937,0.1177292918,0.04339261317,0.2039559321,9.426754428e-05,-0.3107102125,-0.3107102125,-0.3107102125,1.368128332e-07,-0.6753897644,-0.6753897644,-0.6753897644,4.090279251e-38,-0.8911027697,-0.8911027697,-0.8911027697,5.564121571e-95,-0.7361911213,-0.7361911213,-0.7361911213,2.387689414e-47,-0.7133864869,-0.7690371466,-0.6134556529,5.538495762e-171,0.2073552928,4.752445784e-07,0.5151166544,1.79972287e-37,0.1323175045,9.180800593e-94,0.003026266933,2.251250019e-46,0.0002392945355,3.046172669e-170,retained
within_辣椒类,102900005125808,102900051004294,0.6674425541,0.7595772787,0.1084651483,0.1084651483,0.1084651483,0.07200419284,0.3303278558,0.3303278558,0.3303278558,1.893089118e-08,0.3209355622,0.3209355622,0.3209355622,5.876762228e-08,0.3734948623,0.3734948623,0.3734948623,2.304056576e-10,0.2898446926,0.1982764798,0.3686180066,1.228690955e-22,0.4990542922,0.4990542922,0.4990542922,8.673560501e-19,0.7657570955,0.7657570955,0.7657570955,1.867750867e-54,0.885577174,0.885577174,0.885577174,3.080086148e-92,0.7519985341,0.7519985341,0.7519985341,1.997162631e-50,0.7721141909,0.6993331394,0.8177651435,1.939952725e-217,0.1980115303,4.770458275e-18,2.498877636e-07,1.761022246e-53,9.696657676e-07,4.065713716e-91,1.900846675e-09,3.295318341e-49,1.351560051e-21,2.560737597e-216,weak
within_辣椒类,102900011000328,102900011001219,-0.5077122163,0.2899543379,0.06556933283,0.06556933283,0.06556933283,0.2776806352,-0.03006559343,-0.03006559343,-0.03006559343,0.6189544525,0.1178662475,0.1178662475,0.1178662475,0.05173645628,0.1709867195,0.1709867195,0.1709867195,0.004842317148,0.08746956281,0.009315976836,0.1601050318,0.003771294673,-0.2693331466,-0.2693331466,-0.2693331466,5.670095185e-06,0.378931209,0.378931209,0.378931209,7.458574173e-11,0.6820146355,0.6820146355,0.6820146355,1.060597961e-38,0.3161059782,0.3161059782,0.3161059782,1.11599084e-07,0.2492042553,0.1402532453,0.3518435867,5.794645596e-17,0.4953222141,1.627070792e-05,0.742745343,1.295436567e-10,0.1219502184,2.333315514e-38,0.008194690558,1.673986261e-07,0.006727174281,8.894107194e-17,retained
within_辣椒类,102900011000328,102900011016701,-0.00395298689,0.5874190564,0.0805031768,0.0805031768,0.0805031768,0.182362953,0.1335663967,0.1335663967,0.1335663967,0.02649679364,0.1684821424,0.1684821424,0.1684821424,0.005254746417,0.1851885669,0.1851885669,0.1851885669,0.002248270433,0.1324469412,0.05816365344,0.2148320989,1.096803563e-05,-0.8675524895,-0.8675524895,-0.8675524895,4.248480411e-85,-0.7822339664,-0.7822339664,-0.7822339664,2.986447311e-58,-0.9066643971,-0.9066643971,-0.9066643971,1.399073545e-103,-0.6916899698,-0.6916899698,-0.6916899698,9.228882934e-40,-0.7494082982,-0.8137319723,-0.6896771554,6.064958312e-198,0.3936928441,1.401998536e-83,0.1028699047,3.285092042e-57,0.01926740353,9.233885398e-102,0.004180255132,4.685432874e-39,3.016209799e-05,4.447636096e-197,retained
within_辣椒类,102900011000328,102900051004294,-0.1706502847,0.8554913295,0.007427020305,0.007427020305,0.007427020305,0.9022427974,-0.01698835756,-0.01698835756,-0.01698835756,0.7787325077,0.3226929092,0.3226929092,0.3226929092,4.927906626e-08,0.409428619,0.409428619,0.409428619,2.454212869e-12,0.1782034191,0.09288708268,0.2632025096,2.889707729e-09,0.2372086987,0.2372086987,0.2372086987,6.895256655e-05,0.3603706128,0.3603706128,0.3603706128,6.905265163e-10,0.8802348006,0.8802348006,0.8802348006,1.022197574e-89,0.6114881921,0.6114881921,0.6114881921,4.436365851e-29,0.4675745286,0.329220227,0.5958544109,1.441157462e-60,0.9161234558,0.000189619558,0.886143888,1.168583335e-09,9.696657676e-07,1.124417331e-88,2.699634156e-11,1.541053401e-28,1.467082386e-08,2.57071331e-60,weak
within_辣椒类,102900011001219,102900011016701,0.1651702436,0.08445297505,-0.0362315352,-0.0362315352,-0.0362315352,0.5489138376,0.05127566925,0.05127566925,0.05127566925,0.3961330559,0.02097197194,0.02097197194,0.02097197194,0.7301230623,0.1468258251,0.1468258251,0.1468258251,0.01575678416,0.04014003608,-0.03781326278,0.1099951493,0.1844150455,0.2349328034,0.2349328034,0.2349328034,8.1286289e-05,-0.628134822,-0.628134822,-0.628134822,1.063233493e-31,-0.7412644463,-0.7412644463,-0.7412644463,7.815577556e-49,-0.5112193804,-0.5112193804,-0.5112193804,2.216084497e-19,-0.5240175173,-0.6082954458,-0.4001133235,2.948634315e-78,0.7245662656,0.000214595803,0.5941995838,2.923892105e-31,0.8761476747,2.242730951e-48,0.02363517624,5.223627744e-19,0.2253961667,7.207772771e-78,retained
within_辣椒类,102900011001219,102900051004294,0.3315601304,0.318240621,0.02009698224,0.02009698224,0.02009698224,0.7395914371,-0.005089507028,-0.005089507028,-0.005089507028,0.9329212342,0.2349569526,0.2349569526,0.2349569526,8.879954089e-05,0.1411506559,0.1411506559,0.1411506559,0.02032954825,0.1155193026,0.046303283,0.1780511288,0.0001275765266,-0.2274371922,-0.2274371922,-0.2274371922,0.0001381871162,0.6331931561,0.6331931561,0.6331931561,2.471066237e-32,0.7197953962,0.7197953962,0.7197953962,7.351584395e-45,0.5002251535,0.5002251535,0.5002251535,1.676256223e-18,0.5171192303,0.3965142955,0.6034752581,6.510951292e-76,0.8416040491,0.0003507826797,0.9620750228,7.413198711e-32,0.0005327972453,1.94081828e-44,0.02916848228,3.687763691e-18,0.0003118537318,1.386202533e-75,retained
within_辣椒类,102900011016701,102900051004294,0.5619936695,0.4847363552,0.242759208,0.242759208,0.242759208,4.584669673e-05,0.1208956594,0.1208956594,0.1208956594,0.04477944578,0.1715087177,0.1715087177,0.1715087177,0.004484925603,0.3127706498,0.3127706498,0.3127706498,1.539671441e-07,0.2107941997,0.1449970544,0.2855254676,1.832074219e-12,-0.5361591298,-0.5361591298,-0.5361591298,6.079569553e-22,-0.7640919096,-0.7640919096,-0.7640919096,4.340925421e-54,-0.9002353465,-0.9002353465,-0.9002353465,7.414325355e-100,-0.778820547,-0.778820547,-0.778820547,3.224778025e-56,-0.7742267757,-0.8343717181,-0.6998100306,2.284929051e-219,0.000504313664,4.458351005e-21,0.1471525142,3.581263472e-53,0.01741206411,1.631151578e-98,9.238028644e-07,1.064176748e-54,1.209168984e-11,3.770132935e-218,weak
within_食用菌,102900005115250,102900005116530,-0.5513648522,0.05571293673,-0.4856926157,-0.4856926157,-0.4856926157,9.619153584e-18,-0.2967444673,-0.2967444673,-0.2967444673,5.138544991e-07,-0.1475088323,-0.1475088323,-0.1475088323,0.01471078487,-0.2456333429,-0.2456333429,-0.2456333429,4.501147093e-05,-0.3046316061,-0.4095527009,-0.1834885463,6.019560011e-25,-0.8014035799,-0.8014035799,-0.8014035799,4.156606965e-63,-0.584907635,-0.584907635,-0.584907635,9.976500305e-27,-0.3910100474,-0.3910100474,-0.3910100474,2.091129619e-11,-0.5249313748,-0.5249313748,-0.5249313748,1.600017336e-20,-0.6836359719,-0.7465475146,-0.5995762502,1.106986558e-151,7.502939796e-16,1.621076716e-61,4.008065093e-05,1.111667177e-25,0.03824804067,4.530780841e-11,0.0008777236832,4.622272304e-20,4.695256809e-23,1.233499308e-150,clear
within_食用菌,102900005115250,102900005116547,-0.2556981012,0.0860058309,0.0152334996,0.0152334996,0.0152334996,0.8010843944,0.0385783891,0.0385783891,0.0385783891,0.5233166619,0.1400385261,0.1400385261,0.1400385261,0.02063393649,0.1293127363,0.1293127363,0.1293127363,0.03367915988,0.1201589037,0.05169639448,0.179982553,6.717924933e-05,-0.7093837435,-0.7093837435,-0.7093837435,1.599909295e-43,-0.4741464964,-0.4741464964,-0.4741464964,7.079962297e-17,-0.04139480674,-0.04139480674,-0.04139480674,0.4958030381,0.5714923038,0.5714923038,0.5714923038,8.231895573e-25,-0.3146050989,-0.4244748743,-0.2066580063,1.394920913e-26,0.9298140615,2.4958585e-42,0.7849749929,3.681580395e-16,0.05191764666,0.5604729996,0.07960528699,2.568351419e-24,0.0002911100804,3.509801008e-26,retained
within_食用菌,102900005115250,102900005116837,0.07414669995,0.1150592217,-0.05818765325,-0.05818765325,-0.05818765325,0.3354898548,-0.06133216142,-0.06133216142,-0.06133216142,0.3099827944,0.2133852907,0.2133852907,0.2133852907,0.0003844920213,0.1343939192,0.1343939192,0.1343939192,0.02723740315,0.08113924775,-0.01141785766,0.174883067,0.007224278775,-0.6286847233,-0.6286847233,-0.6286847233,9.084443329e-32,-0.09974582423,-0.09974582423,-0.09974582423,0.09818686887,0.0471455429,0.0471455429,0.0471455429,0.4378496814,0.1025139592,0.1025139592,0.1025139592,0.09274489912,-0.1730936535,-0.2787610753,-0.0483178885,8.174011097e-09,0.6212549429,5.061332712e-31,0.6362804727,0.1531715154,0.001999358511,0.50973545,0.06853282082,0.1063838549,0.02087013868,1.44902924e-08,retained
within_食用菌,102900005115250,102900005116912,-0.4593532658,0.05769230769,0.07970576381,0.07970576381,0.07970576381,0.1867471061,0.009077195721,0.009077195721,0.009077195721,0.8806696353,0.04173238728,0.04173238728,0.04173238728,0.4922922532,0.1103953652,0.1103953652,0.1103953652,0.0701246847,0.03010751138,-0.02266040895,0.08466323904,0.3195568786,-0.2383551785,-0.2383551785,-0.2383551785,6.34283732e-05,-0.4819906791,-0.4819906791,-0.4819906791,1.839304079e-17,-0.1137126176,-0.1137126176,-0.1137126176,0.0606126978,0.3919208849,0.3919208849,0.3919208849,2.40334753e-11,-0.2643243538,-0.3386170326,-0.1642233822,5.821611449e-19,0.4481324098,9.894826219e-05,0.9467705078,1.103582447e-16,0.6856927813,0.08151362808,0.1402493694,5.207252981e-11,0.4154239422,1.297387694e-18,retained
within_食用菌,102900005115250,102900005119944,-0.4100609239,0.05593220339,0.07339890525,0.07339890525,0.07339890525,0.224175371,0,0,0,1,0.02091508521,0.02091508521,0.02091508521,0.730826795,0.08891998074,0.08891998074,0.08891998074,0.1450574344,0.04160889113,-0.0159152365,0.1029172866,0.1688544194,-0.3902556988,-0.3902556988,-0.3902556988,1.787205413e-11,-0.4872389618,-0.4872389618,-0.4872389618,7.320334367e-18,-0.1289772188,-0.1289772188,-0.1289772188,0.03315673426,0.4206234836,0.4206234836,0.4206234836,5.312882776e-13,-0.2891964659,-0.3771699291,-0.1941562829,1.540393673e-22,0.5142846747,4.224303704e-11,1,4.758217338e-17,0.8143498573,0.0453723732,0.25714727,1.184013876e-12,0.2743078676,3.640930499e-22,retained
within_食用菌,102900005115250,102900005125815,-0.3047543191,0.08550724638,0.009537076282,0.009537076282,0.009537076282,0.8746724618,0.006807891474,0.006807891474,0.006807891474,0.9103562575,0.02716056331,0.02716056331,0.02716056331,0.6550270799,-0.02335407241,-0.02335407241,-0.02335407241,0.7024478061,0.02234532475,-0.05652036842,0.09586462495,0.4601061848,-0.7075544215,-0.7075544215,-0.7075544215,3.272201307e-43,-0.4951404067,-0.4951404067,-0.4951404067,1.774302563e-18,-0.05547213261,-0.05547213261,-0.05547213261,0.3612174198,0.5990286072,0.5990286072,0.5990286072,1.099312152e-27,-0.3243411816,-0.4316680419,-0.2212698414,3.070475671e-28,0.9451305018,4.253861699e-42,0.9467705078,1.258141817e-17,0.7614109501,0.4472215674,0.8429373673,4.083159421e-27,0.5607544127,8.870263051e-28,retained
within_食用菌,102900005115250,102900011001806,-0.4313754451,0.0736497545,0.02638210344,0.02638210344,0.02638210344,0.6625616137,0.03034437327,0.03034437327,0.03034437327,0.6157053082,0.01270189879,0.01270189879,0.01270189879,0.8345143862,-0.1834688513,-0.1834688513,-0.1834688513,0.002474479363,-0.008021204026,-0.08071398284,0.06024047116,0.7909100589,-0.5127270334,-0.5127270334,-0.5127270334,6.614265869e-20,-0.3922433082,-0.3922433082,-0.3922433082,1.382928762e-11,0.008556528357,0.008556528357,0.008556528357,0.8880825112,0.3094029865,0.3094029865,0.3094029865,2.122363813e-07,-0.2674900355,-0.354610528,-0.1788279956,2.138045821e-19,0.871567433,1.779009441e-19,0.8280174834,5.992691301e-11,0.8564752911,0.8880825112,0.01135349355,3.678763943e-07,0.8332895614,4.904928648e-19,retained
within_食用菌,102900005115250,102900011001813,-0.3230233322,0.02941176471,-0.01410417268,-0.01410417268,-0.01410417268,0.8155561892,-0.1024135527,-0.1024135527,-0.1024135527,0.08947610065,0.001753698378,0.001753698378,0.001753698378,0.9769898691,0.07779161935,0.07779161935,0.07779161935,0.2025755085,-0.04069133298,-0.1124304749,0.04572668933,0.1784549502,-0.2018662414,-0.2018662414,-0.2018662414,0.0007429284674,-0.1330403045,-0.1330403045,-0.1330403045,0.02710282319,0.05824397604,0.05824397604,0.05824397604,0.3376862611,-0.04026281691,-0.04026281691,-0.04026281691,0.5100349042,-0.1521922419,-0.2202285264,-0.06309811843,4.194516019e-07,0.9298140615,0.001016638955,0.3186912679,0.04916326066,0.9769898691,0.4248311027,0.3291852014,0.5449688018,0.2743078676,6.961111691e-07,retained
within_食用菌,102900005115250,102900011007044,0.274600897,0.08955223881,-0.0698889448,-0.0698889448,-0.0698889448,0.247179061,0.2597446832,0.2597446832,0.2597446832,1.237527196e-05,0.2076287404,0.2076287404,0.2076287404,0.0005553167733,0.007948616344,0.007948616344,0.007948616344,0.8965623253,0.05483066026,-0.01462338654,0.1356602511,0.06972674367,-0.08276526489,-0.08276526489,-0.08276526489,0.170339746,-0.06651480711,-0.06651480711,-0.06651480711,0.2707957757,0.03832734565,0.03832734565,0.03832734565,0.5283035969,-0.1617694958,-0.1617694958,-0.1617694958,0.007736077798,-0.03860343791,-0.1208962072,0.04998140821,0.2018018559,0.5355546321,0.1871338054,0.0002413178033,0.3520345084,0.00270716927,0.5886811508,0.9565012363,0.01005690114,0.1326508782,0.2098739301,retained
within_食用菌,102900005115250,102900011009246,0.5971620367,0.1068548387,0.0006758320065,0.0006758320065,0.0006758320065,0.9910823822,-0.02846335165,-0.02846335165,-0.02846335165,0.6377706883,0.06239719416,0.06239719416,0.06239719416,0.3043067057,0.1486693846,0.1486693846,0.1486693846,0.01447891473,0.03053451723,-0.02804123311,0.1021860664,0.3127385154,-0.518577437,-0.518577437,-0.518577437,2.12158527e-20,-0.2036719596,-0.2036719596,-0.2036719596,0.0006639562248,0.05824598025,0.05824598025,0.05824598025,0.3376696091,0.5733073799,0.5733073799,0.5733073799,5.423772586e-25,-0.1230454435,-0.2260531012,-0.009134237917,4.454569369e-05,0.9910823822,6.36475581e-20,0.8291018948,0.001569351077,0.4844065927,0.4248311027,0.04182797588,1.76272609e-24,0.4134509187,6.555781335e-05,retained
within_食用菌,102900005115250,102900011012994,-0.1540757116,0.09090909091,-0.06864908591,-0.06864908591,-0.06864908591,0.2556847723,-0.02264381805,-0.02264381805,-0.02264381805,0.7080114695,0.03099729757,0.03099729757,0.03099729757,0.6100991296,-0.002274692126,-0.002274692126,-0.002274692126,0.9703226346,0.01556379184,-0.04141042544,0.08206899429,0.6069297153,-0.6272507776,-0.6272507776,-0.6272507776,1.36833744e-31,-0.2633838161,-0.2633838161,-0.2633838161,9.235216539e-06,0.01479336652,0.01479336652,0.01479336652,0.8077588203,0.3689467785,0.3689467785,0.3689467785,3.939795567e-10,-0.2132127579,-0.3208141505,-0.1067513339,1.007691303e-12,0.5390111416,7.115354686e-31,0.8496137634,3.131943e-05,0.7614109501,0.8182491946,0.9787614203,8.30551498e-10,0.6860944608,1.964998041e-12,retained
within_食用菌,102900005115250,102900011013274,0.381948411,0.2789203085,0.103895108,0.103895108,0.103895108,0.08491257667,0.02478255057,0.02478255057,0.02478255057,0.6818697285,0.1617970829,0.1617970829,0.1617970829,0.00739014008,0.1084204581,0.1084204581,0.1084204581,0.07532001207,0.1163208289,0.04143917637,0.2028408997,0.0001143870709,-0.1743616958,-0.1743616958,-0.1743616958,0.003662460963,-0.008102372869,-0.008102372869,-0.008102372869,0.8934041395,0.1642872054,0.1642872054,0.1642872054,0.006517849829,0.1953032291,0.1953032291,0.1953032291,0.001258027847,0.1594787943,0.03216683447,0.2574032395,1.125249187e-07,0.2761633904,0.004534475479,0.8456198658,0.9291403051,0.02115515363,0.009414671975,0.1468740235,0.00178411222,0.0004461095765,1.950431924e-07,retained
within_食用菌,102900005116530,102900005116547,0.1853337035,0.5,0.1846666753,0.1846666753,0.1846666753,0.002066348492,0.1439659418,0.1439659418,0.1439659418,0.01669448724,0.1722365835,0.1722365835,0.1722365835,0.004315657815,0.2175793027,0.2175793027,0.2175793027,0.0003159587161,0.1565173725,0.09758490164,0.2139490187,1.934948416e-07,0.6163685836,0.6163685836,0.6163685836,2.861355734e-30,-0.08065622478,-0.08065622478,-0.08065622478,0.1815302536,-0.4961078235,-0.4961078235,-0.4961078235,2.28535493e-18,-0.6261986817,-0.6261986817,-0.6261986817,8.3067373e-31,-0.1381025234,-0.2768081498,0.0236418231,4.503165824e-06,0.0134312652,1.39491092e-29,0.1001669234,0.2671577318,0.01463570911,6.602136465e-18,0.00361467219,3.599586163e-30,2.156085377e-06,7.168304781e-06,weak
within_食用菌,102900005116530,102900005116837,0.7315391968,0.3787878788,0.2109284184,0.2109284184,0.2109284184,0.0004185888768,0.04889191227,0.04889191227,0.04889191227,0.418485782,0.03240230827,0.03240230827,0.03240230827,0.5939937993,0.2373215215,0.2373215215,0.2373215215,8.219704362e-05,0.1227323412,0.05212936575,0.1950711737,4.659626433e-05,0.526326813,0.526326813,0.526326813,4.546805287e-21,0.08122952427,0.08122952427,0.08122952427,0.1784360004,-0.4158311961,-0.4158311961,-0.4158311961,7.706139549e-13,-0.2634043118,-0.2634043118,-0.2634043118,1.155650935e-05,0.004315996278,-0.1134736303,0.1265959918,0.8865608856,0.005441655398,1.41860325e-20,0.6945083191,0.2671577318,0.7614109501,1.821451166e-12,0.001282273881,1.87793277e-05,0.0002137946246,0.8865608856,retained
within_食用菌,102900005116530,102900005116912,0.04315839744,0.348864994,-0.02116216478,-0.02116216478,-0.02116216478,0.7263267688,0.1022830611,0.1022830611,0.1022830611,0.08988728068,0.02740787183,0.02740787183,0.02740787183,0.652091035,0.001627699181,0.001627699181,0.001627699181,0.9787614203,0.04484036268,-0.02032657844,0.09663377488,0.1381132295,0.2400925172,0.2400925172,0.2400925172,5.584520234e-05,0.002567875706,0.002567875706,0.002567875706,0.9661262498,-0.2999539315,-0.2999539315,-0.2999539315,4.41641317e-07,-0.5106925227,-0.5106925227,-0.5106925227,2.445822827e-19,-0.08519303182,-0.1954478408,0.05260808452,0.004787207167,0.9287457043,8.889644455e-05,0.3186912679,0.9737401548,0.7614109501,8.201910172e-07,0.9787614203,6.154005822e-19,0.2505309744,0.006121346869,retained
within_食用菌,102900005116530,102900005119944,-0.1452163413,0.3654761905,-0.03645851704,-0.03645851704,-0.03645851704,0.5464115502,0.1116050661,0.1116050661,0.1116050661,0.06409822679,0.06480483823,0.06480483823,0.06480483823,0.2859896636,-0.02067475229,-0.02067475229,-0.02067475229,0.7352269014,0.04097194401,-0.007421461466,0.08789089473,0.1754767808,0.3425753895,0.3425753895,0.3425753895,5.120158318e-09,0.002941755449,0.002941755449,0.002941755449,0.9611978934,-0.2867523515,-0.2867523515,-0.2867523515,1.45192875e-06,-0.5182892794,-0.5182892794,-0.5182892794,5.800861654e-20,-0.08018276817,-0.1903613298,0.06166846178,0.007941302999,0.7749109258,1.079384726e-08,0.2499830845,0.9737401548,0.4690609388,2.516676501e-06,0.8433485046,1.50822403e-19,0.2743078676,0.009990671515,retained
within_食用菌,102900005116530,102900005125815,-0.134326312,0.5011792453,-0.01871276834,-0.01871276834,-0.01871276834,0.7569442192,0.1878029781,0.1878029781,0.1878029781,0.001725656445,0.09612193984,0.09612193984,0.09612193984,0.113062029,-0.01743567715,-0.01743567715,-0.01743567715,0.7754986722,0.06685100587,0.004795067597,0.1275023591,0.02695972067,0.6340784382,0.6340784382,0.6340784382,1.908794511e-32,-0.07785972517,-0.07785972517,-0.07785972517,0.1971927446,-0.4677160617,-0.4677160617,-0.4677160617,3.033804129e-16,-0.6401713924,-0.6401713924,-0.6401713924,1.55190147e-32,-0.1287892071,-0.2706050066,0.03810717344,1.914104105e-05,0.9298140615,1.240716432e-31,0.01922874325,0.279655165,0.2247847202,8.451311503e-16,0.8570892634,8.069887645e-32,0.0598886697,2.927453337e-05,retained
within_食用菌,102900005116530,102900011001806,0.5357878687,0.4114832536,-0.04032847839,-0.04032847839,-0.04032847839,0.5046330261,0.004933890475,0.004933890475,0.004933890475,0.9349676375,0.1726533906,0.1726533906,0.1726533906,0.004221342375,0.1427717449,0.1427717449,0.1427717449,0.01891858083,0.07688519712,0.02255135714,0.1395927725,0.01092609747,0.4456102394,0.4456102394,0.4456102394,7.199077406e-15,-0.02431515974,-0.02431515974,-0.02431515974,0.6875516197,-0.4594200819,-0.4594200819,-0.4594200819,1.164229753e-15,-0.4819501423,-0.4819501423,-0.4819501423,4.138011697e-17,-0.097918757,-0.2236041667,0.02771307608,0.001177368694,0.7426674723,1.754775118e-14,0.959572049,0.7553383991,0.01463570911,3.131376577e-15,0.05088445879,9.493085658e-17,0.0304369858,0.001583357899,retained
within_食用菌,102900005116530,102900011001813,0.5495151895,0.149817296,-0.1035334459,-0.1035334459,-0.1035334459,0.08600892909,0.04919569034,0.04919569034,0.04919569034,0.415596847,0.06786136158,0.06786136158,0.06786136158,0.2638244088,0.02810471113,0.02810471113,0.02810471113,0.6456915153,0.0444256868,-0.0131622483,0.1014971898,0.1417983146,0.1598733363,0.1598733363,0.1598733363,0.007788606395,-0.1003523448,-0.1003523448,-0.1003523448,0.09614950576,-0.50074688,-0.50074688,-0.50074688,9.838562858e-19,-0.2234852392,-0.2234852392,-0.2234852392,0.000213794711,-0.1283206935,-0.2095181638,-0.05010158542,2.053423483e-05,0.2761633904,0.009492364044,0.6945083191,0.1530543153,0.4473544323,2.951568857e-18,0.8393989699,0.0003146412728,0.2510687543,3.080135224e-05,retained
within_食用菌,102900005116530,102900011007044,0.3173965542,0.1304347826,0.04691560438,0.04691560438,0.04691560438,0.4375655121,-0.06835402328,-0.06835402328,-0.06835402328,0.2577384167,0.08021944603,0.08021944603,0.08021944603,0.1863374584,0.1206247147,0.1206247147,0.1206247147,0.04769158277,0.06676726208,-0.02139087114,0.1516607817,0.02715216679,-0.02344116391,-0.02344116391,-0.02344116391,0.69822346,0.0291286122,0.0291286122,0.0291286122,0.6299289484,-0.02752947156,-0.02752947156,-0.02752947156,0.6506493643,-0.01202899884,-0.01202899884,-0.01202899884,0.8440257578,0.06771315478,-0.02600212519,0.15664351,0.02504588561,0.7261725521,0.7072912971,0.59128225,0.7120935938,0.34605528,0.6858196002,0.1046156868,0.8777867881,0.0598886697,0.03005506273,retained
within_食用菌,102900005116530,102900011009246,0.05334855938,0.2728351127,-0.03812722991,-0.03812722991,-0.03812722991,0.5281897558,0.03432949098,0.03432949098,0.03432949098,0.5701005802,0.09422442518,0.09422442518,0.09422442518,0.1203856568,-0.02408507986,-0.02408507986,-0.02408507986,0.6935963379,0.03248509905,-0.02316653019,0.08100893863,0.2828168133,0.4753287916,0.4753287916,0.4753287916,5.791073221e-17,0.03135407398,0.03135407398,0.03135407398,0.6040003059,-0.4451049883,-0.4451049883,-0.4451049883,1.089706437e-14,-0.6231949356,-0.6231949356,-0.6231949356,1.903965481e-30,-0.1325082754,-0.2453129134,-0.009654067546,1.08647279e-05,0.7629407584,1.505679038e-16,0.8200254379,0.6928238803,0.2290263715,2.741842003e-14,0.8429373673,7.816279342e-30,0.3870124814,1.694897552e-05,retained
within_食用菌,102900005116530,102900011012994,0.5796487011,0.3569739953,0.04471452962,0.04471452962,0.04471452962,0.459389626,0.007395503616,0.007395503616,0.007395503616,0.9026555743,0.04567929032,0.04567929032,0.04567929032,0.4522464616,0.1499220049,0.1499220049,0.1499220049,0.01366337494,0.05687362469,-0.007358276735,0.1262050716,0.05992211537,0.5330968488,0.5330968488,0.5330968488,1.14575366e-21,0.001990449066,0.001990449066,0.001990449066,0.9737401548,-0.4587350704,-0.4587350704,-0.4587350704,1.298854047e-15,-0.5195932498,-0.5195932498,-0.5195932498,4.514845207e-20,-0.09869759329,-0.2139302002,0.02624279739,0.001074570743,0.7286690345,3.723699395e-21,0.9467705078,0.9737401548,0.6413677091,3.377020522e-15,0.04099012483,1.214337676e-19,0.116848125,0.001470465227,retained
within_食用菌,102900005116530,102900011013274,0.3939034405,0.5281690141,0.1201411698,0.1201411698,0.1201411698,0.04614058532,0.02505721554,0.02505721554,0.02505721554,0.6785390566,0.1817378108,0.1817378108,0.1817378108,0.002576888644,0.1791208352,0.1791208352,0.1791208352,0.003141683948,0.1288225088,0.04237408731,0.1952054487,1.904551442e-05,-0.2080875667,-0.2080875667,-0.2080875667,0.0005023779963,0.06016927118,0.06016927118,0.06016927118,0.3192632621,-0.4265444698,-0.4265444698,-0.4265444698,1.700529558e-13,-0.2481468764,-0.2481468764,-0.2481468764,3.736047345e-05,-0.224183868,-0.3219170068,-0.09799257059,6.11100185e-14,0.1799482827,0.0006997407805,0.8456198658,0.4082382696,0.01057880601,4.145040799e-13,0.0122525674,5.828233857e-05,9.903667497e-05,1.22220037e-13,retained
within_食用菌,102900005116547,102900005116837,-0.1645143444,0.4542190305,0.132598932,0.132598932,0.132598932,0.02762040153,-0.05651430045,-0.05651430045,-0.05651430045,0.3495962256,0.1111004531,0.1111004531,0.1111004531,0.06681205665,0.2167100672,0.2167100672,0.2167100672,0.0003343638708,0.1380171741,0.06286561997,0.2184384849,4.565278625e-06,0.6769741505,0.6769741505,0.6769741505,2.376157902e-38,0.03588914263,0.03588914263,0.03588914263,0.5526990411,0.3918697474,0.3918697474,0.3918697474,1.873680149e-11,0.2308532005,0.2308532005,0.2308532005,0.000129433709,0.2441398001,0.1215619198,0.3909414187,2.530005227e-16,0.1196884066,2.647718805e-37,0.6439038167,0.6434406747,0.1408470383,4.175630047e-11,0.00361467219,0.0001941505635,2.967431106e-05,5.193168624e-16,retained
within_食用菌,102900005116547,102900005116912,0.6652741866,0.6506550218,0.009899373145,0.009899373145,0.009899373145,0.869952869,0.0659261882,0.0659261882,0.0659261882,0.2750682464,0.255843329,0.255843329,0.255843329,1.875134744e-05,0.1796440593,0.1796440593,0.1796440593,0.003053559368,0.1341648088,0.04511475674,0.2161466057,8.400972126e-06,0.3444629444,0.3444629444,0.3444629444,4.164326424e-09,0.7306908738,0.7306908738,0.7306908738,2.500578475e-47,0.6990499024,0.6990499024,0.6990499024,2.332555376e-41,0.7256254213,0.7256254213,0.7256254213,2.061741025e-45,0.6948489141,0.611285069,0.7716940572,1.116106973e-158,0.9451305018,9.022707252e-09,0.6130092349,3.900902421e-46,0.0002089435858,2.274241492e-40,0.0122525674,1.461961817e-44,5.040583275e-05,1.450939065e-157,retained
within_食用菌,102900005116547,102900005119944,0.4771804839,0.6862745098,0.008780284423,0.008780284423,0.008780284423,0.8845452132,0.04276660879,0.04276660879,0.04276660879,0.4791989463,0.2140617145,0.2140617145,0.2140617145,0.0003680006999,0.1988226119,0.1988226119,0.1988226119,0.001020962725,0.1152677367,0.01799113534,0.2048360663,0.0001320028821,0.5153024141,0.5153024141,0.5153024141,4.020413693e-20,0.72981909,0.72981909,0.72981909,3.638025041e-47,0.6963804888,0.6963804888,0.6963804888,6.260495172e-41,0.7319878048,0.7319878048,0.7319878048,1.443107813e-46,0.7259684204,0.6422423895,0.8041524368,6.572692036e-180,0.9451305018,1.119972386e-19,0.7328925062,4.729432554e-46,0.001999358511,5.425762482e-40,0.006636257711,1.250693438e-45,0.0004902964191,1.025339958e-178,retained
within_食用菌,102900005116547,102900005125815,0.7524809465,0.9313304721,0.08786768326,0.08786768326,0.08786768326,0.1454036835,0.2090843977,0.2090843977,0.2090843977,0.000471349986,0.4803458822,0.4803458822,0.4803458822,3.646361651e-17,0.09210834147,0.09210834147,0.09210834147,0.1311241856,0.2113907404,0.1249930593,0.2960477607,1.581973772e-12,0.8619586859,0.8619586859,0.8619586859,8.199352656e-83,0.8400013878,0.8400013878,0.8400013878,1.004020573e-74,0.9137377987,0.9137377987,0.9137377987,5.280461179e-108,0.8624307478,0.8624307478,0.8624307478,3.190018699e-81,0.8889446115,0.8395897804,0.9262506869,0,0.3910857694,6.395495072e-81,0.006127549818,7.831360471e-73,2.844162088e-15,2.05937986e-106,0.2378531738,8.294048618e-80,3.084848856e-11,0,weak
within_食用菌,102900005116547,102900011001806,0.525065654,0.68125,-0.06740836179,-0.06740836179,-0.06740836179,0.2643967921,0.1850151267,0.1850151267,0.1850151267,0.002025676502,0.3573793519,0.3573793519,0.3573793519,1.203761708e-09,0.05615938961,0.05615938961,0.05615938961,0.3579714669,0.1687302541,0.09751678131,0.2387673381,1.938960806e-08,0.5949372144,0.5949372144,0.5949372144,8.162143546e-28,0.4216295676,0.4216295676,0.4216295676,2.539314024e-13,0.7767663518,0.7767663518,0.7767663518,2.374470507e-56,0.6397158645,0.6397158645,0.6397158645,1.772675615e-32,0.6132185257,0.5305520449,0.6873160736,4.45225004e-114,0.5427092049,3.53692887e-27,0.01975034589,1.165097023e-12,3.12978044e-08,3.086811659e-55,0.5170698967,8.641793621e-32,3.024778858e-07,3.858616701e-113,weak
within_食用菌,102900005116547,102900011001813,0.07355665586,0.271714922,0.003925948852,0.003925948852,0.003925948852,0.9482321227,-0.04730355323,-0.04730355323,-0.04730355323,0.4337813824,-0.03593459274,-0.03593459274,-0.03593459274,0.5543840271,-0.003396460947,-0.003396460947,-0.003396460947,0.9556996769,-0.03907218272,-0.1303816661,0.04562968233,0.1963759205,0.3109634617,0.3109634617,0.3109634617,1.334832402e-07,0.1842831737,0.1842831737,0.1842831737,0.002111971773,0.5962921381,0.5962921381,0.5962921381,1.123548267e-27,0.2358688564,0.2358688564,0.2358688564,9.112168315e-05,0.3474719854,0.2772726836,0.4182648046,1.994120153e-32,0.9731855996,2.602923183e-07,0.7048947464,0.004625650748,0.758630774,4.868709159e-27,0.9787614203,0.0001393625742,0.2861536343,6.480890496e-32,retained
within_食用菌,102900005116547,102900011007044,-0.1035660244,0.0650994575,0.04303547347,0.04303547347,0.04303547347,0.4764374456,0.09990693584,0.09990693584,0.09990693584,0.09764236319,0.01276951848,0.01276951848,0.01276951848,0.8336461817,0.08707367601,0.08707367601,0.08707367601,0.1536260827,0.0665568538,-0.009773513752,0.1464273567,0.02764092448,-0.2435321065,-0.2435321065,-0.2435321065,4.328067941e-05,-0.1315075833,-0.1315075833,-0.1315075833,0.02893670668,-0.02870449177,-0.02870449177,-0.02870449177,0.6367860557,-0.09667438875,-0.09667438875,-0.09667438875,0.11299664,-0.1557477795,-0.2307594023,-0.07480184445,2.22400364e-07,0.7286690345,7.033110405e-05,0.3311349708,0.05129688911,0.8564752911,0.680401539,0.2662852101,0.1259105417,0.0598886697,3.771136607e-07,retained
within_食用菌,102900005116547,102900011009246,-0.09450728106,0.5590200445,-0.08214956403,-0.08214956403,-0.08214956403,0.1735521428,-0.03649035677,-0.03649035677,-0.03649035677,0.5460609936,0.2314444843,0.2314444843,0.2314444843,0.000113818995,0.1367705258,0.1367705258,0.1367705258,0.02460718718,0.07070248742,-0.01083941196,0.1479904319,0.01929111352,0.6529660743,0.6529660743,0.6529660743,6.292170534e-35,0.2541249418,0.2541249418,0.2541249418,1.928298889e-05,0.6439676255,0.6439676255,0.6439676255,2.261186233e-33,0.8391380923,0.8391380923,0.8391380923,7.691537912e-73,0.5535370491,0.4528678077,0.6713498183,6.360455922e-89,0.4481324098,4.907893017e-34,0.803636934,6.016292533e-05,0.0007398234673,1.603386602e-32,0.06397868666,1.499849893e-71,0.0470220892,4.510141472e-88,retained
within_食用菌,102900005116547,102900011012994,0.1827047771,0.6112266112,0.1369818243,0.1369818243,0.1369818243,0.02283856703,-0.09375829928,-0.09375829928,-0.09375829928,0.120187856,0.1779729733,0.1779729733,0.1779729733,0.003170592188,0.2755517032,0.2755517032,0.2755517032,4.305641245e-06,0.1568543427,0.0643212352,0.2417080401,1.820126068e-07,0.7745514606,0.7745514606,0.7745514606,1.928459122e-56,0.2263770131,0.2263770131,0.2263770131,0.0001487498287,0.6403566164,0.6403566164,0.6403566164,6.624844783e-33,0.582661004,0.582661004,0.582661004,6.060054955e-26,0.5212863732,0.4115569816,0.6368372288,2.535799533e-77,0.1113380142,5.013993717e-55,0.3629901255,0.0004000857461,0.01177648527,3.97490687e-32,0.0001119466724,2.055149072e-25,2.156085377e-06,1.52147972e-76,weak
within_食用菌,102900005116547,102900011013274,0.3025901351,0.4598726115,0.01595102458,0.01595102458,0.01595102458,0.7919244586,0.03268404741,0.03268404741,0.03268404741,0.5887362119,0.3301447687,0.3301447687,0.3301447687,2.306298765e-08,0.2086680517,0.2086680517,0.2086680517,0.0005586712414,0.1458630858,0.07529135136,0.2207360128,1.252433517e-06,-0.3039964764,-0.3039964764,-0.3039964764,2.607084458e-07,-0.2511477607,-0.2511477607,-0.2511477607,2.429006899e-05,0.2845463479,0.2845463479,0.2845463479,1.76116208e-06,0.194534327,0.194534327,0.194534327,0.001316129209,-0.06682343612,-0.1876206188,0.05763689271,0.02702294664,0.9298140615,4.959819212e-07,0.8200254379,7.287020697e-05,3.597826074e-07,2.98631831e-06,0.003961486984,0.00183317997,1.221122679e-05,0.03193620967,retained
within_食用菌,102900005116837,102900005116912,-0.3975790883,0.2407407407,-0.05506452568,-0.05506452568,-0.05506452568,0.3621160116,-0.09355514747,-0.09355514747,-0.09355514747,0.1209967085,-0.009670761046,-0.009670761046,-0.009670761046,0.8736233804,0.1806604846,0.1806604846,0.1806604846,0.00288874552,0.01499946046,-0.05661445508,0.09941424265,0.6200320675,0.3247061332,0.3247061332,0.3247061332,3.385405676e-08,0.01767518428,0.01767518428,0.01767518428,0.7700325086,0.05033930488,0.05033930488,0.05033930488,0.4074152423,0.3316775754,0.3316775754,0.3316775754,2.356099875e-08,0.03176282049,-0.1084272112,0.1734471878,0.2936624247,0.6276677535,6.948990599e-08,0.3629901255,0.8342018843,0.8849691386,0.4888982908,0.0122525674,4.594394755e-08,0.6908928752,0.3013903833,retained
within_食用菌,102900005116837,102900005119944,-0.527580728,0.2554744526,-0.1016030741,-0.1016030741,-0.1016030741,0.09205446346,0.09081162436,0.09081162436,0.09081162436,0.1323394745,-0.07809800216,-0.07809800216,-0.07809800216,0.1982910843,0.1721273594,0.1721273594,0.1721273594,0.004562250934,0.02452007391,-0.05580858796,0.1096604055,0.4176048303,0.2243652366,0.2243652366,0.2243652366,0.0001709022419,0.2233058035,0.2233058035,0.2233058035,0.0001837733779,0.0507285004,0.0507285004,0.0507285004,0.4037941963,0.3176138956,0.3176138956,0.3176138956,9.636247153e-08,0.04244051633,-0.06897500437,0.2002911526,0.1604921453,0.2761633904,0.000251516507,0.3732184131,0.0004778107824,0.359690804,0.4888982908,0.01617525331,1.747970414e-07,0.5170345518,0.1691673964,retained
within_食用菌,102900005116837,102900005125815,-0.4589279783,0.4561717352,-0.1143188524,-0.1143188524,-0.1143188524,0.05785290167,-0.03110458416,-0.03110458416,-0.03110458416,0.6068832759,-0.1317005452,-0.1317005452,-0.1317005452,0.02958890254,0.1505066203,0.1505066203,0.1505066203,0.0132967609,-0.03205621466,-0.1371613194,0.0435162306,0.2892237213,0.6738903966,0.6738903966,0.6738903966,6.817432742e-38,0.04273481124,0.04273481124,0.04273481124,0.4795261116,0.2950763508,0.2950763508,0.2950763508,6.903463027e-07,0.3151805399,0.3151805399,0.3151805399,1.220711253e-07,0.1878250627,0.05702313254,0.3468118457,3.752029518e-10,0.2148822062,6.646996923e-37,0.8280174834,0.575431334,0.069937406,1.252256084e-06,0.04099012483,2.16398813e-07,0.3889560389,6.96805482e-10,retained
within_食用菌,102900005116837,102900011001806,0.2171503341,0.4192913386,0.03277676834,0.03277676834,0.03277676834,0.5876786914,-0.04524072272,-0.04524072272,-0.04524072272,0.4541178517,0.2448373971,0.2448373971,0.2448373971,4.328173833e-05,0.2106213551,0.2106213551,0.2106213551,0.0004940385809,0.1119410783,0.03221739468,0.1880572069,0.0002059056871,0.5854651542,0.5854651542,0.5854651542,8.700248555e-27,0.0516312347,0.0516312347,0.0516312347,0.3928614458,0.4117361656,0.4117361656,0.4117361656,1.353920934e-12,0.3398112725,0.3398112725,0.3398112725,1.009360905e-08,0.3077769086,0.1846906113,0.4330610058,1.865156827e-25,0.8118191728,3.393096936e-26,0.7154514354,0.478799887,0.0003751083988,3.106053907e-12,0.003961486984,2.01872181e-08,0.0007300292541,4.546319765e-25,retained
within_食用菌,102900005116837,102900011001813,0.357104502,0.2278481013,-0.2064644037,-0.2064644037,-0.2064644037,0.0005569812273,0.1315867126,0.1315867126,0.1315867126,0.02883949313,0.1140091226,0.1140091226,0.1140091226,0.05993998904,0.08465541168,0.08465541168,0.08465541168,0.1654211068,0.0255083353,-0.04406713767,0.09525293609,0.3990808411,-0.01977266096,-0.01977266096,-0.01977266096,0.7436457525,0.01253578764,0.01253578764,0.01253578764,0.835757524,0.6056772962,0.6056772962,0.6056772962,1.010930465e-28,0.1223388255,0.1223388255,0.1223388255,0.04459486133,0.2503529554,0.1299902624,0.3674639159,4.128812135e-17,0.006206362247,0.7436457525,0.1323223803,0.8809336064,0.133580547,4.928286016e-28,0.2804966593,0.05351383359,0.5020694453,8.70398234e-17,retained
within_食用菌,102900005116837,102900011007044,0.7473173789,0.07939914163,0.1018157906,0.1018157906,0.1018157906,0.09137207458,-0.158832664,-0.158832664,-0.158832664,0.008204094597,0.04755661868,0.04755661868,0.04755661868,0.4338609921,0.02070137141,0.02070137141,0.02070137141,0.7348987538,-0.002426334565,-0.07897677082,0.07126568293,0.9360799964,-0.2548274027,-0.2548274027,-0.2548274027,1.825321058e-05,-0.02766514652,-0.02766514652,-0.02766514652,0.6472329257,-0.1307352471,-0.1307352471,-0.1307352471,0.03081404594,-0.3677231702,-0.3677231702,-0.3677231702,4.545029573e-10,-0.06307192128,-0.1595063975,0.02149998915,0.0369068073,0.2761633904,3.163889833e-05,0.06193789687,0.7212024029,0.6363290437,0.04291956399,0.8433485046,9.329271229e-10,0.9482368795,0.04171785046,retained
within_食用菌,102900005116837,102900011009246,0.4980648554,0.5049019608,-0.01653949184,-0.01653949184,-0.01653949184,0.7844332782,-0.07739467106,-0.07739467106,-0.07739467106,0.1998900347,-0.06444850152,-0.06444850152,-0.06444850152,0.2886528854,0.1845170593,0.1845170593,0.1845170593,0.002334256944,0.01245378866,-0.08184409668,0.1001711833,0.6805953116,0.6631689535,0.6631689535,0.6631689535,2.414374931e-36,0.3700124988,0.3700124988,0.3700124988,2.211950321e-10,0.5024478058,0.5024478058,0.5024478058,7.199925285e-19,0.3088848782,0.3088848782,0.3088848782,2.229006918e-07,0.4936693298,0.3848322363,0.6217282094,2.461761515e-68,0.9298140615,2.092458274e-35,0.5197140901,9.080638159e-10,0.4690609388,2.246376689e-18,0.01135349355,3.779620426e-07,0.7439750212,1.010617885e-67,retained
within_食用菌,102900005116837,102900011012994,0.3486902388,0.5209713024,-0.007182419633,-0.007182419633,-0.007182419633,0.9054470354,0.008312482363,0.008312482363,0.008312482363,0.8906569681,-0.01583844234,-0.01583844234,-0.01583844234,0.7944707162,0.2091805194,0.2091805194,0.2091805194,0.0005409960159,0.0723154594,-0.01256060274,0.1581301242,0.01669411409,0.6348239227,0.6348239227,0.6348239227,1.534818501e-32,0.1245949764,0.1245949764,0.1245949764,0.03858361592,0.5123211854,0.5123211854,0.5123211854,1.135167684e-19,0.3189944793,0.3189944793,0.3189944793,8.418405131e-08,0.4773039872,0.3757515367,0.6063437472,2.19212985e-63,0.9543901184,1.088325846e-31,0.9467705078,0.06687826759,0.8488865186,3.689294974e-19,0.003961486984,1.563418096e-07,0.04340469664,8.549306417e-63,retained
within_食用菌,102900005116837,102900011013274,0.693760205,0.3200498132,0.1927926185,0.1927926185,0.1927926185,0.001288074638,0.08924655579,0.08924655579,0.08924655579,0.1391673933,0.1187049373,0.1187049373,0.1187049373,0.0500822684,0.09526283059,0.09526283059,0.09526283059,0.1183777447,0.1233202613,0.05764361063,0.1875201762,4.281656861e-05,-0.1843223045,-0.1843223045,-0.1843223045,0.002107274842,0.119073708,0.119073708,0.119073708,0.04812539579,0.03648684462,0.03648684462,0.03648684462,0.5483094158,-0.4822751412,-0.4822751412,-0.4822751412,3.915150751e-17,-0.1212467388,-0.2119648765,-0.006575816568,5.760435815e-05,0.01116331353,0.002739457294,0.3743122992,0.08160393199,0.1148946157,0.6023680906,0.2198443831,9.253992683e-17,0.000208730772,8.32062951e-05,retained
within_食用菌,102900005116912,102900005119944,0.8328437459,0.8166189112,0.1286000023,0.1286000023,0.1286000023,0.03270853039,-0.01001803884,-0.01001803884,-0.01001803884,0.8684080194,0.4654344178,0.4654344178,0.4654344178,4.407591891e-16,0.4256859652,0.4256859652,0.4256859652,2.609830638e-13,0.2179763126,0.1019380868,0.3560080437,3.039566121e-13,-0.04351234045,-0.04351234045,-0.04351234045,0.4715609603,0.7773041053,0.7773041053,0.7773041053,4.415548149e-57,0.9489497467,0.9489497467,0.9489497467,8.115933673e-138,0.9086087137,0.9086087137,0.9086087137,1.276609802e-103,0.8266515436,0.7555170083,0.9026942947,3.385615014e-275,0.1342771248,0.4904233987,0.9467705078,1.148042519e-55,1.718960838e-14,6.330428265e-136,2.035667897e-11,4.978778229e-102,1.185430787e-11,1.320389856e-273,weak
within_食用菌,102900005116912,102900005125815,0.8756968592,0.6703296703,-0.188130844,-0.188130844,-0.188130844,0.001693182299,0.1444796562,0.1444796562,0.1444796562,0.01630575984,0.1576432468,0.1576432468,0.1576432468,0.009078698501,0.05662989333,0.05662989333,0.05662989333,0.3539519724,0.06294969445,-0.05098657751,0.1585769755,0.03727479816,0.2322779429,0.2322779429,0.2322779429,9.828826793e-05,0.7774122664,0.7774122664,0.7774122664,4.165248693e-57,0.8053745394,0.8053745394,0.8053745394,1.696771293e-63,0.8055947776,0.8055947776,0.8055947776,7.15263888e-63,0.7776917062,0.697708072,0.8371606865,1.410209084e-222,0.01200620176,0.0001503232333,0.1001669234,1.148042519e-55,0.02441856838,3.308704022e-62,0.5170698967,9.298430544e-62,0.07651142781,2.749907713e-221,retained
within_食用菌,102900005116912,102900011001806,0.3772227184,0.5511627907,0.05641423154,0.05641423154,0.05641423154,0.3504515063,0.06291224506,0.06291224506,0.06291224506,0.2976596745,0.2502316358,0.2502316358,0.2502316358,2.886240775e-05,0.007107985112,0.007107985112,0.007107985112,0.9074498908,0.07432748237,-0.02355932747,0.1983800627,0.01388793199,0.2470323394,0.2470323394,0.2470323394,3.326495878e-05,0.5317074436,0.5317074436,0.5317074436,1.524201015e-21,0.6137397858,0.6137397858,0.6137397858,1.197163424e-29,0.6620767822,0.6620767822,0.6620767822,1.965093798e-35,0.5628460915,0.4747245173,0.6556510038,1.633728738e-92,0.6212549429,5.640579967e-05,0.6274987733,1.48609599e-20,0.0002814084755,6.669910507e-29,0.9565012363,1.094837973e-34,0.03735374811,1.274308415e-91,retained
within_食用菌,102900005116912,102900011001813,-0.2675954507,0.1711956522,0.1351995665,0.1351995665,0.1351995665,0.02468907889,-0.05687724232,-0.05687724232,-0.05687724232,0.34650526,-0.05670411676,-0.05670411676,-0.05670411676,0.3506351349,-0.190763336,-0.190763336,-0.190763336,0.001638379583,-0.04408878986,-0.1749362272,0.08083398435,0.1448473582,-0.04550963137,-0.04550963137,-0.04550963137,0.4514368878,0.1122859808,0.1122859808,0.1122859808,0.06248140731,0.1835696058,0.1835696058,0.1835696058,0.00232627388,0.1507271056,0.1507271056,0.1507271056,0.01316075611,0.1413146849,0.02952215749,0.2673993254,2.673257259e-06,0.1132793032,0.4758388817,0.6439038167,0.1036925483,0.5469908105,0.003557830641,0.009336292694,0.01655708027,0.2510687543,4.344043045e-06,retained
within_食用菌,102900005116912,102900011007044,-0.197245677,0.07416267943,-0.167064432,-0.167064432,-0.167064432,0.005394721228,0.02350732707,0.02350732707,0.02350732707,0.6974134699,0.07723133446,0.07723133446,0.07723133446,0.2033316451,0.1329831527,0.1329831527,0.1329831527,0.02891008823,0.01767013983,-0.05220813668,0.09956054038,0.5591553576,-0.09111692232,-0.09111692232,-0.09111692232,0.1310381519,-0.1336832179,-0.1336832179,-0.1336832179,0.02636381292,0.043298143,0.043298143,0.043298143,0.4761834684,-0.04591143412,-0.04591143412,-0.04591143412,0.4524733022,-0.09129318849,-0.1692851285,-0.01986836025,0.002495973493,0.03236832737,0.1460139407,0.8496137634,0.04896136684,0.3604515526,0.546210449,0.07046834007,0.497083346,0.6509569835,0.003244765541,retained
within_食用菌,102900005116912,102900011009246,-0.2640782776,0.3861386139,0.3811769553,0.3811769553,0.3811769553,5.642806479e-11,-0.03316734767,-0.03316734767,-0.03316734767,0.5832335966,0.2327168488,0.2327168488,0.2327168488,0.0001040765709,0.03059564794,0.03059564794,0.03059564794,0.6167071939,0.1315762496,0.03527055325,0.2354319029,1.253945436e-05,0.4583054839,0.4583054839,0.4583054839,9.713756178e-16,0.2731454649,0.2731454649,0.2731454649,4.122520613e-06,0.3421442817,0.3421442817,0.3421442817,6.502364321e-09,0.7676836396,0.7676836396,0.7676836396,1.018762008e-53,0.3536064471,0.2418885755,0.4728603719,1.344317084e-33,2.200694527e-09,2.444106393e-15,0.8200254379,1.461620944e-05,0.000737997503,1.300472864e-08,0.8153078157,1.135191951e-52,6.98626743e-05,4.558988372e-33,retained
within_食用菌,102900005116912,102900011012994,-0.1671497929,0.4048672566,-0.06084910788,-0.06084910788,-0.06084910788,0.3138160794,-0.05948541683,-0.05948541683,-0.05948541683,0.3248043466,0.0480147861,0.0480147861,0.0480147861,0.4294400816,0.004666851427,0.004666851427,0.004666851427,0.9391574887,0.002739880894,-0.05910231592,0.06517684375,0.9278410848,0.3483466331,0.3483466331,0.3483466331,2.710296808e-09,0.4588635831,0.4588635831,0.4588635831,8.877891888e-16,0.3059265128,0.3059265128,0.3059265128,2.527113831e-07,0.5212095321,0.5212095321,0.5212095321,3.304239455e-20,0.3233974234,0.2083199441,0.4506998531,4.472405252e-28,0.6212549429,6.040090029e-09,0.6439038167,4.327972295e-15,0.6363290437,4.807679971e-07,0.9767237882,9.204667054e-20,0.9482368795,1.24588432e-27,retained
within_食用菌,102900005116912,102900011013274,-0.1965840465,0.3133159269,-0.02572756417,-0.02572756417,-0.02572756417,0.6704364869,-0.0647283161,-0.0647283161,-0.0647283161,0.2839036537,0.1987266458,0.1987266458,0.1987266458,0.0009619474712,0.05832444772,0.05832444772,0.05832444772,0.3397116777,0.03892167462,-0.03184223522,0.1084639336,0.1981063622,-0.09114351543,-0.09114351543,-0.09114351543,0.1309252686,-0.05655428758,-0.05655428758,-0.05655428758,0.3492548278,0.1815600039,0.1815600039,0.1815600039,0.002602477832,0.1320844571,0.1320844571,0.1320844571,0.03002086354,-0.06091498828,-0.1627405188,0.04287830865,0.04387383823,0.871567433,0.1460139407,0.615124583,0.4330932811,0.004168439042,0.003903716748,0.5095675165,0.03716868819,0.2861536343,0.04752999141,retained
within_食用菌,102900005119944,102900005125815,0.8922740154,0.7174392936,0.1004708855,0.1004708855,0.1004708855,0.09575527439,0.2298009247,0.2298009247,0.2298009247,0.0001171135957,0.3429711814,0.3429711814,0.3429711814,5.947174316e-09,0.1513907999,0.1513907999,0.1513907999,0.01275871555,0.2143236053,0.1402949117,0.3066065043,7.63898109e-13,0.5528184879,0.5528184879,0.5528184879,1.723462724e-23,0.7755812075,0.7755812075,0.7755812075,1.113710446e-56,0.8173301071,0.8173301071,0.8173301071,7.603754031e-67,0.8105849498,0.8105849498,0.8105849498,3.155786497e-64,0.8229290932,0.7649275882,0.8762981463,1.230589267e-270,0.2766263482,5.84478663e-23,0.001826972093,2.171735369e-55,1.159698992e-07,1.976976048e-65,0.04099012483,4.923026935e-63,1.986135083e-11,3.199532095e-269,weak
within_食用菌,102900005119944,102900011001806,0.4680819132,0.5532879819,0.05709540777,0.05709540777,0.05709540777,0.3446556256,-0.04479086717,-0.04479086717,-0.04479086717,0.458622715,0.1658461957,0.1658461957,0.1658461957,0.006019777778,0.1144977041,0.1144977041,0.1144977041,0.06026580791,0.04030609144,-0.05529152937,0.1433966488,0.1826045307,0.1870968466,0.1870968466,0.1870968466,0.001797539601,0.5043194369,0.5043194369,0.5043194369,3.263722435e-19,0.6037803683,0.6037803683,0.6037803683,1.655407964e-28,0.6880804644,0.6880804644,0.6880804644,3.314696505e-39,0.546628941,0.4648901026,0.6432389588,2.48560301e-86,0.6212549429,0.002417380843,0.7154514354,2.545703499e-18,0.01805933334,7.595401245e-28,0.1237035004,1.988817903e-38,0.2743078676,1.615641957e-85,retained
within_食用菌,102900005119944,102900011001813,-0.2585361617,0.1973333333,0.2651836704,0.2651836704,0.2651836704,7.977872897e-06,0.07061674569,0.07061674569,0.07061674569,0.2422789893,-0.02560992059,-0.02560992059,-0.02560992059,0.6735558404,-0.2151159133,-0.2151159133,-0.2151159133,0.0003707356092,0.01220039905,-0.07778668226,0.1335271628,0.6867461734,0.5173444353,0.5173444353,0.5173444353,2.701026262e-20,0.1751298345,0.1751298345,0.1751298345,0.003513117718,0.2058406105,0.2058406105,0.2058406105,0.0006212601283,0.1741790771,0.1741790771,0.1741790771,0.004094968142,0.2093813903,0.06542016596,0.345448766,2.589118071e-12,0.0002074246953,7.802964758e-20,0.5905550364,0.007406031947,0.7614109501,0.000972552822,0.00361467219,0.005507026123,0.7439750212,4.925639257e-12,retained
within_食用菌,102900005119944,102900011007044,-0.3902698438,0.06864988558,-0.09694464468,-0.09694464468,-0.09694464468,0.1080448639,0,0,0,1,0.01377155738,0.01377155738,0.01377155738,0.8208046685,0.1240587612,0.1240587612,0.1240587612,0.04165895692,0.01917594239,-0.04378912094,0.07988678264,0.526158809,-0.130423365,-0.130423365,-0.130423365,0.03029722723,-0.1351388629,-0.1351388629,-0.1351388629,0.02475431839,0.03066026667,0.03066026667,0.03066026667,0.6139909324,-0.04435658128,-0.04435658128,-0.04435658128,0.4679437256,-0.110836218,-0.1837065409,-0.02534987829,0.0002380396914,0.300982121,0.03475270182,1,0.04709358133,0.8564752911,0.6651568434,0.09557054822,0.506939036,0.6313905708,0.0003375835623,retained
within_食用菌,102900005119944,102900011009246,-0.370005858,0.36643026,-0.005647303437,-0.005647303437,-0.005647303437,0.9255897644,-0.02468940374,-0.02468940374,-0.02468940374,0.6830006609,0.2048985313,0.2048985313,0.2048985313,0.0006588480558,0.07926214992,0.07926214992,0.07926214992,0.1941460874,0.05210204432,-0.03103378447,0.1713913224,0.08483449262,0.1373940227,0.1373940227,0.1373940227,0.02242806185,0.3019860959,0.3019860959,0.3019860959,3.152484105e-07,0.3623659606,0.3623659606,0.3623659606,6.795106586e-10,0.7613378382,0.7613378382,0.7613378382,2.347722595e-52,0.3198210314,0.1976246269,0.4467747584,1.837637978e-27,0.962613355,0.02611028096,0.8456198658,1.170922668e-06,0.003022949903,1.432481929e-09,0.3221998897,2.28902953e-51,0.157549772,4.942612492e-27,retained
within_食用菌,102900005119944,102900011012994,-0.2587688362,0.4257641921,-0.1985887015,-0.1985887015,-0.1985887015,0.0009088180278,-0.01883523282,-0.01883523282,-0.01883523282,0.7554039111,-0.03272931155,-0.03272931155,-0.03272931155,0.5902733577,0.040941887,0.040941887,0.040941887,0.5029192492,-0.04162705093,-0.1226641145,0.03969348238,0.1686683953,0.3822306182,0.3822306182,0.3822306182,4.946857213e-11,0.4760582387,0.4760582387,0.4760582387,5.113826521e-17,0.2829989022,0.2829989022,0.2829989022,2.014629593e-06,0.5492661496,0.5492661496,0.5492661496,1.11231901e-22,0.3545228193,0.2446720167,0.4776306292,8.939335583e-34,0.008860975771,1.134867243e-10,0.8664927215,2.849131919e-16,0.7614109501,3.343427835e-06,0.7004946685,3.33695703e-22,0.2743078676,3.169400798e-33,retained
within_食用菌,102900005119944,102900011013274,-0.4216940779,0.3145057766,-0.1885310691,-0.1885310691,-0.1885310691,0.001654299251,0.0286731664,0.0286731664,0.0286731664,0.6352930929,0.1359484842,0.1359484842,0.1359484842,0.02468032094,0.02194801221,0.02194801221,0.02194801221,0.7195855997,-0.0009240986488,-0.07572495901,0.08144280234,0.9756330198,-0.2945478152,-0.2945478152,-0.2945478152,6.288128341e-07,-0.07014136016,-0.07014136016,-0.07014136016,0.2454718633,0.168760494,0.168760494,0.168760494,0.005179289858,0.1202840372,0.1202840372,0.1202840372,0.04832799197,-0.09587996165,-0.1994551255,0.0116713546,0.001490947195,0.01200620176,1.11471366e-06,0.8291018948,0.3301173334,0.06015828229,0.007622351111,0.8433485046,0.0571148996,0.9756330198,0.001971082733,retained
within_食用菌,102900005125815,102900011001806,0.4789508835,0.7145877378,-0.1103802273,-0.1103802273,-0.1103802273,0.0670930064,0.1246349538,0.1246349538,0.1246349538,0.03852083333,0.1612527427,0.1612527427,0.1612527427,0.007594157714,0.0238123754,0.0238123754,0.0238123754,0.6968936217,0.04200225776,-0.03443765645,0.1172791238,0.1648591695,0.609608142,0.609608142,0.609608142,1.783451163e-29,0.5076871638,0.5076871638,0.5076871638,1.731134893e-19,0.7996256001,0.7996256001,0.7996256001,5.729032614e-62,0.7286287449,0.7286287449,0.7286287449,5.931140448e-46,0.6666946056,0.5969695805,0.7391436774,1.085850206e-141,0.2378752045,8.182893573e-29,0.1581381579,1.500316907e-18,0.02115515363,8.937290878e-61,0.8429373673,4.62628955e-45,0.2743078676,1.058703951e-140,retained
within_食用菌,102900005125815,102900011001813,-0.1951724179,0.2693156733,-0.009158931499,-0.009158931499,-0.009158931499,0.8796032344,0.05588779548,0.05588779548,0.05588779548,0.3549726169,-0.0468699486,-0.0468699486,-0.0468699486,0.4405354918,-0.1054732869,-0.1054732869,-0.1054732869,0.08364984568,-0.00761622582,-0.08663650233,0.0727955339,0.8012399629,0.3178585499,0.3178585499,0.3178585499,6.764443159e-08,0.1956578101,0.1956578101,0.1956578101,0.001085417069,0.5293466324,0.5293466324,0.5293466324,4.063325564e-21,0.259609537,0.259609537,0.259609537,1.557952228e-05,0.315233044,0.2331533933,0.4040216996,1.095203846e-26,0.9451305018,1.352888632e-07,0.6439038167,0.002490074453,0.6363290437,1.440633609e-20,0.1591387308,2.480005587e-05,0.8332895614,2.847529999e-26,retained
within_食用菌,102900005125815,102900011007044,-0.2617885078,0.06082289803,0.01570178314,0.01570178314,0.01570178314,0.7951031117,0.01763048154,0.01763048154,0.01763048154,0.7705978942,0.02564548776,0.02564548776,0.02564548776,0.6731285762,0.01706318235,0.01706318235,0.01706318235,0.7801709962,-0.009505499931,-0.07156784006,0.05452953091,0.7533750002,-0.2252493144,-0.2252493144,-0.2252493144,0.0001608121225,-0.1373303795,-0.1373303795,-0.1373303795,0.02249102409,-0.02204529273,-0.02204529273,-0.02204529273,0.716888197,-0.1310077027,-0.1310077027,-0.1310077027,0.03139956415,-0.1773968686,-0.2568531155,-0.1149524543,3.412067434e-09,0.9298140615,0.0002412181837,0.871110663,0.04385749698,0.7614109501,0.7357536759,0.8570892634,0.03826821881,0.8049760276,6.189331624e-09,retained
within_食用菌,102900005125815,102900011009246,-0.290243277,0.5472527473,-0.07106836825,-0.07106836825,-0.07106836825,0.2392727336,0.1398749752,0.1398749752,0.1398749752,0.02008956672,0.1071052712,0.1071052712,0.1071052712,0.07728943843,0.1474672923,0.1474672923,0.1474672923,0.0153013798,0.08301229029,-0.005793771104,0.1635895272,0.005985962054,0.5729632174,0.5729632174,0.5729632174,1.760219957e-25,0.2174493602,0.2174493602,0.2174493602,0.0002728571968,0.575245663,0.575245663,0.575245663,1.885429656e-25,0.9260127313,0.9260127313,0.9260127313,2.147571412e-115,0.4960154306,0.3921515315,0.6172662323,4.564716807e-69,0.5332363777,6.537959842e-25,0.1093305537,0.0006650894171,0.158646742,7.353175658e-25,0.04262527231,1.675105702e-113,0.01795788616,1.97804395e-68,retained
within_食用菌,102900005125815,102900011012994,-0.3008778382,0.6161825726,-0.02970825072,-0.02970825072,-0.02970825072,0.6231300854,-0.1276089789,-0.1276089789,-0.1276089789,0.03408635145,0.111287137,0.111287137,0.111287137,0.06635242224,0.0601907549,0.0601907549,0.0601907549,0.324457067,-0.01669358933,-0.1112823334,0.0726297496,0.5810775192,0.7498603784,0.7498603784,0.7498603784,4.455926982e-51,0.2578782136,0.2578782136,0.2578782136,1.435558742e-05,0.5873363822,0.5873363822,0.5873363822,1.040220954e-26,0.6269377045,0.6269377045,0.6269377045,6.76393443e-31,0.5031278821,0.3848942806,0.6360265565,2.544805478e-71,0.8380025286,8.689057614e-50,0.147707523,4.665565912e-05,0.1408470383,4.270380759e-26,0.4962284554,3.103452268e-30,0.6665300955,1.167616631e-70,retained
within_食用菌,102900005125815,102900011013274,-0.116224021,0.4612452351,0.04511799943,0.04511799943,0.04511799943,0.4553443383,0.1575695115,0.1575695115,0.1575695115,0.008734831611,0.1711909783,0.1711909783,0.1711909783,0.004560674819,0.0308687164,0.0308687164,0.0308687164,0.6135645563,0.1037448772,0.0354949395,0.1746871412,0.0005852490239,-0.3023783781,-0.3023783781,-0.3023783781,3.038113458e-07,-0.2190559089,-0.2190559089,-0.2190559089,0.0002450732086,0.2879961658,0.2879961658,0.2879961658,1.30121959e-06,0.1634362362,0.1634362362,0.1634362362,0.007119744939,-0.06636078193,-0.1911720126,0.05625399528,0.02810318179,0.7286690345,5.642210707e-07,0.06193789687,0.0006166358151,0.01482219316,2.306707455e-06,0.8153078157,0.009412544157,0.001825976955,0.03271713701,retained
within_食用菌,102900011001806,102900011001813,0.5284845093,0.2684210526,0.07919521052,0.07919521052,0.07919521052,0.1895944811,-0.05003669952,-0.05003669952,-0.05003669952,0.4076601923,-0.02714867532,-0.02714867532,-0.02714867532,0.6551683483,0.1555532227,0.1555532227,0.1555532227,0.01047500168,0.01841351771,-0.08656077035,0.1040334977,0.5427409349,0.06084920952,0.06084920952,0.06084920952,0.3138152696,0.08717376269,0.08717376269,0.08717376269,0.1486215382,0.5606566594,0.5606566594,0.5606566594,5.321707546e-24,0.3269659912,0.3269659912,0.3269659912,3.807159905e-08,0.3467500419,0.2479504225,0.4341327635,2.728287465e-32,0.4481324098,0.3353094661,0.6945083191,0.2273035291,0.7614109501,1.976634231e-23,0.03552391874,7.242889576e-08,0.6414211049,8.512256891e-32,retained
within_食用菌,102900011001806,102900011007044,-0.02004017111,0.07066381156,-0.05920199333,-0.05920199333,-0.05920199333,0.3271189863,0.1387921012,0.1387921012,0.1387921012,0.02108287983,-0.07450501846,-0.07450501846,-0.07450501846,0.2197915351,-0.01242901492,-0.01242901492,-0.01242901492,0.8389084645,0.03396669218,-0.02996877974,0.1172753354,0.2614269737,-0.1778241937,-0.1778241937,-0.1778241937,0.003031829635,-0.1087912068,-0.1087912068,-0.1087912068,0.0711479233,-0.02315632076,-0.02315632076,-0.02315632076,0.7032769061,-0.098381453,-0.098381453,-0.098381453,0.1067472483,-0.1020015074,-0.1890133268,-0.02775070074,0.0007241344004,0.6212549429,0.003814237283,0.1093305537,0.1156153754,0.3809719942,0.7314079823,0.9088175032,0.1206708025,0.3641304277,0.001008615772,retained
within_食用菌,102900011001806,102900011009246,0.07196111328,0.5236907731,0.1594298372,0.1594298372,0.1594298372,0.00796332442,0.0904309881,0.0904309881,0.0904309881,0.1339758406,0.2157367215,0.2157367215,0.2157367215,0.0003299517166,0.1180365098,0.1180365098,0.1180365098,0.0527066122,0.1398581621,0.05912419362,0.2240512689,3.39121786e-06,0.6326513261,0.6326513261,0.6326513261,2.892880194e-32,0.2395343367,0.2395343367,0.2395343367,5.818310831e-05,0.6100050933,0.6100050933,0.6100050933,3.240820517e-29,0.6969377837,0.6969377837,0.6969377837,1.390210206e-40,0.5197776272,0.4240647485,0.6055447656,8.25485705e-77,0.04436709319,1.735728116e-31,0.3732184131,0.000162081516,0.0019797103,1.685226669e-28,0.1111112365,9.03636634e-40,2.404681755e-05,4.599134642e-76,retained
within_食用菌,102900011001806,102900011012994,0.3887858224,0.562642369,-0.1395837473,-0.1395837473,-0.1395837473,0.0203526321,-0.01599332482,-0.01599332482,-0.01599332482,0.7913853303,0.1798441813,0.1798441813,0.1798441813,0.002861548449,0.2795015724,0.2795015724,0.2795015724,3.091122506e-06,0.1081074775,0.01291403489,0.1959677351,0.0003386532635,0.5544982928,0.5544982928,0.5544982928,1.189929855e-23,0.3501365201,0.3501365201,0.3501365201,2.219169666e-09,0.6516300836,0.6516300836,0.6516300836,2.200967156e-34,0.5896225878,0.5896225878,0.5896225878,1.132157904e-26,0.5131974505,0.4119973894,0.618806506,1.325619917e-74,0.1058336869,4.218842212e-23,0.881829368,8.654761699e-09,0.01116003895,1.716754381e-33,0.0001119466724,4.014014388e-26,0.001148476285,6.462397095e-74,retained
within_食用菌,102900011001806,102900011013274,0.3006431322,0.4,0.04037993997,0.04037993997,0.04037993997,0.5040889743,0.1373953197,0.1373953197,0.1373953197,0.02242678025,0.3207345001,0.3207345001,0.3207345001,5.995932867e-08,0.07522091234,0.07522091234,0.07522091234,0.2179425818,0.1444947848,0.07472902793,0.2216541784,1.577163683e-06,-0.1552118566,-0.1552118566,-0.1552118566,0.009807611125,0.015953533,0.015953533,0.015953533,0.7918924853,0.3382833627,0.3382833627,0.3382833627,9.830062172e-09,0.02409767348,0.02409767348,0.02409767348,0.6934442065,0.007485653835,-0.09435599615,0.1137218932,0.8045780097,0.7426674723,0.01176913335,0.1093305537,0.8461316966,7.794712727e-07,1.916862124e-08,0.3399904276,0.7309276771,1.366875192e-05,0.8150270748,retained
within_食用菌,102900011001813,102900011007044,-0.1422071476,0.03125,-0.05355142765,-0.05355142765,-0.05355142765,0.3754765991,-0.2652216558,-0.2652216558,-0.2652216558,7.953178409e-06,0.05520891249,0.05520891249,0.05520891249,0.3635039434,-0.02395567096,-0.02395567096,-0.02395567096,0.6951603129,-0.07150775072,-0.1484315781,0.00831940723,0.01795353743,-0.06746365155,-0.06746365155,-0.06746365155,0.2640042822,-0.03689958498,-0.03689958498,-0.03689958498,0.5415652705,-0.1127463077,-0.1127463077,-0.1127463077,0.06284836285,-0.002100616238,-0.002100616238,-0.002100616238,0.9725928359,-0.07451483004,-0.1403435626,0.0167107099,0.01364912854,0.6366777115,0.286004639,0.0002067826386,0.6400316833,0.5559472076,0.08308766614,0.8429373673,0.9725928359,0.04517341676,0.01689892105,retained
within_食用菌,102900011001813,102900011009246,-0.1962784732,0.3066202091,0.2412564641,0.2412564641,0.2412564641,5.125177014e-05,0.2834355944,0.2834355944,0.2834355944,1.70206113e-06,0.09553889241,0.09553889241,0.09553889241,0.1152742155,-0.03160584543,-0.03160584543,-0.03160584543,0.6051165368,0.1431250398,0.04717775324,0.2328394274,1.982384915e-06,-0.03833305647,-0.03833305647,-0.03833305647,0.525963718,0.243371731,0.243371731,0.243371731,4.380172003e-05,0.7167916413,0.7167916413,0.7167916413,2.47044217e-44,0.2963818216,0.2963818216,0.2963818216,7.073687552e-07,0.3695911551,0.2406454231,0.4786990668,8.971668185e-37,0.0007995276141,0.5398048684,6.638038407e-05,0.0001265383023,0.2247847202,2.752778418e-43,0.8153078157,1.173931126e-06,1.546260234e-05,3.332333897e-36,retained
within_食用菌,102900011001813,102900011012994,0.3834142579,0.2605042017,-0.0135618971,-0.0135618971,-0.0135618971,0.8225278237,0.1658486206,0.1658486206,0.1658486206,0.005746040461,0.02978058179,0.02978058179,0.02978058179,0.6241997924,0.07649098138,0.07649098138,0.07649098138,0.2102493482,0.06370472373,-0.007003245036,0.1413223771,0.03505065074,0.1865020518,0.1865020518,0.1865020518,0.001860201291,0.1535938314,0.1535938314,0.1535938314,0.01060988165,0.6417205643,0.6417205643,0.6417205643,4.421575663e-33,0.2013654396,0.2013654396,0.2013654396,0.0008760674442,0.3285081141,0.2073038554,0.4331571906,5.742319675e-29,0.9298140615,0.002459249164,0.04979901733,0.0212197633,0.7614109501,2.874024181e-32,0.334682636,0.001265430753,0.07389056102,1.722695903e-28,retained
within_食用菌,102900011001813,102900011013274,0.279860926,0.1355463347,-0.2590300024,-0.2590300024,-0.2590300024,1.310078095e-05,0.05110948872,0.05110948872,0.05110948872,0.3976677013,0.01693706325,0.01693706325,0.01693706325,0.7805655185,0.04903386901,0.04903386901,0.04903386901,0.4222907313,-0.02722069292,-0.09923321648,0.05005564767,0.3681777155,-0.244668666,-0.244668666,-0.244668666,3.975227212e-05,-0.07442910572,-0.07442910572,-0.07442910572,0.2177221693,0.2057847772,0.2057847772,0.2057847772,0.0006234312961,-0.007567006014,-0.007567006014,-0.007567006014,0.9015025351,-0.05957729401,-0.1307750464,0.01048825141,0.04872861404,0.0002554652285,6.597185585e-05,0.6945083191,0.3032558787,0.8456126451,0.000972552822,0.5988850371,0.925226286,0.4707846198,0.05206619034,retained
within_食用菌,102900011007044,102900011009246,0.6837568429,0.0737704918,-0.08076565273,-0.08076565273,-0.08076565273,0.1809366037,-0.07371189709,-0.07371189709,-0.07371189709,0.2222005635,-0.03025377338,-0.03025377338,-0.03025377338,0.618699257,0.01932522964,0.01932522964,0.01932522964,0.7519249454,-0.03721263848,-0.09917197269,0.0204228201,0.2185416954,-0.1818481203,-0.1818481203,-0.1818481203,0.00242374329,-0.05648972923,-0.05648972923,-0.05648972923,0.3498061117,-0.1328952244,-0.1328952244,-0.1328952244,0.02813052894,-0.1192686747,-0.1192686747,-0.1192686747,0.05026696955,-0.06099130262,-0.1502723676,0.01161576395,0.04360963474,0.4481324098,0.003099212732,0.5590852889,0.4330932811,0.7614109501,0.03989420468,0.8500021122,0.05851975559,0.3099318589,0.04752999141,retained
within_食用菌,102900011007044,102900011012994,0.02257926853,0.08083140878,0.04304123404,0.04304123404,0.04304123404,0.476378374,-0.05864097828,-0.05864097828,-0.05864097828,0.3317319668,-0.01820981257,-0.01820981257,-0.01820981257,0.7645434862,0.02594746408,0.02594746408,0.02594746408,0.671234957,0.04028149155,-0.03683954584,0.1188683217,0.1828719117,-0.2150656503,-0.2150656503,-0.2150656503,0.0003195323703,-0.07305119708,-0.07305119708,-0.07305119708,0.2263838138,-0.04732686859,-0.04732686859,-0.04732686859,0.436087689,-0.1562595479,-0.1562595479,-0.1562595479,0.01012563077,-0.06546772647,-0.1384713248,0.02332244219,0.03029374658,0.7286690345,0.0004531549979,0.6439038167,0.3097883768,0.8399210131,0.50973545,0.8429373673,0.01294752786,0.2743078676,0.03474870931,retained
within_食用菌,102900011007044,102900011013274,0.5943106644,0.1767180926,0.05965270984,0.05965270984,0.05965270984,0.3234430996,0.02022360474,0.02022360474,0.02022360474,0.7380104833,0.02954789725,0.02954789725,0.02954789725,0.626912279,0.1203073788,0.1203073788,0.1203073788,0.04828416313,0.06863705735,1.427025126e-05,0.1439266286,0.02312646887,0.2984544245,0.2984544245,0.2984544245,4.386107734e-07,-0.07954944499,-0.07954944499,-0.07954944499,0.187615545,0.0801097762,0.0801097762,0.0801097762,0.1869421295,0.50244147,0.50244147,0.50244147,1.121333853e-18,0.2568841807,0.1781432064,0.3357541567,5.815547429e-18,0.6212549429,7.956195425e-07,0.8664927215,0.2710002317,0.7614109501,0.2430247683,0.1046156868,2.733251267e-18,0.05466256279,1.260035276e-17,retained
within_食用菌,102900011009246,102900011012994,0.2865183338,0.5078125,0.01383487368,0.01383487368,0.01383487368,0.8190165881,0.06869454242,0.06869454242,0.06869454242,0.2553694018,-0.03208144467,-0.03208144467,-0.03208144467,0.5976547207,0.1888538966,0.1888538966,0.1888538966,0.001827735416,0.05944363552,-0.01572516439,0.1451169281,0.04923753679,0.5887428089,0.5887428089,0.5887428089,3.870066868e-27,0.1840931578,0.1840931578,0.1840931578,0.00213491573,0.515301093,0.515301093,0.515301093,6.423419669e-20,0.6185069935,0.6185069935,0.6185069935,6.825268702e-30,0.5145074159,0.4008574771,0.6289832568,4.865839831e-75,0.9298140615,1.588764293e-26,0.59128225,0.004625650748,0.7614109501,2.178377105e-19,0.009504224163,2.661854794e-29,0.09847507359,2.530236712e-74,retained
within_食用菌,102900011009246,102900011013274,0.6879757153,0.3342696629,-0.001387194363,-0.001387194363,-0.001387194363,0.9816971584,0.09641200761,0.09641200761,0.09641200761,0.1100046228,0.1678811359,0.1678811359,0.1678811359,0.005421047334,0.1903711045,0.1903711045,0.1903711045,0.001675744842,0.1073007658,0.0445354623,0.1936722608,0.0003752790983,-0.1521616422,-0.1521616422,-0.1521616422,0.01136787828,0.06717118845,0.06717118845,0.06717118845,0.2660850578,0.2142993519,0.2142993519,0.2142993519,0.0003623648968,0.1742501921,0.1742501921,0.1742501921,0.004079575439,0.07189785833,-0.01586742534,0.1665017518,0.01733524211,0.9910823822,0.01343476523,0.3575150243,0.3517734662,0.01691366768,0.0005888429573,0.009336292694,0.005507026123,0.00121965707,0.02112732632,retained
within_食用菌,102900011012994,102900011013274,0.3172148179,0.3888888889,0.03228892842,0.03228892842,0.03228892842,0.5932524725,0.01935476796,0.01935476796,0.01935476796,0.7488802256,0.2414680568,0.2414680568,0.2414680568,5.548984291e-05,0.1733273467,0.1733273467,0.1733273467,0.004283439511,0.1171585116,0.03916847258,0.17833866,0.0001019816169,-0.2198047313,-0.2198047313,-0.2198047313,0.0002330457659,0.1692111368,0.1692111368,0.1692111368,0.004821218688,0.3468917853,0.3468917853,0.3468917853,3.881386539e-09,0.005737335798,0.005737335798,0.005737335798,0.925238296,0.06289545432,-0.04081992395,0.1702177654,0.03743909656,0.8118191728,0.0003366216618,0.8664927215,0.009896185727,0.0004328207747,7.96705658e-09,0.01590991819,0.9372543777,0.0004186613746,0.04171785046,retained
