date,102900005115762,102900005115779,102900005115786,102900005115793,102900005115823,102900005115878,102900005115908,102900005115946,102900005115960,102900005115984,102900005116226,102900005116233,102900005116257,102900005116509,102900005116530,102900005116547,102900005116714,102900005116790,102900005116837,102900005116899,102900005116912,102900005116943,102900005117209,102900005118817,102900005118824,102900005118831,102900005119944,102900005119975,102900005122654,102900005123880,102900005125808,102900005125815,102900011000328,102900011001219,102900011001806,102900011008164,102900011008522,102900011009246,102900011009970,102900011012994,102900011013274,102900011016701,102900011021842,102900011022764,102900051000463,102900051004294,102900051010455
2021-01-30,4.911,12.022,1.587,0,6.495,8.853,7.276,0,70.472,12.206,3.372,8.057,14.604,0.526,0,12.075,48.741,4.556,11.865,29.941,1.588,1.077,0.248,7.334,0,9,1.283,0,80.512,0,2.378,3.581,4.343,0.193,0,0,0,0.543,14.383,3,3,0,6,7.954,0,2.524,3.609
2021-01-31,0,16.788,2.145,0,9.75,13.551,6.68,0,82.136,25.803,4.088,5.742,18.073,2.138,0,9.45,17.22,6.184,9.301,28.81,1.258,0.672,0,13.1,0,10,0.307,0,29.827,0,2.291,3.039,3.38,0,6,0,0,0.751,20.687,4,6,0,9,4.399,0,3.643,8.763
2021-02-01,0.751,9.767,1.087,0,4.69,10.287,4.284,0,43.743,7.932,1.975,3.234,8.039,2.405,0,10.335,13.63,6.446,6.205,26.781,0.35,1.145,0,5.374,0,8,0.665,0,68.083,0,2.148,2.715,4.277,0,2,5.265,0,1.023,11.514,2,4,0,20,2.183,1.037,1.544,3.634
2021-02-02,2.654,4.774,1.932,0,5.023,8.5,3.584,0,92.99,20.202,0.702,5.135,11.345,2.462,0.05,11.197,21.184,6.166,16.757,32.206,0.807,2.357,0,4.12,0,8,1.317,0,21.302,0,0.948,2.771,4.257,0,0,5.101,0,0.573,20.144,5,7,0,9,6.871,3.455,2.329,4.185
2021-02-03,0,6.336,0,0,6.351,9.567,6.863,0,115.415,16.934,1.738,5.628,9.834,0.993,0,6.277,63.618,2.29,9.3,24.454,0.814,1.259,0,7.468,0,5,0.179,0,31.247,0.374,2.573,4.118,2.794,0,2,5.952,0,1.309,20.997,2,4,0,7,3.36,0.751,2.041,1.441
2021-02-04,4.866,13.832,0,0,7.327,7.876,5.026,0,100.063,20.414,2.731,5.455,18.214,2.254,0.239,8.961,48.979,3.876,12.811,33.076,1.184,1.712,0,6.207,0,4,1.201,0,3.962,0,2.687,2.204,7.929,0,3,10.33,0,0,21.004,1,6,0,14,6.833,0.415,2.183,5.163
2021-02-05,1.561,13.264,0,0,3.147,8.677,3.145,0,74.35,11.518,0.753,11.324,10.487,2.829,0.345,12.543,41.029,3.394,10.369,35.416,1.496,2.714,0,8.73,0,8,0,0,20.241,0,4.531,2.78,10.358,0,0,9.477,0,3.02,17.14,0,9,0,12,8.605,2.532,2.638,4.636
2021-02-06,0.579,11.342,0,0,4.459,7.825,4.299,0,97.431,7.893,5.218,19.109,18.57,4.007,0,15.021,47.722,5.822,14.717,39.892,0.788,1.863,0,10.419,0,6,0.572,0,16.682,0,3.412,4.516,7.548,0,1,9.891,0,0.522,27.775,5,10,0,14,8.055,2.246,3.642,8.058
2021-02-07,1.137,9.676,0,0,5.173,6.371,3.32,0,95.764,10.241,3.838,18.038,21.568,2.781,0,15.065,33.692,6.687,22.679,36.685,1.082,3.011,0,7.058,0,7,1.374,0,21.679,0,5.647,3.782,8.544,0,3,3.046,0,0.279,19.99,3,3,0,53,11.208,4.865,6.038,2.067
2021-02-08,0,10.877,0.376,0,6.975,9.547,3.471,0,79.857,13.486,5.285,22.05,30.967,7.345,0,32.752,57.126,0.763,21.356,72.632,1.532,0,0,7.796,0,16,0.959,0,45.105,0,11.002,7.38,27.899,0,0,2.758,0,1.051,65.089,7,23,147.665,50,12.475,0.401,4.967,9.425
2021-02-09,3.878,19.295,2.465,0,22.485,20.706,4.962,0,57.217,23.95,3.747,92.732,83.613,0,0,61.431,56.296,5.964,17.744,77.825,0,18.426,0,11.115,0,25,2.341,0,52.755,0,15.943,4.342,12.37,0,6,4.463,0,1.302,81.299,19,3,219.734,116,4.299,0,17.224,8.021
2021-02-10,3.799,48.202,3.691,0,43.597,43.262,19.137,0,124,50.077,8.395,113.844,109.43,8.658,0,71.463,85.909,0,45.035,147.342,0,15.828,10.524,16.796,0.87,10,2.354,0,67.724,1.151,30.453,42.436,30.512,7.187,5,14.408,0,1.967,81.146,22,16,249.974,131,0.843,0,29.197,7.431
2021-02-11,0,0,0,0,0,0,0,0,0,0,0,0,0,0,0,0,0,0,0,0,0,0,0,0,0,0,0,0,0,0,0,0,0,0,0,0,0,0,0,0,0,0,0,0,0,0,0
2021-02-12,0,0,0,0,0,0,0,0,0,0,0,0,0,0,0,0,0,0,0,0,0,0,0,0,0,0,0,0,0,0,0,0,0,0,0,0,0,0,0,0,0,0,0,0,0,0,0
2021-02-13,1.509,22.607,12.325,0,18.029,0,8.585,0,42.718,41.224,3.344,23.698,28.967,0,0,28.633,0,0,0,0,0,3.39,0.343,10.215,0,16,0,0,41.384,0.601,8.035,3.998,8.663,1.275,0,8.688,0,0.486,22.759,1,12,50.97,50,0,0,3.907,15.654
2021-02-14,0,31.032,0,0,17.99,7.33,8.546,0,30.622,29.167,3.979,29.552,25.06,0,0.485,27.583,10.626,0,14.013,52.733,1.518,4.615,0.101,9.238,0,11,1.101,0,21.108,4.233,11.063,0,11.566,0.553,7,8.346,0,0.844,5.981,4,14,50.27,7,0,0,0.456,4.725
2021-02-15,0,29.963,0,0,22.662,29.518,16.229,0,67.075,53.835,3.873,31.143,39.655,0,0,18.567,19.976,0,9.751,52.821,1.557,2.837,0,15.512,4,9,1.464,0,34.639,1.771,8.775,7.396,17.25,0,7,2.82,0,3.067,21.147,5,18,85.206,10,0,0,0,9.323
2021-02-16,0,44.202,0,0,23.392,7.895,13.246,0,54.7,34.648,7.784,23.259,31.647,0,0,0.401,31.462,0,14.185,67.819,1.492,4.546,0,6.627,0,8,2.229,0,31.413,0,7.788,4.858,16.608,0,3,9.706,0,5.429,9.031,1,24,80.675,0,0,0,7.989,2.543
2021-02-17,0,16.635,0,0,11.326,16.437,0.501,0,45.407,19.683,1.854,18.632,30.358,0,0,16.989,21.962,7.751,10.466,53.632,1.136,6.141,0.211,9.16,0,3,1.665,0,21.884,0,6.48,5.512,4.958,0,0,3.291,0,1.895,11.627,1,11,79.221,0,0,0,7.149,5.803
2021-02-18,1.696,32.862,3.711,0,12.694,20.782,2.581,0,37.284,41.406,1.614,16.562,18.17,0,25.094,16.832,30.75,4.302,9.081,62.327,0.533,2.9,0,3.359,0,7,1.358,0,31.676,0,4.855,6.085,5.271,1.021,4,4.666,0,0.343,25.251,1,4,62.014,0,0,0,7.46,4.224
2021-02-19,2.254,19.868,2.203,0,10.569,15.853,2.681,0,32.363,15.753,0,11.109,11.405,0,0,0.2,24.622,0,7.091,62.583,0.701,1.393,0,4.297,0,6,0.714,0,24.805,0,1.877,4.817,13.118,0,0,6.043,0,2.232,22.575,5,2,78.806,0,2.364,0,3.767,5.576
2021-02-20,2.145,27.657,2.132,0,14.047,20.23,3.107,0,22.696,16.121,0.949,11.185,15.966,2.205,0.234,9.956,29.141,0.586,3.662,42.79,1.158,3.237,0,7.035,0,7,0.401,0,15.257,0,2.258,3.056,6.551,0,0,2.619,0,0.994,10.304,4,5,84.219,12,1.966,1.661,5.651,7.82
2021-02-21,0,22.194,0,0,16.473,11.934,3.76,0,8.765,19.134,1.91,6.057,25.173,3.397,0,7.267,23.559,0,3.177,26.828,0.59,0.864,0,4.799,0,9,1.208,0,17.024,0,2.954,4.991,5.347,0,0,6.243,0,0.658,11.689,1,5,54.828,9,3.38,1.853,2.463,1.178
2021-02-22,0,15.893,0,0,13.028,7.59,1.428,0,22.473,31.975,0,5.726,11.662,2.139,0,6.523,17.647,0,1.674,29.742,0,1.004,0,3.859,0,9,0,0,6.416,0,2.58,3.415,6.382,0,2,8.226,0,0.622,13.166,3,6,44.965,5,1.193,0.476,3.177,0
2021-02-23,0,14.325,0,0,18.058,14.648,5.814,0,22.173,34.168,0,4.104,12.581,3.509,0,6.546,13.952,0,3.569,18.409,0,1.004,0,0,0,1,0,0,4.042,0,1.542,4.358,4.527,0,1,0,0,0.844,10.504,1,7,61.144,23,2.204,0,2.974,2.124
2021-02-24,0,22.367,0,0,17.74,10.908,6.29,0,49.297,31.588,3.246,4.126,12.151,2.368,0,9.933,21.386,6.901,3.769,37.166,0,1.087,0.269,6.052,0,7,0,1.202,0,0,0.765,4.824,10.87,0.623,0,0.806,0,0.265,16.024,4,2,33.346,15,0,1.253,4.143,6.574
2021-02-25,0,8.961,0,0,17.439,7.589,5.375,0,16.114,27.714,3.049,5.94,25.743,3.595,0,8.578,26.306,7.097,8.921,37.611,0,1.501,0,7.645,1.678,11,0,1.496,0,0,0,5.201,22.129,0,0,0,0,1.345,13.579,2,4,59.275,31,0,1.115,5.312,5.184
2021-02-26,0,32.708,0,0,37.054,8.52,11.893,0,58.031,58.6,4.078,7.797,15.152,2.594,0,8.057,35.142,17.126,6.467,33.812,0,0.728,0,9.013,0,15,0,0,0,0,2.945,4.817,44.189,0,3,8.527,0,1.246,34.922,7,29,67.95,36,0,6.103,2.853,9.047
2021-02-27,0,19.814,0,0,20.261,10.082,0,0,75.052,50.507,2.872,7.307,15.378,4.224,3.98,17.044,42.927,0,9.518,31.688,0,0,0,0,0,6,0,0,0,0,2.794,4.923,25.639,0,2,5.204,0,0.879,31.777,1,6,78.375,13,0,1.541,2.335,0.234
2021-02-28,5.902,30.254,3.382,0,28.966,10.098,4.386,0,109.499,64.697,0.894,2.814,16.493,2.03,16.038,14.914,31.679,4.498,8.374,29.552,0,1.383,0,7.811,0,18,0,0,0,0,3.21,3.958,57.701,0,3,5.137,0,0.487,22.994,0,5,34.436,19,0,1.529,4.239,5.203
2021-03-01,3.059,56.205,2.53,0,13.096,11.507,5.978,0,63.74,32.73,0.885,3.06,18.348,3.132,17.563,8.397,14.699,6.452,8.192,24.048,1.119,1.055,0.352,9.229,0,7,0,0,0,0.595,2.137,1.836,47.495,0,0,3.659,0,1.031,13.88,0,3,37.047,5,0,3.522,3.007,4.147
2021-03-02,1.22,16.923,0,0,20.254,6.322,6.003,0,38.638,28.313,0.826,5.466,13.285,2.744,16.808,7.571,28.836,3.884,8.175,21.406,0.951,1.497,0,7.752,0,8,0,0,0,0,1.164,2.155,36.663,0,2,1.577,0,1.21,11.774,2,1,31.58,25,0,0.512,1.167,16.02
2021-03-03,0,36.257,5.358,0,9.517,7.324,3.854,0,37.175,26.066,0,4.3,10.367,4.511,10.535,5.928,12.581,4.691,8.692,7.757,0.59,0.418,0,4.959,0,10,0,0,0,0,4.64,5.102,43.467,0,2,3.39,0,1.18,9.429,1,4,22.575,13,0,1.37,1.349,6.807
2021-03-04,2.63,16.123,0,0,10.901,0,3.812,0,28.436,19.193,0.584,2.832,14.565,1.917,9.932,7.063,9.439,0.838,8.764,18.177,0.422,0.325,0,5.043,0,2,0,0,0,0,2.212,3.639,10.25,0.21,0,1.914,0,1.645,9.513,2,4,72.44,10,0,0.991,1.223,6.137
2021-03-05,1.17,12.779,0,0,6.605,5.335,6.22,0,66.469,27.812,1.844,4.462,20.454,2.532,16.959,6.534,19.505,1.907,5.017,18.138,0,0.892,0,5.688,0,8,0,0,0,0,3.981,4.86,23.397,0,1,0,0,0.215,22.45,6,12,63.547,17,0,0,2.375,6.354
2021-03-06,7.347,3.779,1.313,0,19.868,10.27,5.374,0,78.998,58.891,3.297,7.744,33.851,4.325,33.633,9.558,29.662,11.773,11.709,26.735,0,0.427,0,7.953,0,5,0,0,0,0,5.676,9.512,41.931,0.194,3,1.007,0,1.802,34.67,6,7,97.965,35,0,0,1.349,7.826
2021-03-07,0,0.686,1.113,0,13.647,10.989,5.025,0,74.65,42.801,2.781,1.75,22.096,3.784,24.545,12.526,34.448,7.01,12.41,26.889,0,1.823,0.141,10.415,0,8,0,0,0,0,7.54,2.417,15.099,0.414,2,0,0,0.53,50.138,4,8,84.667,10,0,0.868,2.353,9.381
2021-03-08,5.281,23.447,3.811,0,13.751,6.605,6.166,0,71.416,23.347,1.11,4.321,17.239,0.928,20.482,9.142,13.754,5.467,10.553,23.921,0,1.001,0,8.882,0,0,0,0,0,0,1.786,4.578,22.542,0,1,6.646,0,0.966,31.896,1,9,47.093,3,0,1.648,1.546,4.332
2021-03-09,0.325,22.308,1.351,0,8.362,11.139,4.757,0,43.386,15.135,2.621,5.294,16.002,4.836,17.194,6.78,12.398,2.24,6.59,32.608,0,0.162,0,4.299,0,10,0,0,0,0,4.333,3.167,17.411,0,0,6.377,0,0.78,21.675,0,5,34.903,10,0,0,1.171,4.111
2021-03-10,0,15.269,0.35,0,12.594,4.031,3.709,0,20.555,20.889,1.294,2.269,14.012,0.338,13.865,9.129,10.802,3.262,2.391,24.891,0,0.859,0,1.448,0,6,0,0,0,0,3.376,4.351,18.385,0,1,0,0,0.258,14.299,3,2,30.263,0,0,0,1.102,4.749
2021-03-11,0,26.574,2.214,0,14.632,4.549,3.919,0,31.467,20.822,1.719,4.167,12.295,2.181,0.332,4.173,11.851,10.352,4.767,26.204,0,0.854,0,2.925,0.597,5,0,0,0,0,1.687,3.489,14.532,0,1,0,0,0.665,18.898,3,3,27.87,5,0,1.894,1.528,7.018
2021-03-12,3.391,30.769,3.505,0,10.585,1.79,3.699,0,33.083,15.286,3.874,6.607,19.835,2.017,0.507,8.272,17.348,4.198,3.344,19.764,1.358,1.27,0,0,0,6,0,0,0,0,1.938,5.252,12.555,0,2,0,0,0.6,13.934,1,1,72.119,2,0,1.984,2.768,6.692
2021-03-13,2.153,19.754,3.176,0,10.75,1.572,3.517,0,17.931,29.603,4.517,9.418,22.085,3.497,18.924,9.599,18.476,10.42,10.87,31.086,0.746,3.283,0.183,4.242,0,12,0,2.246,0,0,2.338,0.531,11.972,0,1,7.676,0,1.195,24.541,8,2,66.488,16,0,0.852,2.89,3.785
2021-03-14,6.154,31.426,1.535,0,14.198,13.161,2.006,0,15.001,22.041,2.855,3.763,14.122,1.554,12.856,12.227,23.658,6.591,0,21.295,1.352,0.708,0,0,0,8,0,1.27,0,0,2.409,0,14.288,0,0,9.867,0,0.515,17.472,2,10,89.007,9,0,2.045,2.059,3.183
2021-03-15,2.204,14.264,2.145,0,7.108,1.856,0.281,0,13.357,12.192,0.401,1.98,12.079,1.579,5.546,5.333,16.439,5.068,5.652,17.597,0.156,0.678,0,5.674,0,6,0,1.34,0,0,1.314,0,11.053,0,2,0,0,0.615,12.164,3,1,66.587,5,0,0,0.643,4.286
2021-03-16,0.601,13.83,1.056,0,6.255,7.475,4.84,0,15.303,11.608,1.052,2.667,11.655,1.404,7.963,3.962,10.865,3.328,3.345,15.772,0,0.859,0,1.72,0,7,0,0.332,0,0,0.693,2.396,8.723,0,1,8.194,0,0.687,8.927,0,1,56.788,4,0,0.518,1.344,1.692
2021-03-17,7.977,14.2,1.419,1.244,10.47,3.711,4.83,0,11.914,13.372,2.346,5.34,17.232,2.081,11.204,7.444,20.628,5.888,3.567,14.53,0,0.576,0,2.241,0.963,3,0,0.644,0,0,3.305,1.344,13.589,0,2,0,0,0.758,8.698,3,2,50.584,4,0,0,3.015,2.907
2021-03-18,5.987,7.124,2.692,0,12.674,5.635,2.607,0,24.801,18.211,1.845,2.794,10.767,0.732,10.341,6.606,12.03,4.532,6.66,15.852,0,0.834,0,5.469,0,2,0,1.29,0,0,1.654,1.835,12.309,0,5,2.125,0,1.059,17.051,1,6,50.86,5,0,0.367,1.437,7.92
2021-03-19,9.668,22.86,0.958,0.551,13.329,4.198,5.34,0,13.77,20.025,2.215,2.771,14.775,1.093,20.484,6.053,14.57,5.085,3.947,23.292,0,0.87,0,3.195,0,10,0,1.915,0,0,4.218,3.106,10.277,0,3,5.569,0,0.722,28.332,1,5,41.273,16,0,0.367,0.885,2.995
2021-03-20,11.557,40.037,11.913,0,16.556,7.057,11.38,0,31.158,44.341,2.186,3.567,14.713,3.96,16.621,9.551,20.814,13.648,7.49,25.584,0,1.536,0,14.232,2.4,10,0,0.714,0,0,3.544,3.739,14.584,0,1,9.934,0,2.41,13.563,4,2,81.981,12,0,2.804,3.492,15.177
2021-03-21,7.952,22.475,0,7.783,15.838,8.931,3.497,0,46.462,32.805,4.64,5.199,14.586,2.545,14.685,9.517,16.303,3.997,8.677,29.423,0,2.179,0.192,1.188,2.282,12,0,1.703,0,0,1.542,3.267,10.503,0,1,9.599,0,0.293,35.11,3,11,83.79,10,0,0.818,3.131,4.448
2021-03-22,2.694,18.013,0,0,8.329,3.528,4.512,0,17.739,13.192,1.072,3.361,9.626,1.935,11.204,6.205,13.896,4.682,5.021,6.352,1.102,0.167,0,7.223,1.761,8,0,2.175,0,0,0,1.224,8.727,0,0,4.432,0,0.566,16.729,2,3,51.26,2,0,0,1.102,6.466
2021-03-23,3.955,25.102,0,0,15.836,3.479,0.414,0,33.292,19.465,1.824,3.624,16.342,2.135,10.554,4.498,14.774,2.291,2.71,10.069,0.301,1.09,0,0,1.28,9,0,1.491,0,0,0,1.834,11.333,0,1,5.586,0,1.853,13.86,1,1,44.415,2,0,0.835,1.645,4.235
2021-03-24,4.733,16.338,0,0.636,8.747,5.266,4.148,0,18.118,12.601,0.922,2.216,12.718,2.395,8.91,4.265,10.667,2.341,3.134,10.682,0,1.337,0,2.592,1.331,8,0,2.396,0,0,0,1.791,5.338,0,2,3.695,0,0.351,16.664,2,2,28.033,2,0,0,2.638,2.418
2021-03-25,8.131,24.35,0,3.169,8.646,2.193,2.807,0,2.663,6.385,0.834,3.243,9.45,4.069,9.37,4.951,10.587,3.461,2.669,11.403,1.403,1.439,0,4.264,1.424,2,0,3.982,0,0,0,2.545,9.27,0,1,0.852,0,1.317,14.587,2,4,30.723,3,0,1.102,2.289,1.792
2021-03-26,9.155,22.897,0,3.749,18.946,0,6.983,0,16.774,24.862,1.545,2.842,17.447,1.905,13.383,9.08,20.66,3.629,3.296,26.647,0.384,1.576,0,7.509,1.531,12,0,7.929,0,0,0.111,1.266,6.164,0,2,5.468,0,0.902,28.296,3,7,42.361,12,0,1.961,2.338,8.621
2021-03-27,15.81,36.411,0,0.565,14.566,0,10.515,0,21.053,15.838,3.582,4.224,22.372,1.624,15.061,11.672,26.456,8.512,5.89,23.569,0,1.644,0.161,11.054,0.622,12,0,5.287,0,0,2.226,1.529,8.324,0,1,11.958,0,0,25.349,2,3,48.114,19,0,2.115,4.519,12.03
2021-03-28,5.975,28.676,5.675,1.28,13.896,3.426,4.612,0,27.164,20.119,2.898,3.268,16.33,1.152,10.408,10.037,27.124,10.687,3.54,24.58,0,1.485,0,0,1.13,7,2.003,5.157,0,0,1.14,2.143,9.767,0.202,2,0,0,1.045,22.995,2,2,53.165,5,0,2.146,3.485,7.532
2021-03-29,10.385,8.599,1.702,1.731,14.469,0,3.347,0,9.874,23.126,2.255,2.252,12.771,2.927,10.886,4.03,25.371,0.904,1.347,8.999,0,0.682,0,8.068,0.501,9,1.877,6.369,0,0,0.447,3.535,4.758,0,1,4.565,0,0.652,35.063,4,3,44.902,6,0,0.441,2.858,1.929
2021-03-30,9.375,20.653,0,4.765,11.791,0,2.827,0,27.993,18.567,2.397,3.005,17.599,3.357,10.966,4.178,17.846,0,2.492,8.619,0,1.468,0.279,6.118,0.286,6,1.036,4.233,0,0,1.934,2.944,6.935,0.222,0,6.003,0,0.529,9.078,1,3,38.765,6,0,0.451,2.568,2.883
2021-03-31,0,18.454,5.363,2.704,17.293,1.232,5.553,0,43.147,16.792,1.203,1.277,14.665,1.523,9.11,5.101,14.42,7.65,2.96,6.494,0,0.41,0.225,0,1.009,9,0,5.552,0,0,1.693,3.295,5.312,0,0,0,0,1.623,14.32,2,3,43.48,12,0,2.646,1.655,5.715
2021-04-01,11.063,19.341,6.129,0,15.033,2.049,9.922,0,28.184,20.971,1.403,0.959,11.957,3.788,11.47,6.025,18.791,10.417,4.385,7.125,0,0.9,0,6.893,1.837,4,2.454,4.217,0,0,1.602,3.182,6.467,0,3,5.285,0,1.023,20.318,0,3,36.656,7,0,0,3.007,7.721
2021-04-02,12.386,26.238,12.595,0.193,16.258,0,6.815,0,27.173,16.69,0.751,1.732,16.734,0.571,16.922,8.716,19.319,10.175,3.996,14.721,0,2.073,0,9.186,2.453,10,2.271,4.443,0,0,3.127,3.507,6.404,0,3,8.077,0,0.279,50.211,3,1,51.559,19,0,1.092,2.081,7.189
2021-04-03,11.106,43.831,9.72,0,15.704,1.132,10.928,0,26.124,13.054,4.41,5.787,24.58,3.286,19.481,15.184,38.639,14.916,4.636,24.128,0,2.403,0,9.361,4.658,11,2.429,4.973,0,0,4.344,2.419,11.895,0,0,6.472,0,1.547,29.954,0,5,62.915,10,0,0,6.569,9.901
2021-04-04,20.182,27.255,6.688,0,15.751,3.779,8.661,0,40.739,12.432,2.756,4.215,15.766,1.867,14.863,14.685,34.189,6.906,4.512,20.461,0,2.078,0,0,1.489,11,3.808,4.671,0,0,2.027,3.134,7.608,0,0,8.645,0,0.537,37.267,1,4,66.277,12,0,2.906,3.283,6.071
2021-04-05,23.925,16.394,3.729,0,21.558,0,6.078,0,30.003,21.879,3.629,5.266,11.856,2.356,14.772,14.442,50.109,8.74,8.372,21.845,0,1.28,0,5.532,1.396,12,1.561,3.606,0,0,1.789,2.693,9.963,0,0,5.97,0,1.209,26.592,2,4,85.561,1,0,0,5.089,5.051
2021-04-06,6.71,3.153,1.678,0,2.641,0,4.749,0,18.8,2.579,2.075,0.677,2.407,0.439,4.222,2.05,6.156,3.339,1.003,3.457,0,0.388,0,1.289,0.165,2,0.693,1.231,0,0,1.14,0.138,3.196,0,0,1.488,0,0.565,6.974,0,0,26.808,0,0,0,0.791,1.103
2021-04-07,11.649,22.739,8.735,6.272,27.897,0,11.292,0,45.816,11.934,4.259,3.974,11.805,1.253,7.432,6.27,15.592,9.024,4.674,16.416,0,0.622,0,0,1.319,14,4.258,3.641,0,0,2.235,1.128,7.18,0,3,0,0,0.293,11.347,3,2,39.233,0,0,0,3.397,9.482
2021-04-08,8.36,8.498,4.041,0,12.109,0.843,1.074,0,40.053,12.892,1.824,2.238,19.405,0.914,8.431,0,14.066,6.175,3.247,7.355,0,1.309,0,8.642,2.227,4,0,1.673,0,0,2.321,2.933,12.151,0,1,9.381,0,0.88,8.228,0,2,28.051,0,0,0,1.702,6.406
2021-04-09,10.114,22.555,4.134,0,12.642,2.286,8.11,0,27.225,11.176,1.613,1.766,12.007,3.985,11.128,5.343,35.317,4.855,2.144,19.838,0,0.82,0,7.393,0.866,5,0,4.652,0,0,1.751,1.542,12.227,0,2,4.731,0,1.244,16.661,0,2,26.78,9,0,1.459,4.317,7.844
2021-04-10,8.901,20.448,4.141,0,37.796,0,3.167,0,45.255,21.417,2.236,4.732,15.385,3.295,17.048,12.171,28.438,5.618,6.514,17.415,0,0.616,0,9.415,1.338,11,0,4.656,0,0,2.051,1.554,13.351,0,3,0,0,0,21.748,0,4,58.05,4,0,0.824,3.804,19.113
2021-04-11,13.722,21.082,6.494,0,30.422,0,3.955,0,42.428,11.454,2.785,2.685,20.714,1.041,13.088,11.148,21.373,7.25,3.638,15.993,0,1.316,0,9.033,2.203,14,0,4.135,0,0,1.503,4.173,12.744,0,4,6.488,0,0.243,25.739,0,4,66.878,4,0,0,3.415,22.024
2021-04-12,8.511,16.767,3.626,0,17.727,0,4.128,0,43.651,15.888,2.663,2.378,7.518,0,4.951,6.728,16.374,5.63,3.579,3.056,0,0.394,0,5.136,1.122,4,0,4.876,0,0,1.617,1.379,10.447,0,2,4.315,0,0.693,15.653,4,5,15.82,0,0,0,3.437,4.565
2021-04-13,15.114,8.916,4.242,0,15.437,0,0,0,23.203,6.214,1.47,0.814,8.547,1.88,5.784,5.201,16.204,6.002,1.565,4.519,0,1.199,0,4.968,1.034,8,0,2.829,0,0,0.774,2.155,11.736,0,1,1.906,0,1.336,12.389,6,3,32.195,0,0,1.258,1.874,9.065
2021-04-14,9.114,15.964,3.762,0,14.95,0,4.069,1.607,49.102,5.778,3.452,2.096,12.971,1.153,6.654,8.394,17.995,1.633,2.917,11.253,0,1.156,0,9.599,0.944,9,0,3.267,0,0,1.28,2.105,6.767,0,0,7.527,0,1.311,12.125,3,1,28.417,7,0,0,2.884,9.247
2021-04-15,9.63,13.644,1.148,0,16.457,0,3.138,0,37.303,7.932,3.23,2.566,4.049,1.09,8.043,6.325,13.81,3.21,2.545,11.104,0,0.627,0,6.956,0.994,7,0,2.823,0,0,1.976,2.882,6.605,0,3,2.861,0,1.678,13.24,3,4,26.874,5,0,0.827,2.535,9.72
2021-04-16,10.302,13.741,5.138,0,10.334,0,3.655,1.223,37.531,8.697,2.706,3.398,6.894,2.139,8.185,11.468,13.521,5.888,1.665,10.531,0,0.531,0.197,3.473,1.487,2,0,0.726,0,0,1.749,3.885,14.516,0,0,3.494,0,0.292,26.711,2,6,29.198,7,0,0.326,4.902,9.844
2021-04-17,15.125,31.493,7.532,0,21.943,0,5.101,0,41.63,11.707,4.187,1.645,11.493,4.934,17.188,15.765,35.618,4.972,4.661,14.89,0.5,1.118,0,7.51,2.412,8,0,3.962,0,0,2.657,3.421,9.416,0,1,5.46,0,0.267,42.018,2,4,48.989,18,0,1.955,3.254,13.898
2021-04-18,15.83,29.202,4.449,0,9.617,0,7.237,0,31.577,20.762,4.255,4.226,9.226,1.648,11.905,13.259,23.343,7.209,1.303,11.093,1.739,0.955,0,3.599,1.144,17,0,4.149,0,0,0.979,3.384,19.012,0,1,7.739,0,1.017,24.972,4,4,79.583,10,0,4.375,3.053,12.559
2021-04-19,12.212,14.201,6.457,0,12.425,0,4.756,0,24.045,7.064,1.06,1.675,10.277,0.568,10.859,9.484,10.014,7.522,1.793,6.655,0.622,0.45,0,5.889,1.003,6,0,2.279,0,0,1.625,2.207,8.256,0,0,4.9,0,1.061,15.078,2,1,42.657,5,0,1.229,2.292,5.954
2021-04-20,17.811,17.238,15.219,0,7.408,0,7.491,0,20.9,10.218,1.734,1.361,5.229,3.184,10.962,6.227,16.655,4.411,2.757,10.332,0,1.142,0,3.284,0.835,4,0,5.67,0,0,1.38,2.576,10.362,0,0,10.407,0,0.225,13.683,2,2,42.696,1,0,1.93,4.387,11.488
2021-04-21,16.568,19.044,11.571,0,9.248,0,3.296,0,41.235,10.988,1.146,1.945,17.128,2.828,6.741,4.781,19.398,6.405,2.546,12.076,0,0.248,0,6.444,1.002,7,0,0,0,0,1.911,1.672,7.996,0,2,17.381,0,1.044,30.35,1,2,34.1,0,0,0,3.338,14.6
2021-04-22,22.427,16.037,10.233,0,9.348,0,2.164,0,20.507,10.601,1.863,1.151,3.98,2.561,5.295,8.475,12.096,5.301,1.993,10.311,0,0.308,0,5.027,1.329,7,0,4.344,0,0,1.614,2.425,13.046,0,1,12.077,0,0.852,22.519,4,2,25.972,0,0,4.149,0.951,9.182
2021-04-23,11.747,20.348,17.092,0,6.84,0,5.947,0,26.742,5.374,3.108,2.417,15.976,3.453,9.455,6.166,27.577,5.158,4.411,9.17,0,0.253,0.293,7.507,1.243,8,0,6.216,0,0,2.297,3.68,11.216,0,2,33.47,0,1.261,19.458,2,5,26.595,0,0,2.37,4.218,3.346
2021-04-24,35.954,21.953,30.026,0,8.815,0,10.793,0,35.113,10.358,3.211,7.1,20.487,4.556,18.148,15.728,72.387,4.271,4.231,15.544,0,1.301,0,15.505,1.634,13,0,6.404,0,0,2.659,4.983,29.035,0,5,12.281,0,1.403,34.922,3,10,54.921,0,0,0.821,3.274,8.145
2021-04-25,22.966,19.117,26.288,0,12.657,0,9.399,0,48.879,10.963,4.385,3.937,12.978,2.757,6.926,11.274,65.618,4.37,3.178,10.923,0,1.087,0,6.858,0.531,11,0,7.26,0,0,2.699,2.895,16.116,0,0,7.325,0,0,28.646,0,4,35.924,0,0,1.109,4.899,9.081
2021-04-26,16.483,12.941,21.104,0,13.061,0,4.213,0,21.517,6.361,1.132,2.642,6.547,0.99,6.525,9.125,28.466,3.51,0.552,9.751,0,1.674,0,3.579,2.12,5,0,3.412,0,0,2.115,2.608,8.31,0,2,8.639,0,0,14.652,3,3,40.089,0,0,0.882,3.754,8.012
2021-04-27,9.899,12.627,13.027,0,3.509,0,9.113,0,35.956,8.081,1.763,1.434,24.045,0.414,6.564,5.828,19.977,2.163,2.079,8.81,0,0.828,0,4.682,0.317,0,0,2.053,0,0,1.794,1.979,6.993,0,0,4.093,0,0,6.513,2,0,33.231,0,0,3.284,3.107,11.155
2021-04-28,2.223,13.426,18.312,0,3.02,0,3.144,0,23.091,9.071,0,3.304,14.567,3.085,8.253,2.611,14.877,7.23,2.265,5.982,0,0.687,0,4.6,1.377,2,0,1.96,0,0,1.196,1.83,7.421,0,4,8.438,0,0,14.528,0,3,30.578,0,0,0.866,2.003,6.321
2021-04-29,7.974,19.366,5.516,0,1.404,0,5.218,0,27.976,6.061,0.917,2.81,7.056,1.843,6.146,5.988,16.221,1.968,2.394,6.564,0,0.784,0,3.595,2.254,2,0,2.372,0,0,1.753,3.071,8.332,0,0,9.601,0,0.902,17.637,2,2,36.559,0,0,0.502,1.388,8.78
2021-04-30,6.529,23.345,9.449,0,1.388,0,6.071,0,17.659,5.23,1.92,4.44,16.841,1.369,7.355,0,21.342,0.642,3.062,12.828,0,0.819,0,1.439,2.028,4,0,6.186,0,0,1.375,2.707,11.417,0,1,20.461,0,0,16.783,1,4,28.011,0,0,0.851,2.883,8.078
2021-05-01,12.303,20.018,15.24,0,4.232,0,1.305,2.73,22.026,12.08,0.845,4.957,12.004,2.155,14.534,0,35.273,6.125,2.438,16.864,0,0.902,0,6.238,1.211,8,0,5.852,0,0,3.182,1.929,9.26,0,2,7.729,0,0,22.17,0,2,51.77,0,0,0.775,5.48,11.07
2021-05-02,15.746,17.809,19.446,0,9.483,0,5.618,4.766,33.418,17.409,3.397,6.31,14.016,1.854,13.765,0,25.303,3.875,2.357,15.502,0,0.635,0,6.506,1.937,5,0,7.012,0,0,3.488,1.492,7.396,0,0,8.893,0,0,11.163,5,6,48.895,0,0,0.578,6.299,11.739
2021-05-03,8.262,26.792,21.567,0,12.39,0,2.776,0,40,16.853,5.629,5.767,13.046,2.09,10.95,13.037,26.405,7.911,4.008,17.666,0,1.845,0,8.931,1.077,8,0,4.984,0,0,0.106,0,9.375,0,0,22.537,0,0,11.208,4,8,53.554,0,0,1.247,3.641,20.054
2021-05-04,10.764,25.771,22.395,0,9.56,0,4.164,0,29.05,17.214,2.269,3.523,9.112,1.556,10.866,6.87,19.199,9.218,1.479,7.656,0,0.292,0,7.894,1.143,5,0,12.234,0,0,1.904,4.725,10.632,0,0,7.467,0,0,18.639,0,3,22.129,0,0,2.903,2.097,13.244
2021-05-05,23.987,18.865,15.703,0,17.128,0,1.756,0,23.483,11.593,5.351,3.74,8.771,2.609,28.895,5.906,18.227,3.579,0.376,12.587,0,0.669,0,8.787,2.765,6,0,10.767,0,0,2.923,2.418,12.076,0,0,8.483,0,0,15.929,4,3,37.902,0,0,2.491,4.419,10.202
2021-05-06,9.592,15.988,17.742,0,9.679,0,7.326,0,15.632,5.989,1.454,2.805,11.805,4.816,9.94,2.31,20.42,1.822,2.878,4.789,0,0.209,0,7.894,1.203,7,0,11.514,0,0,1.822,3.234,6.955,0,0,7.47,0,0,0.779,2,3,52.619,0,0,2.442,4.142,5.335
2021-05-07,13.977,15.002,13.647,0,6.347,0,2.208,0,22.912,10.119,0.421,3.723,10.347,5.77,5.443,6.127,14.717,2.006,1.333,4.399,0,0.468,0,3.625,2.037,5,0,5.975,0,0,1.412,2.771,7.37,0,0,10.001,0,0,11.329,1,3,53.632,0,0,2.041,1.936,8.646
2021-05-08,22.311,17.93,16.165,0,5.341,0,3.897,0,20.569,11.996,1.684,6.778,17.271,2.737,8.228,5.804,14.666,2.91,1.202,8.86,0,0.868,0,6.994,2.597,6,0,9.909,0,0.16,1.21,2.719,11.304,0,1,4.496,0,0,13.456,0,2,42.365,0,0,0.462,4.16,5.653
2021-05-09,31.448,24.548,19.992,6.1,11.465,0,10.519,0,23.103,12.526,1.163,3.298,16.763,6.219,11.757,3.736,22.037,5.034,3.969,11.465,0,1.195,0,6.091,2.68,4,1.827,8.114,0,0,3.405,3.583,10.452,0,3,7.528,0,0,15.406,1,2,66.127,0,0,4.84,5.435,18.863
2021-05-10,15.654,20.207,13.797,0,4.077,0,2.611,3.108,19.751,7.021,2.365,2.182,14.227,5.804,8.621,0,15.603,0,0.501,3.507,0,0.514,0.191,0,1.553,3,1.697,12.861,0,0,2.584,3.608,8.296,0,0,8.033,0,0,15.263,1,1,41.488,0,0,2.309,2.205,5.953
2021-05-11,11.911,10.905,20.545,0,5.421,0,7.288,0,32.61,5.446,2.746,4.15,14.778,4.046,5.439,6.387,15.537,2.258,1.893,4.199,0,1.279,0,3.384,1.764,5,1.12,18.41,0,0,0.814,3.597,8.259,0,0,13.59,0,0,12.231,2,0,23.618,0,0,1.846,4.658,10.571
2021-05-12,15.356,18.364,16.771,7.363,2.308,0,6.283,2.456,20.508,8.698,0.411,4.368,13.654,0.964,5.741,3.83,12.443,2.825,0.983,3.327,0,1.48,0,2.679,1.754,3,1.953,6.026,0,0,3.403,4.513,10.013,0,0,6.871,0,0,6.809,3,4,20.502,0,0,2.525,2.439,7.593
2021-05-13,14.548,14.28,33.938,11.058,1.727,0,5.1,0,14.638,6.505,1.804,2.042,10.12,4.651,10.01,3.98,18.011,3.596,1.344,6.685,0,0.2,0,1.361,5.264,7,1.419,7.757,0,0,1.938,3.784,15.176,0,0,6.72,0,0,6.084,2,2,19.599,0,0,1.556,3.925,2.776
2021-05-14,6.936,21.808,36.764,5.327,9.015,0,7.047,0,21.448,7.539,1.182,4.02,23.454,5.982,7.37,7.009,20.553,4.082,2.956,8.277,0,0.429,0.177,5.344,2.135,2,1.354,6.996,0,0,2.335,3.897,12.07,0,0,6.468,0,0,20.444,0,2,26.736,0,0,1.454,3.639,11.976
2021-05-15,9.325,45.538,23.189,9.171,3.334,0,5.68,0,53.985,15.263,5.29,3.688,17.349,6.558,13.864,7.441,23.772,8.913,1.112,10.153,0,0.723,0,6.435,2.246,7,1.878,12.195,0,0,1.867,3.258,31.904,0,1,6.773,0,0,13.575,1,2,34.525,0,0,6.957,6.18,15.363
2021-05-16,9.7,29.216,7.614,7.678,9.779,0,4.577,0,43.769,32.269,2.68,5.11,15.383,1.179,12.649,7.528,31.318,9.783,1.874,5.063,0,0.722,0,0,1.323,5,0,14.063,0,0,4.477,4.426,34.519,0,5,8.739,0,0,21.064,8,4,100.877,0,0,1.104,3.573,17.354
2021-05-17,10.001,19.083,17.744,7.071,2.028,0,3.052,0,32.32,6.091,1.027,2.699,16.001,3.866,6.022,7.458,12.345,4.817,1.864,3.778,0,0.386,0.283,8.771,1.233,3,0,7.072,0,0,0.194,4.074,5.971,0,0,6.773,0,0,15.242,1,0,61.15,0,0,2.558,3.389,7.529
2021-05-18,11.981,11.856,20.307,9.834,3.896,0,4.196,3.845,21.524,7.052,0.789,3.835,14.116,6.835,7.475,5.837,21.519,3.93,1.083,6.492,0,0.729,0,4.285,2.817,8,0.551,7.031,0,0,1.865,3.624,19.215,0,0,10.105,0,0,9.579,4,0,55.477,0,0,2.341,2.954,6.867
2021-05-19,10.71,12.56,15.894,2.681,3.736,0,3.052,0,26.015,7.626,0.539,5.24,10.021,5.305,7.394,7.141,23.154,2.893,1.875,6.382,0,0.594,0,3.585,5.817,7,2.063,11.882,0,0,1.788,2.769,11.693,0,1,4.397,0,0,10.747,0,0,50.797,0,0,0,5.202,5.021
2021-05-20,9.549,19.451,19.444,2.738,5.663,0,2.148,3.495,24.132,8.648,1.353,1.712,14.238,4.338,7.64,5.636,8.171,4.046,2.27,2.938,0,1.244,0,3.535,6.468,4,1.512,7.259,0,0,1.97,2.58,9.088,0,0,3.941,0,0,9.018,3,0,40.383,0,0,0.97,4.818,3.83
2021-05-21,0,17.124,10.261,0.376,2.691,0,3.635,0,14.131,9.213,2.282,1.994,15.636,5.423,13.343,7.193,22.825,3.696,2.555,3.016,0,0.815,0,0,1.162,8,1.336,6.556,0,0,2.288,2.356,18.619,0,0,7.163,0,0,11.154,5,0,4.119,0,0,0,4.377,5.537
2021-05-22,9.562,22.741,17.262,7.121,10.282,0,3.313,0,22.136,24.301,1.103,5.751,13.584,5.985,12.468,9.552,27.996,3.043,0,7.766,0,0.965,0.288,6.467,1.414,9,2.179,7.539,0,0,2.562,3.67,16.188,0,0,9.247,0,0,6.966,0,0,67.247,0,0,2.037,3.832,21.643
2021-05-23,13.11,44.555,18.964,0,17.771,0,9.055,0,26.12,17.827,3.183,3.548,17.878,11.626,12.906,9.55,45.695,11.707,0,7.196,0,0.271,0,0,5.033,5,1.929,7.252,0,0,1.738,4.55,16.799,0.263,0,8.438,0,0,18.536,8,0,103.061,0,0,4.349,5.408,28.749
2021-05-24,8.066,25.771,17.679,5.494,9.818,0,7.061,3.573,19.158,13.111,3.41,1.775,15.618,0.502,8.031,4.666,16.294,4.23,0,3.057,0,0.371,0,7.144,1.223,5,1.737,10.892,0,0,1.397,4.05,10.76,0.275,0,5.053,0,0,24.63,1,0,32.455,0,0,0.441,2.788,1.136
2021-05-25,11.71,14.952,15.335,5.852,8.996,0,13.845,0,8.652,8.615,2.655,3.99,12.141,0.823,7.118,8.563,17.861,3.462,0,3.979,0,0.744,0.278,0,1.433,6,1.803,8.147,0,0,2.178,4.761,12.66,0,1,8.588,0,0,11.693,3,0,31.145,0,0,1.368,3.449,7.526
2021-05-26,17.898,13.864,14.583,7.73,3.895,0,11.126,2.571,18.934,11.666,2.494,3.465,9.431,3.856,2.911,6.053,21.801,1.572,0,2.174,0,0.415,0,8.186,1.834,7,1.369,11.267,0,0,1.946,4.363,15.486,0,1,9.074,0,0,24.746,2,0,37.237,0,0,1.551,3.373,9.917
2021-05-27,15.858,1.722,13.511,3.708,4.599,0,14.136,8.375,22.476,5.604,1.152,2.212,12.273,1.884,0,5.437,27.75,3.779,0,6.424,0,1.087,0,3.741,1.895,7,0.225,7.721,0,0,1.836,3.873,20.184,0,1,8.893,0,0,16.202,1,3,4.303,0,0,0.365,1.922,6.672
2021-05-28,12.108,2.458,17.126,1.903,8.529,0,8.734,2.89,14.344,8.734,0.789,4.894,11.708,2.99,4.569,6.424,28.335,1.789,0,3.528,0,0.852,0,0,2.677,7,0.969,9.164,0,0,1.75,6.317,7.05,0,0,7.427,0,0,13.854,1,0,46.071,0,0,0.973,3.364,6.756
2021-05-29,15.854,3.697,20.069,8.155,16.737,0,6.847,0,26.217,23.096,0.552,2.69,13.598,0.93,3.804,8.174,39.801,7.527,0,6.422,0,2.688,0,5.152,3.148,6,2.121,7.919,0,0,3.288,5.569,18.839,0,1,7.932,0,0.584,12.978,0,0,78.189,0,0,0.897,4.742,7.458
2021-05-30,16.709,12.359,21.303,3.014,11.134,0,15.058,0,31.416,24.035,1.365,3.936,20.317,2.436,11.177,9.581,7.842,4.599,0,2.825,0,1.821,0.232,6.284,1.894,3,1.277,11.657,0,0,1.866,3.674,19.858,0,0,7.833,0,0,13.454,0,0,70.004,0,0,2.912,2.935,9.014
2021-05-31,8.621,30.804,18.411,6.736,5.735,0,4.129,0,23.387,19.602,0.886,1.243,7.894,11.844,9.546,5.623,26.674,5.771,1.954,1.974,0.622,0.68,0,6.318,3.43,8,0.617,13.149,0,0,0.955,2.973,14.699,0,0,8.537,0,0,12.491,2,2,35.271,0,0,2.208,1.372,7.659
2021-06-01,17.539,18.984,19.842,2.547,4.249,0,10.085,0,12.071,17.51,0.626,1.765,7.91,16.32,9.285,3.254,26.07,4.181,0.966,3.208,1.389,1.311,0,6.215,4.009,3,1.352,7.898,0,0,1.242,2.138,10.427,0,0,7.208,0,0.25,15.523,2,3,52.295,0,0,1.546,1.342,5.001
2021-06-02,11.538,30.339,33.647,5.509,3.512,0,7.979,1.084,22.376,12.589,0.416,2.936,12.579,8.793,10.655,7.171,18.009,3.296,2.441,2.245,0,1.385,0,5.224,6.436,3,1.553,8.597,0,0,1.378,5.3,6.734,0,1,0,0,0.417,25.405,3,4,72.251,0,0,4.08,4.066,7.993
2021-06-03,13.241,15.673,23.671,1.56,2.091,0,8.413,1.165,17.475,6.183,0.416,3.556,5.535,2.618,9.961,5.001,22.216,3.713,0.117,4.641,0,1.838,0,6.301,6.378,5,1.053,7.904,0,0,2.114,3.448,6.399,0,1,6.145,0,1.193,14.068,2,4,57.1,0,0,1.372,3.233,5.568
2021-06-04,7.485,19.898,6.417,2.913,4.716,0,8.261,0,9.85,6.646,0.731,2.866,8.446,4.161,14.239,5.122,20.347,3.077,1.154,8.048,0.772,1.004,0,6.768,5.413,7,1.804,8.177,0,0,1.815,2.267,17.19,0,1,6.957,0,0.209,11.069,1,5,31.67,0,0,1.991,2.192,3.562
2021-06-05,17.076,42.412,29.823,5.677,2.643,0,7.513,0,13.792,15.302,0.1,3.633,22.26,4.651,0.351,9.581,43.422,4.582,0,10.562,0.78,2.805,0.181,7.394,8.933,11,2.89,18.972,0,0,2.803,3.929,21.457,0,1,7.403,0,0.443,18.064,2,5,50.281,0,0,4.565,4.034,2.96
2021-06-06,26.891,21.54,28.699,7.862,14.3,0,13.32,0,34.496,22.39,1.147,3.767,22.071,2.132,1.558,4.7,24.717,0.686,0,5.709,0.865,1.77,0,0,1.473,4,3.69,14.434,0,0,2.743,3.228,23.915,0,2,8.847,0,2.128,17.426,1,1,46.398,0,0,2.292,1.415,13.093
2021-06-07,8.712,23.442,14.675,6.487,10.956,0,4.696,0,22.317,14.016,0,1.592,10.725,16.201,7.639,4.659,16.038,6.833,0,3.385,0.437,0.36,0,6.656,5.372,3,1.069,6.72,0,0,2.942,3.068,17.528,0,1,6.656,0,0,8.781,1,2,37.447,0,0,1.271,2.544,7.392
2021-06-08,7.673,21.926,21.45,4.166,9.465,0,6.705,0,10.872,9.097,0.746,2.305,16.959,4.331,8.731,5.72,11.66,3.883,0,2.109,0,0.192,0,4.136,5.285,6,1.504,6.578,0,0.12,2.387,1.896,17.228,0,1,6.658,0,0,13.446,0,2,30.431,0,0,1.94,1.692,2.368
2021-06-09,7.989,18.78,20.501,4.049,10.955,0,7.729,0.923,8.457,3.714,0.458,3.378,9.548,7.404,9.301,4.379,15.913,1.175,0.619,3.662,0.63,0.567,0,6.015,3.746,2,1.352,13.351,0,0,2.406,2.105,15.756,0,0,7.042,0,1.144,10.932,0,3,24.07,0,0,1.588,1.503,3.709
2021-06-10,5.42,17.071,20.319,3.188,5.551,0,6.335,0.518,10.202,7.791,0.244,2.353,13.947,9.226,6.105,0,3.33,1.677,2.04,2.339,0.3,0.919,0,2.795,6.303,4,0.91,9.128,0,0,1.45,3.811,18.898,0,2,4.764,0,0,10.517,0,6,29.559,0,0,0.552,1.353,5.264
2021-06-11,4.136,24.94,20.569,5.344,7.408,0,10.44,1.187,12.585,0.843,0.416,3.076,2.074,12.832,10.376,4.019,9.66,1.361,0.669,2.197,0.179,0.46,0.268,4.952,3.261,5,1.253,10.243,0,0,2.421,1.213,18.714,0,0,4.732,0,0.742,11.388,0,1,39.864,0,0,1.138,3.087,7.996
2021-06-12,10.225,35.363,32.457,6.202,16.524,0,8.999,11.356,29.231,11.043,0.602,3.636,32.627,7.528,32.429,2.692,36.725,1.39,1.623,14.351,0.666,0.81,0,6.783,5.689,5,2.03,14.296,0,0,4.415,4.51,27.827,0,5,5.089,0,0.276,15.737,0,3,30.849,0,1.668,2.409,3.174,4.022
2021-06-13,10.437,26.483,41.035,7.405,9.801,0,6.528,8.01,21.816,13.795,0.816,4.408,13.895,15.055,46.743,7.472,51.436,4.842,0,4.364,1.172,2.522,0.44,9.212,4.613,8,2.179,15.577,0,0,3.352,7.036,24.768,0,0,5.888,0,0,10.888,0,2,44.308,0,3.477,3.663,2.114,7.407
2021-06-14,10.47,27.023,27.461,7.354,5.175,0,14.108,3.33,20,13.414,0.272,3.888,15.434,7.728,28.331,6.508,54.423,0,2.827,7.313,1.058,0.96,0,0,4.849,5,2.155,14.145,0,0,5.143,5.162,17.273,0,1,7.1,0,0.844,18.614,0,2,38.334,0,8.996,0.468,2.827,8.445
2021-06-15,9.868,16.845,11.379,3.331,4.701,0,5.788,0,16.51,7.129,0.588,2.385,12.375,5.002,7.959,5.402,26.961,3.925,1.372,3.537,1.094,0.176,0,2.982,4.386,5,1.478,20.003,0,0,3.776,2.428,19.533,0,1,6.806,0,0.284,18.365,3,5,24.872,0,0,1.49,3.499,3.961
2021-06-16,6.646,11.78,12.385,4.274,4.242,0,6.559,0,8.557,5.541,0.358,3.335,8.847,7.527,6.748,6.908,8.256,4.784,0,0.828,1.553,0.61,0,6.255,3.909,4,1.686,16.203,0,0,3.179,1.664,9.095,0,2,0,0,0.267,4.734,0,1,26.134,0,0,1.488,2.064,4.713
2021-06-17,8.893,12.421,19.264,2.713,2.064,0,9.851,0,15.573,4.137,0.215,2.053,19.633,5.861,9.607,3.717,37.907,6.218,0,2.439,0.222,1.826,0,6.227,6.114,2,0.944,14.551,0,0,0.109,2.345,11.182,0,0,3.049,0,0,10.57,2,1,26.314,0,0,2.743,1.722,1.692
2021-06-18,8.054,20.504,21.513,4.164,10.404,0,6.56,0,25.035,12.229,0.115,2.352,22.343,4.092,9.642,4.52,17.662,0,0,3.187,1.36,0.944,0,5.714,3.284,9,0.81,7.511,0,0,0,2.667,15.486,0,2,5.77,0,0.868,17.309,1,1,22.607,0,0,0.904,2.444,12.633
2021-06-19,9.363,38.849,25.071,7.706,8.425,0,9.021,0,27.216,22.752,0.473,3.28,17.696,9.347,7.961,6.751,26.944,10.759,0,3.413,1.366,1.712,0,6.661,4.612,2,0.793,22.159,0,0.251,3.672,6.988,19.583,0,2,4.792,0,0.759,17.567,1,2,49.81,0,0,3.445,2.832,3.081
2021-06-20,7.441,15.001,26.783,7.396,9.349,0,9.095,0,24.13,27.913,0.602,3.676,45.989,12.932,12.599,5.869,23.225,4.412,0,3.551,1.303,1.074,0,6.917,4.022,12,1.419,28.801,0,0,2.507,4.302,21.429,0.17,2,5.799,0,0,20.389,0,2,47.558,0,0,2.96,2.596,10.448
2021-06-21,9.665,27.224,24.025,5.275,5.854,0,9.349,0,13.659,10.344,0.072,3.198,10.301,7.73,9.138,5.427,29.768,3.926,0,3.651,1.116,0.473,0,6.972,5.176,9,0.826,13.469,0,0,2.111,1.122,17.693,0,0,5.532,0,0,24.302,0,0,31.343,0,0,0.535,2.118,4.771
2021-06-22,10.034,18.737,18.411,5.001,7.025,0,4.299,0,8.726,6.667,0.788,2.814,21.121,9.448,6.46,6.231,13.192,5.1,0,3.742,0.708,2.124,0,3.198,8.698,7,0.768,14.422,0,0,3.864,1.533,12.348,0,1,2.84,0,0,12.97,0,3,25.917,0,0,0.351,4.825,9.598
2021-06-23,9.965,12.771,17.135,4.75,6.335,0,3.266,0,10.639,4.398,0.97,1.783,12.593,10.811,10.219,6.914,25.053,4.615,0,2.126,1.024,0.443,0,4.523,7.898,4,0.426,14.928,0,0,3.056,3.195,6.387,0,1,4.408,0,0.86,32.67,0,1,27.017,0,0,1.455,3.51,9.499
2021-06-24,7.651,19.673,16.513,2.541,3.756,0,8.611,0,15.068,10.685,1.539,2.294,12.025,7.518,6.479,6.022,17.365,1.762,0,2.484,0.737,0.637,0,5.526,2.607,2,1.16,14.22,0,0,2.996,3.498,10.383,0,1,4.763,0,0.718,17.52,0,1,16.324,0,0,0,3.472,2.694
2021-06-25,10.74,26.109,15.117,5.79,5.689,0,10.885,0,16.078,8.415,0.602,1.222,7.422,5.039,9.943,6.271,18.97,2.708,0,2.283,0.622,0.766,0,3.46,7.471,5,0.526,14.475,0,0,1.843,3.572,8.374,0,0,5.089,0,0,21.467,0,4,18.716,0,0,0.435,1.868,11.322
2021-06-26,14.398,46.539,14.068,0,12.471,0,12.508,0,26.913,26.29,0.803,1.622,17.437,13.178,15.975,8.44,52.509,4.212,0,8.106,1.375,0.916,0,6.275,10.501,4,1.536,0.98,0,0,4.837,6.274,16.35,0,1,7.16,0,0.534,19.312,0,4,43.285,0,0,4.834,3.546,17.022
2021-06-27,7.162,35.765,14.999,8.198,10.748,0,12.328,0,32.889,18.922,0.753,3.097,25.737,3.063,22.564,5.064,35.765,10.63,0,9.301,1.309,1.289,0,7.588,7.144,9,0.526,21.86,0,0,3.218,3.72,14.117,0,0,5.769,0,0.459,20.777,1,3,46.928,0,0,2.976,3.684,12.474
2021-06-28,8.217,25.758,11.81,2.76,5.101,0,8.995,0,10.907,6.305,0.368,0.439,13.068,5.077,9.801,6.139,21.07,2.81,0,3.637,1.153,0.665,0,8.589,5.176,2,1.454,12.989,0,0,2.313,3.137,6.026,0,1,6.093,0,0.618,14.714,0,3,24.703,0,0,2.943,2.35,7.625
2021-06-29,5.857,21.634,10.006,3.032,4.888,0,7.269,0,13.792,7.074,1.271,1.767,9.901,7.328,6.717,3.98,22.756,2.693,0,2.291,1.231,3.298,0,2.149,6.694,1,0,13.342,0,0,2.955,1.843,6.44,0,0,5.593,0,0.785,11.627,0,1,17.987,0,0,2.492,2.837,6.021
2021-06-30,9.02,27.733,10.38,3.87,7.25,0,8.964,0,5.001,7.007,0,1.692,13.325,10.003,10.309,8.445,16.439,1.923,0,2.098,1.838,0.379,0,4.158,3.497,4,1.228,17.014,0,0,4.223,4.42,9.036,0,2,5.562,0,0.635,10.613,3,3,16.176,0,0,4.097,3.713,11.273
2021-07-01,4.247,40.607,15.129,4.078,7.609,0,11.254,2.129,9.9,11.761,1.037,1.641,11.809,10.356,8.782,6.723,20.769,3.043,0,3.292,0.965,1.131,0,6.463,4.162,2,1.862,14.022,0,0,3.17,1.263,9.826,0,0,6.688,0,0,12.951,1,2,28.081,0,0,4.113,0.688,2.876
2021-07-02,5.285,22.208,16.634,0,6.564,0,5.519,2.007,7.55,13.161,2.141,3.17,9.264,7.376,8.162,4.851,18.956,7.494,0,3.286,0.908,1.702,0,8.513,6.043,6,0.944,12.893,0,0,3.324,3.75,16.482,0,2,4.764,0,0.543,6.016,0,2,12.265,0,9.249,2.676,3.34,11.155
2021-07-03,9.216,34.916,18.015,5.194,5.804,0,5.672,2.169,18.591,16.471,0.317,2.256,27.547,14.854,25.644,9.032,34.266,7.125,0,7.869,1.631,0.486,0,12.541,8.935,9,2.496,27.824,0,0,4.775,4.411,20.293,0,1,11.985,0,0.81,14.231,0,5,35.583,0,0,4.884,1.891,4.8
2021-07-04,7.424,37.546,14.857,4.864,11.008,0,8.746,9.821,21.913,10.989,1.606,2.594,26.443,10.307,13.892,9.668,30.895,14.015,0,6.839,1.023,1.667,0,6.868,5.026,7,0.429,19.274,0,0,3.133,3.007,16.969,0,1,6.688,0,0.209,14.784,2,3,25.103,0,0,2.491,0.878,11.749
2021-07-05,7.838,31.182,11.913,5.632,6.35,0,8.38,2.53,17.619,17.058,0.886,4.225,16.489,9.952,10.983,6.94,33.858,16.657,0,3.704,1.696,0.751,0,7.995,4.374,5,0.766,10.329,0,0,3.74,2.497,16.219,0,1,6.419,0,0.25,32.497,2,5,17.064,0,15.003,8.144,4.6,14.841
2021-07-06,6.206,35.031,12.085,3.568,6.291,0,8.059,6.76,16.814,10.203,4.098,3.485,24.751,9.852,11.983,7.475,31.157,13.416,0,1.747,0.687,0,0,10.656,5.427,5,0.851,17.112,0,0,3.199,2.516,11.416,0,0,5.414,0,1.085,13.744,2,1,15.028,0,13.465,0.937,2.244,10.765
2021-07-07,3.521,32.175,8.519,0.538,11.492,0,8.312,4.097,15.067,14.524,0.151,1.418,14.925,6.317,7.079,6.355,26.155,7.431,0,4.587,1.674,0.114,0,3.93,2.957,5,1.123,10.631,0,0,3.018,2.406,15.543,0,0,2.93,0,0,14.333,0,3,14.549,0,9.573,0.937,1.121,8.274
2021-07-08,3.255,28.447,9.426,6.203,5.504,0,9.365,8.796,21.378,7.939,1.471,3.984,10.786,8.538,5.093,7.357,27.963,3.293,0,3.993,1.531,0.615,0,4.773,2.481,10,0.966,10.251,0,0,2.705,4.493,10.289,0,0,1.193,0,0,33.398,0,3,19.599,0,12.966,0.788,1.254,7.249
2021-07-09,5.858,21.354,9.478,5.332,6.606,0,5.384,7.666,7.014,12.429,1.338,3.473,7.859,3.839,5.693,5.904,16.805,5.904,0,3.216,1.439,0.852,0.222,8.319,1.291,5,0.401,3.945,0,0,2.613,2.796,8.347,0,0,1.005,0,0,11.671,2,3,11.39,0,10.276,0.836,2.693,6.948
2021-07-10,3.897,32.393,17.617,5.575,9.172,0,5.386,8.066,20.874,10.543,1.591,2.915,25.902,4.395,7.841,0.485,49.113,5.101,0,8.899,2.226,2.775,0.192,8.902,4.612,6,0.808,16.937,0,0,3.027,10.336,6.468,0,1,3.519,0,0,21.477,1,7,29.496,0,18.746,0.886,4.013,8.615
2021-07-11,10.337,59.906,12.918,6.171,8.969,0,4.815,2.336,19.33,11.648,0.527,1.251,13.242,3.302,5.948,12.012,29.428,10.523,0,7.69,1.905,0.243,0,13.373,3.61,7,1.587,16.712,0,0,2.957,1.873,11.305,0,0,3.493,0,0,46.206,3,0,18.538,0,23.821,0,0.752,21.444
2021-07-12,8.797,30.169,10.531,5.801,1.906,0,4.28,2.283,7.476,15.445,0.614,4.901,15.085,5.472,0,2.057,22.989,17.05,0,3.381,0.207,0.175,0.242,7.088,1.491,5,1.459,6.431,0,0,2.61,2.418,5.029,0,0,0,0,0,1.491,4,0,28.381,0,3.468,0,0,14.618
2021-07-13,0,29.039,14.553,6.935,11.161,0,8.663,2.752,6.871,7.793,0,3.572,19.233,3.239,0,6.137,35.768,15.401,0,2.93,1.524,0.393,0,9.104,1.091,2,1.517,7.614,0,0,3.698,3.172,10.517,0,0,6.23,0,0,11.49,0,2,2.276,0,5.653,0,1.12,14.736
2021-07-14,3.661,40.014,17.966,0,8.626,0,7.458,3.156,17.581,13.916,0,0,7.158,1.181,6.773,9.515,18.288,5.642,0,3.542,1.389,0.451,0.227,9.143,2.671,2,1.931,12.415,0,0,1.903,5.415,25.256,0,4,8.091,0,0,31.839,1,2,19.414,0,11.232,0,2.09,11.322
2021-07-15,5.302,32.758,9.647,4.92,6.047,0,7.86,3.322,14.445,11.148,0.412,3.297,5.602,0,7.045,7.859,16.427,4.82,0,3.191,0.479,1.354,0,5.484,2.28,5,0.451,11.462,0,0,2.028,1.68,9.445,0,1,4.939,0,0,11.205,2,4,21.641,0,8.715,0,2.743,10.203
2021-07-16,7.565,47.401,29.1,5.721,25.581,0,6.207,6.176,24.449,20.784,2.173,2.487,31.006,9.472,7.616,4.901,24.502,12.029,0,7.924,1.338,0.122,0,7.319,1.954,7,1.295,14.499,0,0,3.716,3.975,0.574,0,2,9.9,0,0,14.572,6,5,40.907,0,8.536,0,1.071,11.672
2021-07-17,7.045,54.115,22.725,6.534,13.53,0,11.373,3.457,20.052,21.19,0.691,4.667,12.408,3.97,12.101,10.703,37.447,3.033,0,13.548,1.302,0.429,0,10.37,3.107,8,2.59,12.618,0,0,3.95,8.762,1.676,0,0,7.94,0,0,41.906,2,4,37.842,0,8.777,0,3.945,16.526
2021-07-18,7.233,43.301,13.774,3.717,13.327,0,10.77,16.849,22.679,15.322,2.951,0,13.471,4.246,11.532,7.477,33.172,15.141,0,14.795,0.488,0.558,0,8.02,1.466,1,1.36,13.693,0,0,4.087,7.594,7.24,0.258,0,5.954,0,0,27.638,0,4,43.381,0,9.738,2.826,0,27.765
2021-07-19,4.624,40.79,15.977,6.478,12.783,0,9.064,2.149,15.507,12.688,0,0,4.913,3.316,10.549,3.864,25.794,1.948,0,9.793,0.995,0.436,0,6.856,2.732,7,1.237,14.242,0,0,1.26,2.343,0,0,3,8.094,0,0,9.141,0,0,22.758,0,9.399,2.358,1.672,11.138
2021-07-20,10.753,41.697,7.52,6.018,7.424,0,8.47,4.664,19.8,1.607,0,2.293,7.87,2.865,8.112,6.206,38.166,4.317,0,8.781,2.153,2.21,0,6.757,1.968,5,1.072,5.151,0,0,0.1,2.644,3.64,0.272,1,4.515,0,0,8.295,0,0,24.951,0,6.125,2.023,0.603,14.23
2021-07-21,5.631,43.856,11.446,2.175,5.315,0,2.736,3.927,16.769,6.146,0.351,3.464,11.917,1.508,9.734,7.008,41.321,3.816,0,10.75,1.066,0.48,0,7.282,1.328,7,0.637,4.799,0,0,2.527,2.769,5.375,0,0,6.66,3.796,0,11.662,2,3,35.874,0,7.791,1.338,2.712,11.974
2021-07-22,0,43.705,11.355,1.268,12.036,0,4.228,3.156,14.548,9.316,0.614,1.51,13.299,4.172,7.069,7.509,26.591,2.491,0,14.568,0,1.094,0,4.776,2.131,7,1.124,12.338,0,0,1.302,3.897,2.593,0,0,4.298,3.429,0,7.632,1,0,41.893,0,5.603,3.562,0.702,7.944
2021-07-23,8.68,43.756,17.074,3.309,6.406,0,5.23,0,11.264,6.686,0.276,2.475,11.135,0,8.748,6.98,19.468,2.389,0,11.554,1.717,0.907,0,3.298,1.843,6,0.529,7.085,0,0,2.026,1.928,9.998,0,1,8.011,3.613,0,19.041,2,0,23.846,0,7.037,0.928,1.07,6.105
2021-07-24,6.792,57.214,6.858,0,13.613,0,5.645,0,19.902,24.469,0.351,0.701,15.704,3.138,8.561,6.576,30.113,5.481,0,26.355,1.488,0.48,0,8.636,3.522,8,1.675,13.366,0,0,3.112,4.499,11.923,0,0,9.532,5.904,0.267,20.861,2,2,53.437,0,15.818,2.369,3.68,15.036
2021-07-25,9.045,58.523,20.677,6.992,24.782,0,9.671,0,29.387,10.268,0,0.28,18.164,4.814,14.635,5.926,45.1,5,0,21.671,1.483,0.323,0,8.33,2.463,7,1.746,18.07,0,0,3.005,6.421,13.258,0,0,7.72,0,0,15.129,1,1,41.309,0,4.295,2.463,2.583,24.468
2021-07-26,6.384,42.729,13.65,4.113,2.719,0,8.649,0,3.111,13.31,0,1.738,12.088,3.909,10.652,7.016,10.898,4.8,0,13.166,2.329,0.544,0,0,1.67,5,0.695,12.202,0,0,2.474,2.6,10.436,0,1,9.38,13.321,0,14.168,0,2,31.341,0,0,0.389,0,12.486
2021-07-27,10.783,36.592,20.674,2.174,12.653,0,6.134,1.082,7.959,12.552,0.54,2.864,7.581,4.473,8.817,5.925,37.602,5.856,0,26.208,1.604,1.31,0,6.612,3.493,8,1.039,20.714,0,0,3.284,4.347,7.032,0,1,4.281,19.868,0,16.076,1,0,31.935,0,7.415,1.458,1.761,12.25
2021-07-28,12.906,48.187,12.499,2.797,12.115,0,9.025,2.973,22.346,12.501,0.49,1.526,8.694,3.165,8.15,7.164,42.486,3.859,0,26.498,1.39,0.918,0,6.856,1.897,10,0.617,6.104,0,0,3.151,4.534,6.664,0,2,3.995,17.62,0,15.817,1,2,40.612,0,1.38,2.312,0.787,11.746
2021-07-29,8.134,54.444,20.409,3.597,11.109,0,7.838,1.115,7.143,19.633,1.132,1.376,4.95,3.405,6.5,6.983,20.37,2.745,0,14.468,1.67,0.544,0,2.834,2.639,6,1.031,4.195,0,0.191,2.919,2.136,6.862,0,1,9.168,13.86,0,11.006,1,1,15.506,0,50.208,0.959,1.057,17.405
2021-07-30,7.803,56.211,9.552,0.975,8.492,0,8.49,9.733,13.824,7.703,0.905,2.812,11.91,5.14,8.534,1.611,31.871,5.128,0,16.534,1.396,0.51,0,9.7,3.317,8,0.136,7.905,0,0,2.351,5.012,5.504,0,1,12.286,27.761,0,11.76,2,3,32.3,0,16.795,0,1.628,13.388
2021-07-31,9.674,67.144,10.029,5.542,10.658,0,0,2.94,19.541,15.492,4.572,2.329,13.355,0.792,6.704,9.064,37.355,7.587,0,15.472,1.862,0.602,0,8.511,5.742,13,1.79,13.308,0,0,4.454,7.515,3.607,0,1,3.765,23.776,0,10.504,0,4,32.234,0,9.608,0.781,2.114,32.888
2021-08-01,10.938,51.095,11.636,8.439,21.263,0,9.725,2.636,22.496,28.649,1.256,1.748,12.81,0,10.571,9.784,66.798,3.534,0,32.243,2.098,2.571,0.251,7.782,1.332,6,0.859,15.51,0,0,3.509,10.982,10.688,0,0,8.95,17.515,0,0,0,3,50.329,0,6.209,1.517,1.88,22.452
2021-08-02,7.173,76.379,8.868,11.493,23.413,0,11.171,1.994,26.579,25.696,2.099,2.443,14.952,2.449,11.32,6.593,24.162,10.029,0,20.946,1.978,1.325,0,2.086,1.997,8,1.011,12.4,0,0,2.075,5.213,10.756,0,9,11.939,17.5,0,0,2,2,50.687,0,13.343,4.833,2.03,28.395
2021-08-03,7.754,0.804,12.767,3.261,13.674,0,4.498,1.588,23.116,37.106,2.652,2.434,35.605,5.114,15.325,6.631,20.34,30.878,0,23.8,1.547,0.666,0,8.993,2.575,19,1.375,12.98,0,0,4.042,3.091,5.085,0,6,11.427,28.592,0,0.301,1,4,28.374,0,6.445,1.28,2.871,33.764
2021-08-04,0,53.85,15.18,0,32.672,0,10.24,1.69,10.938,54.465,2.852,2.56,10.511,5.226,12.724,10.002,13.865,5.648,0,21.12,1.139,2.902,0.188,4.017,1.497,12,1.411,14.397,0,0,2.76,6.959,0,0,0,17.289,50.726,0,0.413,1,3,59.703,0,15.721,1.689,5.101,27.554
2021-08-05,7.476,43.381,22.26,4.847,24.371,0,6.923,2.668,22.735,35.993,1.947,1.036,9.02,3.882,11.931,14.699,22.028,4.929,0,14.319,2.394,0.615,0,8.519,1.315,10,0.479,11.064,0,0,1.874,6.033,8.711,0,10,3.156,0,0,4.61,1,1,38.821,0,13.341,2.877,4.833,36.367
2021-08-06,9.068,29.968,15.116,3.769,14.671,0,9.46,4.932,12.463,26.008,1.017,1.687,6.24,2.085,12.529,11.161,26.727,6.365,0,18.553,1.538,1.189,0,2.167,2.189,15,1.161,4.875,0,0,2.537,7.047,9.434,0,5,8.446,13.561,0,2.221,1,3,23.612,0,11.329,0.677,6.883,9.984
2021-08-07,7.629,44.442,15.089,0,13.695,0,7.512,3.751,27.423,35.108,2.713,1.958,8.487,4.36,12.463,12.98,40.416,6.923,0,24.206,1.24,1.343,0,7.523,2.54,11,2.006,7.123,0,0,3.731,8.443,4.262,0,1,12.387,17.802,0,0,2,3,42.926,0,9.315,1.622,5.925,10.389
2021-08-08,10.86,47.191,7.141,3.713,10.58,0,8.894,4.359,18.282,34.72,3.981,2.74,20.635,0,12.668,6.596,50.406,34.682,0,21.095,2.187,1.241,0,6.287,1.486,8,1.949,7.45,0,0,1.483,9.951,5.622,0,4,4.714,30.655,0,0,1,5,33.754,0,9.434,2.123,1.963,23.441
2021-08-09,6.946,8.821,8.542,8.253,18.17,0,9.584,3.346,16.161,40.591,2.156,1.214,6.226,4.774,12.084,4.725,56.607,10.542,0,17.391,1.424,1.455,0,4.381,2.32,3,1.455,6.541,0,0,1.584,5.389,6.796,0,1,9.347,37.421,0,0,6,1,36.92,0,18.126,1.889,3.088,39.736
2021-08-10,5.946,31.937,20.154,6.329,14.31,0,8.82,2.552,9.205,11.682,3.996,2.19,9.416,4.084,10.799,4.939,9.983,7.701,0,20.024,1.038,2.145,0,5.116,3.269,7,1.377,14.322,0,0,0,7.174,0,0,2,9.298,20.115,0,1.25,0,3,42.506,0,7.298,1.563,1.543,14.498
2021-08-11,6.465,21.407,16.468,7.489,22.151,0,11.524,3.032,8.587,37.624,2.5,2.692,13.303,3.983,10.765,7.462,1.054,8.342,0,18.739,1.39,0.238,0,0,1.999,8,0.688,7.224,0,0,2.709,6.547,7.028,0,1,9.097,37.961,0,0,1,5,35.612,0,6.715,1.756,2.367,17.066
2021-08-12,6.694,21.256,16.794,3.221,16.837,0,7.641,2.55,24.022,54.259,1.869,2.677,9.549,5.972,14.868,6.396,3.012,7.374,0,26.478,1.519,0.796,0.201,6.45,2.058,9,1.755,11.47,0,0,2.05,7.612,5.717,0,6,6.326,50.81,0,9.858,2,2,58.938,0,19.7,1.954,5.287,27.586
2021-08-13,12.552,64.263,7.603,3.791,13.467,0,11.146,3.94,23.417,18.868,1.064,4.625,17.67,12.386,10.073,10.011,3.504,8.884,0,37.722,1.37,0.413,0.226,7.669,0,4,1.897,13.559,0,0.893,3.941,9.46,10.13,0.773,6,29.753,19.037,0,0,2,3,53.085,0,17.247,1.776,6.677,26.614
2021-08-14,7.4,59.84,8.563,1.823,17.123,0,12.124,11.389,18.578,20.559,4.396,2.408,10.764,5.29,29.351,12.025,16.528,6.195,0,27.112,1.762,1.58,0,8.015,0,10,3.51,14.474,0,0.351,5.195,10.211,2.903,0,2,18.259,35.936,0,0,1,3,70.933,0,16.19,2.846,6.276,24.871
2021-08-15,0,44.929,11.545,0,31.624,0,9.425,5.052,20.697,35.107,2.212,2.76,12.683,0.647,11.291,11.067,8.103,2.262,0,46.018,1.455,1.179,0,8.665,3.453,12,1.691,12.932,0,0,5.688,10.121,5.865,0,5,18.344,65.388,0,0,1,5,49.406,0,16.543,1.372,4.848,14.757
2021-08-16,7.4,28.316,10.229,5.334,17.002,0,6.872,2.147,5.791,16.254,2.831,5.16,10.253,0,9.039,2.876,6.045,6.183,0,48.033,1.798,1.805,0,5.887,2.5,11,1.226,8.841,0,0,2.041,6.957,7.471,0,0,16.43,32.288,0,0,0,6,27.723,0,11.898,2.512,2.438,7.268
2021-08-17,0,38.184,0,5.351,14.109,0,7.386,0,9.873,33.898,1.868,2.61,14.311,0.77,12.463,7.967,9.498,11.307,0,52.568,2.134,0.802,0.89,7.283,3.577,16,1.548,10.885,0,0,2.326,6.265,9.744,0,2,10.273,9.137,0,0,4,5,37.682,0,11.676,1.808,2.552,7.732
2021-08-18,8.666,25.695,11.432,5.801,20.381,0,5.727,2.371,14.809,26.346,4.787,2.861,11.116,1.339,10.957,0,7.078,5.916,0,50.778,4.185,0.782,0,7.944,3.772,5,1.16,12.226,0,0,2.879,4.107,3.877,0,1,9.431,11.436,0,1.567,5,0,32.368,0,10.605,1.975,2.688,10.36
2021-08-19,8.002,33.81,6.07,5.121,19.892,0,1.306,2.48,15.19,9.656,0.834,2.4,9.951,6.659,8.826,0.49,8.906,2.425,0,26.026,3.139,0.563,0,6.975,2.543,6,0.961,6.109,0,0,1.982,8.285,4.867,0,1,8.943,35.272,0,0,0,4,33.514,0,12.401,2.467,2.99,12.604
2021-08-20,7.575,37.459,5.603,1.597,19.99,0,4.8,2.247,17.31,20.276,1.955,2.485,16.651,3.373,11.326,0,4.709,3.895,0,24.038,1.004,0.727,0.608,6.083,3.252,13,1.167,9.927,0,0.518,3.286,6.177,0.117,0.234,4,8.624,23.636,0,42.565,2,4,31.483,0,1.242,4.486,2.613,11.394
2021-08-21,12.312,52.672,6.426,3.076,10.579,0,13.782,2.68,20.951,16.051,5.013,5.333,4.748,3.144,34.37,0,6.334,13.016,0,33.284,2.049,1.31,0.821,9.012,4.408,10,4.55,17.531,0,2.091,4.828,9.699,8.751,0.996,6,13.048,14.053,0,28.566,1,0,32.592,0,23.897,2.098,1.996,24.501
2021-08-22,20.809,39.065,19.072,0,17.012,0,6.332,4.701,20,38.151,6.856,2.219,10.365,1.546,30.446,0,1.546,8.708,0,46.269,3.913,2.132,0.915,7.7,5.044,13,2.471,9.017,0,2.525,0.942,7.992,12.603,1.138,1,11.582,29.169,0,0,0,5,60.347,0,9.515,0.435,2.537,31.836
2021-08-23,16.85,15.984,5.317,7.85,10.881,0,7.942,3.646,7.466,29.284,2.401,2.801,16.867,4.222,9.215,0,4.509,0,0,37.492,2.922,0.614,0,5.086,1.296,12,2.163,7.804,0,0,2.842,6.557,1.407,0,1,2.917,23.233,0,0,2,4,2.014,0,6.38,2.244,2.35,22.114
2021-08-24,7.115,18.709,8.019,4.494,18.568,0,3.229,3.272,2.973,22.615,0.633,3.003,12.399,1.671,9.232,0,9.207,6.72,0,28.054,1.604,0.57,1.998,4.73,3.562,15,1.664,6.39,0,0.652,2.988,6.596,6.668,0.226,2,8.018,28.719,0,0,4,4,35.236,0,5.991,2.634,0.69,5.432
2021-08-25,6.954,32.981,14.876,3.479,14.007,0,3.053,5.582,0,18.794,1.624,3.072,14.685,4.072,7.959,0,1.486,0,0,33.156,1.447,0.402,1.146,5.35,2.207,8,1.685,3.72,0,0.192,2.106,3.666,4.412,0,3,5.747,9.441,0,0.733,2,3,36.323,0,6.942,1.44,2.668,6.582
2021-08-26,6.584,45.471,31.304,7.357,13.695,0,8.492,2.451,26.926,29.013,4.396,3.423,18.435,5.113,11.372,0.427,4.789,4.813,0,60.592,1.698,0.952,2.147,7.154,2.534,7,4.57,6.713,0,0.211,2.968,8.181,4.464,0.402,2,6.222,19.356,0,0.663,1,5,36.27,0,11.294,0,2.198,27.448
2021-08-27,7.888,30.729,11.508,8.844,15.265,0,12.601,3.115,26.182,35.579,2.686,4.513,21.884,3.242,11.186,10.039,2.842,18.731,0,54.271,1.304,2.139,0,11.992,2.125,12,2.364,7.184,0,0.794,1.332,9.448,1.93,0,3,16.311,26.969,0,16.726,1,5,44.934,0,6.016,2.239,3.254,14.155
2021-08-28,6.954,21.623,15.708,5.03,15.415,0,7.337,1.898,21.319,29.515,1.61,7.367,17.454,3.166,12.308,10.026,16.154,6.747,0,45.476,3.29,1.44,0.859,7.567,4.098,14,4.564,5.015,0,1.064,3.87,9.006,10.657,1.204,3,20.162,50.546,0,19.348,3,2,41.349,0,10.927,2.531,4.812,8.218
2021-08-29,5.854,35.831,10.261,6.906,16.723,0,7.852,1.346,15.068,15.227,1.495,3.976,14.885,5.641,14.71,12.554,13.585,11.763,0,52.591,1.693,0.847,0,7.123,2.784,13,4.779,7.402,0,1.436,1.633,5.27,7.618,0.56,4,13.765,22.719,0,42.596,2,4,57.434,0,17.995,1.396,2.299,33.307
2021-08-30,1.518,37.605,6.526,8.245,12.296,0,1.627,2.491,7.399,11.131,2.788,2.703,28.11,2.4,8.817,9.648,7.59,6.512,0,39.724,1.129,1.035,2.093,5.749,1.229,11,3.468,3.044,0,0.793,1.954,4.991,5,0.803,2,17.528,31.182,0,40.697,3,3,41.602,0,8.428,2.27,3.806,6.481
2021-08-31,2.902,35.63,11.965,2.762,5.265,0,4.068,0,14.292,13.309,2.374,1.493,27.659,3.028,6.936,8.617,1.125,1.88,0,29.864,0.916,2.106,1.008,4.105,1.471,7,1.77,6.833,0,0.863,3.426,6.448,7.452,1.412,2,13.918,23.465,0,41.754,2,1,39.277,0,6.235,2.51,2.966,6.81
2021-09-01,2.961,39.709,6.377,5.329,19.465,0,5.803,2.584,21.284,8.051,1.294,2.476,16.144,0.982,7.875,10.263,8.003,13.44,0,45.309,2.087,1.128,0.871,3.833,2.14,4,0,6.453,0,0.945,0.698,6.025,6.723,0.744,5,8.159,11.235,0,0,2,8,26.445,0,7.509,2.629,2.274,7.794
2021-09-02,8.163,27.791,6.326,3.853,6.431,0,0.984,2.484,17.199,18.584,0.842,4.16,9.374,0.458,8.285,6.521,27.869,10.058,0,44.626,1.027,1.066,0.928,5.56,1.012,7,1.204,4.093,0,0.623,2.138,4.117,6.973,0.243,2,12.09,14.241,0,0,1,3,24.285,0,7.911,6.768,1.456,8.743
2021-09-03,6.021,24.421,6.164,2.64,4.789,0,2.188,1.948,17.232,19.8,0.515,5.199,7.877,4.197,8.683,6.717,24.967,2.385,0,52.492,1.085,1.247,0.689,4.937,2.342,10,1.66,3.205,0,1.166,1.366,5.062,2.359,0.718,1,12.926,13.633,0,0,1,5,21.919,0,5.363,3.248,1.185,5.294
2021-09-04,4.943,40.596,6.828,4.806,5.302,0,4.347,3.13,30.37,26.588,1.709,7.689,10.931,5.141,21.935,11.63,32.878,6.237,0,65.33,2.293,1.722,0.42,9.234,1.079,12,4.21,5.846,0,1.467,2.965,10.413,5.486,0.653,6,22.38,15.818,0,0,4,5,59.793,0,8.414,2.337,3.314,9.972
2021-09-05,7.302,41.359,8.693,5.628,6.421,0,11.312,5.41,42.602,30.427,2.921,3.816,15.744,3.529,25.725,9.172,50.366,4.801,0,57.516,0.796,2.204,1.185,6.284,1.43,9,2.07,5.788,0,1.165,2.909,11.176,7.72,0.343,5,19.006,17.429,0,0.763,0,5,34.059,0,7.191,4.359,1.486,5.81
2021-09-06,4.571,36.297,6.748,5.865,7.947,0,8.362,2.688,22.536,8.355,2.21,2.42,9.923,4.187,6.056,6.218,34.751,4.555,0,32.852,1.411,0.54,0,8.591,0.619,11,0.589,5.604,0,0.271,1.218,6.444,4.133,0,2,14.409,27.27,0,0,0,1,28.018,0,5.262,1.344,1.317,5.493
2021-09-07,4.411,26.833,1.407,6.983,4.866,0,4.125,1.648,12.128,11.596,1.154,4.902,11.446,3.093,8.383,7.197,23.172,12.815,0,33.657,0.834,0.384,0,4.722,0.485,8,1.236,5.766,0,0,1.786,6.044,3.757,0,3,6.753,22.86,0,0,2,2,28.579,0,1.043,3.593,2.211,16.079
2021-09-08,5.102,28.509,1.432,3.034,7.633,0,3.553,3.526,21.455,18.91,1.597,3.841,10.841,1.246,5.512,7.901,15.183,0,0,37.852,0.79,0.223,0.188,3.64,0.719,3,1.359,6.17,0,0.653,1.183,5.773,3.012,0.602,3,9.825,18.218,0,0,1,3,20.324,0,3.003,1.23,1.486,18.292
2021-09-09,2.873,10.534,2.455,3.776,9.811,0,3.896,2.42,13.615,25.809,0,2.307,6.847,2.35,7.022,5.124,13.592,2.097,0,30.618,0.884,0.523,0.276,2.171,0.41,3,0.701,4.88,0,0.211,2.308,3.756,2.985,0.359,1,4.733,6.064,0,0.663,1,4,26.335,8,1.948,1.659,2.42,12.114
2021-09-10,5.185,16.465,0.726,2.233,3.997,0,3.203,2.075,13.143,16.358,0.472,6.358,4.749,2.55,8.632,4.246,24.651,1.596,0,34.614,0.747,0.446,0.821,6.333,1.237,3,1.985,7.42,0,0.763,1.736,4.839,5.455,0.535,2,20.205,19.845,0,0,0,1,17.725,8,5.702,0.49,1.533,6.106
2021-09-11,6.624,42.296,9.141,6.826,13.195,0,5.955,2.041,43.924,19.021,1.427,8.156,16.671,3.363,11.874,12.349,17.337,4.209,0,53.462,2.249,1.297,0.282,8.59,1.07,9,2.978,6.736,0,0.171,2.56,5.963,1.687,0.774,2,16.206,30.488,0,0.723,2,6,34.222,13,4.761,1.231,2.983,20.758
2021-09-12,5.849,72.618,14.12,6.414,7.97,0,9.521,2.837,21.556,21.989,4.369,4.349,21.835,1.838,11.223,10.665,32.063,7.227,0,48.443,1.905,0.624,1.071,8.831,1.765,7,1.416,0,0,0.181,2.001,10.464,5.682,0,2,18.161,32.786,0,0,2,4,32.012,7,10.253,0.98,2.1,16.887
2021-09-13,4.928,11.861,5.218,3.392,7.557,0,1.154,2.58,37.298,7.467,1.898,4.066,11.436,2.44,10.33,4.071,11.356,10.33,0,29.502,1.417,0.803,0,5.986,0.435,4,1.224,5.973,0,0,1.469,4.97,4.818,0,0,14.768,8.476,0,0,0,4,30.819,0,12.188,0.364,2.141,13.584
2021-09-14,4.028,16.862,7.139,2.851,6.855,0,2.349,1.606,31.856,13.865,1.576,3.862,12.416,2.42,10.097,4.158,10.777,1.767,0,33.377,0.52,0.368,0,6.756,1.054,3,1.36,6.05,0,0,2.55,6.065,3.455,0,1,18.428,15.528,0,0,0,4,20.169,7,8.77,0.805,2.618,6.677
2021-09-15,3.777,36.865,5.1,2.022,6.082,0,0.753,2.274,24.664,11.518,3.003,5.112,8.894,0.482,9.215,4.661,12.702,2.485,0,25.03,0.27,0.429,0,5.631,0.811,4,0.808,4.94,0,0,1.39,6.416,6.974,0,0,15.003,7.325,0,0,3,1,15.272,7,10.088,1.423,1.473,6.73
2021-09-16,3.171,8.882,5.153,3.9,2.177,0,3.786,3.054,0,22.611,2.138,4.925,15.102,2.863,6.583,4.234,9.283,2.803,0,28.371,1.335,0.552,0,5.203,0.594,3,1.98,6.24,0,0,2.437,3.816,6.286,0,3,8.024,6.659,0,0,0,2,12.133,7,10.843,0,2.877,5.803
2021-09-17,5.303,27.759,5.306,3.095,4.778,0,7.649,2.718,0,4.085,1.577,4.473,14.626,2.174,7.663,2.827,13.163,1.734,0,25.992,0.545,0.488,0,5.386,0.284,6,0.72,6.717,0,0,2.486,6.157,4.81,0,1,9.149,9.498,0,0,1,1,13.005,5,3.993,1.896,2.627,16.015
2021-09-18,9.961,24.371,12.478,2.529,7.559,2.359,5.053,1.561,0,11.953,2.018,6.773,15.996,4.008,8.73,6.031,35.325,0,0,28.292,0.175,0.451,0,0.559,0.535,7,2.037,5.402,0,0,3.478,3.998,6.328,0,1,3.844,10.265,0,0,0,3,20.74,6,5.931,0,2.726,14.253
2021-09-19,4.154,38.119,10.86,0,6.584,6.648,1.938,6.457,6.789,24.144,0.773,9.725,34.684,2.361,42.702,11.511,51.647,0,0,57.488,1.856,1.141,0.831,8.209,2.282,16,3.114,6.88,0,2.141,2.983,8.473,6.397,1.48,9,10.507,28.457,0,0,1,8,43.134,34,9.287,0.503,4.865,11.897
2021-09-20,7.743,52.504,6.009,4.241,11.808,4.55,4.649,3.024,5.169,13.608,4.217,9.486,19.873,5.955,38.093,11.353,69.96,0,0,64.293,1.761,2.557,0.288,9.809,1.589,10,2.409,6.331,0,3.597,4.922,8.574,8.765,1.623,2,8.561,28.605,0,0.466,3,6,48.36,29,14.236,0.805,4.641,20.704
2021-09-21,7.238,38.67,6.936,5.519,14.12,8.279,9.266,4.878,0,28.06,4.064,8.969,12.918,2.475,31.631,10.639,56.3,0,0,79.259,0.451,2.113,1.789,6.784,0.896,10,2.558,6.894,0,1.706,2.766,8.313,14.058,2.5,3,36.049,15.427,0,0,2,6,56.051,14,14.436,2.644,6.43,15.269
2021-09-22,4.718,31.066,1.875,2.49,4.299,7.1,3.645,2.731,0,10.928,0,5.722,15.935,2.965,6.523,4.66,39.227,0,0,24.944,0.971,0.502,0.515,6.734,0.276,6,1.643,6.441,0,0.317,2.121,4.842,7.22,0.62,2,12.419,13.193,0,0,1,1,29.899,5,9.839,2.27,2.835,9.211
2021-09-23,2.742,15.961,5.524,2.737,1.395,3.112,1.435,4.158,0,7.476,2.541,4.255,13.881,1.381,8.818,0,27.567,0,0,12.172,0.577,0.313,0.182,5.167,1.044,8,0.808,5.33,0,0.46,2.127,3.936,4.868,0.476,2,9.365,15.381,0,0,1,3,27.009,6,5.025,2.558,3.27,10.134
2021-09-24,2.439,26.949,3.916,2.419,3.543,3.203,3.183,4.674,0,6.143,0.964,3.083,7.229,0.54,7.693,5.026,8.431,0,0,22.144,0.771,0.696,1.853,4.967,1.17,7,1.579,3.429,0,1.175,3.041,5.12,6.244,1.147,2,10.464,5.93,0,0,2,5,17.804,9,7.541,0,4.14,2.88
2021-09-25,3.104,42.575,10.858,5.052,7.287,3.563,9.066,6.557,0,10.339,0.592,7.73,22.737,4.071,7.553,4.586,48.621,0,0,42.555,0.433,1.805,0.794,11.077,0.889,7,1.99,8.149,0,1.604,1.932,5.636,5.691,1.49,0,10.874,18.96,0,0,0,0,52.619,0,9.235,0,3.019,17.146
2021-09-26,4.296,32.484,9.295,2.242,4.461,3.797,3.865,3.657,0,15.163,1.897,7.401,13.333,3.229,9.212,3.829,2.299,0,0,47.356,0,0.609,0,5.485,1.512,10,0,6.263,0,0.38,3.334,0.151,4.789,0,0,9.885,15.548,0,0,0,0,24.486,0,10.53,1.658,1.527,11.611
2021-09-27,1.88,21.557,9.749,1.147,4.134,1.797,2.391,2.965,0,8.657,0.251,1.131,7.664,0.503,5.762,0,4.863,0,0,42.001,0,0.157,0.693,6.105,0.394,6,0,3.562,0,0.781,1.096,0,1.641,0.967,0,5.622,3.974,0,0,0,0,19.135,0,2.274,0.892,2.019,3.177
2021-09-28,5.438,15.932,4.522,1.733,8.778,3.262,2.74,4.95,0,12.389,2.401,1.534,9.046,1.998,6.671,0,11.987,0,0,33.224,0,0.063,0.794,6.856,0.473,0,0,5.836,0,0.179,1.473,0,2.73,0.854,0,8.209,6.763,0,0.682,0,0,20.721,0,6.077,2.575,2.961,5.388
2021-09-29,2.785,19.563,6.136,2.595,3.473,4.92,4.727,4.008,0,15.68,0.652,4.397,6.519,2.726,8.119,0,23.336,0,0,35.829,0,1.585,0.222,4.235,1.734,2,0,3.714,0,0.279,3.068,0,5.589,0.376,0,9.55,11.854,0,0,0,0,30.537,2,4.34,1.231,3.124,7.155
2021-09-30,4.296,10.906,4.799,1.274,5.857,7.101,3.814,2.123,0,14.662,1.897,3.92,9.85,2.802,9.234,0,34.511,5.302,0,37.14,0,1.33,0,6.31,1.311,0,0,7.301,0,0,2.767,0,3.216,0,0,7.92,3.94,0,0,0,0,21.736,0,5.791,0.314,1.677,7.5
2021-10-01,7.803,46.271,14.194,3.253,17.353,10.393,9.335,5.856,0,27.066,3.976,10.062,16.144,10.906,33.217,0,57.402,0,0,66.835,0,2.207,0.177,9.707,0.974,0,0,6.566,0,0,3.135,0,7.665,0,0,9.048,9.731,0,0,0,0,46.809,2,7.716,1.708,5.783,7.142
2021-10-02,5.387,31.059,10.379,1.817,10.958,8.403,7.277,3.18,0,30.778,0.336,6.192,13.107,6.723,21.088,0,40.743,0,0,57.212,0,0.902,0,10.09,4.034,0,0,6.114,0,0,2.184,0,6.671,0,0,9.599,9.322,0,0,0,0,45.825,0,9.9,2.244,3.996,13.895
2021-10-03,4.612,16.297,11.514,1.191,13.61,10.867,5.992,3.806,0,28.706,0,6.898,10.538,5.264,18.27,0,41.993,0,0,51.579,0,0.833,0.273,7.569,1.118,1,0,5.102,0,0.125,1.605,0,3.079,0.172,0,9.476,24.136,0,0,0,0,19.903,0,9.543,1.72,4.424,10.949
2021-10-04,8.65,12.085,17.073,4.491,12.065,6.749,3.443,0,0,18.941,1.427,3.474,8.465,2.675,16.497,0,40.928,0,0,37.775,0,1.303,0,5.959,1.305,1,0,7.024,0,0,2.149,0,5.624,0,0,12.097,21.219,0,0,0,0,43.795,1,8.242,1.25,2.902,29.166
2021-10-05,8.076,31.94,5.936,2.743,11.377,6.132,3.032,0,0,16.496,1.577,6.688,21.414,4.272,9.17,0,51.957,0,0,48.897,0,0.207,0,9.722,4.916,0,0,5.959,0,0,2.225,0,6.394,0,0,10.888,33.094,0,0,0,0,43.292,0,7.614,3.123,3.769,21.482
2021-10-06,4.801,45.571,5.911,5.118,13.658,14.878,3.693,7.374,26.876,18.568,0,3.384,9.22,4.861,30.381,0.151,42.165,0,0,49.927,0,0.514,0,8.691,0.925,0,0,7.654,0,0,2.238,0.191,7.676,0,0,21.639,39.738,0,0,0,0,54.424,0,8.529,1.485,3.857,19.395
2021-10-07,3.87,42.879,4.723,0.879,7.418,11.252,1.787,2.11,26.341,16.164,1.83,2.583,11.034,2.55,22.794,0,23.278,0,0,50.918,0,0.213,0,5.12,0.652,0,0,6.137,0,0,2.326,0,3.535,0,0,15.408,9.747,0,0,0,0,45.664,0,5.352,1.407,2.944,6.697
2021-10-08,2.51,26.773,8.741,1.505,5.675,8.511,3.293,3.054,23.601,12.63,0,3.169,11.808,1.947,26.073,0,19.823,0,0,36.344,0,0.038,0,3.663,0.351,0,0,5.456,0,0,1.816,0,4.658,0,0,15.523,0,0,0,0,0,49.103,13,7.868,1.418,2.568,0
2021-10-09,1.949,29.237,4.848,2.233,3.09,11.758,3.114,4.334,20.836,9.831,0,1.797,9.511,1.52,12.34,0,22.222,0,0,38.754,0,0.878,0,3.185,0.444,0,0,5.48,4.721,0,2.341,0,4.298,0,0,8.997,0,0,0,0,0,46.116,2,4.536,1.225,2.926,0.546
2021-10-10,3.515,63.61,16.47,2.238,8.177,19.231,10.208,7.853,33.156,36.007,8.595,2.995,11.379,1.168,26.234,0,41.877,0,0,57.264,0,0.733,0,9.365,1.44,0,0,7.098,5.316,0,3.312,0,7.14,0,3,19.255,0,0,0,0,0,80.322,0,10.832,0.894,3.611,0
2021-10-11,2.37,14.299,6.871,1.611,4.245,9.986,2.76,1.545,0,9.613,4.438,3.838,6.055,2.877,3.96,0,4.407,0,0,43.296,0,0,0,3.074,2.055,0,0,2.4,1.942,0,0,0,6.477,0,0,7.837,0,0,0,0,0,41.774,0,3.932,1.696,3.762,0.632
2021-10-12,2.078,23.336,7.828,2.05,3.706,8.983,2.7,4.121,0,6.469,2.703,3.496,5.049,2.47,10.428,0,18.627,0,0,29.286,0,0,0.177,2.112,0.667,0,0,3.612,3.61,0,0,0.341,5.033,0,0,12.789,0,0,0,0,0,39.552,0,4.858,0.422,2.508,1.221
2021-10-13,2.349,18.242,3.611,0.46,3.651,7.357,1.515,2.786,0,10.227,1.527,3.822,4.972,1.186,14.51,0,16.528,0,0,36.526,0,0,0,2.203,0,0,0,6.441,0.997,0,0.172,0,1.932,0,2,12.84,0,0,0,0,0,30.462,0,3.213,1.906,1.397,3.766
2021-10-14,1.406,19.511,2.149,2.313,3.27,6.02,1.114,2.89,0,4.322,1.51,2.383,5.834,0,13.438,0,14.852,0,0,37.562,0,0,0.172,3.754,0.702,0,0,3.411,3.571,0,0,0,6.676,0,0,2.735,0,0,0,0,0,22.217,0,4.357,0,1.673,3.707
2021-10-15,1.436,36.035,1.67,2.523,1.976,13.278,11.857,1.316,0,12.714,4.229,4.976,8.586,1.029,41.89,0,17.495,0,0,62.258,0,0.489,0.177,16.303,0.401,0,0,5.483,4.116,0,0,0,5.996,0.15,0,8.272,0,0,6.496,0,0,28.463,3,0.315,0.881,3.933,4.713
2021-10-16,4.508,63.425,2.171,2.559,12.369,12.007,5.461,0,1.34,23.446,3.506,7.576,10.387,2.902,22.514,0,36.28,68.96,0,49.105,0,1.31,0.171,11.697,2.716,0,0,7.047,1.994,0,0.319,0,7.929,0,0,10.389,0,0,0,0,0,56.756,3,1.483,0,5.11,7.572
2021-10-17,4.308,23.382,2.838,6.59,7.845,10.64,6.144,0,0,16.672,0.816,2.994,10.285,1.062,33.816,0,26.795,15.994,0,53.601,0,0.232,0.415,4.122,1.419,0,0,6.844,1.888,0,0,0,4.139,0,0,13.359,0,0,0,0,0,50.592,1,1.949,0.343,2.014,8.737
2021-10-18,0.512,25.255,0,1.791,5.781,5.518,0.733,0,0,8.919,1.998,1.484,5.669,0.485,10.066,0,19.808,0,0,43.402,0,0.289,0,4.293,1.111,0,0,4.016,1.27,0,0.05,0,3.837,0,0,5.842,0,0,0,0,0,26.567,0,3.052,1.296,2.401,2.573
2021-10-19,2.9,23.143,0,0.788,3.95,2.275,2.328,0,0,1.495,0.54,1.175,6.073,0.493,12.2,0,16.958,0,0,41.287,0,0.326,0,2.069,0.451,0,0,5.177,1.269,0,0,0,4.049,0,0,3.85,0,0,0,0,0,31.366,1,2.2,0,0.686,5.002
2021-10-20,0.845,24.335,0,2.413,6.217,10.528,1.874,0,0,13.742,1.545,2.572,5.402,0.912,12.873,0,25.154,0,0,39.837,0,0.344,0,5.281,1.411,0,0,5.253,0.667,0,0,0,4.968,0,0,4.621,0,0,0,0,0,29.213,0,1.987,0.677,3.097,16.309
2021-10-21,1.957,18.494,0,1.657,4.642,6.478,2.024,0,0,6.33,2.689,2.65,5.46,0.569,8.753,0,11.947,0,0,46.91,0,0.413,0,2.716,0,0,0,4.648,1.945,0,0.084,0,4.282,0,0,5.905,0,0,0,0,0,13.594,0,3.302,1.931,2.784,7.675
2021-10-22,3.73,23.13,0,1.431,5.671,6.722,2.208,0,0,3.55,0.332,2.271,3.446,0,12.039,0,16.412,0,0,43.969,0,0.569,0,1.157,1.346,0,0,2.931,2.257,0,0.045,0,5.86,0,0,5.037,0,0,0,0,0,18.106,0,1.616,0,1.839,3.783
2021-10-23,3.018,24.549,0,1.7,4.307,10.273,0.719,0,0,5.135,2.803,2.76,6.506,0,30.828,0,18.086,0,0,58.754,0,0.295,0,2.964,0.52,0,0,3.739,2.001,0,0.05,0,5.426,0,0,7.802,0,0,0,0,0,35.077,2,2.84,0,2.199,3.543
2021-10-24,3.888,28.522,0,2.811,4.535,6.634,1.555,0,0,5.357,2.36,1.439,3.989,4.715,19.632,0,9.108,0,0,47.259,0,0.134,0,2.127,0.658,0,0,2.121,2.197,0,0,0,6.586,0,0,14.849,0,0,0,0,0,25.83,0,2.317,0.368,1.572,2.474
2021-10-25,1.313,16.976,0,1.231,2.747,3.68,1.355,0,0,2.232,0.171,1.547,4.181,0,16.731,0,8.749,0,0,33.276,0,0.145,0,1.41,0.42,0,0,3.132,0.379,0,0.278,0,2.661,0,0,2.374,0,0,0,0,0,18.786,0,1.676,1.422,1.548,1.286
2021-10-26,1.488,18.22,0,0.56,2.291,9.097,1.831,0,0,3.984,1.566,3.002,4.868,0.778,18.637,0,12.041,0,0,37.059,0,1.28,0,3.913,0.157,0,0,4.066,1.659,0,0,0,4.875,0,0,3.267,0,0,0,0,0,20.516,0,1.921,1.113,0,1.617
2021-10-27,1.914,13.295,0,0,0.948,6.849,1.916,0,0,4.053,1.315,0.981,4.189,0,15.369,0,15.305,38.456,0,36.161,0,0.218,0,1.598,0,0,0,4.092,0.473,0,0,0,2.931,0,0,3.481,0,0,0,0,0,23.173,0,1.708,0.939,1.881,1.587
2021-10-28,2.443,11.434,0,1.491,1.214,4.434,2.752,0,0,3.471,1.015,0.846,1.824,0,16.659,0,6.449,29.848,0,37.949,0,0.409,0,1.438,0,0,0,2.627,0.809,0.251,0,0,3.241,0,0,3.253,0,0,0,0,0,15.323,0,0.818,0.48,1.982,3.927
2021-10-29,2.65,15.253,0,0.959,3.842,9.171,1.923,0,0,4.354,0.809,1.575,8.421,0,21.926,0,13.574,19.824,0,40.045,0,0.308,0,4.289,0,0,0,0.909,0,0,0.05,0,2.644,0,0,3.837,0,0,0,0,0,15.218,0,1.542,1.161,2.877,4.629
2021-10-30,3.483,19.219,0,1.147,5.977,9.636,1.839,0,0,8.035,0.508,1.632,7.902,1.045,36.731,0,17.279,41.266,0,56.756,0,0,0,3.884,0,0,0,2.401,0.422,0,0.934,0,3.308,0,0,4.525,0,0,0,0,0,14.9,3,3.186,0,3.261,6.598
2021-10-31,2.029,19.081,0,1.535,3.661,10.907,2.341,0,0,6.532,1.29,1.755,2.922,1.547,33.72,0,28.424,0,0,55.961,0,0,0,5.256,0,0,0,2.021,4.239,0,1.648,0,3.956,0,0,5.905,0,0,0,0,1,22.327,0,3.661,0.509,1.865,9.798
2021-11-01,1.346,9.811,0,3.512,1.004,10.439,1.431,0,0,3.576,0.946,1.181,6.547,1.697,19.358,0,26.24,0,0,44.316,0,0,0,6.303,0,0,0,0.833,1.457,0,0.707,0,1.43,0,0,5.805,0,0,0,0,0,16.132,0,2.049,0,2.332,0.462
2021-11-02,1.024,5.375,0,1.106,4.38,13.946,2.868,0,0,5.182,0,2.235,8.816,1.096,18.811,0,25.844,0,0,39.893,0,0,0,0.686,0,0,0,1.642,1.456,0,1.104,0,0.752,0,0,2.287,0,0,0,0,0,18.231,0,1.44,2.199,0.762,0.633
2021-11-03,3.129,6.748,0,2.027,2.647,2.501,3.628,0,0,1.937,0,0,1.195,1.037,40.332,0,27.868,0,8.625,39.941,0,0,0,2.969,0,0,0,0.708,1.395,0,0.489,0,1.569,0,0,7.805,0,0,0,0,0,19.697,0,2.528,0.416,0.937,1.335
2021-11-04,0,6.548,0,0,1.715,9.701,2.21,0,0,6.817,1.068,1.731,9.147,1.095,48.9,0,23.879,0,0,39.366,0,0,0,4.793,0,0,0,2.072,4.295,0,0.965,0,1.64,0,0,2.55,0,0,0,0,0,15.044,3,1.985,0,2.384,1.135
2021-11-05,0,9.447,0,1.191,3.413,12.333,3.846,0,0.774,6.495,0.487,1.605,5.07,1.246,65.608,0,36.777,0,0,58.696,0,0,0,4.242,0,0,0,1.818,0.862,0,0.288,0,5.302,0,0,7.298,0,0,0.702,0,0,26.707,0,0.208,0,1.605,1.807
2021-11-06,0,21.863,0,2.878,2.163,15.353,2.928,0,0,8.443,0.393,2.011,8.483,0,75.892,0,28.063,0,0,63.573,0,0,0,11.799,0.354,0,0,4.015,2.224,0,0.803,0,2.843,0,0,4.32,0,0,0,0,0,27.121,0,0.215,0.96,1.783,5.674
2021-11-07,0,19.809,0,3.493,8.56,29.539,6.42,0,0,15.32,0.861,1.641,9.577,1.765,79.166,0,35.638,0,0,64.445,0,0,0,15.529,0.177,0,0,0,4.158,0,1.996,0,3.174,0,0,7.072,0,0,0,0,0,37.328,0,0.866,1.977,1.669,7.481
2021-11-08,0,11.858,0,0.958,2.054,5.238,1.683,0,0,2.972,0.1,2.063,10.193,0.326,33.032,0,28.296,0,8.526,55.78,0,0,0,4.723,1.031,0,0,1.187,2.324,0,0.357,0,2.543,0,0,5.759,0,0,0,0,0,18.308,2,0.143,0,1.404,3.546
2021-11-09,0,5.938,0,0,2.336,6.042,1.206,0,0,3.253,0.229,1.196,3.419,0,33.49,0,27.933,0,4.798,43.289,0,0,0,3.05,0.328,0,0,0.354,2.732,0,0.163,0,2.752,0,0,1.035,0.522,0,0,0,0,17.034,0,0,0,0.737,1.325
2021-11-10,0,4.664,0,0.897,0.521,5.489,2.337,0,0,2.912,0.817,1.067,2.634,0.41,24.62,0,27.656,0,1.476,49.502,0,0,0,4.275,0.349,0,0,0.656,0.318,0,0.333,0,2.626,0,0,3.334,0,0,0,0,0,20.674,0,0,0,1.923,0.613
2021-11-11,0,7.292,0,1.208,1.624,3.358,4.347,0,0,2.089,0.494,3.274,2.409,0.376,20.628,0,13.156,0,1.628,34.403,0,0,0,3.077,0.5,0,0,0.429,2.751,0,1.051,0,1.447,0,0,4.193,0,0,0,0,0,14.808,1,0.817,0,0.878,0.843
2021-11-12,0,5.636,0,0,1.561,6.477,3.238,0,0,3.064,0,2.845,6.062,0.334,26.802,0,18.935,0,7.334,50.347,0,0,0,3.378,0.349,0,0,0,1.805,0,0.379,0,3.571,0,0,3.487,0,0,0,0,0,17.595,0,3.941,0,0.558,0.883
2021-11-13,0,7.493,0,0.657,1.451,10.707,4.816,0,0,2.631,0,1.194,7.782,0.466,27.797,0,20.049,0,7.524,52.476,0,0,0,8.192,1.232,0,0,0,4.096,0,0.526,0,3.802,0,0,5.405,0,0,0,0,0,20.74,2,2.135,0,1.55,1.155
2021-11-14,0,18.163,0,0.835,2.856,17.437,3.207,0,0,2.149,0.344,2.995,7.37,0.63,40.69,0,30.582,0,4.382,51.299,0,0,0,13.448,0.248,0,0,0,5.723,0,0.552,0,3.684,0,0,6.82,0,0,0,0,0,29.229,2,6.612,0,1.692,2.567
2021-11-15,0,5.779,0,0,2.848,1.595,2.921,0,0,2.129,0.867,1.572,5.001,0.43,15.938,0,12.677,0,3.352,28.879,0,0,0,3.371,0,0,0,0,3.881,0,1.364,0,1.141,0,0,6.263,0,0,0,0,0,23.385,0,1.763,0,0.747,2.752
2021-11-16,0,10.748,0,0,1.689,5.772,4.379,0,0,1.044,0.443,2.19,0.994,0,17.022,0,12.525,0,4.096,19.63,0,0,0,4.919,0,0,0,0,3.605,0,1.857,0,3.71,0,0,1.591,0,0,0,0,0,15.864,0,1.397,0.443,1.668,3.507
2021-11-17,0,7.677,0,0,4.554,5.102,3.922,0,0,5.072,0.201,1.422,4.939,0.365,18.105,0,15.791,0,3.931,33.26,0,0.136,0,2.362,0,0,0,0,0.592,0,0.907,0,3.472,0,0,3.762,0,0,0,0,0,15.332,1,1.899,0,1.115,2.4
2021-11-18,0,4.208,0,0.34,1.851,3.152,2.285,0,0,2.118,1.053,2.107,1.877,0.38,15.923,0,6.018,0,2.259,21.426,0,0,0,2.356,0,0,0,0,3.314,0,0.574,0,2.187,0,0,2.018,0,0,0,0,0,8.934,0,0.989,0,0.921,1.854
2021-11-19,0,5.646,0,0.362,3.249,4.788,1.265,0,0,1.075,0,0.628,4.276,0.487,17.318,0,8.768,0,3.856,28.706,0,0,0,2.866,0,0,0,0,2.079,0,0.786,0,2.462,0,0,3.398,0,0,0,0,0,13.934,0,2.013,0,0.433,0
2021-11-20,0,14.76,0,1.002,4.299,7.388,2.371,0,5.256,5.33,2.228,2.961,4.809,0.802,26.926,0,14.406,0,6.785,51.035,0,0.263,0,1.347,0,0,0,0,12.196,0,1.095,0,2.613,0,0,5.768,0,0,0,0,0,22.621,0,3.44,0,2.163,2.787
2021-11-21,0,6.189,0,0.412,2.3,6.97,2.988,0,0,2.841,1.096,2.828,13.986,1.153,28.431,0,19.739,0,8.936,44.486,0,0,0,5.531,0,0,0,0,5.954,0,0.463,0,7.245,0,0,9.125,0,0,0,0,0,17.085,0,2.851,0,1.543,1.307
2021-11-22,0,7.66,0,0,1.762,4.597,1.48,0,0,7.351,1.855,2.267,6.64,0.38,13.087,0,9.756,0,3.329,29.73,0,0,0,1.899,0,0,0,0,2.589,0,0.464,0,0.781,0,0,0.461,0,0,0,0,0,15.301,0,2.155,0,1.368,2.488
2021-11-23,0,6.789,0,0,0,3.205,1.121,0,0,2.04,0.365,1.463,2.14,0,8.705,0,9.495,2.763,0,30.631,0,0.48,0,1.876,0,0,0,0,11.964,0,0.302,0,1.16,0,0,2.632,0,0,0,0,0,13.112,0,2.135,0.888,1.122,2.374
2021-11-24,0,3.328,0,0.445,1.515,4.11,0,0,0,2.61,0.681,3.144,3.363,1.239,3.259,0,12.559,0,0,26.466,0,0,0,1.215,0,0,0,0,8.373,0,1.131,0,2.872,0,0,3.355,0,0,0,0,0,13.125,0,4.099,0.516,0.727,2.551
2021-11-25,0,5.394,0,1.264,2.582,2.702,1.495,0,0,0.51,0.673,1.631,1.858,0,1.266,0,10.217,0,0,26.912,0,0,0,2.3,0,0,0,0,11.727,0,1.283,0,3.86,0,0,1.03,0,0,0,0,0,12.127,0,3.308,0,0.839,0.472
2021-11-26,0,13.105,0,0.368,1.98,4.329,1.812,0,0,2.708,0.537,1.446,3.685,1.178,0.313,0,17.511,0,4.331,37.648,0,0.061,0,3.474,0,0,0,0,5.571,0,1.273,0,1.496,0,0,3.637,0,0,0,0,0,8.971,0,1.197,0,1.071,3.243
2021-11-27,0,8.046,0,0,1.752,7.972,4.355,0,0,2.668,1.247,5.216,9.088,1.095,0.533,0,23.115,0,8.113,56.466,0,0,0,7.863,0,0,0,0,9.079,0,0.754,0,2.342,0,0,1.844,0,0,0,0,0,26.175,0,0.773,0.666,1.857,4.105
2021-11-28,0,11.806,0,0.975,1.934,18.58,2.904,0,0,2.249,0.244,1.979,6.943,0,17.957,0,21.817,0,10.003,47.269,0,0,0,7.624,0,0,0,0,4.883,0,0.935,0,2.988,0,0,5.481,0,0,0,0,0,18.257,0,1.884,0.867,0.746,1.014
2021-11-29,0,7.811,0,0.412,1.022,1.897,2.319,0,0,4.499,1.469,0.365,2.67,0.819,0,0,9.182,0,6.934,26.496,0,0,0,2.097,0,0,0,0,9.181,0,1.079,0,1.519,0,0,5.608,0,0,0,0,0,14.365,0,1.899,0.408,1.015,0.592
2021-11-30,0,8.856,0,0,1.706,3.877,2.199,0,0,3.681,0.516,1.282,4.447,1.171,0,0,25.737,0,6.467,27.918,0,0,0,4.135,0,0,0,0,0.3,0,0.617,0,2.528,0,0,1.818,0,0,0,0,0,26.219,0,0.724,0.761,1.31,1.285
2021-12-01,0,8.605,0,0,1.597,4.951,1.342,0,0,3.533,0.136,0.652,3.897,1.154,0.201,0,18.93,0,3.663,26.523,0,0,0,8.356,0,0,0,0,14.143,0,0.328,0,0.824,0,0,3.363,0,0,0,0,0,20.724,0,0.201,0,0.965,1.486
2021-12-02,0,2.199,0,0.841,1.786,5.503,2.401,0,0,2.034,1.791,1.118,2.941,1.146,0.05,0,18.263,0,10.035,18.364,0,0,0,4.057,0,0,0,0,14.117,0,0.936,0,2.085,0,0,2.679,0,0,0,0,0,15.584,0,0.387,0,0.96,0.763
2021-12-03,0,5.543,0,0.852,0.311,4.566,3.744,0,0,3.523,0.487,1.829,4.859,0,30.682,0,20.739,0,4.816,18.09,0,0.076,0,2.349,0,0,0,0,24.096,0,0.968,0,4.081,0,0,1.905,0,0,0,0,0,17.576,0,0.824,0,0.914,0.964
2021-12-04,0,9.409,0,0,1.961,11.16,1.209,0,0,8.766,2.602,0.86,7.2,0.895,43.53,0,22.865,0,13.165,56.198,0,0,0,7.611,0,0,0,0,21.782,0,1.786,0,2.558,0,0,7.591,0,0,0,0,0,26.95,0,1.11,0,1.504,0.492
2021-12-05,0,7.942,0,0.323,2.462,19.732,2.4,0,0,4.237,1.539,1.883,7.249,1.723,43.026,0,25.795,0,8.218,46.011,0,0.025,0,11.92,0,0,0,0,22.206,0,1.475,0,4.959,0,0,6.847,0,0,0,0,0,24.75,0,1.678,0,2.269,1.044
2021-12-06,0,4.017,0,0.768,3.309,7.268,3.073,0,0,2.943,1.197,1.955,6.805,0,12.276,0,14.424,0,6.235,11.266,0,0,0,6.949,0,0,0,0,9.816,0,1.204,0,2.839,0,0,0,0,0,0,0,0,27.765,0,1.505,0.552,1.905,2.862
2021-12-07,0,4.7,0,1.971,2.383,6.532,1.191,0,0,0.382,1.225,3.017,3.252,0.945,16.664,0,16.639,0,6.957,25.907,0,0,0,6.357,0,0,0,0,13.423,0,0.736,0,2.664,0,0,2.232,0,0,0,0,0,19.398,0,1.556,0.895,2.514,0.452
2021-12-08,0,1.737,0,0.624,3.707,4.236,2.668,0,0,3.303,0.365,0.874,4.88,1.897,17.61,0,15.059,0,7.636,22.516,0,0,0,8.39,0,0,0,0,16.396,0,0.895,0,2.156,0,0,2.589,0,0,0,0,0,18.784,0,1.183,0,0.626,0.763
2021-12-09,0,3.906,0,0,3.833,5.161,1.426,0,0,0.764,1.139,1.848,5.04,0,21.969,0,12.175,0,5.759,19.842,0,0,0,11.533,0,0,0,0,8.826,0,0.658,0,3.489,0,0,3.48,0,0,0,0,0,15.443,0,2.214,0,0.401,0.864
2021-12-10,0,4.622,0,0,3.304,7.643,2.987,0,0,2.612,0.445,2.895,6.777,1.215,21.895,0,14.231,0,7.368,29.168,0,0,0,6.424,0,0,0,0,9.265,0,0.066,0,1.154,0,0,2.231,0,0,0,0,0,18.371,0,0.936,0,0.788,1.455
2021-12-11,0,13.358,0,0.251,4.675,17.239,5.622,0,0,7.279,2.05,1.045,8.363,0,50.839,0,30.45,0,15.796,80.848,0,0,0,15.274,0,0,0,0,30.677,0,0,0,6.562,0,0,8.412,0,0,0,0,0,29.256,0,1.532,0.819,1.685,3.142
2021-12-12,0,10.717,0,0.602,4.875,22.279,2.031,0,0,6.346,0.201,1.197,8.652,0.422,36.637,0,15.656,0,4.665,56.884,0,0,0,8.526,0,0,0,0,14.011,0,0,0,4.191,0,1,4.697,0,0,0,0,0,32.78,0,0.967,0.385,1.913,1.406
2021-12-13,0,0.352,0,0.674,1.081,9.191,3.977,0,0,2.38,0.817,1.974,0.492,0,12.819,0,12.444,0,7.065,21.245,0,0.41,0,5.989,0,0,0,0,12.788,0,0,0,1.218,0,0,1.993,0,0,15.481,0,0,27.989,0,1.045,0,0.323,0
2021-12-14,0,4.423,0,0,2.739,8.346,2.317,0,0,6.196,1.834,2.025,1.265,1.807,16.517,0,13.141,0,6.999,29.013,0,0.219,0,4.75,0,0,0,0,10.236,0,0.128,0,4.264,0,0,2.364,0,0,0,0,0,18.416,0,2.04,0.36,1.876,1.687
2021-12-15,0,5.063,0,0.568,3.544,4.959,3.389,0,0,8.114,0.609,0.508,3.473,1.054,25.97,0,18.179,0,3.406,0,0,0.273,0,2.316,0,34,0,0,14.522,0,0,0,1.619,0,0,3.513,0,0,0,0,0,23.307,0,1.362,0.41,1.626,2.159
2021-12-16,0,5.062,0,0.479,2.223,11.332,1.275,0,1.25,1.597,1.372,0.809,2.79,0.512,29.296,0,25.768,0,6.56,35.708,0,0.226,0,5.153,0,0,0,0,12.55,0,0,0,4.536,0,0,2.703,0,0,0,0,0,24.769,0,0.51,0.694,0.81,0
2021-12-17,0,6.082,0,0,3.19,13.729,0.47,0,0,2.018,1.335,2.111,4.199,1.225,28.974,0,34.299,0,10.755,34.952,0,0.879,0,10.655,0,0,0,0,8.031,0,0,0,1.892,0,0,5.507,0,0,0,0,0,24.426,0,4.749,0,1.462,1.727
2021-12-18,0,6.556,0,0,5.774,16.168,5.554,0,0,2.801,2.183,2.069,7,0.612,46.493,0,42.242,0,8.524,49.03,0,0.625,0,12.971,0,0,0,0,18.748,0,0,0,29.323,0,0,7.231,0,0,0,0,0,21.33,0,4.384,0,1.153,1.035
2021-12-19,0,10.554,0,0.552,6.529,12.68,4.648,0,0,7.15,0.928,1.573,6.054,0.653,27.857,0,51.133,0,8.979,56.482,0,0,0,15.692,0,0,0,0,43.152,0,0,0,0.716,0,0,6.959,0,0,0,0,0,46.598,0,2.744,0,2.306,1.927
2021-12-20,0,0.187,0,0,3.105,3.145,1.729,0,0,4.823,0.627,1.949,3.263,1.455,17.473,0,25.78,0,7.399,31.448,0,0.223,0,8.323,0,0,0,0,22.441,0,0.098,0,22.253,0,0,3.583,0,0,0,0,0,21.321,0,1.397,0,0.678,0
2021-12-21,0,3.75,0,0,3.825,7.016,4.11,0,0,1.658,1.28,2.069,2.661,1.235,31.545,0,18.202,0,4.716,47.2,0,0.527,0,6.546,0,0,0,0,21.676,0,0.108,0,4.047,0,0,5.068,0,0,0,0,0,20.035,0,2.143,0.392,1.79,0.402
2021-12-22,0,6.076,0,0,5.303,1.438,4.263,0,0,3.678,0.284,0.772,1.897,0,20.365,0,14.458,0,6.898,27.033,0,0.754,0,7.131,0,0,0,0,15.873,0,0,0,6.767,0,0,1.791,0,0,0,0,0,12.258,0,2.558,0,0.888,0.792
2021-12-23,0,8.275,0,0,3.24,9.851,0,0,0,4.384,0.987,1.128,5.02,0.482,30.325,0,23.368,0,3.105,28.376,0,0.684,0,9.348,0,0,0,0,12.353,0,0,0,10.523,0,0,4.425,0,0,0.705,0,0,12.814,0,1.061,0,1.383,1.758
2021-12-24,0,0,1.425,0,4.576,10.71,1.829,0,0,3.205,1.045,1.191,7.259,0.713,34.617,0,30.135,0,6.855,35.441,0,0.496,0.167,7.938,0,0,0,0,10.061,0,0,0,5.863,0,0,4.358,0,0,0,0,0,33.907,0,0.652,0,2.5,1.264
2021-12-25,0,16.985,1.446,0,2.864,18.109,0.637,0,0,1.049,1.767,3.75,10.304,1.114,63.826,0,33.162,10.767,13.696,62.761,0,1.621,0,24.891,0,0,0,0,14.701,0,0.076,0,6.91,0,0,8.466,0,0,0,0,0,39.512,0,2.178,0,2.751,0.474
2021-12-26,0,13.697,0,0,0,14.015,5.354,0,0,13.51,1.324,2.927,5.562,0,46.711,0,28.498,0,9.611,90.012,0,0.359,0,31.148,0,0,0,0,23.363,0,0,0,0,0.158,0,13.362,0,0,0,0,0,43.32,0,3.561,0,3.874,2.587
2021-12-27,0,0.23,0,0,0,3.334,2.853,0,0,2.328,1.225,0.914,3.544,0,5.859,0,15.213,0.645,8.783,37.892,0,0.106,0,4.516,0,0,0,0,7.198,0,0,0,0,0,0,1.237,0,0,0,0,0,24.108,0,1.806,0,0.781,0.46
2021-12-28,0,2.726,0,0,2.097,5.584,1.477,0,1.282,3.536,2.257,1.002,3.292,0.628,0,0,24.145,0,8.004,31.748,0,0.957,0,6.796,0,0,0,0,5.431,0,0,0,5.946,0,0,3.234,0,0,0,0,0,22.869,0,1.397,0,1.412,1.25
2021-12-29,0,4.298,0,0,1.694,11.972,2.786,0,0,3.162,2.29,0.826,2.449,0.578,0.236,0,24.749,0,4.159,30.789,0,0.074,0,6.295,0,0,0,0,4.522,0,0,0,6.656,0,0,1.464,0,0,0,0,0,14.901,0,0,0,1.613,0.89
2021-12-30,0,0.719,0,0,2.158,5.102,1.98,0,0,2.011,0.643,1.184,7.39,0.578,0,0,17.651,0,3.745,30.64,0,1.049,0,8.191,0,0,0,0,8.234,0,0,0,6.296,0,0,0.53,0,0,0,0,0,14.334,0,3.304,0,0.595,0
2021-12-31,0,13.537,0,0,2.782,10.76,6.209,0,1.859,4.799,2.189,1.929,8.454,1.03,33.937,0,29.186,0,11.017,57.659,0,0.847,0,11.868,0,0,0,0,13.965,0,0,0,13.26,0,0,3.413,0,0,40.607,0,0,25.494,0,3.513,0,2.66,1.092
2022-01-01,0,17.459,0,0,5.021,7.248,1.56,0,0,3.564,1.446,2.126,8.594,3.455,37.056,0,38.272,0,14.6,74.168,0,0.7,0,14.122,0,0,0,0,7.474,0,0,0,6.097,0,0,3.244,0,0,0,0,0,28.522,0,6.379,0,0.954,1.897
2022-01-02,0,7.157,0,0,1.835,7.502,1.728,0,0,1.379,3.193,2.123,9.097,1.985,0.115,0,26.605,0,12.803,23.006,0,0.438,0,10.869,0,0,0,0,8.293,0,0,0,5.887,0,0,1.825,0,0,0,0,1,19.704,0,2.267,0,2.1,2.182
2022-01-03,0,13.119,0,0,0.403,1.44,0,0,0,4.814,0.984,2.383,8.607,1.207,21.125,0,38.027,0,10.92,58.589,0,0.334,0,4.071,0,0,0,0,6.382,0,0,0,8.79,0,0,0.744,0,0,0,0,0,45.429,0,2.968,0,2.249,1.947
2022-01-04,0,2.327,0,0,2.552,1.718,2.417,0,0,1.824,1.636,1.811,3.946,2.438,25.897,0,45.257,0,6.583,46.229,0,0.118,0,5.428,0,0,0,0,1.902,0,0,0,2.96,0,0,0.878,0,0,0,0,0,34.406,0,1.79,0,1.087,1.175
2022-01-05,0,2.931,0,0,2.199,4.167,0.604,0,0,2.974,2.45,1.354,7.761,0,15.802,0,39.688,0,7.635,31.197,0,1.109,0,4.148,0,0,0,0,3.451,0,0,0,3.824,0,0,2.397,0,0,0,0,0,40.488,0,2.066,0,0.778,0.565
2022-01-06,0,0.201,0,0,1.712,3.712,1.846,0,0,1.38,1.085,1.572,3.284,1.131,16.33,0,35.897,0,6.948,31.345,0,0.484,0,3.97,0,0,0,0,0,0,0,0,5.611,0,0,5.713,0,0,0,0,0,45.039,0,2.586,0,0.309,0
2022-01-07,0,6.594,0,0,2.056,5.153,1.275,0,0,3.191,1.506,1.855,10.054,1.797,45.684,0,31.834,0,8.08,42.554,0,0.462,0,3.016,0,0,0,0,19.27,0,0,0,6.564,0,0,5.763,0,0,0,0,0,25.769,0,2.944,1.489,0.451,0.484
2022-01-08,0,7.902,0,0,5.665,8.083,2.199,0,0,1.135,1.918,2.588,6.515,1.168,53.23,0,43.284,0,21.182,58.58,0,0.831,0,7.188,0,0,0,0,13.561,0,2.888,0,10.963,0,0,3.774,0,0,0,0,0,36.886,0,4.434,2.107,2.416,1.028
2022-01-09,0,15.031,0,0,2.219,8.74,1.963,0,0,0,2.399,1.776,4.147,1.576,48.208,0,113.732,0,9.596,49.012,0,0.113,0,11.548,0,0,0,0,23.958,0,2.663,0,11.228,0,0,5.916,0,0,0.53,0,0,44.05,9,4.249,1.907,2.09,0.888
2022-01-10,0,2.63,0,0,3.145,5.935,1.074,0,0,0,1.928,2.852,5.231,0,26.011,0,35.175,0,9.221,35.084,0,0.32,0,3.782,0,0,0,0,7.657,0,2.204,0,7.343,0,0,5.151,0,0,0,0,0,32.11,11,2.986,0.365,1.724,0.625
2022-01-11,0,3.823,0,0,4.377,2.526,0.772,0,0,3.249,2.198,3.268,5.202,2.236,9.934,0,54.466,0,3.555,19.652,0,0.449,0,6.609,0,0,0,0,6.045,0,2.067,0,12.082,0,0,2.448,0,0,0,0,0,52.645,6,2.141,0.994,2.161,0.604
2022-01-12,0,3.377,0,0,2.277,2.55,2.601,0,0,3.522,0.884,2.355,5.074,1.872,11.993,0,35.007,0,2.626,28.544,0,0.548,0.192,8.544,0,0,0,0,4.274,0,2.6,0,3.06,0.251,0,1.836,0,0,0,0,0,52.472,11,2.651,1.04,1.526,0.621
2022-01-13,0,5.23,0,0,1.149,6.871,0.554,0,0,1.394,2.29,3.207,5.968,1.928,11.367,0,21.816,0,3.549,16.681,0,0.496,0,3.43,0,0,0,0,1.615,0,2.028,0,2.86,0,0,0.969,0,0,0,0,1,41.841,0,4.382,0.611,1.416,1.573
2022-01-14,0,9.34,0,0,0.585,10.636,1.275,0,0,2.629,1.777,3.052,2.966,0.512,14.064,0,23.405,0,8.019,35.033,0,0.493,0.202,6.636,0,0,0,0,6.236,0.159,2.13,0,8.365,0,0,3.519,0,0,0,0,1,40.427,13,2.718,0,2.853,0.988
2022-01-15,0,14.543,0,0,4.536,7.177,3.356,0,0,2.744,2.802,2.129,7.258,0.884,6.928,0,37.538,0,6.899,47.338,0,0.696,0.44,7.588,0,0,0,0,12.439,0.51,3.883,0,10.564,0.679,0,2.397,0,0,0,1,1,55.912,9,1.004,0,4.689,1.593
2022-01-16,0,11.483,0,0,4.918,3.913,3.725,0,0,1.896,2.833,0.629,10.895,0.422,10.036,0,58.007,0,4.951,41.028,0,1.32,0.399,15.441,0,0,0,0,14.335,1.17,2.868,0,13.575,0,0,6.375,0,0,0,0,1,43.579,7,3.353,0,2.973,1.008
2022-01-17,0,9.412,0,0,3.449,6.775,4.145,0,0,1.954,2.27,1.899,7.479,0.612,0,0,11.755,0,4.229,40.524,0,0.142,0.31,6.495,0,0,0,0,12.435,0,1.672,0,9.589,0,0,0,0,0,0,1,0,17.561,1,2.574,0,0.978,2.823
2022-01-18,0,9.512,0,0,2.843,3.912,1.846,0,0,2.342,3.164,3.203,5.161,0.984,13.594,0,9.211,0,4.158,29.633,0,0.841,0,2.99,0,0,0,0,10.855,0.636,1.283,0,8.172,0,0,5.051,0,0,0,1,0,31.738,0,2.333,0,0.645,0.585
2022-01-19,0,10.173,0,0,5.746,7.3,3.542,0,0,9.369,1.907,1.187,1.114,1.436,19.014,0,16.223,0,8.054,48.879,0,0.373,0.178,6.042,0,0,0,0,13.038,0.142,2.204,0,8.776,0.364,0,0,0,0,0,3,0,28.457,0,0.661,0.995,1.214,0.686
2022-01-20,0,12.113,0,0,1.25,5.968,1.426,0,0,13.707,1.676,1.787,12.214,0.456,21.443,0,32.318,0,5.703,53.814,0,0.326,0.771,9.933,0,0,0,0,19.207,0.468,1.463,0,5.084,0.455,1,8.029,0,0,0,2,0,45.808,0,8.879,1.363,1.488,3.73
2022-01-21,0,12.284,0,0,4.134,12.671,0.487,0,0,4.008,0.466,3.056,13.819,2.956,18.742,0,32.031,0,13.361,55.275,0,0.227,0,11.785,0,0,0,0,14.525,0,2.745,0,8.497,0.227,1,6.845,0,0,0,2,0,38.685,0,7.023,0,1.364,4.516
2022-01-22,0,24.511,0,0,11.474,14.986,5.806,0,0,15.26,0.602,0.768,5.881,2.701,22.555,0,64.541,0,14.084,60.906,0,1.489,0,25.243,0,0,0,0,14.118,0,2.622,0,17.678,0,5,7.174,0,0,0,6,0,46.998,0,12.012,1.998,2.886,4.899
2022-01-23,0,20.306,0,0,11.391,10.339,9.986,0,0,8.261,0.752,1.889,15.756,2.327,29.311,0,73.152,0,16.172,62.496,0,1.188,0,10.593,0,0,0,0,9.547,0,0,0,16.943,0,0,5.531,0,0,1.097,0,0,64.573,0,6.926,0,4.924,0
2022-01-24,0,13.898,1.426,0,4.88,3.705,1.948,0,0,2.255,2.32,2.657,19.759,1.039,33.837,0,22.147,0,10.606,35.996,0,1.213,0,8.508,0,0,0,0,23.59,0,0,0,10.753,0,0,3.814,0,0,0,0,0,53.397,0,4.781,0,2.614,3.267
2022-01-25,0,12.802,0.877,0,10.122,6.996,2.601,0,0,4.081,1.491,5.464,19.006,3.597,35.911,0,48.877,0,8.132,63.18,0,1.449,0,9.857,0,0,0,0,11.694,0,2.404,0,11.748,1.076,0,4.091,0,0,0,0,0,42.607,0,3.228,1.003,2.382,9.353
2022-01-26,0,14.411,1.284,0,5.733,9.037,4.129,0,0,4.466,4.124,7.536,22.215,2.193,29.326,0,32.217,0,5.768,58.393,0,0.127,0,15.351,0,0,0,0,14.498,0,2.333,0,12.174,0.364,0,2.123,0,0,0,10,0,44.472,0,5.928,1.539,5.792,1.275
2022-01-27,0,11.373,1.13,0,5.503,2.041,2.065,0,0,3.621,3.321,21.09,10.167,1.535,17.944,0,58.027,0,7.677,90.101,0,1.054,1.951,11.516,0,0,0,0,10.732,1.753,2.302,0,14.428,1.898,0,4.329,0,0,0,2,0,57.236,1,7.744,2.517,5.435,4.196
2022-01-28,0,29.413,0.696,0,4.957,2.982,4.776,0,0,2.932,5.44,37.922,39.386,3.59,41.917,0,85.253,0,4.123,112.191,0,1.689,2.486,17.29,0,2,0,0,11.112,1.025,0.322,0,23.295,4.23,0,4.716,0,0,0,7,0,86.352,70,8.468,3.359,4.829,6.174
2022-01-29,0,36.75,1.337,0,20.793,4.87,3.204,0,0,14.254,12.215,95.817,65.277,6.912,47.05,0,90.907,0,10.937,74.138,0,5.766,3.835,21.863,0,1,0,0,35.66,2.149,8.888,0,26.15,1.661,0,5.151,0,0,0,8,0,146.512,111,12.032,2.04,13.264,10.253
2022-01-30,0,31.576,1.827,0,13.737,14.588,5.548,0,0,28.35,8.704,95.705,55.111,5.452,66.092,0.426,98.07,0,7.743,108.55,0,8.746,1.074,34.385,0,1,0,0,51.089,0.567,21.418,0,16.136,0,0,6.494,0,0,4.058,23,0,185.982,102,25.521,1.944,19.097,3.138
2022-01-31,0,0,0,0,0,0,0,0,0,0,0,0,0,0,0,0,0,0,0,0,0,0,0,0,0,0,0,0,0,0,0,0,0,0,0,0,0,0,0,0,0,0,0,0,0,0,0
2022-02-01,0,13.705,1.504,0,7.559,2.189,2.155,0,0,3.264,1.705,11.464,10.828,0.633,9.054,0,13.968,0,3.48,20.473,0,1.946,1.617,15.574,0,0,0,0,0,0,2.498,0,7.213,0,0,1.93,0,0,0,3,0,21.147,13,6.086,1.313,0.481,4.278
2022-02-02,0,7.613,0.874,0,8.147,1.858,3.314,0,0,18.749,1.553,21.364,19.771,2.569,14.549,0,38.729,0,6.973,34.787,0,1.468,1.516,8.854,0,0,0,0,17.779,0,4.017,0,8.697,0,0,2.518,0,0,0,12,0,44.895,0,6.926,0,2.835,5.269
2022-02-03,0,0,0.301,0,18.795,0.532,8.303,0,0,32.975,2.809,40.445,43.477,2.625,20.149,0,26.229,0,1.003,3.662,0,0.985,1.575,0.853,0,0,0,0,0,0,11.838,0,13.197,0,0,1.947,0,0,0,9,0,52.949,0,5.113,0,0.204,5.335
2022-02-04,0,22.251,3.704,0,11.019,0,8.896,0,0,46.145,5.33,27.484,38.907,2.224,14.566,0,48.036,0,0.666,54.237,0,3.298,2.732,18.024,0,0,0,0,18.814,0,7.451,0,12.434,0,6,6.829,0,0,0,0,0,73.108,0,8.238,0.443,4.891,0.52
2022-02-05,0,23.208,0.821,0,14.18,11.028,9.655,0,0,18.257,3.481,0.465,39.175,0,13.158,0,45.665,0,8.059,0.243,0,2.58,1.655,23.911,0,0,0,0,14.092,0,2.695,0,16.648,0,2,0,0,0,0,5,0,14.64,1,4.462,0,4.696,3.188
2022-02-06,0,32.373,0,0,16.942,0,8.243,0,0,24.316,0,25.147,29.187,0,15.038,0,52.784,0,2.481,61.176,0,2.788,0,21.023,0,0,0,0,19.824,0,2.996,0,12.884,0,1,0,0,0,0,9,0,33.898,0,8.568,0.544,3.19,5.034
2022-02-07,0,0,0,0,11.913,0,3.009,0,0,0,4.823,15.817,19.964,0.259,9.407,0,43.144,0,6.023,40.076,0,1.025,0.53,13.481,0,0,0,0,19.648,0,3.084,0,7.982,0,4,7.403,0,0,0,8,0,20.153,0,5.495,0,4.797,2.651
2022-02-08,0,16.916,0,0,9.771,0,5.675,0,0,5.092,2.389,8.427,21.304,2.5,5.78,0,30.994,0,6.344,28.383,0,1.438,0,17.596,0,0,0,0,19.32,0,2.991,0,7.095,0,0,6.108,0,0,13.622,0,0,15.654,0,4.557,0,3.748,1.963
2022-02-09,0,10.724,0,0,5.101,0,3.359,0,0,6.803,0.663,6.568,11.07,1.684,5.514,0,25.255,0,2.884,29.227,0,2.231,0,8.231,0,0,0,0,14.799,0,1.484,0,9.051,0,1,4.578,0,0,0,0,0,17.438,0,5.073,0,2.186,2.316
2022-02-10,0,10.289,0,0,5.446,0,1.711,0,0,3.509,0.113,9.401,14.041,1.721,6.478,0,23.057,0,0,28.635,0,0.629,0,8.405,0,0,0,0,13.514,0,1.437,0,5.518,0,0,0,0,0,0,4,0,33.137,0,0,2.36,3.564,3.859
2022-02-11,0,9.643,0,0,7.601,0,0,0,0,16.067,0.514,6.585,13.568,1.181,7.35,0,24.982,0,0,34.543,0,1.033,0,8.072,0,0,0,0,10.128,0,1.113,0,5.745,0,0,7.326,0,0,0,0,0,21.915,0,0,1.607,3.035,1.41
2022-02-12,0,11.457,0,0,5.619,0,0,0,0,18.301,1.441,6.226,18.385,0.848,6.628,0,35.481,0,0,49.085,0,1.653,0,14.457,0,0,0,0,21.964,0,0.604,0,4.157,0,0,5.91,0,0,0,0,0,11.646,8,0,0,3.854,1.493
2022-02-13,0,18.053,0,0,4.081,0,0.573,0,0,21.921,1.998,6.872,16.036,2.557,7.028,0,37.882,0,0,31.197,0,1.384,0,7.976,0,0,0,0,12.65,0,0.261,0,5.351,0.254,0,0,0,0,0,0,0,25.47,1,0,0,2.695,5.035
2022-02-14,0,0,0,0,11.484,0,0,0,0,8.351,0.751,4.732,20.182,1.983,9.618,0,35.754,0,0,22.341,0,0.468,0.242,3.411,0,0,0,0,8.838,0,0.158,0,5.902,0,0,6.567,0,0,0,0,0,21.898,0,0,0,2.818,1.728
2022-02-15,0,17.008,0,0,11.381,7.7,0.318,0,0,10.084,0.445,7.865,10.172,2.083,8.996,0,30.547,0,0,47.492,0,0.626,0,9.434,0,0,0,0,16.848,0,0,0,6.777,0,0,6.059,0,0,0,0,0,11.459,0,1.075,0,1.238,2.768
2022-02-16,0,1.306,0,0,3.994,0,0,0,0,2.785,0,1.373,8.002,0,5.235,0,21.875,0,0,22.449,0,0.783,0,0,0,0,0,0,10.715,0,0,0,3.337,0,0,2.577,0,0,0,0,0,22.199,0,0,0,0.624,1.762
2022-02-17,0,0,0,0,1.947,0,0.46,0,0,19.215,0.389,2.069,12.723,3.535,8.335,0,20.645,0,0,34.623,0,0.765,0,0,0,0,0,0,9.406,0,0,0,5.444,0,0,3.989,0,0,0,0,0,15.236,0,0,0,1.175,2.97
2022-02-18,0,0,0,0,3.934,1.746,0,0,0,11.769,2.501,3.555,10.637,2.544,11.249,0,24.401,0,0,33.695,0,0.366,0,3.294,0,0,0,0,10.415,0,0,0,8.664,0,0,1.756,0,0,0,0,0,23.139,0,0,0,1.042,1.913
2022-02-19,0,19.526,0,0,10.515,2.086,0,0,0,13.017,0.179,6.969,18.298,0.905,9.453,0,49.665,0,0,37.763,0,0.051,0,4.925,0,0,0,0,14.7,0,0,0,6.277,0,0,1.904,0,0,0,0,0,18.24,0,0,0.401,0.579,4.581
2022-02-20,0,15.615,0.546,0,10.19,1.357,0,0,0,11.639,0.322,3.343,17.43,2.069,8.076,0,30.111,0,0,35.58,0,0,0,7.501,0,0,0,0,9.7,0,0.125,0,8.386,0,0,5.091,0,0,6.275,0,0,34.333,0,0,0,1.843,3.408
2022-02-21,0,10.903,0.349,0,5.691,1.093,0,0,0,8.795,0,2.356,10.632,1.71,5.197,0,28.045,0,0,26.034,0,0.11,0,0,0,0,0,0,5.404,0,0,0,4.766,0,0,2.589,0,0,0,0,0,20.123,0,0,0.477,0.611,3.071
2022-02-22,0,8.253,1.021,0,9.915,0,0,0,0,6.86,0.165,4.752,11.918,3.075,5.499,0,21.47,0,0,25.201,0,0.597,0,2.864,0,0,0,0,4.801,0,0,0,2.714,0,0,2.768,0,0,0,0,0,31.157,0,0,0,0.676,1.158
2022-02-23,0,7.165,0.636,0,4.525,0.352,0,0,0,8.529,0,3.246,7.792,0.661,3.979,0,28.796,0,0,17.076,0,0.119,0,0.918,0,1,0,0,2.552,0,0,0,4.459,0,0,2.62,0,0,0,0,0,0,0,2.099,0.435,0.268,1.422
2022-02-24,0,9.207,0,0,3.132,0,0.217,0,0,4.9,0,2.827,8.313,0,5.097,0,34.624,0,0,19.778,0,0.886,0,0.854,0,0,0,0,1.839,0,0,0,3.881,0,0,2.946,0,0,0,0,0,20.208,0,2.481,0.501,0.925,0.565
2022-02-25,0,11.885,0,0,7.183,0,0,0,0,6.362,1.827,2.238,11.746,1.48,10.498,0,25.668,0,0,23.644,0,0.979,0,8.27,0,0,0,0,4.397,0,0,0,3.613,0,0,1.428,0,0,0,0,0,23.868,20,1.936,0,1.574,1.106
2022-02-26,0,23.166,0,0,11.848,0,0,0,0,13.338,1.405,5.553,14.959,2.759,8.56,0,29.244,0,0,40.831,0,1.425,0,4.763,0,0,0,0,11.331,0,0,0,6.069,0,0,5.773,0,0,0,0,2,41.639,0,4.319,0.376,1.203,1.976
2022-02-27,0,13.021,0,0,9.224,0,0,0,0,9.242,1.826,3.687,10.724,1.89,6.748,0,34.072,0,0,33.609,0,0.318,0,5.655,0,0,0,0,15.543,0,0,0,10.987,0,0,7.323,0,0,0,0,0,38.889,0,4.58,0,1.397,2.668
2022-02-28,0,6.419,0,0,3.569,3.732,0,0,0,6.096,0.287,2.991,11.819,0.552,5.887,0,22.582,0,0,29.583,0,0.187,0,3.857,0,0,0,0,8.295,0,0,0,5.22,0,0,2.441,0,0,0,0,0,25.514,0,1.987,0,1.504,1.91
2022-03-01,0,10.366,0,0,5.754,0,0,0,0,4.357,0.351,2.437,8.846,0.309,5.112,0,22.944,0,0,5.051,0,0.442,0,4.033,0,0,0,0,6.649,0,0,0,3.973,0,0,2.648,0,0,0,0,1,21.862,0,3.92,0,0.73,0.415
2022-03-02,0,8.294,0,0,4.497,0.641,0,0,0,2.349,1.941,2.677,5.747,0.46,6.916,0,18.905,0,0,23.171,0,0.215,0,2.036,0,0,0,0,6.593,0,0,0,4.35,0,0,3.066,0,0,0,0,0,18.004,0,1.985,0.418,1.777,3.393
2022-03-03,0,6.68,0,0,2.839,0.251,0.933,0,0,3.133,1.619,2.478,9.581,0,3.525,0,21.88,0,0,27.705,0,0.577,0,5.175,0,0,0,0,5.909,0,0,0,3.019,0,0,3.545,0,0,0,0,1,21.329,0,4.444,0,0.27,1.043
2022-03-04,3.227,11.514,0,0,4.812,0,0,0,0,6.133,2.077,2.143,7.901,0.386,5.908,0,20.119,0,0,21.276,0,0.476,0,4.071,0,0,0,0,4.318,0,0,0,3.855,0,0,3.419,0,0,0,0,1,13.886,0,1.01,0,0,0.402
2022-03-05,3.209,21.105,1.614,0,4.144,5.363,0.268,0,0,8.794,2.372,4.633,10.452,0.322,6.725,0,29.269,0,0,44.23,0,0.778,0,3.367,0,0,0,0,10.92,0,0,0,4.79,0,0,11.608,0,0,0,0,4,28.874,0,3.728,0.334,1.691,1.722
2022-03-06,0,25.354,1.51,0,17.602,7.061,0,0,0,7.258,2.607,4.633,16.034,1.891,10.323,0,30.618,0,0,47.119,0,0.671,0,13.729,0,0,0,0,11.964,0,0,0,9.535,0,0,8.899,0,0,0.766,0,5,23.426,0,1.236,0,2.501,1.432
2022-03-07,2.873,13.448,0.768,0,4.486,0,0,0,0,7.118,2.164,1.693,10.563,0.279,3.626,0,0.632,0,0,24.482,0,0.257,0,6.131,0,0,0,0,2.723,0,0,0,0.94,0,0,2.197,0,0,0,0,0,14.335,0,0.606,0,0.798,1.395
2022-03-08,1.49,9.817,0,0,5.766,0,0.561,0,0,2.279,1.36,1.726,8.236,0.358,0.245,0,14.951,0,0,6.754,0,0.203,0,5.161,0,0,0,0,2.153,0,0,0,3.373,0,0,1.758,0,0,0,0,0,12.652,0,1,0,1.055,0.766
2022-03-09,0.423,8.706,0,0,2.262,0,0,0,0,7.222,1.046,2.855,6.481,0.638,0,0,15.084,0,0,17.2,0,0.17,0,4.759,0,0,0,0,0.791,0,0,0,4.994,0,0,3.176,0,0,0,0,1,25.686,0,1.282,0,0.836,2.977
2022-03-10,0.967,10.276,0,0,1.722,2.218,0,0,0,3.873,1.835,1.326,7.109,1.877,0,0,16.971,0,0,16.626,0,0.344,0,3.004,0,0,0,0,0,0,0,0,6.179,0,0,5.034,0,0,0,0,0,11.507,0,1.203,0,0.244,1.646
2022-03-11,0.459,15.304,0,0,3.129,4.839,0,0,0,4.677,1.097,1.331,10.813,1.226,0,0,19.027,0,0,29.63,0,0.418,0,1.392,0,0,0,3.169,0,0,0,0,2.162,0,0,4.225,0,0,0,0,0,18.047,0,3.223,0,0.332,0.666
2022-03-12,5.128,23.767,0,0,10.552,6.733,0,0,0,15.102,0.695,5.21,19.433,0.982,0,0,27.009,0.282,0,37.329,0,0.302,0,6.289,0,0,0,4.947,0,0,0,0,5.734,0,0,6.095,0,0,0,0,0,33.423,0,4.38,0,0.712,4.173
2022-03-13,4.132,14.049,0,0,2.186,0,0,0,0,3.304,0.201,3.39,16.607,1.297,1.347,0,30.393,0,0,28.204,0,0,0,8.639,0,0,0,0.964,0,0,0,0,6.154,0,0,8.112,0,0,0,0,0,29.043,0,1.566,0,1.222,1.457
2022-03-14,3.779,10.505,0,0,6.043,0,0,0,0,3.731,0.229,3.211,10.704,0,0,0,9.127,0,0,15.345,0,0.632,0,4.573,0,0,0,1.647,0,0,0,0,4.072,0,0,5.976,0,0,0,0,0,35.229,0,1.974,0,0.437,3.19
2022-03-15,3.068,9.047,0,0,6.382,7.547,0,0,0,2.989,0,2.888,9.866,2.141,0,0,7.721,0,0,14.498,0,0.051,0,0.303,0,0,0,1.366,0,0,0.019,0,5.645,0,0,6.963,0,0,0,0,0,32.397,0,0.809,0,0.963,2.626
2022-03-16,7.032,2.475,1.88,0,3.95,3.427,0,0,0,6.276,0.824,1.004,9.985,0.423,0,0,11.689,0,0,16.886,0,0.551,0,2.021,0,0,0,0.952,0,0,0,0,5.133,0,0,7.281,0,0,0,0,0,29.676,0,2.156,0,0.24,2.563
2022-03-17,8.29,0.741,2.263,0,4.469,4.86,0,0,0,0.336,0.581,0.489,12.218,0.587,0,0,12.813,0,0,30.16,0,0.176,0,2.703,0,0,0,0,0,0,0,0,9.332,0,0,3.862,0,0,0,0,0,21.068,0,2.578,0.451,0.641,0.905
2022-03-18,4.911,7.642,2.118,0,0.956,7.116,0,0,0,2.338,0,1.699,10.511,1.927,0,0,14.473,0,0,26.701,0,0,0,6.214,0,0,0,0,0,0,0,0,4.655,0.268,0,1.804,0,0,0,0,1,42.99,0,3.908,0,1.772,0.755
2022-03-19,16.785,18.101,0.37,0,10.285,17.382,0,0,0,3.676,0,4.088,14.926,1.311,0,0,24.298,0,0,45.815,0,0,0,4.196,0,0,0,3.611,0,0,0,0,11.298,0.222,0,8.832,0,0,0,0,4,48.079,0,9.187,0.587,1.061,4.866
2022-03-20,14.6,21.267,9.45,0,3.642,4.738,0.302,0,0,15.149,0,1.576,14.585,1.368,0,0,16.749,0,0,40.66,0,0,0,3.952,0,0,0,1.433,0,0,0,0,13.171,0,0,8.229,0,0,0,0,3,53.431,0,5.49,0,2.171,15
2022-03-21,8.261,15.707,1.626,0,12.82,0,0,0,0,7.133,0,2.518,20.808,1.318,0,0,13.613,0,0,25.391,0,0,0,8.075,0,0,0,4.306,0,0,0,0,11.881,0,0,8.482,0,0,0,0,0,21.56,0,3.212,0,1.702,3.994
2022-03-22,7.923,11.723,4.592,0,17.555,0,0,0,0,4.497,0,2.268,16.632,3.022,0,0,16.239,0,0,27.306,0,0,0,6.059,0,0,0,4.752,0,0,0,0,10.459,0,0,7.28,0,0,0,0,4,28.137,0,2.293,0,1.621,0.554
2022-03-23,7.589,8.58,0,0,10.805,0,0,0,0,10.524,0,2.019,15.245,0,0,0,7.625,0,0,13.519,0,0,0,0.889,0,0,0,1.813,0,0,0,0,11.958,0,0,8.451,0,0,0,0,1,25.636,0,2.324,0,1.146,7.149
2022-03-24,4.609,5.186,1.024,0,5.554,0,0,0,0,0,0,2.602,12.668,0.444,0,0,7.711,0,0,16.899,0,0,0,3.02,0,0,0,4.198,0,0,0,0,7.021,0,0,5.786,0,0,0,0,4,14.373,0,2,0.924,0.421,5.872
2022-03-25,5.894,0.314,2.837,2.628,7.451,0,0,0,0,1.645,0,0.717,10.848,1.992,0,0,13.882,0,0,30.63,0,0,0,2.047,0,0,0,2.813,0,0,0,0,9.386,0,0,4.537,0,0,0.646,0,3,20.357,11,4.288,0,0.596,1.04
2022-03-26,16.997,17.137,1.935,2.758,4.6,0,0,0,0,8.509,0,2.558,20.892,0,0,0,16.707,0,0,33.381,0,0,0,1.828,0,0,0,5.395,0,0,0,0,13.275,0,0,16.008,0,0,0,0,0,32.046,9,2.394,0,1.065,2.433
2022-03-27,9.147,14.462,0,2.007,2.169,0,3.515,0,0,7.636,0,3.605,21.248,2.5,0,0,11.68,0,0,33.214,0,0,0,2.804,0,0,0,1.937,0,0,0,0,7.869,0,0,23.478,0,0,0,0,7,33.97,8,3.229,0,2.445,4.245
2022-03-28,6.432,2.336,1.655,0.616,2.515,0,2.682,0,0,0.89,0,1.321,12.276,1.64,0,0,2.089,0,0,10.778,0,0,0,0,0,0,0,0,0,0,0.045,0,4.592,0,0,2.786,0,0,0,0,3,15.221,7,2.082,0,0.758,3.826
2022-03-29,9.063,8.729,1.966,0.666,2.601,0,3.333,0,0,2.77,0,0.531,10.476,0.451,0,0,0,0,0,15.065,0,0,0,1.043,0,0,0,0,0,0,0,0,5.378,0,0,5.268,0,0,0,0,1,20.785,3,2.257,0,0,1.259
2022-03-30,14.953,6.833,1.075,0.365,2.946,0,0.889,0,0,5.32,0,0.522,12.25,0.265,0,0,30.3,0,0,23.769,0,0,0,3.079,0,0,0,3.503,0,0,0,0,5.105,0,0,8.971,0,0,0,0,1,25.229,3,4.708,0,1.043,2.584
2022-03-31,18.894,4.978,0.713,0.602,5.173,0,0,0,0,3.431,0,1.801,5.797,1.761,0,0,25.097,0,0,18.934,0,0,0,1.332,0,1,0,0.694,0,0,0,0,6.241,0,0,2.298,0,0,0,0,4,17.442,11,2.587,0,0,2.5
2022-04-01,11.277,12.458,0,0,3.162,0,0,0,0,8.607,0,0.33,13.864,0,0,0,26.303,0,0,19.437,0,0,0,5.805,0,0,0,0.368,0,0,0,0,7.701,0,0,9.456,0,0,0,0,1,19.981,6,2.833,0,0.093,3.104
2022-04-02,11.429,9.308,2.455,2.186,7.113,0,0,0,0,8.549,0,1.968,14.076,1.279,0,0,26.163,0,0,26.198,0,0,0,5.252,0,3,0,0,0,0,0,0,3.973,0,0,8.392,0,0,0,0,0,20.328,7,2.661,0,1.693,3.323
2022-04-03,9.748,0,2.194,0.294,3.781,0,0,0,0,1.359,0,2.319,19.701,0.658,6.753,0,16.438,0,0,38.731,0,0,0,6.757,0,0,0,0,0,0,0,0,3.317,0,0,9.298,0,0,0,0,0,27.268,0,3.528,0,0.239,2.047
2022-04-04,17.001,15.195,3.095,0.531,3.417,0,0,0,0,3.272,0,2.051,16.617,0.407,0,0,22.224,0,0,31.759,0,0,0,7.952,0,0,0,0,0,0,0,0,5.929,0,0,8.16,0,0,0,0,8,41.33,0,6.363,0,1.363,9.8
2022-04-05,27.093,8.847,1.025,0,5.93,0,0,0,0,4.57,0,2.637,13.058,1.015,0,0,21.248,0,0,21.71,0,0,0,5.437,0,0,0,2.965,0,0,0,0,6.314,0,0,9.244,0,0,0,0,0,1.642,0,1.283,0,0.628,7.313
2022-04-06,15.635,5.854,3.214,0.251,5.378,0,0,0,0,1.868,0,0.822,5.874,1.755,0,0,10.634,0,0,3.757,0,0,0,3.076,0,0,0,0.244,0,0,0,0,6.682,0.237,0,6.238,0,0,6.863,0,1,0.594,0,4.066,0,0,1.149
2022-04-07,12.47,8.486,3.062,1.232,1.482,0,0,0,0,0,0,1.743,9.215,0.784,0,0,10.494,0,0,6.533,0,0,0,1.874,0,0,0,3.152,0,0,0,0,5.197,0,0,7.982,0,0,0,0,2,0.337,0,4.48,0,0.895,2.328
2022-04-08,15.223,3.887,4.833,0,3.581,0,0,0,0,2.629,0,0.545,9.137,0.326,0,0,10.629,0,0,5.163,0,0,0,0.97,0,0,0,0,0,0,0,0,3.732,0,0,6.237,0,0,0,0,2,0,0,2.908,0,0.442,2.155
2022-04-09,32.849,10.131,2.779,0.229,0.792,0,0,0,0,1.293,0,0.521,22.014,1.353,0,0,15.591,0,0,10.667,0,0,0,5.034,0,1,0,3.686,0,0,0,0,12.739,0,0,8.234,0,0,0,0,1,60.42,0,3.891,0,0.392,3.908
2022-04-10,26.139,13.155,8.809,0,9.282,0,0,0,0,5.861,0,0.158,20.175,0.238,0,0,7.757,0,0,17.627,0,0,0,3.07,0,0,0,0,0,0,0,0,13.007,0,0,8.788,0,0,0,0,4,52.31,0,4.072,0,1.503,14.182
2022-04-11,18.892,6.778,5.353,0,2.073,0,0,0,0,0.158,0,0.703,7.501,0.858,0,0,6.383,0,0,1.03,0,0,0,2.559,0,0,0,3.61,0,0,0,0,4.793,0,0,2.703,0,0,0,0,3,28.656,0,2.328,0,1.384,4.009
2022-04-12,20.788,13.276,5.136,1.002,6.396,0,0,0,0,2.183,0,1.716,17.785,1.003,0,0,6.375,0,0,7.538,0,0,0,3.461,0,0,0,2.422,0,0,0,0,4.717,0,0,7.931,0,0,0,0,1,32.696,0,1.253,0,1.099,2.96
2022-04-13,19.635,9.99,4.593,0.688,1.733,0,0,1.476,0,3.851,0,0.686,15.535,0.795,0,0,9.797,0,0,4.61,0,0,0,5.744,0,0,0,1.691,0,0,0,0,10.19,0,0,7.325,0,0,0,0,2,30.051,0,4.573,0,0.544,1.035
2022-04-14,23.359,7.583,5.253,0,0,0,0,0,0,2.764,0,0,16.945,0.287,0,0,6.047,0,0,5.681,0,0,0,2.508,0.814,0,0,3.949,0,0,0,0,3.792,0,0,5.477,0,0,0,0,1,30.63,0,4.124,0,1.873,5.445
2022-04-15,21.981,12.663,0,0.287,9.646,0,0,3.194,0,5.403,0,1.695,13.407,0.566,0.407,0,10.73,0,0,12.332,0,0,0,3.915,1.848,0,0,1.755,0,0,0,0,3.393,0,0,8.721,0,0,0,0,3,33.142,0,3.385,0,1.709,4.828
2022-04-16,17.85,16.163,13.567,0,2.814,0,0,0,0,0,0,1.445,23.573,1.633,0,0,12.666,0,0,14.577,0,0,0,0.873,0.465,0,0,2.644,0,0,0,0,11.049,0,0,8.512,0,0,0,0,1,24.512,0,6.912,0,0.298,4.913
2022-04-17,13.668,15.184,9.733,2.135,4.521,0,0,0,0,4.624,0,2.627,23.568,0.58,0,0,20.254,0,2.803,9.701,0,0,0,2.32,0,0,0,0.961,0,0,0,0,10.401,0,0,5.953,0,0,0,0,1,21.209,0,7.86,0,1.38,8.535
2022-04-18,9.64,7.652,7.299,0,1.506,0,0,0.864,0,0.452,0,1.266,20.593,0,0,0,12.087,0,1.747,3.024,0,0,0,0.699,0,0,0,3.123,0,0,0,0,7.829,0,0,6.756,0,0,0,0,2,16.708,0,2.687,0,1.363,0.575
2022-04-19,3.716,8.848,4.782,0.265,3.037,0,0,2.128,0,4.071,0,1.158,12.98,1.175,0,0,7.869,0,2.06,3.337,0,0,0,1.582,0.854,0,0,1.169,0,0,0,0,7.357,0,0,5.952,0,0,0,0,3,1.104,0,2.393,0.437,1.833,1.509
2022-04-20,9.224,8.856,2.89,0,0.553,0,0,0.472,0,0,0,1.84,15.33,0.344,0,0,11.413,0,2.373,2.12,0,0,0,1.552,0,0,0,3.21,0,0,0,0,5.78,0,0,9.584,0,0,0,0,0,15.192,0,2.357,0,0.986,0
2022-04-21,4.832,7.362,1.307,1.032,2.412,0,0.842,1.476,0,2.588,0,0.586,8.101,0.229,0,0,8.341,0,0.261,2.891,0,0,0,2.471,0.661,0,0,2.25,0,0,0,0,3.286,0,0,2.142,0,0,0,0,2,25.176,0,3.338,0,0.636,0.431
2022-04-22,14.258,10.37,6.169,0,0.98,0,0.44,3.062,0,2.263,0,1.152,16.573,0.301,0,0,18.726,0,3.413,6.853,0,0,0,2.323,0,0,0,5.08,0,0,0,0,4.58,0,0,10.06,0,0,0,0,3,25.818,0,3.597,0,0.966,2.256
2022-04-23,10.944,11.217,1.809,4.07,2.061,0,0,5.48,0,3.305,0,2.728,15.23,1.322,0,0,13.233,0,3.855,8.147,0,0,0,4.887,0.692,0,0,7.845,0,0,0,0,13.927,0,0,8.921,0,0,6.007,0,2,30.936,0,8.238,0.404,1.218,3.808
2022-04-24,15.716,9.524,4.548,0,1.02,0,0,1.918,0,4.359,0,1.435,12.085,0.677,0,0,15.603,0,3.754,4.52,0,0,0,3.418,0,0,0,4.664,0,0,0,0,10.076,0,0,8.988,0,0,0,0,4,34.128,0,0.917,0,2.089,2.701
2022-04-25,15.003,13.997,7.889,1.884,1.593,0,0,1.034,0,1.093,0,1.269,15.806,0.619,0,0,16.833,0,1.346,2.923,0,0,0,2.451,0,0,0,1.77,0,0,0,0,20.617,0,0,10.071,0,0,0,0,0,38.363,0,3.74,0.427,0.357,3.061
2022-04-26,3.204,14.291,12.796,0.831,3.121,0,0,2.118,0,3.423,0,0.758,9.547,0.527,0,0,9.338,0,2.165,3.896,0,0,0,1.168,0,0,0,3.848,0,0,0,0,9.943,0,0,5.923,0,0,0.631,0,0,34.12,0,4.039,0,0.256,3.348
2022-04-27,12.116,11.78,7.198,1.605,1.896,0,0,3.433,0,4.717,0,0.418,17.927,1.739,0,0,9.138,0,0,1.451,0,0,0,3.179,0,0,0,3.631,0,0,0,0,11.179,0,0,9.107,0,0,0,0,2,26.246,0,4.742,0.545,0.162,0.503
2022-04-28,20.163,10.349,6.695,1.203,2.535,0,0,3.369,0,5.321,0,1.91,14.376,0,0,0,11.202,0,0,1.105,0,0,0,3.796,0,0,0,5.796,0,0,0,0,17.964,0,0,7.442,0,0,0,0,1,28.428,0,7.542,0,1.843,0.537
2022-04-29,13.177,15.002,6.678,1.849,1.041,0,0,4.399,0,2.853,0,0.84,25.434,1.221,0,0,21.114,0,0,5.58,0,0,0,2.513,1.57,0,0,5.143,0,0,0,0,15.983,0,0,4.97,0,0,0,0,1,43.634,0,3.052,0,1.18,1.275
2022-04-30,14.932,23.073,17.805,0,10.708,0,0,8.378,0,6.865,0,0.652,24.876,2.944,0,0,28.319,0,0,9.22,0,0,0,8.155,0,0,0,7.519,0,0,0,0,27.174,0,0,7.62,0,0,0,0,0,38.112,0,7.409,0,1.812,7.737
2022-05-01,18.009,30.618,20.306,4.048,1.057,0,0,4.109,0,13.427,0,0,26.038,0.602,0,0,23.295,0,0,8.606,0,0,0,4.435,1.313,0,0,6.129,0,0,0,0,15.715,0,0,13.813,0,0,0,0,0,47.447,0,9.121,0,2.679,3.29
2022-05-02,10.137,19.335,20.055,2.558,7.053,0,0,7.008,0,11.802,0,0.818,39.977,0,0,0,13.734,0,0,7.735,0,0,0,0.49,0.768,0,0,2.717,0,0,0,0,18.423,0,0,9.136,0,0,0,0,2,34.099,0,6.055,0,1.781,5.268
2022-05-03,9.286,17.391,12.348,0,2.627,0,0,5.716,0,8.116,0,0.981,34.978,4.105,0,0,27.601,0,0,2.868,0,0,0,3.934,0,0,0,7.075,0,0,0,0,22.593,0,0,2.708,0,0,0,0,0,30.228,0,1.122,0,1.678,5.303
2022-05-04,13.453,13.005,19.3,2.823,7.263,0,0,2.048,0,9.233,0,2.039,37.798,1.405,0.15,0,26.182,0,0,5.681,0,0,0,4.423,0.717,0,0,5.67,0,0,0,0,16.789,0,0,9.671,0,0,0,0,0,26.137,0,3.771,0,4.013,2.131
2022-05-05,14.495,8.381,7.587,2.214,4.232,0,0,2.375,0,9.062,0,0.77,21.234,0.585,0.128,0,18.79,0,0,0.424,0,0,0,4.89,0.227,0,0,4.173,0,0,0.147,0,14.057,0,0,5.954,0,0,0,0,0,15.225,0,3.897,0,1.107,5.32
2022-05-06,14.186,8.824,11.434,0,10.378,0,0,6.923,0,4.582,0,1.945,28.078,0,0.451,0,20.488,0,0,2.578,0,0,0,4.797,0.561,0,0,5.756,0,0,0.05,0,17.39,0,0,7.858,0,0,0,0,0,35.006,0,2.534,0,1.626,4.916
2022-05-07,9.938,13.871,13.718,0,3.534,0,0,6.608,0,20.021,0,0.473,23.004,1.631,0,0,23.375,0,0,3.494,0,0,0,6.415,0.288,0,0,6.226,0,0,0,0,51.284,0,0,6.013,0,0,0,0,1,31.904,0,6.782,1.797,1.799,7.082
2022-05-08,7.073,22.109,17.261,0,10.475,0,0,5.416,0,5.233,0,1.119,24.553,1.187,0,0,42.607,0.433,0,3.226,0,0,0,0,0.581,0,0,6.407,0,0,0,0,35.422,0,0,9.194,0,0,0,0,3,47.67,0,5.846,0,1.409,8.273
2022-05-09,7.551,13.91,4.498,3.002,2.444,0,0,3.895,0,15.066,0,1.164,4.829,21.076,0,0,29.087,0,0,3.013,0,0,0,7.25,0.212,0,0,5.384,0,0,0,0,33.452,0,0,9.403,0,0,0,0,2,18.52,0,6.568,1.357,1.189,2.887
2022-05-10,6.061,16.833,5.472,2.707,7.04,0,0,4.486,0,8.255,0,0.735,8.532,0.537,0,0,22.638,0,0,3.672,0,0,0,5.391,0.46,0,0,8.425,0,0,0,0,25.507,0,0,9.526,0,0,0,0,0,30.447,0,1.923,0,1.476,4.248
2022-05-11,6.224,18.801,11.747,0,4.121,0,0,6.546,0,8.156,0,0,8.567,1.477,0,0,19.261,0,0,0.223,0,0,0,4.237,0,0,0,7.643,0,0,0,0,19.149,0,0,7.976,0,0,0,0,0,20.944,0,5.183,0,1.455,3.842
2022-05-12,0,11.61,21.952,0,2.305,0,0,5.013,0,5.739,0,1.55,13.354,4.08,0,0,24.59,0,0,4.298,0,0,0,4.336,0.343,0,0,5.894,0,0,0,0,15.647,0,0,6.815,0,0,0,0,1,17.721,0,2.808,0,0.577,3.271
2022-05-13,10.712,15.515,19.465,2.077,8.883,0,0,4.335,0,5.539,0,2.536,32.816,6.678,0,0,21.993,0,0,0.804,0,0,0,4.447,1.046,0,0,6.326,0,0,0,0,35.578,0,0,7.411,0,0,0,0,2,17.287,0,5.193,0.389,1.649,5.085
2022-05-14,8.003,26.425,14.684,5.466,14.304,0,0,8.784,0,16.362,0,0.54,31.77,7.015,0.184,0,48.521,0,0,9.031,0,0,0,10.439,1.41,0,0,14.651,0,0,0,0,33.927,0,0,8.574,0,0,0,0,1,37.768,0,10.33,0.854,6.511,6.057
2022-05-15,15.171,24.858,24.6,1.756,1.522,0,7.199,6.447,0,11.025,0,2.636,22.314,7.77,0.262,0,43.781,0,0,5.435,0,0,0,3.153,0.248,0,0,12.436,0,0,0,0,22.388,0,0,13.75,0,0,0,0,1,36.014,0,11.863,0,1.779,11.778
2022-05-16,4.919,15.054,11.295,3.209,1.97,0,4.866,4.046,0,3.743,0,1.492,12.449,3.222,0,0,23.633,0,0,2.946,0,0,0,3.252,0.915,0,0,9.854,0,0,0,0,14.753,0,0,7.026,0,0,0,0,0,21.286,0,2.938,0.427,2.811,2.819
2022-05-17,6.628,14.247,10.838,0,2.53,0,0,3.643,0,4.33,0,0.518,11.457,5.823,0,0,15.163,0,0.181,0.782,0,0,0,4.215,0.328,0,0,6.104,0,0,0,0,18.244,0,0,4.613,0,0,0,0,1,19.518,0,5.396,0,2.069,2.702
2022-05-18,8.523,13.392,11.568,1.527,2.333,0,0,6.155,0,5.506,0,2.431,13.204,3.507,0,0,20.24,0,0,0.926,0,0,0,5.289,0,0,0,8.715,0,0,0,0,6.431,0,0,7.023,0,0,0,0,0,29.057,0,5.083,0,1.7,3.474
2022-05-19,7.418,11.176,14.387,1.175,4.484,0,0,4.637,0,4.784,0,1.11,15.73,2.014,0,0,17.603,0,0,2.791,0,0,0,3.141,0,0,0,5.773,0,0,0,0,7.37,0,0,4.257,0,0,0,0,1,19.217,0,3.645,0,2.406,5.436
2022-05-20,12.571,10.454,16.133,0.903,3.646,0,0,5.316,0,5.622,0,1.64,14.248,2.668,0,0,13.908,0,0,2.21,0,0,0,2.278,0.439,0,0,15.33,0,0,0,0,7.491,0,0,6.997,0,0,0,0,0,27.085,0,4.5,0.465,0.617,4.145
2022-05-21,20.523,22.201,19.249,2.236,5.672,0,0,10.84,0,10.808,0,5.194,24.715,12.385,0,0,26.494,0,0,4.375,0,0,0,7.89,0,0,0,18.409,0,0,0,0,7.247,0,0,13.395,0,0,0,0,1,29.401,0,2.964,0.452,3.57,9.751
2022-05-22,17.334,18.964,23.877,3.553,8.058,0,0,6.383,0,10.672,1.811,1.873,14.131,9.094,0,0,23.847,0,0,2.857,0,0,0,5.743,0.222,0,0,14.624,0,0,0,0,11.006,0,0,17.591,0,0,0,0,1,22.022,0,5.696,0,2.71,14.479
2022-05-23,9.844,11.363,15.79,2.551,4.609,0,0,6.032,0,12.134,0.465,1.881,12.399,8.8,0,0,15.361,0,0,4.116,0,0,0,5.15,0,0,0,5.503,0,0,0,0,2.928,0,0,10.477,0,0,0,0,1,26.262,0,4.801,0,2.633,1.695
2022-05-24,10.904,20.558,31.689,1.956,6.124,0,0,4.574,0,13.19,0,1.928,17.638,7.527,0,0,27.64,0,0,2.249,0,0,0,6.034,0.212,0,0,7,0,0,0,0,6.797,0,0,7.737,0,0,0,0,0,20.545,0,3.969,0,2.259,2.182
2022-05-25,10.48,12.203,10.737,2.271,5.605,0,0,1.985,0,9.262,0.138,3.865,11.078,7.072,0,0,19.562,0,0,2.842,0,0,0,3.191,1.146,0,0,4.171,0,0,0,0,2.975,0,0,8.213,0,0,0,0,0,22.446,0,3.926,0,1.947,4.111
2022-05-26,10.632,18.425,4.168,0.709,1.779,0,0,5.113,0,9.464,0.402,2.671,13.794,8.941,0,0,25.011,0,0,2.239,0,0,0,7.719,0.732,0,0,6.67,0,0,0,0,5.378,0,0,9.228,0,0,0,0,0,27.786,0,6.215,0,2.541,5.654
2022-05-27,10.506,16.413,3.199,1.891,4.061,0,0,3.619,0,9.699,0.126,1.387,11.377,10.759,0,0,18.568,0,0,7.239,0,0,0,6.735,0.308,0,0,6.33,0,0,0,0,5.656,0,0,3.988,0,0,0,0,2,21.392,0,3.976,0,2.039,3.927
2022-05-28,12.651,19.433,61.519,1.963,7.957,0,0,10.062,0,10.304,0.113,3.334,35.839,18.332,0,0,35.114,0,0,5.413,0,0,0,8.231,1.273,0,0,14.805,0,0,0,0,8.883,0,0,10.893,0,0,0,0,1,37.383,0,0,0,4.79,8.105
2022-05-29,20.937,17.636,45.862,2.078,4.65,0,0,7.427,0,25.794,0,4.278,35.176,8.871,0,0,42.403,0,0,4.348,0,0,0,5.39,1.203,0,0,11.983,0,0,0,0,14.055,0,0,6.311,0,0,0,0,0,38.877,0,11.619,0,4.748,3.741
2022-05-30,13.988,15.99,8.247,1.197,3.155,0,0,2.602,0,11.881,0,1.131,16.965,8.126,0,0,24.336,0,0,2.456,0,0,0,5.501,2.482,0,0,4.431,0,0,0,0,12.237,0,0,12.554,0,0,0,0,1,16.242,0,0,0,0.993,4.851
2022-05-31,5.979,12.905,19.503,0.917,1.846,0,0,1.293,0,9.013,0,1.796,9.279,7.501,0,0,15.854,0,0,2.805,0,0,0,4.457,0.833,0,0,5.721,0,0,0,0,3.374,0,0,7.425,0,0,0,0,1,28.341,0,0.427,0,3.878,4.247
2022-06-01,9.888,10.959,20.988,0.997,2.282,0,0,0.678,0,5.35,0,2.072,9.65,5.609,0,0,22.234,0,0,1.954,0,0,0,5.371,0.201,0,0,5.287,0,0,0,0,19.653,0,0,14.692,0,0,0,0,1,19.524,0,5.846,0,2.017,2.618
2022-06-02,18.169,13.007,22.084,1.963,7.854,0,0,1.633,0,7.966,0,3.82,14.196,13.31,0,0,20.605,0,0,3.414,0,0,0,2.439,2.688,0,0,14.953,0,0,0,0,15.222,0,0,18.204,0,0,0,0,2,24.167,0,6.516,0,1.718,3.608
2022-06-03,26.995,25.275,37.361,2.034,9.163,0,0,4.499,0,11.515,0,3.271,43.958,6.174,0,0,29.489,0,0,5.368,0,0,0,4.206,2.13,0,0,36.438,0,0,0,0,25.087,0,0,8.597,0,0,0,0,0,35.377,0,9.651,0,4.258,8.239
2022-06-04,6.253,20.053,25.713,0.537,4.296,0,0,2.814,0,4.245,0,2.291,23.158,10.51,0,0,13.898,0,0,1.892,0,0,0,3.344,0.94,0,0,15.414,0,0,0,0,12.907,0,0,17.07,0,0,0,0,0,20,0,6.084,0,1.819,5.874
2022-06-05,15.393,24.382,13.564,0.609,3.374,0,0,1.357,0,5.952,0,2.631,14.162,19.963,0,0,21.97,0,0,4.4,0,0,0,4.99,1.166,0,0,18.991,0,0,0,0,16.246,0,0,4.729,0,0,0,0,0,18.78,0,8.203,0,1.748,6.829
2022-06-06,0.391,17.284,23.1,0,3.673,0,0,3.078,0,8.839,0,1.657,19.433,12.7,0,0,23.309,0,0,2.178,0,0,0,9.356,1.862,0,0,15.733,0,0,0.125,0,17.453,0,0,7.459,0,0,0,0,1,18.125,0,4.719,0,1.998,5.436
2022-06-07,10.2,17.02,22.551,2.801,2.333,0,0,2.821,0,11.359,0,1.737,9.431,6.529,0,0,20.909,0,0,3.926,0,0,0,4.628,0.62,0,0,14.446,0,0,0,0,18.744,0,0,5.354,0,0,0,0,2,16.427,0,6.196,0.379,1.325,4.9
2022-06-08,13.057,19.584,17.236,1.575,5.354,0,0,3.425,0,9.574,0,2.46,8.367,13.109,0,0,17.046,0,0,2.318,0,0,0,4.388,0.595,0,0,7.364,0,0,0,0,19.521,0,0,7.268,0,0,0,0,0,15.705,0,5.894,0,1.677,12.403
2022-06-09,14.688,17.234,29.667,0.774,6.073,0,0,2.585,0,5.583,0,1.881,21.837,11.119,0,0,21.532,0,0,2.188,0,0,0,1.506,1.147,0,0,19.418,0,0,0,0,19.071,0,0,10.939,0,0,0,0,0,16.796,0,1.496,0,2.872,3.809
2022-06-10,16.677,15.202,20.522,1.154,4.212,0,0,0.654,0,5.971,0,0.812,17.985,13.161,0,0,13.058,0,0,3.855,0,0,0,4.669,2.607,0,0,24.169,0,0,0,0,19.114,0,0,13.01,0,0,0,0,4,14.882,0,7.63,0,2.61,3.675
2022-06-11,20.91,22.164,54.443,1.533,5.923,0,0,3.44,0,10.371,0,4.164,27.645,11.628,0,0,34.691,0,0,1.429,0,0,0,9.176,2.744,0,0,24.589,0,0,0,0,18.409,0,0,17.541,0,0,0,0,0,33.551,0,9.047,0,2.48,8.389
2022-06-12,16.218,24.352,33.457,2.658,2.166,0,0,6.863,0,15.971,0,3.446,31.756,12.619,0,0,29.698,0,0,1.782,0,0,0,8.641,4.387,0,0,24.415,0,0,0,0,17.149,0,0,14.3,0,0,0,0,3,42.067,0,5.13,0,2.793,7.419
2022-06-13,11.985,18.06,15.085,1.906,5.322,0,0,3.894,0,4.303,0,1.755,13.592,14.692,0,0,23.638,0,0,0,0,0,0,6.775,0.941,0,0,15.037,0,0,0,0,9.985,0,0,6.716,0,0,0,0,2,15.067,0,3.785,1.237,1.948,13.811
2022-06-14,14.382,18.511,16.417,2.83,3.643,0,0,2.115,0,6.706,0,1.915,17.42,5.861,0,0,23.587,0,0,6.134,0,0,0,2.559,1.002,0,0,15.537,0,0,0,0,9.717,0,0,4.296,0,0,0,0,0,14.691,0,6.481,0,2.136,12.889
2022-06-15,9.895,15.826,22.782,0,3.038,0,0,0.939,0,5.185,0,2.351,18.343,6.916,0,0,18.931,0,0,0.565,0,0,0,4.758,1.686,0,0,12.448,0,0,0,0,13.072,0,0,9.065,0,0,0,0,0,19.084,0,7.952,0.565,0.868,6.495
2022-06-16,9.333,16.884,19.467,1.49,5.168,0,0,4.714,0,4.663,0,1.815,10.296,20.666,0,0,18.079,0,0,3.616,0,0,0,2.023,0.872,0,0,12.869,0,0,0,0,14.23,0,0,9.609,0,0,0,0,1,25.637,0,4.501,0,3.205,6.56
2022-06-17,12.852,20.975,22.744,2.085,5.874,0,0,4.446,0,8.174,0,3.102,21.677,9.221,0,0,27.301,0,0,3.561,0,0,0,1.235,0.226,0,0,19.269,0,0,0,0,14.803,0,0,7.694,0,0,0,0,1,24.339,0,5.085,0.343,3.856,4.816
2022-06-18,18.36,33.144,34.199,0.58,5.741,0,0,5.604,0,9.362,0,3.937,23.228,14.142,0,0,29.834,0,0,9.054,0,0,0,3.584,1.811,0,0,28.404,0,0,1.64,0,23.813,0,0,18.99,0,0,0,0,6,29.94,0,10.703,0,0.993,9.432
2022-06-19,15.24,29.518,41.929,2.858,5.354,0,0,6.361,0,11.83,0,4.369,18.282,15.51,0,0,31.956,0,0,3.951,0,0,0,2.44,2.91,0,0,24.7,0,0,1.635,0,26.22,0,0,17.852,0,0,0,0,1,30.75,0,7.066,0,4.448,12.502
2022-06-20,9.729,16.212,25.521,2.975,2.837,0,0,5.991,0,7.905,0,2.129,11.578,10.744,0,0,26.02,0,0,3.46,0,0,0,2.731,1.075,0,0,20.533,0,0,0.304,0,11.477,0,0,7.738,0,0,0,0,3,26.458,0,5.094,0,1.52,9.064
2022-06-21,11.331,15.487,12.895,2.063,4.85,0,6.798,3.607,0,6.697,0.47,1.256,13.507,7.399,4.143,0,22.014,0,0,2.506,0,0,0,3.654,0.96,0,0,12.082,0,0,0,0,11.966,0,0,7.149,0,0,0,0,0,13.963,0,6.246,0,1.766,8.491
2022-06-22,7.504,15.524,20.748,2.013,1.779,0,6.087,4.029,0,8.157,0,1.245,10.589,4.966,7.884,0,23.449,0,0,6.338,0,0,0,4.426,0.867,0,0,15.256,0,0,0,0,14.233,0,0,7.069,0,0,0,0,0,15.678,0,5.384,1.512,0.971,2.769
2022-06-23,4.415,16.732,11.217,0.358,4.735,0,0,2.048,0,4.532,0,1.888,8.366,7.23,4.488,0,14.583,0,0,0.426,0,0,0,0,1.684,0,0,13.121,0,0,0,0,8.453,0,0,8.985,0,0,0,0,0,13.463,0,1.556,0,1.398,9.13
2022-06-24,4.178,14.415,18.718,2.681,2.276,0,5.833,2.838,0,8.945,0,2.117,8.405,7.263,7.265,0,17.64,0,0,11.202,0,0,0,3.262,0.416,0,0,13.031,0,0,0,0,7.764,0,0,12.739,0,0,0,0,0,18.593,0,6.144,0,1.154,4.129
2022-06-25,6.614,27.683,20.596,5.288,6.719,0,6.742,2.955,0,9.358,0,1.346,16.298,6.657,7.569,0,22.426,0.934,0,11.908,0,0,0,5.633,1.705,0,0,27.126,0,0,0,0,8.226,0,0,12.154,0,0,0,0,0,25.636,0,5.021,0,1.574,8.525
2022-06-26,9.463,19.05,27.627,0,9.023,0,13.738,3.859,0,9.513,0.335,2.379,22.251,2.398,8.309,0,36.32,0,0,15.757,0,0,0,3.855,3.18,0,0,28.114,0,0,0,0,8.756,0,0,7.506,0,0,0,0,1,15.032,0,9.134,0,1.839,11.68
2022-06-27,6.582,19.315,16.725,2.514,5.686,0,7.728,3.792,0,6.257,0,2.16,11.873,2.23,6.887,0,21.772,0,0,6.937,0,0,0,1.838,1.735,0,0,15.155,0,0,0,0,8.103,0,0,8.712,0,0,0,0,1,14.774,0,5.844,0,0,5.923
2022-06-28,15.059,16.008,23.525,2.079,5.304,0,5.406,3.156,0,7.921,0,1.798,7.801,1.756,6.702,0,23.307,0,0,4.406,0,0,0,3.493,1.11,0,0,21.848,0,0,0,0,7.82,0,0,7.499,0,0,0,0,0,12.772,0,3.154,0,0,10.908
2022-06-29,7.152,26.638,25.561,2.701,2.131,0,10.938,6.647,0,8.548,0,2.701,9.791,5.068,9.633,0,21.079,0,0,7.789,0,0.03,0,2.489,2.121,0,0,20.132,0,0,0,0,10.243,0,0,5.978,0,0,0,0,1,0,0,10.265,0.505,1.477,6.444
2022-06-30,7.595,17.116,13.835,3.259,3.172,0,9.394,4.279,0,6.984,0,0.894,12.349,6.251,6.627,0,27.499,0,0,6.648,0,0,0,4.509,1.225,0,0,16.239,0,0,0,0,5.595,0,0,8.143,0,0,0,0,1,16.168,0,2.048,0,0,17.333
2022-07-01,7.563,17.979,30.364,4.098,5.203,0,16.038,3.994,0,7.807,0,1.053,7.096,1.183,5.953,0,23.073,0,0,8.583,0,0,0,1.989,1.319,0,0,7.957,0,0,0,0,5.102,0,0,6.993,0,0,0,0,0,14.972,0,8.393,0,0,5.957
2022-07-02,12.091,33.765,19.175,2.329,5.891,0,16.368,2.281,0,15.854,0,3.826,19.332,7.634,13.704,0,37.192,0,0,16.146,0,0,0,4.362,2.851,0,0,21.123,0,0,2.573,0,4.435,0,0,8.111,0,0,0,0,2,26.264,0,0,0,3.25,19.38
2022-07-03,8.796,26.508,15.254,5.473,6.966,0,16.695,4.95,0,11.55,0,3.146,32.783,0,9.18,0,36.77,0,0,28.679,0,0,0,3.095,2.348,0,0,18.763,0,0,1.75,0,4.574,0,0,9.023,0,0,0,0,1,35.887,0,8.983,0,2.319,21.343
2022-07-04,6.55,26.621,8.388,4.199,5.707,0,7.579,5.286,0,0,0,1.985,6.661,3.716,12.688,0,27.955,0,0,14.997,0,0,0,2.795,1.949,0,0,16.619,0,0,0.57,0,4.074,0,0,10.96,0,0,0,0,0,19.454,0,7.425,0,1.914,11.428
2022-07-05,3.704,21.375,16.11,3.979,4.161,0,8.182,4.314,0,18.279,1.01,1.179,8.856,5.439,7.367,0,23.267,0,0,22.459,0,0,0,0.702,1.11,0,0,10.204,0,0,0.391,0,3.869,0,0,23.41,0,0,0,0,3,21.144,0,3.229,0,2.442,3.842
2022-07-06,4.591,24.571,23.543,2.579,5.992,0,7.425,4.631,0,18.174,0,2.334,1.822,2.668,8.226,0,15.254,0,0,15.893,0,0.081,0,4.192,1.433,0,0,7.882,0,0,2.899,0,6.6,0,0,4.275,0,0,0,0,2,21.035,0,4.548,0,2.166,12.199
2022-07-07,6.298,16.595,17.502,4.757,4.028,0,6.314,3.694,0,20.508,0.587,1.297,8.269,3.379,6.189,0,31.65,0,0,20.036,0,0,0,2.027,2.486,0,0,7.58,0,0,3.671,0,5.094,0,0,5.738,0,0,0,0,0,23.647,0,2.954,0,0.821,9.095
2022-07-08,7.786,27.234,10.854,3.089,5.119,0,5.658,2.216,0,12.399,1.296,1.425,4.31,1.588,7.425,0,31.145,0,0,14.63,0,0,0,3.037,0.365,0,0,6.038,0,0,1.426,0,3.939,0,0,8.964,0,0,0,0,1,20.743,0,2.073,0,0,8.474
2022-07-09,11.234,31.836,20.729,2.651,9.58,0,8.437,2.299,0,19.315,2.53,5.08,17.567,3.954,11.333,0,44.535,0,0,23.259,0,0,0,7.301,1.189,0,0,4.52,0,0,0.847,0,9.611,0,0,8.185,0,0,0,0,6,22.201,0,4.586,0,1.689,18.059
2022-07-10,7.089,19.587,30.984,1.749,11.578,0,11.391,4.699,0,24.792,3.089,0.724,15.177,2.635,9.418,0,43.107,0,0,2.525,0,0.262,0,4.356,3.712,0,0,12.203,0,0,2.678,0,12.803,0,0,11.756,0,0,0,0,5,20.042,0,3.517,0,0.695,13.107
2022-07-11,6.455,31.334,20.127,2.451,3.089,0,6.239,4.899,0,3.073,1.835,2.622,23.432,1.959,8.108,0,23.222,0,0,28.358,0,0.335,0,0.945,2.772,0,0,10.154,0,0,2.17,0,1.372,0,0,8.406,0,0,0,0,3,24.44,0,4.75,0,0.96,13.841
2022-07-12,7.848,27.375,14.493,1.197,2.181,0,6.163,4.447,0,4.301,1.461,2.241,14.496,2.297,9.869,0,34.335,0,0,24.735,0,0.782,0,1.121,1.655,0,0,15.864,0,0,1.748,0,3.52,0,0,6.523,0,0,0,0,0,26.594,0,2.425,0,1.869,10.823
2022-07-13,6.521,27.249,8.987,0.566,4.95,0,10.332,6.177,0,4.622,1.117,1.976,5.905,1.52,7.968,0,35.203,0,0,23.956,0,1.533,0,3.628,1.906,0,0,17.857,0,0,0,0,1.296,0,0,8.182,0,0,0,0,4,19.424,0,4.813,0.517,1.089,16.797
2022-07-14,5.096,21.869,15.76,1.125,7.451,0,0,3.155,0,11.832,3.447,0.553,4.4,2.298,11.618,0,34.033,0,0,8.244,0,0.187,0,2.901,3.675,0,0,13.613,0,0,0.618,0,0.671,0,0,4.398,0,0,0,0,4,13.078,0,7.676,0,0.215,14.851
2022-07-15,6.264,21.386,19.023,0,5.035,0,0,1.057,0,8.142,1.792,1.858,7.479,3.885,9.411,0,30.18,0,0,31.33,0,0.319,0,3.428,2.509,0,0,8.967,0,0,1.064,0,2.776,0,0,9.552,0,0,0,0,2,15.019,0,0,0,1.191,13.944
2022-07-16,12.628,27.445,22.09,8.691,6.25,0,0,3.238,0,16.509,1.121,2.101,8.252,2.753,11.253,0,59.714,0,0,43.316,0,0.107,0,10.517,3.031,0,0,17.856,0,0,2.81,0,1.943,0,0,8.139,0,0,0,0,2,32.143,0,6.909,0.517,2.952,19.602
2022-07-17,16.645,28.176,21.012,7.586,5.158,0,7.791,8.559,0,15.196,0.314,1.847,9.246,3.764,18.046,0,53.089,0,0,43.005,0,0.193,0,6.54,4.421,0,0,19.7,0,0,1.921,0,4.684,0,0,4.131,0,0,0,0,4,28.603,0,8.062,0.862,1.64,15.288
2022-07-18,6.266,22.247,14.496,3.259,6.956,0,3.164,3.389,0,11.37,2.432,2.434,6.777,0.899,8.238,0,43.19,0,0,26.552,0,0,0,0,5.078,0,0,9.121,0,0,1.162,0,2.801,0,0,3.786,0,0,0,0,2,21.377,0,3.906,0,2.353,15.909
2022-07-19,6.042,18.433,13.075,3.462,4.326,0,3.073,4.196,0,11.788,0.928,1.129,10.458,3.567,10.92,0,32.685,0,0,35.273,0,0.208,0,3.27,0.977,0,0,11.719,0,0,0.495,0,0.36,0,0,5.852,0,0,0,0,1,19.376,0,6.484,0,1.953,14.298
2022-07-20,11.613,32.931,18.354,5.251,2.917,0,6.093,3.593,0,11.943,2.694,0,10.416,2.641,12.131,0,43.777,0,0,39.104,0,0.789,0,3.664,1.309,2,0,13.845,0,0,1.515,0,6.615,0,0,7.917,0,0,0,0,0,20.959,0,4.135,0,0.821,13.895
2022-07-21,8.544,24.229,15.032,0.637,2.486,0,2.328,2.031,0,14.123,0.432,0,8.569,8.37,6.789,0,38.147,0,0,34.529,0,0,0,3.754,3.509,0,0,12.831,0,0,0,0,7.307,0,0,3.784,0,0,0,0,0,20.422,0,1.357,0,0.58,14.901
2022-07-22,6.424,31.8,11.391,2.78,2.476,0,3.232,1.259,0,3.451,0.351,0,6.131,5.731,5.792,0,33.655,0,0,30.232,0,0,0,0.97,1.978,0,0,9.9,0,0,0,0,1.346,0,0,6.173,0,0,0,0,6,27.836,0,4.587,0,0.381,13.441
2022-07-23,13.069,42.274,14.175,5.432,2.802,0,1.728,4.394,0,13.184,2.13,0,8.656,3.315,8.246,0,45.47,0,0,50.784,0,0,0,5.462,2.333,0,0,9.597,0,0,0,0,7.877,0,0,4.817,0,0,0,0,6,32.473,0,8.63,0,0,13.172
2022-07-24,19.904,31.225,16.269,7.572,3.266,0,3.763,6.864,0,15.881,0.044,0,5.517,3.763,9.111,0,45.96,0,0,51.41,0,0,0,3.629,3.614,0,0,12.578,0,0,0,0,8.439,0,0,10.951,0,0,0,0,5,0,0,1.269,0,0,16.932
2022-07-25,9.937,21.889,11.107,4.307,5.85,0,4.004,2.197,0,12.333,0,0,7.222,3.689,6.207,0,46.245,0,0,34.218,0,0,0,4.582,1.921,0,0,9.321,0,0,0,0,5.332,0,0,5.531,0,0,0,0,3,3.43,0,7.061,0,0,8.926
2022-07-26,6.363,29.662,10.442,5.739,1.869,0,2.851,0.537,0,19.587,0,0,9.801,5.81,6.792,0,47.091,0,0,28.507,0,0,0,5.436,1.047,0,0,10.48,0,0,0,0,5.17,0,0,9.734,0,0,0,0,6,30.12,0,2.651,0,0,14.329
2022-07-27,10.283,22.292,19.911,3.303,5.905,0,2.49,3.525,0,11.295,0,0,10.131,2.051,4.781,0,37.251,0,0,33.969,0,0,0,2.173,3.118,0,0,9.953,0,0,0,0,4.608,0,0,5.569,0,0,0,0,6,31.688,0,2.22,0,0,15.371
2022-07-28,13.513,30.834,17.375,3.518,12.501,0,5.511,0,0,10.932,0,0,15.557,4.192,7.288,0,42.062,0,0,36.225,0,0,0,2.467,1.838,0,0,12.979,0,0,0,0,4.89,0,1,6.998,0,0,0,0,2,35.937,0,2.831,0,0,12.619
2022-07-29,6.964,0,0,0,0,0,0,2.215,0,0,0,0,8.64,5.168,7.113,0,32.206,0,0,25.417,0,0,0,0,3.307,0,0,0,0,0,0,0,8.757,0,2,0,0,0,0,0,3,21.172,0,1.808,0,0,15.623
2022-07-30,8.481,0.655,0,0,0,0,0.422,0,0,0,0,0,9.442,2.064,10.772,0,44.159,0,0,45.352,0,0,0,0,2.501,0,0,0,0,0,0,0,9.148,0,3,2.763,0,0,0,0,13,28.886,0,0.552,0,0,16.378
2022-07-31,19.052,0,0,0,9.757,0,0,0,0,4.222,0,0,13.984,2.501,8.079,0,48.343,0,0,39.27,0,0,0,2.09,3.669,0,0,0,0,0,0,0,5.076,0,0,0,0,0,0,0,0,46.334,0,0,0,0,15.171
2022-08-01,10.254,0,0,0,0,0,0,1.359,0,0,0,0,17.494,3.307,6.344,0,63.698,0,0,33.016,0,0,0,0,4.294,0,0,0,0,0,0,0,12.048,0,0,0,0,0,0,0,0,60.549,0,8.442,0,0,13.759
2022-08-02,9.492,0,0,0,0,0,0,2.736,0,0,0,0,4.184,9.917,6.735,0,49.663,0,0,22.666,0,0,0,0,2.228,0,0,0,0,0,0,0,8.406,0,1,0,11.295,0,0,0,10,35.269,0,0,0,0,12.217
2022-08-03,10.855,0,0,0,0.151,0,0,0.94,0,0,0,0,9.645,0.94,6.249,0,46.229,0,0,32.666,0,0,0,2.784,1.326,0,0,0,0,0,0,0,8.103,0,0,0,2.337,0,0,0,1,49.822,0,5,0,0,10.454
2022-08-04,3.702,0,0,2.199,0.138,0,0,2.87,0,0,0,0,9.885,2.97,5.528,0,46.759,0,0,45.556,0,0,0,0,3.921,0,0,0,0,0,0,0,5.366,0,0,1.206,0,0,0,0,6,52.045,0,3.908,0,0,17.334
2022-08-05,8.007,3.079,0,0.301,0,0,0,2.333,0,0.534,0,0,8.754,0.671,5.352,0,49.19,0,0,35.694,0,0,0,0,2.49,0,0,0,0,0,0,0,5.153,0,4,0,10.982,0,0,0,2,62.13,0,4.007,0,0,10.252
2022-08-06,0.475,0.579,0,0.788,0,0,0,2.198,0,0,0,0,4.412,2.282,7.224,0,69.204,0,0,39.012,0,0,0,0,0,0,0,0,0,0,0,0,14.222,0,0,0.753,12.628,0,0,0,8,54.478,0,5.372,0,0,15.004
2022-08-07,0,0.442,0,1.318,0,0,0,5.385,0,10.245,0,0,2.493,0,7.186,0,67.31,0,0,36.675,0,0,0,0,0,0,0,0,0,0,0,0,0,0,0,0,4.623,0,0,0,3,62.995,0,4.617,0,0,28.948
2022-08-08,0,0,0,0,0,0,0,0.755,0,0,0,0,0,5.018,6.258,0,55.407,0,0,30.797,0,0,0,0,0,0,0,0,0,0,0,0,0,0,0,0,0,0,0,0,6,50.21,0,5.645,0,0,13.825
2022-08-09,0,0,0,0,0,0,0,3.81,0,0,0,0,0.287,1.812,4.145,0,54.968,0,0,30.632,0,0,0,0,0,0,0,0,0,0,0,0,0,0,0,1.506,10.793,0,0,0,0,51.754,0,1.867,0,0,14.565
2022-08-10,0,0,0,0,0,0,0,2.383,0,4.711,0,0,0,0,10.461,0,53.221,0,0,32.376,0,0,0,0,0,0,0,0,0,0,0,0,0,0,0,0,8.594,0,0,0,0,56.674,0,6.345,0,0,15.085
2022-08-11,0,0,0,0,0,0,0,1.41,0,0,0,0,0,1.326,4.07,0,53.45,0,0,26.546,0,0,0,0,0,0,0,0,0,0,0,0,0,0,0,0.327,5.403,0,0,0,0,57.983,0,4.047,0,0,12.453
2022-08-12,0,0,0,0,0,0,0.472,2.736,0,0,0,0,0,0,5.739,0,55.454,0,0,36.012,0,0,0,0,0,0,0,0,0,0,0,0,0,0,0,0,11.406,0,0,0,0,58.153,0,0.934,0,0,17.487
2022-08-13,0.411,0,0,0,0.176,0,0,3.609,0,0,0,0,0,0,9.092,0,72.596,0,0,50.067,0,0,0,0,0,0,0,0,0,0,0,0,0,0,0,0,18.27,0,0,0,0,65.167,0,3.443,0,0,20.621
2022-08-14,0,0,0,0,0,0,0,0,0,0,0,0,0,0,9.098,0,80.196,4.239,0,66.974,0,0,0,0,1.945,0,0,0,0,0,0,0,0,0,0,0,0.792,0,0,0,0,43.274,0,4.167,0,0,17.957
2022-08-15,0,0,0,0,0,0,0,2.383,0,0,0,0,0,0,5.787,0,54.823,0,0,34.299,0,0,0,0,0,0,0,0,0,0,0,0,0,0,0,0,9.047,0,0,0,0,24.633,0,8.252,0,0,13.88
2022-08-16,5.726,0,5.397,0,0,0,0,2.501,0,0,0,0,0,0,6.379,0,53.382,0,0,30.835,0,0,0,0,0,0,0,0,0,0,0,0,0,0,0,0,0,0,0,0,0,18.06,0,5.532,0,0,10.689
2022-08-17,0,0,0,0,0,0,0,2.82,0,0,0,0,0,0,6.036,0,58.56,0,0,48.185,0,0,0,0,0,0,0,0,0,0,0,0,0,0,0,0,7.012,0,0,0,0,34.02,0,6.437,0,0,9.902
2022-08-18,0,0,0,0,0,0,0,2.802,0,0,0,0,0,0,8.358,0,77.794,0,0,40.716,0,0,0,7.642,0,0,0,0,0,0,0,0,0,0,0,0,25.506,0,0,0,0,46.095,0,8.967,0,0,15.925
2022-08-19,0,54.363,0,0,0,0,0,4.029,0,0,0,0,0,0,0,0,152.132,0,0,76.894,0,0,0,0,0,0,0,0,0,0,0,0,0,0,0,0,3.593,0,0,0,0,61.26,0,15.048,0,0,1.325
2022-08-20,0,0,0,0,0,0,0,3.777,0,0,0,0,0,0,0,0,78.363,0,0,62.953,0,0,0,0,0,0,0,0,0,0,0,0,0,0,0,0,14.324,0,0,0,0,72.139,0,9.659,0,0,25.47
2022-08-21,0,0,0,0,0,0,0,6.914,0,0,0,0,0,0,0,0,48.873,0,0,51.027,0,0,0,0,0,0,0,0,0,0,0,0,0,0,0,0,17.766,0,0,0,1,48.318,0,14.39,0,0,27.705
2022-08-22,0,0,0,0,0,0,0,1.241,0,0,0,0,0,0,0,0,24.609,0,0,16.789,0,0,0,0,0,0,0,0,0,0,0,0,0,0,0,0,0,0,0,0,0,32.336,0,1.064,0,0,6.746
2022-08-23,0,0,0,0,0,0,0,1.846,0,0,0,0,0,0,0,0,28.756,0,0,32.058,0,0,0,0,0,1,0,0,0,0,0,0,0,0,0,3.228,5.98,0,0,0,0,30.294,0,6.929,0,0,9.129
2022-08-24,0,0,0,0,0,0,0,3.088,0,0,0,0,0,0,0,0,13.668,0,0,28.985,0,0,0,0,0,0,0,0,0,0,0,0,0,0,0,0,9.424,0,0,0,0,14.233,0,5.392,0,0,4.867
2022-08-25,0.328,11.562,0,0,1.147,0,0.326,3.541,0,15.679,0,0,0,0,0,0,33.179,0,0,32.422,0,0,0,0.616,0,0,0,0.441,0,0,0,0,0,0,0,0.98,12.452,0,0,0,0,21.999,0,3.333,0,0,9.08
2022-08-26,0,19.793,1.491,0,0,0,0,3.289,0,2.659,0,0,0,0,0.581,0,28.473,0,0,21.581,0,0,0,0,0,0,0,0,0,0,0,0,0,0,5,0,13.657,0,0,0,0,37.225,0,6.998,0,0,7.953
2022-08-27,0,19.117,0,0,0.153,0,0,2.55,0,19.949,0,0,0,0,0.165,0,45.773,0,0,60.116,0,0,0,0,0,0,0,0,0,0,0,0,0,0,1,0,10.691,0,0,0,0,30.855,0,0.24,0,0,22.252
2022-08-28,0,0,0.189,0,0,0,0.263,3.138,0,43.124,0,0,5.881,0,5.84,0,59.804,0,0,65.936,0,0,0,0,0,0,0,0,0,0,0,0,0,0,0,0,18.631,0,0,0,0,47.592,11,7.839,0,0,14.079
2022-08-29,0,0,0,0,0,0,0,1.562,0,0,0,0,3.455,0,0,0,36.867,0,0,33.775,0,0,0,0,0,0,0,0,0,0,0,0,0,0,0,0,13.156,0,0,0,0,19.702,11,0,0,0,0.235
2022-08-30,0,0,0,0,0,0,0,2.5,0,0,0,0,1.366,0,7.036,0,28.473,0,0,45.481,0,0,0,0,0,0,0,0,0,0,0,0,0,0,0,0,4.435,0,0,0,0,31.227,3,0,0,0,29.586
2022-08-31,0,0,0,0,0,0,0,0.688,0,0,0,0,0.271,0,0,0,15.469,0,0,23.994,0,0,0,0,0,0,0,0,0,0,0,0,0,0,0,0,11.446,0,0,0,0,20.005,5,0,0,0,0
2022-09-01,0,0,0,0,0,0,0,1.377,0,0,0,0,0,0,10.237,0,28.258,0,0,28.89,0,0,0,0,0,0,0,0,0,0,0,0,0,0,0,0,15.957,0,0,0,0,21.685,14,2.243,0,0,10.33
2022-09-02,0,0,0,0,0,0,0,0.604,0,0,0,0,0,0,8.245,0,23.302,0,0,38.188,0,0,0,0,0,0,0,0,0,0,0,0,0,0,0,0,8.204,0,0,0,0,25.696,10,0,0,0,14.425
2022-09-03,0,0,0,0,0,0,0,1.225,0,0,0,0,0,0,10.792,0,32.628,0,0,59.737,0,0,0,0,0,0,0,0,0,0,0,0,0,0,0,0,14.598,0,0,0,0,36.648,25,0,0,0,6.265
2022-09-04,0,0,0,0,0,0,0,0.672,0,0,0,0,0,0,0.551,0,31.447,0,0,75.931,0,0,0,0,0,1,0,0,0,0,0,0,0,0,0,0,18.519,0,0,0,0,32.819,21,0,0,0,25.452
2022-09-05,0,0,0,0,0,0,0,0,0,0,0,0,0,0,0.25,0,25.855,0,0,26.973,0,0,0,0,0,0,0,2.967,0,0,0,0,0,0,0,0,5.529,0,0,0,0,16.319,7,0,0,0,16.383
2022-09-06,0,0,0,0,0,0,0,0.235,0,0,0,0,0,0,7.322,0,20.672,0,0,24.538,0,0,0,0,0,0,0,2.462,0,0,0,0,0,0,0,0,6.069,0,0,0,0,23.519,4,0,0,0,4.598
2022-09-07,0,0,0,0,0,0,0,1.444,0,0,0,0,0,0,2.864,0,13.34,0,0,27.585,0,0,0,0,0,0,0,4.283,0,0,0,0,0,0,0,0,10.303,0,20.356,0,6,17.062,9,0,0,0,8.517
2022-09-08,0,12.558,0,0,0,0,0,1.007,0,0,0,0,2.3,0,1.583,0,17.001,0,0,25.24,0,0,0,0,0,0,0,6.106,0,0,0,0,0,0,0,0,8.004,0,2.099,0,8,13.857,11,0,0,0,8.997
