date,水生根茎类,花叶类,花菜类,茄类,辣椒类,食用菌
2020-07-01,-0.004702328391,-0.0001496567008,0.0001563029439,2.28378441e-05,0.0005664462237,3.504031659e-06
2020-07-02,-0.004659972563,-0.0001450397405,0.0001545097212,2.227282074e-05,0.0005611897178,3.453576232e-06
2020-07-03,-0.004617613084,-0.0001404504661,0.0001527145121,2.17084989e-05,0.000555934776,3.403325484e-06
2020-07-04,-0.004575250092,-0.000135889184,0.0001509173058,2.114488119e-05,0.0005506813965,3.353280418e-06
2020-07-05,-0.004532883725,-0.002925632641,0.0001491180917,2.058196981e-05,0.00134361049,3.30344194e-06
2020-07-06,-0.004490514124,-0.0001268517578,0.0001473168597,2.001976658e-05,0.0004095812635,3.25381093e-06
2020-07-07,-0.004448141437,-0.00012237616,0.0001455135994,1.945827289e-05,0.0005349306164,3.204388251e-06
2020-07-08,-0.004405765812,0.003860395963,0.000143708301,1.889748976e-05,0.0005296834702,3.15517474e-06
2020-07-09,-0.004363387403,-0.0001135124593,0.0001419009546,1.833741783e-05,0.0005244378774,3.106171201e-06
2020-07-10,-0.004321006367,-0.000109124822,0.0001400915507,1.777805735e-05,0.0005191938362,3.057378406e-06
2020-07-11,-0.004278622863,-0.0001047669489,0.0001382800799,1.721940822e-05,0.0005139513452,3.008797114e-06
2020-07-12,-0.004236237056,-0.000100439041,0.000136466533,1.666147002e-05,0.0005087104028,2.960428019e-06
2020-07-13,-0.004193849112,-9.614128736e-05,0.000134650901,1.610424195e-05,0.0005034710081,2.912271832e-06
2020-07-14,-0.004151459202,-9.187386506e-05,0.0001328331749,1.554772294e-05,0.00049823316,2.86432922e-06
2020-07-15,-0.0041090675,-8.76369392e-05,0.0001310133462,1.499191154e-05,0.000492996858,2.816600803e-06
2020-07-16,-0.004066674181,-8.343066312e-05,0.0001291914064,1.443680606e-05,0.0004877621015,2.769087197e-06
2020-07-17,-0.004024279428,-7.925517853e-05,0.0001273673471,1.388240447e-05,0.0004825288902,2.721788978e-06
2020-07-18,-0.003981883423,-7.511061552e-05,0.0001255411603,1.332870449e-05,0.0004772972243,2.674706704e-06
2020-07-19,-0.003939486352,-7.09970927e-05,0.0001237128379,1.277570354e-05,0.000472067104,2.627840916e-06
2020-07-20,-0.003897088407,-6.691471736e-05,0.0001218823721,1.222339883e-05,0.0004668385296,2.581192126e-06
2020-07-21,-0.003854689779,-6.286358545e-05,0.0001200497555,1.167178728e-05,0.0004616115018,2.53476079e-06
2020-07-22,-0.003812290665,-5.884378177e-05,0.0001182149805,1.112086557e-05,0.0004563860215,2.488547362e-06
2020-07-23,-0.003769891264,-5.485538005e-05,0.0001163780399,1.057063018e-05,0.00045116209,2.442552307e-06
2020-07-24,-0.003727491778,-5.0898443e-05,0.0001145389264,1.002107736e-05,0.0004459397084,2.396776004e-06
2020-07-25,-0.003685092412,-0.002287503185,0.0001126976333,9.472203145e-06,0.0004407188783,2.351218853e-06
2020-07-26,-0.003642693374,-4.307915977e-05,0.0001108541537,8.924003386e-06,0.0004354996017,2.305881215e-06
2020-07-27,-0.005188309376,-3.921688705e-05,0.0001090084811,8.37647374e-06,0.0004302818804,2.26076341e-06
2020-07-28,-0.003557897128,-3.53862261e-05,0.0001071606088,7.829609709e-06,0.0004250657167,2.215865771e-06
2020-07-29,-0.003515500351,-3.158718819e-05,0.0001053105307,7.283406612e-06,0.0004198511132,2.171188577e-06
2020-07-30,-0.003473104764,-2.781977417e-05,0.0001034582406,6.737859626e-06,0.0004146380725,2.126732118e-06
2020-07-31,-0.00343071059,-2.408397449e-05,0.0001016037325,6.19296377e-06,0.0004094265976,2.08249662e-06
2020-08-01,-0.003388318054,-2.037976936e-05,9.974700058e-05,5.648713957e-06,0.0004042166916,2.038482345e-06
2020-08-02,-0.003345927384,-1.670712878e-05,9.788803912e-05,5.105104945e-06,0.0003990083579,1.994689462e-06
2020-08-03,-0.003303538811,0.0009004108333,9.602684259e-05,4.562131419e-06,0.0003938016002,1.951118192e-06
2020-08-04,-0.003261152568,-9.456370892e-06,9.41634056e-05,4.019787927e-06,0.0003885964224,1.907768686e-06
2020-08-05,-0.003218768891,-5.87814371e-06,9.229772289e-05,3.478068965e-06,0.0003833928285,1.864641087e-06
2020-08-06,-0.003176388018,-2.331261511e-06,9.042978937e-05,2.936968912e-06,0.0003781908229,1.821735536e-06
2020-08-07,-0.003134010191,1.184355118e-06,8.855960007e-05,2.396482103e-06,0.0003729904101,1.779052154e-06
2020-08-08,-0.003091635652,4.668795247e-06,8.668715015e-05,1.856602808e-06,0.000367791595,1.736590986e-06
2020-08-09,-0.003049264647,8.122157553e-06,8.481243493e-05,1.31732526e-06,0.0003625943827,1.694352148e-06
2020-08-10,-0.003006897424,1.154455025e-05,8.293544986e-05,7.786436251e-07,0.0003573987784,1.652335677e-06
2020-08-11,-0.002964534234,1.493609105e-05,8.105619051e-05,2.405520818e-07,0.0003522047876,1.610541603e-06
2020-08-12,-0.002922175329,1.829690695e-05,7.917465258e-05,-2.969552275e-07,0.0003470124162,1.568969949e-06
2020-08-13,-0.002879820963,2.162713434e-05,7.729083194e-05,-8.338841591e-07,0.0003418216703,1.52762073e-06
2020-08-14,-0.002837471393,2.492691889e-05,7.540472452e-05,-1.370240572e-06,0.000336632556,1.486493924e-06
2020-08-15,-0.00279512688,2.81964161e-05,7.351632643e-05,-7.455489773e-06,0.0003314450799,1.445589496e-06
2020-08-16,-0.002752787683,3.143579069e-05,7.162563388e-05,-2.44125909e-06,0.0003262592488,1.404907398e-06
2020-08-17,-0.002710454066,3.464521632e-05,6.973264318e-05,-2.975932729e-06,0.0003210750698,1.364447575e-06
2020-08-18,-0.002668126294,3.782487564e-05,6.783735082e-05,-3.510056914e-06,0.0003158925502,1.324209956e-06
2020-08-19,-0.002625804635,4.097496006e-05,6.593975332e-05,-4.043637329e-06,0.0003107116975,1.284194407e-06
2020-08-20,-0.002583489358,4.409566985e-05,6.40398474e-05,-4.576679629e-06,0.0003055325195,1.244400873e-06
2020-08-21,-0.002541180733,4.71872139e-05,6.213762982e-05,-5.109189452e-06,0.0003003550244,1.204829207e-06
2020-08-22,-0.002498879034,5.024980975e-05,6.02330975e-05,-5.641172366e-06,0.0002951792205,1.165479272e-06
2020-08-23,-0.002456584534,5.328368351e-05,5.832624743e-05,-6.172633936e-06,0.0002900051164,1.126350935e-06
2020-08-24,-0.002414297511,5.628906972e-05,5.641707674e-05,-0.07406630746,0.000284832721,1.087444041e-06
2020-08-25,-0.002372018243,5.926621139e-05,5.450558263e-05,-7.234015034e-06,0.0002796620436,1.048758375e-06
2020-08-26,-0.002329747009,6.22153598e-05,5.259176243e-05,-7.763945461e-06,0.0002744930935,1.010293777e-06
2020-08-27,-0.00228748409,-0.005720003541,5.067561351e-05,-8.293376327e-06,0.0002693258805,9.72050068e-07
2020-08-28,-0.002245229769,6.803072283e-05,4.875713343e-05,-8.822312952e-06,0.0002641604146,9.340270006e-07
2020-08-29,-0.002202984332,7.089747733e-05,4.683631973e-05,-9.35076065e-06,0.0002589967062,8.962243703e-07
2020-08-30,-0.002160748062,7.373731818e-05,4.491317017e-05,-9.878724653e-06,0.0002538347659,8.586419415e-07
2020-08-31,-0.002118521248,7.655053356e-05,4.298768244e-05,-1.040621017e-05,0.0002486746045,8.212794773e-07
2020-09-01,0.008885907431,7.933741956e-05,4.105985446e-05,-1.093322235e-05,0.0002435162333,7.841367262e-07
2020-09-02,-0.002034097142,8.209828017e-05,3.912968413e-05,-1.145976631e-05,0.0002383596638,7.4721342e-07
2020-09-03,-0.001991900421,8.483342717e-05,3.719716951e-05,-1.19858471e-05,0.0002332049079,7.105092896e-07
2020-09-04,-0.001949714301,8.754318016e-05,3.526230867e-05,-1.251146973e-05,0.0002280519776,6.74024033e-07
2020-09-05,-0.001907539064,9.022786639e-05,3.33250998e-05,-1.303663915e-05,0.0002229008855,6.377573865e-07
2020-09-06,-0.001865374999,9.288782084e-05,3.138554114e-05,-1.356136025e-05,0.0002177516443,6.017090444e-07
2020-09-07,-0.00182322239,9.552338605e-05,2.944363098e-05,-1.408563788e-05,0.0002126042672,5.658786897e-07
2020-09-08,-0.001781081526,9.813491212e-05,2.749936773e-05,-1.460947681e-05,0.0002074587675,5.302660062e-07
2020-09-09,-0.001738952695,0.0001007227567,2.55527498e-05,-1.513288176e-05,0.0002023151592,4.948707018e-07
2020-09-10,-0.001696836186,0.0001032872848,2.360377571e-05,-1.56558574e-05,0.0001971734564,4.596924326e-07
2020-09-11,-0.001654732289,0.0001058288691,2.165244402e-05,-1.617840829e-05,-0.00389984724,4.247308416e-07
2020-09-12,-0.001612641296,0.0001083478894,1.969875333e-05,-1.670053898e-05,0.0001868958248,3.899856145e-07
2020-09-13,-0.001570563497,0.0001108447329,1.774270232e-05,-1.72222539e-05,0.0001817599217,3.554563923e-07
2020-09-14,-0.001528499183,0.0001133197943,1.578428969e-05,-1.774355743e-05,0.0001766259754,3.211428412e-07
2020-09-15,-0.001486448648,0.0001157734754,1.38235142e-05,-1.826445389e-05,0.0001714939974,2.87044589e-07
2020-09-16,-0.001444412183,0.0001182061853,1.186037467e-05,-1.878494749e-05,0.0001663639996,2.53161283e-07
2020-09-17,-0.001402390081,0.0001206183404,9.894869901e-06,-1.930504238e-05,0.0001612359944,2.194925468e-07
2020-09-18,0.01320924815,0.0001230103643,7.926998803e-06,-1.982474263e-05,0.0001561099945,1.860380321e-07
2020-09-19,-0.001318390137,0.0001253826878,5.956760279e-06,-2.03440522e-05,0.000150986013,1.527973463e-07
2020-09-20,-0.001276412866,0.0001277357487,3.984153261e-06,-2.0862975e-05,0.0001458640634,1.197701156e-07
2020-09-21,-0.001234451103,0.0001300699923,2.009176718e-06,-2.138151482e-05,0.0001407441597,8.695598197e-08
2020-09-22,-0.001192505125,0.0001323858709,3.182963892e-08,-2.189967535e-05,0.0001356263164,5.435457062e-08
2020-09-23,-0.001150575211,0.0001346838439,-1.947888986e-06,-2.241746021e-05,0.0001305105483,2.196546323e-08
2020-09-24,-0.001108661639,0.000136964378,-3.929980092e-06,-2.293487291e-05,0.0001253968708,-1.02116875e-08
2020-09-25,-0.001066764685,0.0001392279471,-5.914444683e-06,-2.345191683e-05,0.0001202852997,-4.217726701e-08
2020-09-26,-0.001024884627,0.0001414750323,-7.901283697e-06,-2.396859529e-05,0.0001151758515,-7.393166079e-08
2020-09-27,-0.0009830217388,0.0001437061218,-9.890498074e-06,-2.448491146e-05,0.0001100685429,-1.054752499e-07
2020-09-28,-0.0009411762965,0.0001459217111,-1.188208877e-05,-2.500086841e-05,0.0001049633913,-1.368084162e-07
2020-09-29,-0.0008993485731,0.0001481223031,-1.387605673e-05,-2.551646911e-05,9.986041461e-05,-1.679315487e-07
2020-09-30,-0.000857538841,0.0001503084079,-1.58724029e-05,-2.603171637e-05,9.47596314e-05,-1.988450133e-07
2020-10-01,-0.0008157473711,0.000152480543,-1.787112825e-05,-2.654661289e-05,8.96610607e-05,-2.295491877e-07
2020-10-02,-0.0007739744326,0.0001546392333,-1.987223376e-05,-2.706116126e-05,8.456472217e-05,-2.600444455e-07
2020-10-03,-0.0007322202933,0.000156785011,-2.187572041e-05,-2.757536393e-05,7.94706361e-05,-2.903311609e-07
2020-10-04,-0.0006904852187,0.0001589184162,-2.388158921e-05,-2.808922318e-05,7.43788234e-05,-3.204096846e-07
2020-10-05,-0.0006487694725,0.0001610399961,-2.58898412e-05,-2.86027412e-05,6.928930565e-05,-3.502804118e-07
2020-10-06,-0.000607073316,0.0001631503059,-2.790047745e-05,-2.911591998e-05,6.420210514e-05,-3.799436747e-07
2020-10-07,0.01737969264,0.0001652499085,-2.991349905e-05,-2.962876139e-05,5.911724479e-05,-4.09399818e-07
2020-10-08,-0.0005237408011,0.0001673393745,-3.192890715e-05,-3.014126715e-05,5.403474831e-05,-4.386492298e-07
2020-10-09,-0.0004821049323,0.0001694192824,-3.394670291e-05,-3.06534388e-05,4.895464014e-05,-4.676922085e-07
2020-10-10,-0.0004404896317,0.0001714902188,-3.596688756e-05,-3.116527773e-05,4.387694551e-05,-4.965291174e-07
2020-10-11,-0.000398895126,0.0001735527784,-3.798946237e-05,-3.167678514e-05,3.880169046e-05,-5.25160277e-07
2020-10-12,-0.0003573216381,0.0001756075642,-4.001442868e-05,-3.218796206e-05,3.372890184e-05,-5.535859966e-07
2020-10-13,-0.0003157693867,0.0001776551872,-4.204178787e-05,-3.269880935e-05,2.865860741e-05,-5.818066073e-07
2020-10-14,-0.0002742385863,0.0001796962674,-4.407154138e-05,-3.320932767e-05,2.359083579e-05,-6.098223899e-07
2020-10-15,-0.0002327294466,0.0001817314328,-4.610369073e-05,-3.371951747e-05,1.852561656e-05,-6.376336659e-07
2020-10-16,-0.0001912421726,0.0001837613205,-4.813823754e-05,-3.422937904e-05,1.346298025e-05,-6.652406732e-07
2020-10-17,-0.0001497769635,0.0001857865763,-5.017518345e-05,-3.473891242e-05,8.402958394e-06,-6.926437353e-07
2020-10-18,-0.0001083340133,0.000187807855,-5.221453023e-05,-3.524811747e-05,3.345583578e-06,-7.198430758e-07
2020-10-19,-6.691350978e-05,0.0001898258206,-5.425627973e-05,-3.575699382e-05,-1.70911055e-06,-7.468389907e-07
2020-10-20,-2.551563422e-05,0.0001918411461,-5.630043386e-05,-3.626554083e-05,-6.761089209e-06,-7.736316645e-07
2020-10-21,1.58594388e-05,0.000193854514,-5.834699468e-05,-3.677375768e-05,-1.181031649e-05,-8.002213479e-07
2020-10-22,0.01506618846,0.0001958666164,-6.039596432e-05,-3.728164329e-05,-1.685675523e-05,-8.266082672e-07
2020-10-23,9.854051778e-05,0.0001978781548,-6.244734504e-05,-3.778919631e-05,-2.190036707e-05,-8.52792585e-07
2020-10-24,0.0001398462256,0.0001998898407,-6.450113919e-05,-3.829641512e-05,-2.694111233e-05,-8.787745065e-07
2020-10-25,0.01538197577,0.0002019023952,-6.655734927e-05,-3.880329786e-05,-3.197895e-05,-9.04554188e-07
2020-10-26,0.0002223873304,0.0002039165495,-6.861597788e-05,-3.930984236e-05,-3.701383768e-05,-9.301317885e-07
2020-10-27,0.0002636225167,0.0002059330444,-7.067702777e-05,-3.981604616e-05,-4.204573152e-05,-9.555074163e-07
2020-10-28,0.0003048340146,0.0002079526312,-7.274050183e-05,-4.032190651e-05,-4.707458622e-05,-9.806812198e-07
2020-10-29,0.000346021756,0.0002099760709,-7.480640308e-05,-4.082742033e-05,-5.21003549e-05,-1.005653275e-06
2020-10-30,0.0003871856841,0.0002120041344,-7.687473471e-05,-4.133258421e-05,-5.71229891e-05,-1.030423649e-06
2020-10-31,0.0004283257548,0.0002140376026,-7.894550005e-05,-4.18373944e-05,-6.214243871e-05,-1.054992426e-06
2020-11-01,0.0004694419372,0.0002160772662,-8.101870261e-05,-4.234184677e-05,-6.715865198e-05,-1.0793596e-06
2020-11-02,0.000510534214,0.0002181239252,-8.309434604e-05,-4.284593685e-05,-7.217157532e-05,-1.103525222e-06
2020-11-03,0.0005516025827,0.0002201783888,-8.517243422e-05,-4.334965974e-05,-7.71811534e-05,-1.127489251e-06
2020-11-04,0.0005926470559,0.0002222414747,-8.725297117e-05,-4.385301017e-05,-8.218732903e-05,-1.151251682e-06
2020-11-05,0.000633667662,0.0002243140084,-8.933596113e-05,-4.435598238e-05,-8.719004311e-05,-1.174812437e-06
2020-11-06,0.0006746644458,0.000226396823,-9.142140851e-05,-4.48585702e-05,-9.218923463e-05,-1.198171428e-06
2020-11-07,0.0007156374694,0.0002284907585,-9.350931795e-05,-4.536076698e-05,-9.718484052e-05,-1.221328572e-06
2020-11-08,0.0007565868133,0.0002305966611,-9.55996943e-05,-4.586256554e-05,-0.0001021767958,-1.244283702e-06
2020-11-09,0.0007975125764,0.0002327153822,-9.769254262e-05,-4.636395818e-05,-0.0001071650333,-1.267036668e-06
2020-11-10,0.0008384148775,0.0002348477769,-9.978786822e-05,-4.686493664e-05,-0.0001121494838,-1.289587273e-06
2020-11-11,0.0008792938556,0.0002369947027,-0.0001018856766,-4.736549205e-05,-0.0001171300762,-1.311935289e-06
2020-11-12,0.0009201496706,0.0002391570174,-0.0001039859736,-4.786561489e-05,-0.000122106737,-1.334080456e-06
2020-11-13,0.0009609825036,0.0002413355767,-0.0001060887653,-4.8365295e-05,-0.0001270793908,-1.356022482e-06
2020-11-14,0.001001792558,0.000243531232,-0.0001081940579,-4.886452146e-05,-0.00013204796,-1.377761059e-06
2020-11-15,0.00104258006,0.0002457448263,-0.000110301858,-4.936328257e-05,-0.0001370123651,-1.399295798e-06
2020-11-16,0.001668330264,0.0002479771915,-0.0001124121725,-4.986156584e-05,-0.0001419725246,-1.420626347e-06
2020-11-17,0.001124088423,0.000250229143,-0.0001145250086,-5.035935784e-05,-0.0001469283551,-1.441752257e-06
2020-11-18,0.001164809853,0.000252501475,-0.0001166403737,-5.085664421e-05,-0.0001518797716,-1.462673038e-06
2020-11-19,0.001205509868,0.0002547949544,-0.0001187582756,-5.135340955e-05,-0.0001568266873,-1.483388198e-06
2020-11-20,0.00124618881,0.0002571103131,-0.0001208787223,-5.18496373e-05,-0.0001617690143,-1.503897189e-06
2020-11-21,0.001286847044,0.0002594482401,-0.0001230017224,-5.234530975e-05,-0.0001667066634,-1.52419942e-06
2020-11-22,0.001327484958,0.0002618093715,-0.0001251272846,-5.284040783e-05,-0.0001716395446,-1.544294243e-06
2020-11-23,0.001368102957,0.00026419428,-0.0001272554181,-5.333491106e-05,-0.0001765675675,-1.564180971e-06
2020-11-24,0.001408701468,0.0002666034629,-0.0001293861323,-5.38287974e-05,-0.0001814906419,-1.583858882e-06
2020-11-25,0.001449280932,0.0002690373279,-0.0001315194373,-5.432204313e-05,-0.0001864086779,-1.603327208e-06
2020-11-26,0.001489841804,0.0002714961768,-0.0001336553433,-5.481462266e-05,-0.000191321587,-1.622585102e-06
2020-11-27,0.001530384548,0.000273980187,-0.000135793861,-5.530650842e-05,-0.0001962292827,-1.641631697e-06
2020-11-28,0.001570909636,0.0002764893891,-0.0001379350017,-5.57976706e-05,-0.0002011316815,-1.660466061e-06
2020-11-29,0.001611417537,0.0002790236427,-0.0001400787769,-5.628807705e-05,-0.0002060287036,-1.679087201e-06
2020-11-30,0.001651908714,0.0002815826078,-0.0001422251987,-5.677769291e-05,-0.0002109202747,-1.697494064e-06
2020-12-01,0.001692383618,0.0002841657127,-0.0001443742798,-5.726648051e-05,-0.000215806327,-1.715685563e-06
2020-12-02,0.001732842672,0.0002867721166,-0.0001465260333,-5.775439902e-05,-0.0002206868012,-1.733660527e-06
2020-12-03,0.001773286267,0.0002894006674,-0.0001486804727,-5.82414042e-05,-0.0002255616479,-1.751417727e-06
2020-12-04,0.001813714744,0.0002920498545,-0.0001508376123,-5.872744802e-05,-0.0002304308304,-1.768955865e-06
2020-12-05,0.001854128382,0.000294717756,-0.0001529974669,-5.921247842e-05,-0.0002352943268,-1.786273602e-06
2020-12-06,0.001894527378,0.0002974019806,-0.0001551600519,-5.969643888e-05,-0.0002401521332,-1.803369494e-06
2020-12-07,0.001934911827,0.0003000996023,-0.0001573253834,-6.017926807e-05,-0.0002450042663,-1.820242057e-06
2020-12-08,0.001975281699,0.0003028070866,-0.0001594934781,-6.066089946e-05,-0.0002498507678,-1.836889706e-06
2020-12-09,0.002015636812,0.0003055202099,-0.0001616643536,-6.114126091e-05,-0.0002546917079,-1.853310797e-06
2020-12-10,0.002055976801,0.0003082339703,-0.0001638380281,-6.162027424e-05,-0.0002595271901,-1.869503613e-06
2020-12-11,0.002096301085,0.0003109424909,-0.0001660145208,-6.209785484e-05,-0.000264357356,-1.885466332e-06
2020-12-12,0.002136608825,0.0003136389153,-0.0001681938517,-6.257391131e-05,-0.0002691823907,-1.901197076e-06
2020-12-13,0.002176898888,0.0003163152968,-0.0001703760416,-6.304834504e-05,-0.0002740025289,-1.916693861e-06
2020-12-14,0.002217169797,0.0003189624817,-0.0001725611126,-6.352105003e-05,-0.0002788180608,-1.93195464e-06
2020-12-15,0.002257419682,0.000321569989,-0.0001747490876,-6.399191262e-05,-0.0002836293388,-1.946977235e-06
2020-12-16,0.005948578987,0.0003241258906,-0.0001769399908,-6.446081143e-05,-0.0002884367843,-1.961759407e-06
2020-12-17,0.002337846626,0.000326616695,-0.0001791338477,-6.492761753e-05,-0.0002932408941,-1.976298794e-06
2020-12-18,0.00237801751,0.0003290272404,0.02081977822,-6.53921947e-05,-0.0002980422468,-1.99059296e-06
2020-12-19,0.002418154915,0.0003313406062,-0.0001835305303,-6.585440015e-05,-0.0003028415084,-2.004639334e-06
2020-12-20,0.002458254228,0.0003335380512,-0.0001857334139,-6.631408557e-05,-0.000307639437,-2.018435259e-06
2020-12-21,0.001412539664,0.0003355989921,-0.0001879393668,-6.677109856e-05,-0.0003124368849,-2.031977968e-06
2020-12-22,0.001555484484,0.0003375010383,-0.0001901484218,-6.722528485e-05,-0.0003172347991,-2.04526455e-06
2020-12-23,0.002578267065,0.0003392201012,-0.0001923606136,-6.767649108e-05,-0.0003220342171,-2.058292019e-06
2020-12-24,0.002618153979,0.0003407306029,-0.0001945759785,-6.812456853e-05,-0.0003268362591,-2.071057222e-06
2020-12-25,0.002657969425,0.000342005811,-0.0001967945546,-6.856937779e-05,-0.0003316421121,-2.083556912e-06
2020-12-26,0.002697704959,0.0003430183314,-0.0001990163818,-6.901079475e-05,-0.0003364530077,-2.09578769e-06
2020-12-27,0.002737351871,0.0003437407968,-0.0002012415017,-6.944871775e-05,-0.0003412701885,-2.107746034e-06
2020-12-28,0.002776901475,0.0003441467921,-0.0002034699574,-6.988307638e-05,-0.0003460948626,-2.119428271e-06
2020-12-29,0.002816345516,0.0003442120617,-0.0002057017934,-7.031384193e-05,-0.0003509281428,-2.13083058e-06
2020-12-30,0.002855676711,0.0003439160507,-0.0002079370549,-7.074103964e-05,-0.0003557709673,-2.141949018e-06
2020-12-31,0.002894889456,0.000343243834,-0.0002101757878,-7.116476295e-05,-0.0003606239999,-2.152779447e-06
2021-01-01,0.002926685016,0.0003354988821,-0.0002124444979,-7.157522023e-05,-0.0003658982718,-2.163338144e-06
2021-01-02,0.002958255506,0.000327585112,-0.000214718785,-7.198429793e-05,-0.0003711709172,-2.173609935e-06
2021-01-03,0.00298960066,0.0003195043754,-0.0002169987735,-7.239202943e-05,-0.0003764416853,-2.183593202e-06
2021-01-04,0.003020720243,0.0003112585607,-0.0002192845906,-7.279844663e-05,-0.0003817103257,-2.193286659e-06
2021-01-05,0.003051614053,0.0003028495945,-0.0002215763655,-7.320358e-05,-0.0003869765888,-2.202689386e-06
2021-01-06,0.003082281923,0.0002942794432,-0.0002238742299,-7.360745858e-05,-0.0003922402252,-2.211800843e-06
2021-01-07,0.003112723716,0.0002855501153,-0.0002261783175,-7.401010993e-05,-0.0003975009858,-2.220620855e-06
2021-01-08,0.003142939328,0.0002766636625,-0.0002284887646,-7.441156009e-05,-0.0004027586221,-2.229149677e-06
2021-01-09,0.003172928688,0.0002676221816,-0.0002308057097,-7.481183356e-05,-0.0004080128854,-2.237387956e-06
2021-01-10,0.003202691755,0.0002584278165,-0.0002331292936,-7.521095322e-05,-0.0004132635274,-2.245336771e-06
2021-01-11,0.003232228522,0.0002490827598,-0.0002354596595,-7.560894035e-05,-0.0004185102995,-2.252997611e-06
2021-01-12,0.003261539012,0.0002395892549,-0.0002377969529,-7.600581461e-05,-0.0004237529532,-2.260372385e-06
2021-01-13,0.003540054667,0.0002299495974,-0.000240141322,-7.64015939e-05,-0.0004289912396,-2.267463447e-06
2021-01-14,0.003319481407,0.0002201661373,-0.0002424929169,-7.679629445e-05,-0.0004342249094,-2.274273549e-06
2021-01-15,0.00334811352,0.0002102412811,-0.0002448518908,-7.718993069e-05,-0.0009137472983,-2.28080587e-06
2021-01-16,0.003376519769,0.0002001774933,-0.0002472183989,-7.758251528e-05,-0.0004446773987,-2.287063976e-06
2021-01-17,0.003404700339,0.0001899772985,-0.0002495925993,-7.797405905e-05,-0.0004498957162,-2.293051853e-06
2021-01-18,0.003432655443,0.0001796432836,-0.0002519746524,-7.836457098e-05,-0.0004551084122,-2.298773868e-06
2021-01-19,0.003460385326,0.0001691780996,-0.0002543647216,-7.875405816e-05,-0.0004603152329,-2.304234758e-06
2021-01-20,0.003487890265,0.0001585844639,-0.0002567629728,-7.914252576e-05,-0.0004655159229,-2.309439612e-06
2021-01-21,0.003515170565,0.0001478651619,-0.0002591695748,-7.952997702e-05,-0.0004707102251,-2.314393877e-06
2021-01-22,0.003542226565,0.000137023049,-0.0002615846991,-7.99164132e-05,-0.0004758978808,-2.319103311e-06
2021-01-23,0.003569058632,0.000126061051,-0.0002640085203,-8.030183358e-05,-0.0004810786291,-2.32357398e-06
2021-01-24,0.003595667164,0.0001149821675,-0.0002664412159,-8.068623543e-05,-0.0004862522074,-2.32781223e-06
2021-01-25,0.003622052591,0.0001037894756,-0.0002688829667,-8.106961398e-05,-0.0004914183501,-2.331824676e-06
2021-01-26,0.003648215373,9.248613163e-05,-0.0002713339565,-8.14519624e-05,-0.0004965767888,-2.335618147e-06
2021-01-27,0.003674156002,8.107537425e-05,-0.0002737943725,-8.183327183e-05,-0.000501727252,-2.339199699e-06
2021-01-28,0.003699875,6.956052643e-05,-0.0002762644053,-8.22135313e-05,-0.0005068694648,-2.342576541e-06
2021-01-29,0.00372537292,5.794499831e-05,-0.0002787442491,-8.259272779e-05,-0.0005120031484,-2.345756084e-06
2021-01-30,0.00375065035,4.623228954e-05,-0.0002812341017,-8.297084615e-05,-0.0005171280199,-2.348745821e-06
2021-01-31,0.003775707904,3.44259921e-05,-0.0002837341647,-8.334786916e-05,-0.0005222437921,-2.351553337e-06
2021-02-01,0.003800546233,2.252979225e-05,-0.0002862446437,-8.372377751e-05,-0.0005273501728,-2.354186283e-06
2021-02-02,0.003825166016,1.054747131e-05,-0.0002887657483,-8.409854977e-05,-0.0005324468649,-2.356652343e-06
2021-02-03,0.003849567965,-1.517088646e-06,-0.0002912976924,-8.447216248e-05,-0.0005375335649,-2.358959168e-06
2021-02-04,0.003873752825,-1.365990014e-05,-0.0002938406944,-8.484459006e-05,-0.0005426099614,-2.361114389e-06
2021-02-05,0.00389772138,-2.58768664e-05,-0.0002963949772,-8.52158049e-05,-0.0005476757341,-2.363125516e-06
2021-02-06,0.003921474447,-3.816377719e-05,-0.0002989607686,-8.558577737e-05,-0.0005527305521,-2.364999973e-06
2021-02-07,0.00394501288,-5.05163047e-05,-0.0003015383012,-8.595447581e-05,-0.001526033114,-2.366744984e-06
2021-02-08,0.003968337573,-6.292999929e-05,-0.0003041278131,-8.632186659e-05,-0.0005628059407,-2.368367595e-06
2021-02-09,0.00399144946,-7.540028521e-05,-0.0003067295475,-8.668791415e-05,-0.0005678257848,-2.369874594e-06
2021-02-10,0.004014349519,-8.792245625e-05,-0.0003093437536,-8.705258103e-05,-0.0005728332184,-2.371272487e-06
2021-02-11,0.004037038775,-0.0001004916712,-0.0003119706863,-8.74158279e-05,-0.0005778278374,-2.37256743e-06
2021-02-12,0.0040595183,-0.0001131029502,-0.0003146106067,-8.777761368e-05,-0.0005828092189,-2.37376521e-06
2021-02-13,0.004081789215,-0.0001257511746,-0.0003172637824,-8.813789549e-05,-0.0005877769204,-2.374871176e-06
2021-02-14,0.004103852695,-0.0001384310826,-0.0003199304876,-8.849662882e-05,-0.0005927304783,-2.375890233e-06
2021-02-15,0.004125709967,-0.0001511372633,-0.0003226110037,-8.885376749e-05,-0.0005976694078,-2.376826723e-06
2021-02-16,0.004147362315,-0.0001638641524,-0.0003253056194,-8.92092637e-05,-0.000602593201,-2.377684431e-06
2021-02-17,0.004168811081,-0.000176606029,-0.000328014631,-8.956306792e-05,-0.0006075013273,-2.378466536e-06
2021-02-18,0.004190057668,-0.0001893570124,-0.0003307383429,-8.991512891e-05,-0.000612393232,-2.379175513e-06
2021-02-19,0.004211103541,-0.0002021110588,-0.0003334770678,-9.026539358e-05,-0.0006172683355,-2.37981313e-06
2021-02-20,0.00423195023,-0.0002148619578,-0.0003362311273,-9.061380701e-05,-0.0006221260327,-2.380380352e-06
2021-02-21,0.004252599331,-0.0002276033287,-0.0003390008519,-9.096031232e-05,-0.0006269656921,-2.380877317e-06
2021-02-22,0.004273052509,-0.0002403286169,-0.000341786582,-9.130485066e-05,-0.0006317866549,-2.381303263e-06
2021-02-23,0.004293311501,-0.0002530310898,-0.0003445886677,-9.164736109e-05,-0.0006365882339,-2.381656484e-06
2021-02-24,0.004313378116,-0.0002657038329,-0.0003474074697,-9.198778058e-05,-0.0006413697127,-2.381934245e-06
2021-02-25,0.004333254238,-0.0002783397456,-0.0003502433595,-9.232604387e-05,-0.0006461303446,-2.382132735e-06
2021-02-26,0.004352941828,-0.0002909315368,-0.0003530967202,-9.266208344e-05,-0.0006508693517,-2.382247041e-06
2021-02-27,-0.00329398333,-0.0003034717203,-0.0003559679465,-9.299582942e-05,-0.0006555859238,-2.382271027e-06
2021-02-28,0.004612788539,-0.0003159526106,-0.0003588574456,-9.332720952e-05,-0.0006602792168,-2.382197294e-06
2021-03-01,0.004410894205,-0.0003283663176,-0.0003617656379,-9.365614897e-05,-0.0006649483525,-2.382017137e-06
2021-03-02,0.004429848863,-0.0003407047418,-0.000364692957,-9.398257041e-05,-0.0006695924165,-2.381720464e-06
2021-03-03,0.004448625987,-0.0003529595694,-0.0003676398507,-9.430639383e-05,-0.0006742104573,-2.3812957e-06
2021-03-04,0.004467228025,-0.0003651222668,-0.0003706067815,-9.462753649e-05,-0.0006788014851,-2.380729784e-06
2021-03-05,0.004485657514,-0.0003771840753,-0.0003735942274,-9.494591284e-05,-0.0006833644705,-2.380008037e-06
2021-03-06,0.004503917079,-0.0003891360058,-0.000376602682,-9.526143444e-05,-0.000687898343,-2.379114142e-06
2021-03-07,-0.00232894131,-0.0004009688325,-0.0003796326558,-9.55740099e-05,-0.0006924019895,-2.378030036e-06
2021-03-08,0.004539937378,-0.0004126730879,-0.0003826846765,-9.588354477e-05,-0.0006968742533,-2.376735877e-06
2021-03-09,0.004557703806,-0.0004242390565,-0.0003857592895,-9.618994147e-05,-0.0007013139322,-2.375209945e-06
2021-03-10,0.004575311696,-0.000435656769,-0.0003888570594,-9.649309926e-05,-0.0007057197773,-2.373428598e-06
2021-03-11,0.00603858157,-0.0004469159961,-0.0003919785696,0.0140230961,-0.0007100904912,-2.37136617e-06
2021-03-12,0.004610064228,-0.000458006243,-0.0003951244239,0.01246406136,-0.0007144247269,-2.368994943e-06
2021-03-13,0.004627215266,-0.0004689167427,-0.000398295247,-0.2921394849,-0.0007187210857,-2.366285043e-06
2021-03-14,0.004644220556,-0.0004796364508,-0.0004014916849,-9.767127161e-05,-0.002194652677,-2.363204398e-06
2021-03-15,0.004661083507,-0.0004901540391,-0.0004047144061,-9.795670727e-05,-0.0007271943121,-2.359718653e-06
2021-03-16,0.004677807606,-0.0005004578902,-0.0004079641018,-9.823830741e-05,-0.0007313681129,-2.355791134e-06
2021-03-17,0.004694396418,-0.0005105360921,-0.0004112414873,-9.851597241e-05,-0.0007354978998,-2.351382766e-06
2021-03-18,0.006432246732,-0.0005203764329,-0.000414547302,-9.87896003e-05,-0.0007395819954,-2.346452026e-06
2021-03-19,0.004727182794,-0.0005299663963,-0.0004178823106,-9.905908679e-05,-0.0007436186617,-2.340954899e-06
2021-03-20,0.00474338782,-0.0005392931573,-0.0004212473034,-9.93243253e-05,-0.0007476060987,-2.334844808e-06
2021-03-21,0.004759472472,-0.01820241937,-0.0004246430971,-9.958520711e-05,-0.000751542443,-2.328072609e-06
2021-03-22,0.004775440605,-0.0005571042205,-0.000428070535,-9.984162133e-05,-0.000755425767,-2.320586532e-06
2021-03-23,0.004791296114,-0.0005655613831,-0.0004315304882,-0.0001000934551,-0.0007592540773,-2.312332169e-06
2021-03-24,0.004807042915,-0.0005737010682,-0.0004350238551,-0.0001003405938,-0.0007630253141,-2.303252451e-06
2021-03-25,0.004822684937,-0.0005815089656,-0.0004385515625,-0.0001005829209,-0.0007667373503,-2.293287664e-06
2021-03-26,0.004838226108,-0.0005889704543,-0.0004421145651,-0.0001008203186,-0.000770387991,-2.282375442e-06
2021-03-27,0.004853670335,-0.000596070606,-0.0004457138462,-0.0001010526678,-0.0007739749734,-2.270450799e-06
2021-03-28,0.00486902149,-0.000602794191,-0.0004493504171,-0.0001012798484,-0.0007774959664,-2.257446178e-06
2021-03-29,0.004884283391,-0.0006091256862,-0.0004530253171,-0.0001015017396,-0.0007809485715,-2.243291509e-06
2021-03-30,0.004899459776,-0.0006150492852,-0.0004567396131,-0.0001017182204,-0.0007843303232,-2.227914308e-06
2021-03-31,0.004914554278,-0.000620548912,-0.0004604943986,-0.0001019291698,-0.0007876386907,-2.211239758e-06
2021-04-01,0.004929570404,-0.0006256082372,-0.0004642907931,-0.0001021344677,-0.000790871079,-2.193190881e-06
2021-04-02,0.004944511497,-0.0006302106986,-0.0004681299406,-0.0001023339948,-0.000794024832,-2.173688658e-06
2021-04-03,0.004959380711,-0.0006343395255,-0.0004720130082,-0.0001025276338,-0.0007970972347,-2.152652286e-06
2021-04-04,0.00497418097,-0.0006379777666,-0.000475941184,-0.0001027152696,-0.0008000855179,-2.129999374e-06
2021-04-05,0.00498891493,-0.0006411083241,-0.000479915675,-0.0001028967906,-0.0008029868617,-2.105646226e-06
2021-04-06,0.00500358494,-0.0006437139921,-0.0004839377043,-0.0001030720889,-0.0008057984017,-2.079508163e-06
2021-04-07,0.003452355391,-0.0006457775009,-0.0004880085078,-0.0001032410617,-0.0008085172349,-2.051499878e-06
2021-04-08,0.005032740686,-0.0006472815671,-0.0004921293309,-0.0001034036119,-0.000811140427,-2.021535835e-06
2021-04-09,0.005047229144,-0.0006482089501,-0.0004963014239,-0.0001035596494,-0.0008136650208,-1.989530757e-06
2021-04-10,0.005061658991,-0.0006485425147,-0.0005005260372,-0.0001037090924,-0.000816088046,-1.955400075e-06
2021-04-11,0.005076030289,-0.0006482653006,-0.0005048044169,-0.0001038518682,-0.0008184065288,-1.919060527e-06
2021-04-12,0.003398423388,-0.0006473605979,-0.0005091377981,-0.0001039879149,-0.0008206175046,-1.880430728e-06
2021-04-13,0.005104594321,-0.0006458120287,-0.0005135273992,-0.0001041171824,-0.0008227180296,-1.839431818e-06
2021-04-14,0.005118783843,-0.0006436036335,-0.0005179744151,-0.000104239634,-0.0008247051951,-1.795988126e-06
2021-04-15,0.005132908275,-0.0006407199633,-0.0005224800104,-0.000104355248,-0.0008265761411,-1.750027889e-06
2021-04-16,0.005146963995,-0.0006371461726,-0.0005270453116,-0.0001044640185,-0.0008283280715,-1.701483938e-06
2021-04-17,0.005160946478,-0.0006328681143,-0.0005316714007,-0.0001045659574,-0.0008299582689,-1.650294414e-06
2021-04-18,0.005174850255,-0.0006278724321,-0.0005363593072,-0.0001046610953,-0.0008314641087,-1.596403441e-06
2021-04-19,0.005188668865,-0.0006221466469,-0.0005411100023,-0.0001047494827,-0.0008328430731,-1.53976173e-06
2021-04-20,0.00520239484,-0.0006156792329,-0.0005459243928,-0.0001048311907,-0.0008340927628,-1.480327081e-06
2021-04-21,0.005216019688,-0.0006084596765,-0.0005508033171,-0.0001049063121,-0.0008352109055,-1.418064753e-06
2021-04-22,0.005229533903,-0.0006004785118,-0.0005557475431,-0.0001049749609,-0.0008361953613,-1.352947567e-06
2021-04-23,-7.507375803e-05,-0.000591727323,-0.0005607577685,-0.0001050372722,-0.0008370441212,-1.284955809e-06
2021-04-24,0.005256187553,-0.0005821987019,-0.0005658346258,-0.0001050934013,-0.0008377552992,-1.214076649e-06
2021-04-25,0.005269303329,-0.0005718861492,-0.0005709786914,-0.0001051435215,-0.0008383271135,-1.140303159e-06
2021-04-26,0.005282261385,-0.0005607839008,-0.0005761905014,-0.0001051878209,-0.0008387578558,-1.063632666e-06
2021-04-27,0.005295048267,-0.0005488866637,-0.0005814705755,-0.0001052264989,-0.0008390458435,-9.840643802e-07
2021-04-28,0.00530765025,-0.0005361892369,-0.0005868194505,-0.0001052597592,-0.0008391893535,-9.015960458e-07
2021-04-29,0.005320053636,-0.0005226859924,-0.0005922377258,-0.0001052878031,-0.0008391865299,-8.162194716e-07
2021-04-30,0.005332245128,-0.0005083701863,-0.0005977261245,-0.000105310819,0.1869712609,-7.279146699e-07
2021-05-01,0.005344212283,-0.0004932330649,-0.0006032855717,-0.00010532897,-0.0008387330324,-6.366423309e-07
2021-05-02,0.005348082291,-0.0004818696004,-0.0006083626351,-0.0001054066731,-0.0008390484079,-5.819104176e-07
2021-05-03,0.005351589763,-0.0004699877527,-0.0006134779566,-0.0001054819479,-0.0008392719736,-5.264583507e-07
2021-05-04,0.005354729502,-0.0004575823584,-0.0006186318986,-0.0001055548357,-0.0008394024689,-4.702635046e-07
2021-05-05,0.00535749629,-0.0004446483154,-0.0006238248307,-0.0001056253753,-0.0008394386209,-4.13302546e-07
2021-05-06,0.005359884885,-0.0004311805797,-0.0006290571294,-0.000105693605,-0.0008393791462,-3.555513794e-07
2021-05-07,0.005361890019,-0.0004171741402,-0.0006343291781,-0.0001057595626,-0.0008392227575,-2.969851858e-07
2021-05-08,0.005363506276,-0.0004026240107,-0.0006396413655,-0.0001058232863,-0.0008389681741,-2.375784218e-07
2021-05-09,0.00536472773,-0.0003875252542,-0.0006449940874,-0.0001058848137,-0.0008386141108,-1.773048046e-07
2021-05-10,0.005365548293,-0.000371872968,-0.0006503877465,-0.0001059441827,-0.0008381592753,-1.161373557e-07
2021-05-11,0.005365961841,-0.0003556623092,-0.0006558227531,-0.0001060014305,-0.0008376023679,-5.404837644e-08
2021-05-12,0.005365962013,-0.0003388885061,-0.0006612995245,-0.0001060565192,-0.0008369420819,8.990542533e-09
2021-05-13,0.005365541635,-0.0003215468618,-0.0006668184837,-0.0001061090257,-0.0008361771043,7.300850502e-08
2021-05-14,0.005364693294,-0.0003036327562,-0.0006723800608,-0.0001061581232,-0.0008353061154,1.380352979e-07
2021-05-15,0.00536340953,-0.0002851416484,-0.0482223026,-0.000106202888,-0.0008343277829,2.04101398e-07
2021-05-16,0.007231911987,-0.0002660690782,-0.0006836328244,-0.0001062423788,-0.0008332407441,2.712379592e-07
2021-05-17,0.005359505658,-0.0002464106668,-0.0006893249054,-0.0001062756362,-0.0008320436283,3.394767978e-07
2021-05-18,0.0053568704,-0.0002261621175,-0.0003663246387,-0.0001063016821,-0.0008307350647,4.088503784e-07
2021-05-19,0.00535376927,-0.000205319215,-0.0007008427497,-0.0001063195194,-0.0008293136831,4.793918293e-07
2021-05-20,0.005350193844,-0.0001838778254,-0.0007066694438,-0.0001063281321,-0.0008277781138,5.511348959e-07
2021-05-21,0.005346135506,-0.000161833894,-0.0007125419484,-0.0001063264847,-0.0008261269888,6.241139667e-07
2021-05-22,0.005341585601,-0.000139183052,-0.0007184607437,-0.0001063135217,-0.0008243589423,6.983640297e-07
2021-05-23,0.005336535438,-0.0001159194393,-0.0007244263162,-0.0001062881678,-0.0008224726113,7.739206813e-07
2021-05-24,0.005330976291,-9.203686602e-05,-0.0007304391587,-0.0001062493277,-0.000820466636,8.508201033e-07
2021-05-25,0.005324899405,-6.752919563e-05,-0.0007364997701,-0.0001061958851,-0.0008183396611,9.290990626e-07
2021-05-26,0.004081501572,-4.239035125e-05,-0.0007426086552,-0.0001061267033,-0.0008160903357,1.008794876e-06
2021-05-27,0.005311157263,-1.661435453e-05,-0.0007487663247,-0.0001060406248,-0.0008137173149,1.089945417e-06
2021-05-28,0.005303474412,9.804714293e-06,-0.0007549732946,-0.0001059364707,-0.00081121926,1.17258909e-06
2021-05-29,0.005295238624,3.6872734e-05,-0.0007612300863,-0.0001058130411,-0.0008085948394,1.256764802e-06
2021-05-30,0.00528644106,6.459554686e-05,-0.0007675372261,-0.0001056691146,-0.0008058427296,1.342511985e-06
2021-05-31,0.005277072871,9.297896256e-05,-0.000773895245,-0.0001055034481,-0.0008029616157,1.429870532e-06
2021-06-01,0.005267125198,0.0001220287618,0.0006091700914,-0.0001053147772,-0.0007999501928,1.518880816e-06
2021-06-02,0.005256589178,0.0001517506994,-0.0007867660613,-0.0001051018155,-0.0007968071664,1.609583638e-06
2021-06-03,0.005245455948,0.0001821505054,-0.0007932799189,-0.0001048632549,-0.0007935312537,1.702020245e-06
2021-06-04,0.005233716653,0.0002132338905,-0.0007998467742,-0.0001045977657,-0.0007901211844,1.796232273e-06
2021-06-05,0.005221362456,0.0002450065595,-0.0008064671524,-0.0001043039961,-0.0007865757017,1.892261759e-06
2021-06-06,0.00520838454,0.0002774741924,-0.0008131415799,-0.0001039805727,-0.0007828935634,1.990151079e-06
2021-06-07,0.005194774098,0.0003106424307,-0.0008198705841,-0.0001036261006,-0.000779073543,2.089942971e-06
2021-06-08,0.005180521933,0.000344516868,0.5552671776,-0.0001032391632,-0.0007751144308,2.191680481e-06
2021-06-09,0.00516561723,0.0003791030407,-0.0008334944331,-0.0001028183224,-0.000771015035,2.295406932e-06
2021-06-10,0.009768357329,0.0004144064181,0.1325038347,-0.000102362119,-0.0007667741828,2.401165935e-06
2021-06-11,0.005133805634,0.0004504323921,-0.0008473429331,-0.0001018690732,-0.000762390722,2.509001344e-06
2021-06-12,0.005116876666,0.0004871862675,-0.0008543527559,-0.0001013376841,-0.0007578635218,2.618957224e-06
2021-06-13,0.00509925099,0.0005246732509,-0.0008614203352,-0.0001007664309,-0.0007531914743,2.731077822e-06
2021-06-14,0.005080917633,0.0005628985063,-0.0008685461981,-0.000100153773,-0.0007483734961,2.84540754e-06
2021-06-15,0.005061865691,0.0006018673661,-0.0008757308665,-9.949814867e-05,-0.0007434085291,0.4991143031
2021-06-16,0.005042084373,0.0006415851674,-0.0008829748569,-9.879796902e-05,-0.0007382955427,3.080872574e-06
2021-06-17,0.00502156301,0.000682057187,-0.0008902786793,-9.805162156e-05,-0.0007330335346,3.202097578e-06
2021-06-18,0.005000291082,0.0007232886377,-0.0008976428359,-9.725747306e-05,-0.0007276215326,3.325711041e-06
2021-06-19,0.004978258203,0.0007652846643,-0.0009050678203,-9.641387027e-05,-0.0007220585965,3.451758058e-06
2021-06-20,0.004955454132,0.001437110102,-0.0009125541164,-9.551914034e-05,-0.0007163438191,3.580283697e-06
2021-06-21,0.004931868773,0.0008515906539,-0.0009201021969,-9.457159138e-05,-0.0007104763283,3.711332937e-06
2021-06-22,0.004907492183,0.0008959104851,-0.0009277125226,-9.356951303e-05,-0.0007044552888,3.844950635e-06
2021-06-23,0.004882314579,0.0009410146201,-0.0009353855403,-9.251117711e-05,-0.0006982799038,3.981181484e-06
2021-06-24,0.004856325877,-0.005098682843,-0.0009431216825,-9.139483832e-05,-0.0006919494168,4.120070073e-06
2021-06-25,0.004829514342,0.001033594488,-0.0009509213651,-9.021873259e-05,-0.0006854631135,4.261661157e-06
2021-06-26,0.004801868019,0.001081079213,-0.0009587849864,-8.898106944e-05,-0.0006788203242,4.405999325e-06
2021-06-27,0.004773375214,0.001129366212,-0.0009667129255,-8.768003816e-05,-0.0006720204249,4.55312887e-06
2021-06-28,0.004744024501,0.001178459608,-0.0009747055409,-8.631381057e-05,-0.0006650628403,4.703093775e-06
2021-06-29,0.004713804733,0.001228363176,-0.0009827631684,-8.488054153e-05,-0.0006579470455,4.855937655e-06
2021-06-30,0.004682705045,0.001279080483,-0.0009908861203,-8.337836959e-05,-0.0006506725681,5.011703735e-06
2021-07-01,0.6478181056,-0.1770832617,0.1608332817,0.05779832709,0.4772114268,5.17043483e-06
2021-07-02,0.2196656805,-0.2800398818,-0.2868053153,0.05912085436,0.228384777,0.1389841811
2021-07-03,-0.2756370921,-0.2314441588,-0.05183948857,-7.843958357e-05,0.1392967333,0.4284972696
2021-07-04,0.423559279,-0.1923471752,0.1128831513,0.125198372,-0.1563547635,0.2293052169
2021-07-05,0.1509020736,0.01434335887,0.7317642508,0.7254191938,-0.004076689598,0.1949886569
2021-07-06,-0.2958109025,-0.04333723904,0.3748727587,0.9415688461,-0.0003043544609,0.264957918
2021-07-07,-0.3646898379,-0.1688144145,0.3716190941,0.4349589568,-0.01420535182,-0.3115580787
2021-07-08,-0.4117040745,-0.00916138111,0.5375398672,0.5545060113,0.08665191449,0.1622516094
2021-07-09,-0.4857495091,-0.3623931837,-0.03327606499,-0.05058466386,-0.235870663,0.1472209412
2021-07-10,-0.6342594194,-0.3106272876,-0.05180540591,0.3843487768,-0.3435610172,0.01101238848
2021-07-11,-0.6664118694,-0.2475771729,0.5008761008,-0.1724149664,-0.6419867687,6.930153249e-06
2021-07-12,-0.9245612696,-0.3375226631,-0.4849389697,-0.294145752,-0.07031719741,-0.07434364922
2021-07-13,-0.8072063989,-0.1217218773,0.37506706,0.09296741195,-0.6969897716,-0.8125356527
2021-07-14,0.29312149,-0.1163052031,0.3348885047,0.05076609957,-0.06899644602,0.09589589561
2021-07-15,-1.197289851,-0.1399752446,0.1098733104,-0.2262492561,-0.07255328928,-0.2841249254
2021-07-16,-0.145063318,0.2602454545,0.1310071166,0.9132783369,0.1594443325,0.1026359494
2021-07-17,-0.8037926804,-0.13854921,0.2516888106,-0.07731302275,-0.07616897328,-0.2300512261
2021-07-18,-0.127225614,-0.1541209514,0.09233920812,0.1582715243,-0.03679673086,-0.28804604
2021-07-19,-0.6728611083,-0.175621101,0.2258604435,-0.4915598657,-0.2833302236,0.04943847492
2021-07-20,-0.6783194849,-0.1743003987,0.1913315342,-0.264727198,-0.4766789758,-0.2970870045
2021-07-21,-0.4939705391,-0.2731122471,0.4370192792,0.1705120734,-0.312824183,-0.09335214515
2021-07-22,-0.1998346387,-0.08223101291,0.1175218876,-0.1080688647,-0.199323039,-0.3724971595
2021-07-23,-0.915097789,-0.1285131196,0.2765040458,-0.3927469868,-0.2639269473,-0.4799161568
2021-07-24,-0.6222416676,-0.1423010501,-0.02331876872,0.539376176,0.35011652,-0.3937212378
2021-07-25,-0.535458692,0.007161632386,-0.2423701827,-0.1215518501,-0.1359065985,-0.5202860479
2021-07-26,-0.5423006458,-0.2608057102,-0.3545391665,-0.6582018073,-0.4107915367,-0.3770581492
2021-07-27,0.03273795479,0.1538023996,0.1369353224,-0.1266401114,-0.3501957576,-0.451347999
2021-07-28,0.07982001937,0.06025229024,0.5503867375,-0.4520798522,-0.2342056761,-0.3594048125
2021-07-29,-0.6523076267,-0.2612153352,-0.1600282928,0.782919116,-0.8696789809,-0.3247532497
2021-07-30,-0.08256989128,-0.1583445121,0.2683032476,0.3253832133,-0.3208529695,-0.3376151575
2021-07-31,-1.182560374,-0.2499150904,-0.08692477964,-0.09266317858,-0.2735557329,-0.2794430185
2021-08-01,-0.4691721283,-0.4209228494,-0.1824177357,-0.5442719001,-0.302774502,0.106170421
2021-08-02,-0.4714350796,0.08454347857,-0.2753566853,0.1650873552,0.1991281736,0.3552471377
2021-08-03,-0.3343217506,-0.01600617902,-0.8413912556,0.5526527998,-0.6401989187,-0.1649501171
2021-08-04,-0.5106900537,0.07940959223,-0.904679181,0.5674230019,-0.0690439615,-0.07437528631
2021-08-05,-0.5640422448,-0.1198149501,-0.3842187346,0.06119328463,-0.3719893907,0.2920870486
2021-08-06,-0.492639624,-0.3642295061,-0.3706861577,-0.1462166996,-0.5331098318,0.2219524287
2021-08-07,-0.8891527895,-0.3522870597,-0.5421395359,-0.4318508019,-0.5537440189,-0.3058203117
2021-08-08,-0.9117439996,-0.5206976428,-0.4884566029,-0.02005958009,-0.7969168916,-0.3273530205
2021-08-09,-0.5350173814,-0.2226256663,0.5333063446,-0.01155027907,-0.2058594561,-0.2665342458
2021-08-10,-0.8080009605,-0.2879175794,-1.518312697,-0.2904625554,-0.4875486676,0.2412274742
2021-08-11,-0.518481819,-0.2748102995,-2.718206735,0.3883435885,-0.4501779048,-0.0310708755
2021-08-12,-0.3769149327,0.09796277057,-1.096554346,0.3732719807,-0.1240025759,0.5646365678
2021-08-13,-0.1153843385,-0.03232953617,-2.363372701,0.5226632754,0.03772594877,0.6074616846
2021-08-14,-1.043264961,-0.2816180798,-1.746006514,8.838894635e-05,-0.12536628,0.2322682807
2021-08-15,-0.2213368133,-0.3659492532,-2.42325641,0.001027905821,-0.3585361651,0.1119522989
2021-08-16,0.3023012612,-0.4864514212,-1.662039324,-0.1377890943,-0.5315392753,-0.1343663674
2021-08-17,0.1589052616,-0.4898684582,-1.83881275,0.0757245228,-0.5474717818,0.2268889425
2021-08-18,0.3133535733,-0.6324738152,-1.687875893,0.0149503079,-0.7626178501,-0.2748636133
2021-08-19,-0.4583761694,-0.4100582025,-1.96300883,-0.5924429999,-0.9303793811,-0.1851603356
2021-08-20,-0.2951178796,-0.4151474669,-0.2836967421,0.0005869605285,-0.6491300485,0.1978955532
2021-08-21,-0.7065011077,-0.434061017,-0.7681973136,0.3618120654,-0.5553780551,0.3266786391
2021-08-22,-0.1664506339,-0.4205711477,-3.197417467,0.07379059125,-0.2143636462,0.3726169335
2021-08-23,-0.3497441292,-0.4167410528,-1.668285975,0.2731357766,-1.428245651,0.2959785969
2021-08-24,-0.3199862497,-0.5062209014,-1.504484909,-0.03268301433,-0.5054340816,0.08413349357
2021-08-25,0.148936307,-0.7982527853,-2.405338555,0.640647526,-0.5752790021,-0.1023941812
2021-08-26,0.8404268292,0.1132095092,-1.785805873,0.4663019682,-0.2766824294,0.3504244417
2021-08-27,0.4721143496,0.0398965542,-0.9173041208,0.5591321212,-0.2747087688,0.5122522071
2021-08-28,-0.2332337304,-0.09198991406,-0.6738941675,0.3263306302,-0.765169781,0.1463357114
2021-08-29,-0.2154076903,-0.6161063131,-0.07203575077,0.6719521757,-0.5180318546,0.1675985421
2021-08-30,-0.1241107236,-0.3646504955,0.2713470455,1.310510619,-0.3269725509,0.1683729413
2021-08-31,-0.4253771975,-0.5218150537,-0.0841261786,1.375074795,-0.3564475875,0.3301426439
2021-09-01,-0.02520814389,-0.4292148627,-1.344153012,0.6354373242,-0.6867752574,0.4251288409
2021-09-02,0.5352167425,-0.3243238943,0.2051420053,0.8765535413,-0.4792056087,0.1881190368
2021-09-03,0.5586178792,-0.5509866366,-0.2129311397,0.3611320831,-0.7291095363,0.2083022009
2021-09-04,0.05088412907,-0.4565256489,-0.6560386272,0.3598918757,-0.1542352358,0.3138290049
2021-09-05,0.09259556267,-0.5309712411,-0.2161021877,0.4814496624,-0.6216070272,0.4272849544
2021-09-06,-0.270469895,-0.3118568483,0.4488045351,0.2334272873,-0.5644747245,-0.1127071794
2021-09-07,-0.5220393259,-0.419893122,-0.4218733403,0.04419882899,-0.4647543564,0.2278456759
2021-09-08,0.29776286,-0.2602963717,-0.5086169453,0.3801224938,-0.498166487,0.2237227326
2021-09-09,0.2492247294,-0.4403782772,-0.5272051581,0.3689731,-0.4694056703,0.1772422643
2021-09-10,0.08575509964,-0.3971746242,-0.5797023973,1.123812494,-0.4725191879,-0.07546690861
2021-09-11,0.281417409,-0.05302534065,-1.053727014,0.7332475839,0.01155358253,0.1317902027
2021-09-12,0.757699291,-0.404372998,-0.5691268277,2.052261122,-0.7064237143,-0.3378495285
2021-09-13,0.4322212705,-0.4102714594,-0.5482892242,1.858281963,-0.3726009112,-0.4771371906
2021-09-14,0.4411155691,-0.3977541369,-1.625994076,1.56297309,-0.6199204277,0.06518410423
2021-09-15,0.3726642877,-0.2733682402,-0.4655132554,1.90631234,-0.4230374341,-0.01427316064
2021-09-16,0.7048595621,-0.5721699247,-0.9542543754,1.915343536,-0.4611831118,0.2759168632
2021-09-17,0.2030011423,-0.4341020617,-0.8908597001,1.718207241,-0.689432598,-0.02466241572
2021-09-18,-0.03415265457,-0.7346149928,-0.2776228394,1.972696052,-0.5126911004,-0.07359932253
2021-09-19,1.53461548,-0.4632950425,-0.09747722851,2.141011108,0.1655542298,0.963220893
2021-09-20,1.465751984,-0.1870793596,1.080582687,2.143793796,0.3529079157,0.9936361211
2021-09-21,1.499370636,-0.1249678201,0.322858758,1.67567986,0.2552779946,0.6034405592
2021-09-22,0.1704745743,-0.6201775982,0.09701403128,1.90432789,-0.3158189448,0.01618671313
2021-09-23,0.07150850564,-0.6046850094,0.2355058708,1.526937376,-0.1560284604,-0.1506972066
2021-09-24,-0.3166691843,-0.7309802553,-1.447548857,1.55331727,-0.5419465035,-0.09604638872
2021-09-25,0.530772103,-0.3841194508,-0.1172540669,1.941437127,0.3247399378,-0.5848661587
2021-09-26,0.03708133286,-0.7764269972,-2.735860601,1.559900379,-0.3557402663,-1.047249274
2021-09-27,0.4380210769,-0.5054023806,-1.090664456,1.320807213,-0.3628993244,-0.938256242
2021-09-28,0.04376018439,-0.3940423749,-0.9006932405,1.241083871,-0.5199927194,-0.5941264856
2021-09-29,0.3009009769,-0.5028380785,-0.07662868865,1.21254301,-0.2562535086,-0.7199210101
2021-09-30,0.03608623438,-0.515907278,0.2798284373,1.284367643,-0.418708646,-0.6131301935
2021-10-01,0.01288605548,-0.2653963625,-0.1029363443,2.229103995,0.1269029768,-0.3102819358
2021-10-02,0.03362359023,-0.5168282473,-0.5490814977,1.604269829,-0.2788053439,-0.6277406639
2021-10-03,0.2615912294,-0.8782239644,-0.1183001795,1.126546842,-0.967156047,-0.648056426
2021-10-04,0.06444342786,-0.333975932,0.5843455507,1.4960814,-0.1025087269,-0.6522632836
2021-10-05,-0.7553676186,-0.736567189,-0.308027081,1.563902589,-0.5056786525,-0.9192892087
2021-10-06,0.002314537754,-0.2895800961,-0.6361007299,1.413957306,-0.4359489477,-0.6401746724
2021-10-07,-0.04007860765,-0.5984154736,-0.2725132169,1.349167445,-0.1882953608,-0.2639280246
2021-10-08,0.04868340816,-0.7538727544,-0.528477654,1.847239508,0.0486284019,-0.7156412544
2021-10-09,-0.6615779708,-0.7096468706,-0.9379659469,1.166162352,-0.2080276036,-0.7178278405
2021-10-10,0.6291586762,-0.2737515406,0.08652865018,1.367046226,0.2751872913,-0.2800647373
2021-10-11,0.04299032247,-0.8274687504,-1.5457752,1.250323251,-0.06621360104,-0.9822831672
2021-10-12,-0.4510978495,-0.7981772379,-0.6801534567,0.8044660503,-0.3041413768,-0.6691619669
2021-10-13,-0.2292400631,-0.6966025405,-0.7950419869,0.9731487851,-0.3202947296,-0.07636671252
2021-10-14,0.752421176,-0.638716807,0.4764076394,1.240869003,0.09854805489,-0.2702913436
2021-10-15,0.07453099267,-0.6149369003,-0.7291613078,0.194560757,-0.04679179603,0.1858093021
2021-10-16,-0.56709618,-0.04467473996,-0.734839228,0.4271926963,-0.1920324787,-0.3538551368
2021-10-17,0.003866882606,-0.850411241,-0.7394869447,-0.2922309772,-0.4677724854,-0.6725225124
2021-10-18,0.04337733957,-0.8674125025,-0.7179585431,-0.1704340604,-0.7589702562,-0.9574292503
2021-10-19,-0.1539961916,-0.8932021969,-1.071679547,-0.9495036234,-0.6366054358,-0.7369018996
2021-10-20,0.001287706529,-0.7448262114,-0.2847848027,0.1212495342,-0.4469382821,-0.1487194877
2021-10-21,0.3400206397,-1.31027004,-0.7279052858,-0.3805104959,-1.211529792,-0.5982241486
2021-10-22,-0.06832776443,-0.9344788916,-0.6917478713,-0.1542345885,-0.7193664803,-0.528574452
2021-10-23,0.04326575974,-0.9146329427,-0.4807672029,-0.647818678,-0.4901691743,-0.3209950247
2021-10-24,-0.00669012242,-1.276672507,-1.015460429,-0.1614376835,-0.5650771178,-0.7476008409
2021-10-25,-0.04025650408,-1.28118128,-0.9395063123,-0.2056207024,-0.9191200996,-0.2066153803
2021-10-26,0.05480319455,-1.040323758,-1.00309735,-0.2544695223,-0.7625831042,-0.4011941934
2021-10-27,0.4834119617,-0.7013421073,-0.6522377328,0.1728704681,-0.7052568022,-0.6000953917
2021-10-28,0.1190200816,-0.781982592,-0.8103690616,-0.6398185704,-0.8120843585,-0.6840558733
2021-10-29,0.07342389144,-0.9566056789,-0.9484470712,0.4606288162,-1.108796781,-0.5281558546
2021-10-30,0.227422419,-0.3289223049,-0.9115550102,-0.2469420958,-1.394275653,-0.3821345215
2021-10-31,0.1234252172,-0.8678914039,-0.6081361514,-0.3437438863,-0.7331282444,-0.3797060129
2021-11-01,0.3826061557,-0.595508142,-0.1906837618,0.5035991055,-0.9025427467,-0.4663765562
2021-11-02,2.055559015,0.008354680009,1.36646105,0.9793061822,1.221367508,1.819216695
2021-11-03,1.214425187,-0.7796794619,-0.8215598403,-0.1650701323,-1.150620944,0.1127662823
2021-11-04,-0.007647422304,0.008244419962,1.782718514,2.003051662,1.35554026,2.01008043
2021-11-05,0.8827975181,-0.8766920207,-0.4688502106,0.2150472931,-0.7620654786,0.1439120962
2021-11-06,0.5246598147,-0.3822140826,-0.9863692047,0.1002633148,-0.9364284757,0.0977442045
2021-11-07,0.4590925465,-0.4459939345,-0.5362636782,0.2992142178,-0.3885786858,0.2224657108
2021-11-08,0.7986211848,-0.4898209604,-0.4322112549,0.4390066699,-0.7278690792,-0.0003191257871
2021-11-09,0.589484252,-1.033008112,-0.6275554148,-0.8439662936,-1.080680475,-0.1454462235
2021-11-10,1.485902476,-1.05540934,-0.2466538753,-0.7434844247,-0.6943955411,-0.2054793491
2021-11-11,0.5481669856,-1.072755179,-0.7527303647,-0.1697137648,-1.288688167,-0.2735999534
2021-11-12,0.4248783592,-1.67659657,-0.3131171477,0.2122098231,-1.519424931,-0.4045149404
2021-11-13,0.4104067588,-1.102196406,-0.8811204031,-0.111611489,-1.519123597,-0.7613838633
2021-11-14,0.2464132731,-1.061246842,-0.3593516531,-0.1136960298,-0.438295672,-0.4702900937
2021-11-15,0.2826745624,-1.208616439,-0.9254019023,-0.1811889473,-0.6525617725,-0.3233498768
2021-11-16,-0.03059321892,-1.043370604,-0.9759541933,-1.135652162,-0.9104467532,-0.5630352493
2021-11-17,0.3689441102,-1.605083264,-1.021020814,-0.1758842619,-0.8478308342,-0.706905686
2021-11-18,-0.2285505623,-1.757349439,-1.64072881,-0.7081380467,-1.813568129,-0.7637274339
2021-11-19,-0.7247721422,0.007558225148,-2.269080762,-0.7490233801,-1.992135336,-1.290652847
2021-11-20,0.04496514195,-0.7413788733,-1.464792414,0.6147728653,-1.233651213,-0.4313808096
2021-11-21,-1.247813464,0.007485123053,-1.510475822,-1.095918132,-1.25549209,-1.007751727
2021-11-22,0.2928219374,-1.469893963,-1.301457016,0.05537050354,-1.062832752,-0.6138481962
2021-11-23,-0.4845629283,-1.452446468,-1.658922044,-1.124954549,-1.401356532,-1.369634665
2021-11-24,0.2396550223,-1.794673815,-1.291886602,0.02925210112,-1.009144366,-0.920855973
2021-11-25,-0.2850455391,-1.543575388,-0.8921628286,-0.3028618639,-1.345323659,-0.6853934115
2021-11-26,0.4318625699,-1.892575719,-0.7681913858,-0.3347680777,-1.361787706,-0.8165756597
2021-11-27,1.465807082,-0.4612288069,0.811289333,0.01050134731,0.08733834527,0.2159079847
2021-11-28,1.642329361,-0.8966608118,-0.04030838993,0.2403412898,0.2658431544,0.5993107541
2021-11-29,1.064539337,-0.2160030273,-0.3418108464,0.1525368609,0.2454327466,-0.09693466329
2021-11-30,1.810069844,1.225760283,1.358355391,0.1987449101,1.533347097,1.339681117
2021-12-01,2.126486677,0.007170902115,1.262327595,0.9385482428,1.486214239,1.191699471
2021-12-02,1.864362624,0.007143521775,1.708544126,1.058172292,0.8162648898,0.8852823156
2021-12-03,1.347959367,0.007116776935,1.457420222,0.6739751227,1.415104457,2.01978757
2021-12-04,0.1343228622,-0.6665644509,-0.121781794,0.3023297859,-0.3783470073,0.3270406921
2021-12-05,0.09663189466,-1.071200547,-0.3356050458,0.7891541398,-0.1075073037,-0.4026559611
2021-12-06,-1.281224752,-1.215728905,-0.5708759135,-0.01197484241,-0.4427788997,-0.6957812515
2021-12-07,-0.7264512622,-1.163964916,-0.4818864015,-0.8130181413,-0.5764128446,-0.7889953799
2021-12-08,-0.5448805535,-0.9329373212,-0.9306737045,0.4567991749,-0.7951568332,-0.2935794315
2021-12-09,-0.1069786042,-0.914035607,-0.5417618755,0.5081612695,-1.284353502,-0.1271778238
2021-12-10,-0.4052327163,-1.197616982,-0.755366434,-0.01887608074,-1.045283572,-0.5014446398
2021-12-11,0.4466196659,-0.5828406752,-0.3876494105,-0.06624340372,-0.7743590359,-0.1192193095
2021-12-12,0.156045902,-0.9612669238,-0.7321729405,0.3076013517,-0.1615755518,-0.5100642179
2021-12-13,-0.5674983112,-1.163631396,0.04087780011,-1.239210007,-0.7004802791,0.1022211318
2021-12-14,-0.2647118667,-1.003686746,-0.9409441252,-0.7872424904,-0.686794549,0.440747504
2021-12-15,-2.473492976,-0.8517019507,-0.7733454706,0.0812015416,-0.7279575633,-0.106764071
2021-12-16,-0.06919933722,-0.6674080023,0.1363502006,-0.1261089152,-0.9871381888,-0.2650137191
2021-12-17,-0.30078854,-0.8993240407,0.02473025208,-0.4140688572,-0.6212449059,-0.3572704022
2021-12-18,-0.1823192307,-0.8914493641,-0.06643791282,-0.6237895784,-0.2952394651,-0.1216219743
2021-12-19,-0.2544462906,-0.7467719883,0.1552400265,-0.3412520941,-0.181299916,-0.02010461045
2021-12-20,-0.1275830387,-0.8886997896,-0.1643610739,-0.134070547,-0.09331259902,-0.1981698391
2021-12-21,-0.006622514519,-0.8519539708,-0.9448733855,-1.027823154,-0.5791061928,-0.2628211108
2021-12-22,-0.007709047058,-0.8423015592,-0.7392554259,-0.1662723045,-0.7208944029,-0.2155266646
2021-12-23,-0.2244432349,-0.5285651048,-0.1519998502,-0.130124963,-0.7759228008,-0.08376658072
2021-12-24,-0.3989034809,-0.8851408264,-0.2198118131,-0.3434211239,-0.142779324,-0.4078660522
2021-12-25,-0.4657600325,-0.5096387486,-0.3606422071,0.1131654763,-0.4941718537,-0.3287730404
2021-12-26,0.09689913253,-0.5169919487,-0.2220769171,-0.3748676316,-0.02601736812,-0.3640817625
2021-12-27,-0.3158252541,-0.9381397492,-0.269766889,-0.1604748443,-0.4203502878,-0.4960572539
2021-12-28,-0.3475240514,-0.9120126533,-0.2215240868,-0.8038519169,-0.283306287,-0.4165020088
2021-12-29,-0.2949106693,-1.141943197,-0.1483574913,-0.0852280712,-0.305505359,-0.8510282443
2021-12-30,-0.2887690792,-0.6849914988,-0.29847991,0.2625571474,-0.6452976769,-0.6387147988
2021-12-31,-0.283793735,-0.8434085218,0.7626523301,-0.06512268527,-0.2540184921,-0.4914364053
2022-01-01,-0.3351745567,-0.89055015,-0.3754579737,-0.01438234979,-0.7804871538,-0.7120994897
2022-01-02,-1.104794362,-1.04318871,-0.1013013081,-0.2498770008,-0.7982754831,-0.7913459304
2022-01-03,0.266181163,-0.6811161058,0.785948534,0.7909172211,0.1692563005,0.05467232705
2022-01-04,0.07126885134,-0.7363219262,0.7070843854,0.03542081287,-0.1832355243,0.09208512184
2022-01-05,-0.1968879566,-0.8426138048,0.2043823071,0.7296244048,0.2766521938,-0.3955759643
2022-01-06,-0.09238879872,-1.016684088,0.2861277453,-0.1473223507,0.03236928773,-0.3309470044
2022-01-07,-0.1593319281,-0.8382975815,-0.1917205112,0.01659642206,-0.328869807,-0.3159897864
2022-01-08,-0.1632174235,-0.7690692161,0.08345988032,-0.3874358769,-0.03303956508,-0.1575734387
2022-01-09,-0.1333547535,-0.5613256845,1.130034427,-0.1701576117,-0.08636506107,-0.363868819
2022-01-10,0.2275432042,-0.8975037166,1.001040544,-0.2828064766,-0.1193248625,-0.3918332323
2022-01-11,-0.0806404548,-0.5824026704,0.7904070444,-0.2838771493,0.2595610585,-0.4449127185
2022-01-12,0.1111603889,-0.6492549913,0.6064367194,1.05862451,0.3948719516,-0.07785811208
2022-01-13,-0.0143241942,-0.8496321522,0.17279242,1.333753916,-0.04329885422,-0.1953580968
2022-01-14,-0.4245399569,-1.097895534,-0.8797615716,-1.536100173,-0.03552632387,-0.9805089571
2022-01-15,-0.4806309139,-0.7885588545,-0.3821263647,-1.033031896,0.005448892458,-1.248003929
2022-01-16,-0.4299190086,-0.7338848816,0.2183423419,-0.3120181966,-0.1480907666,-1.014333196
2022-01-17,-0.2985101353,-0.6752079127,-0.366502106,-0.4733105732,-0.370109437,-1.131006191
2022-01-18,-0.2578588785,-0.7457410976,-1.24995772,-0.8918401712,-0.3829823829,-0.6668069216
2022-01-19,-0.1633385956,-0.6178467893,-0.9533635811,-1.009816544,-0.6167155347,-0.3548066727
2022-01-20,-0.1071122088,-0.810800542,-0.2713905487,-0.4110394121,-0.8371338912,-0.3987404003
2022-01-21,2.044228275,0.006433942101,1.440163574,1.33853187,-0.0003959621288,-0.2667003087
2022-01-22,0.05764394044,-0.2754842103,0.446148349,0.01606062262,0.1728740955,-0.1975069381
2022-01-23,0.02533495394,-0.4792270203,0.2258176698,-0.02160402988,0.08536969401,-0.4381707344
2022-01-24,-0.5759910846,-0.2708394559,-0.428144089,0.2232776852,0.126608496,0.3232904429
2022-01-25,0.1721387997,-0.2416003494,0.02162084748,-0.0228152333,0.07039155968,0.1599997899
2022-01-26,0.3257853763,-0.1587201502,0.05575632158,0.8940719331,0.05349059784,0.004351103633
2022-01-27,0.9120013664,-0.2236246704,0.5211173475,0.1935707367,0.02149036466,-0.2371496481
2022-01-28,1.247315251,-0.1771072651,0.1229077206,0.5465574752,0.6953121014,0.09281849813
2022-01-29,1.024792296,-0.1406482338,0.4940506535,1.319998218,0.9344135837,0.4665116445
2022-01-30,1.422936258,-0.1689782874,0.5802610215,1.451946942,1.083074414,0.3274300523
2022-01-31,-0.01505135441,0.006528569922,-3.042687459,-2.675632463,-0.0003517956491,-4.231618911
2022-02-01,0.3722869246,-0.7936239963,-0.3910126858,0.3726300082,-0.4319597403,-0.07926980469
2022-02-02,0.3434442286,-0.6139452814,0.3347543611,0.9368457423,0.03641193258,0.4507546112
2022-02-03,-1.139441053,-0.4307078101,-0.3149318939,1.29901248,0.1825232267,-0.2126602243
2022-02-04,-0.1474664842,-0.1434194179,-0.4847370157,0.4126176713,0.3327301826,-0.6987173088
2022-02-05,-0.01550595131,-0.3647928625,-0.1394224103,0.4142764484,-0.7596669002,-0.3646794477
2022-02-06,0.7447642012,-0.04782568136,-0.1342970581,0.4491548445,-0.1998768462,-0.1164801233
2022-02-07,-0.0516612136,-0.04983547916,0.5221659239,0.3449921741,0.002777091409,0.3097928714
2022-02-08,-0.4156909335,-0.03168135803,-0.06013061059,0.2486055783,-0.5071517654,-0.5775767158
2022-02-09,-0.7260713935,-0.3499079573,-0.5594745906,-0.05694534474,-0.7588950559,-0.7193017109
2022-02-10,-0.7644930224,-0.8030397934,-0.4865863087,-0.637367616,-0.7903840429,-0.970698187
2022-02-11,1.56118131,0.006871242387,0.9474148159,1.17940236,-0.0002868740327,1.328620294
2022-02-12,1.682417997,0.006920477427,1.601455673,1.000468843,1.371421937,1.220417963
2022-02-13,-0.218997451,-0.4977424541,0.1593034896,-0.1842093216,-0.8649952959,-0.3650096124
2022-02-14,-0.6008833116,-0.1477372078,0.7327071385,0.3740182223,-0.5469858819,-0.5561845222
2022-02-15,0.3534110444,-0.2888503199,0.2027276824,-0.1854043302,-0.5512184892,-0.3708580841
2022-02-16,-0.1926970235,-0.497408863,-0.1627815039,-0.09861121395,-0.5811321878,-1.385923185
2022-02-17,0.6307616215,-0.2841459469,0.1066282957,0.1479968522,-0.5178846734,-0.8013375308
2022-02-18,-0.495956268,-0.9823004989,-0.9785877317,-0.527382089,-0.1991730685,-1.007819772
2022-02-19,-0.5621229855,-0.7614623699,0.09021184456,-0.06677554304,-0.7554380363,-0.8972121069
2022-02-20,-0.3216109535,-0.5236371421,-0.04864807374,0.2788257333,-0.2791022279,-0.9595313567
2022-02-21,-0.1063407038,-0.5329016627,0.1106409334,-0.2601729647,-0.3707630064,-1.34685716
2022-02-22,0.05386393821,-0.4597083489,0.06712685769,0.2034607455,0.2335563219,-1.090484113
2022-02-23,-0.1735019298,-0.6016145258,0.338228498,0.02688996864,-0.3337894694,-1.180287445
2022-02-24,-0.1075659263,-0.6195420047,0.6269162268,-0.1630799844,-0.1539428615,-0.5000967954
2022-02-25,-0.1172349179,-0.6598807807,-0.658296537,-0.3266337698,-0.3264576776,-1.054742025
2022-02-26,-0.1801578326,-0.9954798846,-0.5865389192,-0.1947866945,-0.862614339,-1.155374257
2022-02-27,0.008138881319,-0.7164503599,-0.01695181037,0.06261796091,-0.3258794271,-1.021918707
2022-02-28,-0.01894979383,-0.8785230799,-0.2645110426,0.1736425826,-0.3063283514,-1.505246423
2022-03-01,-0.9569050959,-0.8147079993,0.2836065192,-0.1642853758,-0.3273130515,-0.9518726542
2022-03-02,0.1062209831,-0.5974864434,-0.2645935403,0.1155536399,0.03911816892,-0.9665490295
2022-03-03,0.7888533944,-0.8512217526,0.3497977684,-0.05624764421,-0.3671421567,-0.9849948867
2022-03-04,-0.2190375722,-0.6693039361,-0.2935713627,-0.4928362173,-0.1809452343,-0.8679674411
2022-03-05,0.277775352,-0.644004149,-0.3045297192,-0.4772388659,-0.4258815446,-0.9782949924
2022-03-06,0.07654305349,-0.3159984279,-0.2510389551,-0.1495583199,-0.6304178359,-0.8118315099
2022-03-07,0.01254669995,-0.8206485406,-3.168654439,-0.1230046886,-0.5915241406,-1.56705852
2022-03-08,-0.7350749063,-0.6010659962,-0.2941293993,-0.428185548,-0.09020573864,-1.09901991
2022-03-09,-0.1575843269,-0.5859597171,-0.2962027706,-0.09359214998,0.04009964922,-1.08010609
2022-03-10,0.4027734129,-0.3881219329,0.5313614649,-0.1231971668,-0.2330050209,-1.084659902
2022-03-11,-0.02502496638,-0.7487204812,-0.2991273574,-0.03014967393,-0.4343818467,-1.733173339
2022-03-12,0.3214954867,-0.4713539764,0.2607030016,-0.02659731866,-0.4454243852,-1.372190004
2022-03-13,-0.2582735878,-0.4608198902,0.3451027267,-0.144906685,-0.4226582273,-1.002654181
2022-03-14,0.0448344495,-0.391062357,-0.3544707287,0.01226226202,0.005982435017,-0.996144145
2022-03-15,0.1004924556,-0.156722777,-0.264151701,0.1765124477,-0.01148017772,-0.6502848875
2022-03-16,0.1095590912,-0.1641700755,-0.4465017263,0.2219072857,0.1685745937,-1.117743308
2022-03-17,0.7723636958,-0.2260669311,-0.4774442859,0.0687373121,-0.03140060091,-0.605051178
2022-03-18,-0.02970470866,-0.5461585511,-1.101828245,0.01467012833,-0.07055840941,-0.7935779007
2022-03-19,0.1461851811,-0.07583210577,-0.4372543722,0.02690481847,0.03247312529,-0.5237247454
2022-03-20,0.1864298956,-0.3100544458,-0.6591612292,0.2727631845,-0.2816012941,-0.4827155831
2022-03-21,0.3059349476,0.06167851943,-0.7249713661,0.7042041082,-0.2924223532,-0.6615137632
2022-03-22,0.9733068818,-0.01737530256,-0.08920127614,0.5840418508,0.07307373423,-0.1931901186
2022-03-23,0.2102806231,-0.5030479816,-1.015834674,0.457685644,0.2900978632,-0.5673943676
2022-03-24,0.7387916132,-0.1254005073,-0.7326077071,0.1459851588,-0.2161487689,-0.5657194285
2022-03-25,0.6252948221,-0.1201213527,-0.6316448321,0.1099579137,-0.1006023839,-0.05327859151
2022-03-26,0.253381029,-0.4203734856,-0.839660054,-0.08193030105,-0.227108754,-0.6298743275
2022-03-27,0.3272344617,-0.2167926345,-0.8408861553,0.3469112783,-0.1740931673,-0.9532705121
2022-03-28,0.183339152,-0.4440903349,-1.893010366,0.06429077925,-0.1174106674,-0.6101818994
2022-03-29,0.2280587352,-0.4360890367,-3.245822292,0.1265758643,-0.06357467296,-0.2490956026
2022-03-30,1.017825848,-0.5584532622,0.3284627379,0.2107326968,0.2865672972,-0.5255013659
2022-03-31,1.258645187,-0.4184848983,0.3106311465,-0.5108543272,-0.2081480417,-0.2878158645
2022-04-01,0.1708581888,-0.3578478074,-0.3549616596,-0.09493475852,0.06265961146,-0.7686617078
2022-04-02,0.09866152818,-0.3756280016,-0.4778561076,-0.3192419272,-0.4947491655,-0.8457466413
2022-04-03,0.1421772444,-0.5240175682,-0.5045769376,-0.07581039004,-0.2459089561,-0.4138631774
2022-04-04,0.6601703582,-0.03378817753,-0.08147820462,0.2372985624,0.2329175559,-0.04630746196
2022-04-05,0.1112034972,-0.2630458165,-0.5258115595,-0.1614142577,-1.151068653,-0.395387985
2022-04-06,0.3482115552,0.1893516147,0.1941905775,0.7564653321,-0.1592135468,-0.1841131583
2022-04-07,-0.02012346027,-0.4128141328,-0.4616484264,0.3181744713,-0.6972663561,-0.7499512733
2022-04-08,-0.6164770019,-0.5947412464,-0.911505136,-0.301891408,-0.6341986934,-0.7404143844
2022-04-09,-0.8968610943,-0.2023531324,-0.707416482,0.2748525288,0.389040103,-0.1337155134
2022-04-10,-0.1309392099,0.1697493533,-1.064001378,0.2663060735,0.2252162368,-0.3865181546
2022-04-11,-1.603823845,-0.4738976512,-0.8942379938,-0.3325893316,-0.02989625114,-0.9367180972
2022-04-12,0.0212239431,-0.1696785818,-0.7257986719,0.7737412625,0.3240510539,-0.4754679252
2022-04-13,-0.2111390246,-0.1958131852,-0.6674808544,0.7685690867,0.4436132963,-0.1622707727
2022-04-14,-0.2930027623,0.1404228474,-0.7473448426,0.2960583699,0.1657909959,-0.2864917722
2022-04-15,-0.2959812566,-0.2084417596,-0.6787646967,0.3197945,0.06961395666,0.01842696814
2022-04-16,-0.1019187053,-0.3013592192,-0.6447964311,0.3707160821,-0.09572956299,-0.582678146
2022-04-17,-0.4778414985,-0.2882093074,-0.4217931515,0.7821816087,0.05392949829,-0.1013517936
2022-04-18,-1.207340126,-0.2944095374,-0.3378170586,0.2383818308,-0.1636602035,-0.1581454723
2022-04-19,-0.6017705816,-0.2818559421,-0.4463188617,0.2163947622,-0.1477084,-0.0183826029
2022-04-20,-0.8350248402,-0.3306171054,-0.5569709642,0.4799939359,-0.08312397268,-0.1135039359
2022-04-21,-0.6846309084,-0.32959422,-0.8774050266,-0.6883833852,-0.04702679491,0.05853958006
2022-04-22,-0.6574489531,-0.6440201665,-0.5416579702,-0.07154910746,-0.08726381138,-0.6191915187
2022-04-23,-0.01157822522,-0.6754181332,-0.3283577174,-0.1412905611,-0.07183064251,-0.6222248257
2022-04-24,-1.048896339,-0.8231605765,-0.9820580171,-0.8128010928,-0.4551849444,-0.5849658299
2022-04-25,-0.4241696661,-0.2523504332,-0.2858793123,0.1102699675,0.5917466267,0.2342719455
2022-04-26,-0.1402079894,-0.3873379959,-0.5563724692,0.09318761223,0.2356179569,-0.4874102771
2022-04-27,-0.8341871938,-0.5103380624,-0.5161988191,0.2063165086,0.2269345052,-0.1873886059
2022-04-28,-0.499877183,-0.02440837791,-0.3424262699,0.02824596653,0.4566588946,-0.4492061846
2022-04-29,-0.4868524831,-0.2957501907,-0.1655658024,0.2758804624,0.2534396273,-0.4132436432
2022-04-30,-0.4590398825,-0.05194535673,0.04966728029,-0.125433589,0.1001234212,-0.3710155639
2022-05-01,-0.5293786385,-0.2181481441,-0.5831784756,0.323525009,-0.5985044975,-0.568555319
2022-05-02,-0.3210339005,-0.2867298741,-0.1819665069,0.6481190086,-0.1323687789,0.291703641
2022-05-03,-1.152567434,-0.8657074327,0.2743434979,0.7428157315,-0.1588297413,-0.61940324
2022-05-04,0.06679041261,-0.4388074484,-0.0534759539,0.8830838817,-0.0512125523,-0.3585751059
2022-05-05,-1.198362253,-0.3006304303,-0.05778303604,0.3834074259,-0.5526634519,-0.6138235944
2022-05-06,-0.7413075097,-0.397833396,-0.001480466643,0.3898058615,-0.146672019,-0.3852038866
2022-05-07,-0.7115140606,-0.6266548457,-0.30191374,0.0392120017,-0.1615305414,-0.3947429568
2022-05-08,-0.6520220342,-0.3340724977,0.2794523354,0.3546049637,-0.04350324678,-0.1849889369
2022-05-09,-0.698150632,-0.3873075847,0.4585476935,0.5609459523,-0.09518503668,0.2550012538
2022-05-10,-0.2283464914,-0.366337861,0.2937102436,-0.463378565,-0.1451081705,-0.9607895312
2022-05-11,-0.8598765252,-0.7283241394,-0.001425186148,-0.01553639122,-0.2979769672,-0.2748498838
2022-05-12,0.1158948314,-0.4890344964,0.5791773243,0.1037860722,-0.318896498,-0.11003061
2022-05-13,-1.353665413,-0.3456096556,-0.0734707724,0.5849632775,-0.08591970075,-0.08784622258
2022-05-14,-0.08907907357,-0.3698830632,0.2604737377,0.3132847127,0.0316996853,-0.4598158219
2022-05-15,-0.2864529596,-0.3848803521,0.08787224795,0.3134390209,-0.4134281249,-0.49137403
2022-05-16,-0.05301459164,-0.6146237707,0.03878837008,0.3133480529,-0.5845580625,-0.4980298999
2022-05-17,-0.8876114634,-0.7387672343,0.06675450235,0.2882570417,-0.4185357172,-0.5171970326
2022-05-18,-1.412046754,-0.4291009154,-0.008849348875,0.4499962625,-0.4725128263,-0.3417913385
2022-05-19,-0.3276279651,-0.222719178,-0.03349016498,0.2790921474,-0.6862929538,-0.5436290908
2022-05-20,-0.6476408933,-0.4193453957,-0.06682177188,-0.03368538312,-0.4412492581,-0.646954329
2022-05-21,-0.3382232919,-0.08587031741,-0.07782769223,0.2553922191,-0.3587202768,-0.1353046685
2022-05-22,-0.351818895,-0.1466876668,-0.06385374442,0.04643512023,-0.9990119324,-0.897100439
2022-05-23,-0.7023599952,-0.3846848316,-0.3990203849,-0.03473478318,-0.6061783198,-1.790474225
2022-05-24,-0.2413197836,-0.009980097424,0.5210271735,0.7088848259,-0.4769853846,-0.4627045868
2022-05-25,-0.2267858288,-0.3845030347,0.1832973826,0.324143395,-0.6868666336,-0.5112813264
2022-05-26,-0.01974574553,-0.4092488581,0.009191751263,0.6293785893,-0.5396343975,-0.1382857601
2022-05-27,-0.2042158985,-0.6369961596,-0.4098437131,0.512534199,-0.5141231794,-0.1450554607
2022-05-28,-0.1797935943,-0.07916131318,-0.03439190462,0.5778453653,-0.5145359824,0.09745204279
2022-05-29,-0.1654224024,-0.03236255849,0.3304097893,0.7559546032,-0.5125039989,-0.3179414809
2022-05-30,0.4824878969,-0.3584662453,0.6685850499,0.141499468,-0.5093606434,-0.336409985
2022-05-31,0.3125873599,-0.4782577585,-0.03985246834,-0.008910953097,-0.3416423473,0.4480851608
2022-06-01,-0.1086137065,-0.4795789889,-0.004544060462,0.1493844698,-0.4513412523,0.2136128769
2022-06-02,0.6720659105,-0.2402115921,0.009372317574,0.4107648677,-0.4326624837,0.05372087776
2022-06-03,0.02411633493,0.2663627135,0.2763267118,1.218364999,-0.07049477008,0.5310352772
2022-06-04,-0.9674091382,-0.4499745832,-0.6533877523,0.3275423788,-0.7964511983,-0.5904957324
2022-06-05,-0.196302999,-0.6545094542,-0.4394129731,0.3091275827,-0.9073644078,-0.1488600333
2022-06-06,-0.1053352111,-0.2943081976,0.06822578899,0.5418112048,-0.3698284813,-0.01260176684
2022-06-07,-0.2270068966,-0.1782326089,0.5745090795,0.116926359,-0.4239007308,0.224681998
2022-06-08,0.173388395,-0.167611333,0.3573187206,0.2723311922,-0.414879793,0.03316097876
2022-06-09,-0.1454308058,0.8969424766,0.3219917689,0.6169765616,-0.297093834,0.002358059642
2022-06-10,-0.05525265688,-0.1367373346,0.175207101,0.5035867903,-0.6161011242,-0.03213789201
2022-06-11,-0.1617017411,0.09353879757,0.3575862578,0.4452571083,-0.4227042791,0.06963704026
2022-06-12,-0.1270956493,-0.1388053879,0.1542964982,0.2416403719,-0.2802668925,-0.008770746021
2022-06-13,-0.4632257762,-0.1307631125,0.1903193178,0.3284830246,-0.7181050364,-0.1602471978
2022-06-14,0.596765148,-0.1390490325,0.2429625153,0.0009905578086,-0.8155639307,-0.6519316536
2022-06-15,-0.449715268,-0.1792500546,0.07698936089,0.7172724214,-0.3790450337,0.3570983604
2022-06-16,0.02312737827,-0.06095768856,0.2188990847,0.5675316897,-0.1360508149,0.1218542071
2022-06-17,-0.3227123871,-0.04067919682,0.2338352455,0.3222246432,-0.3338804863,0.3836840539
2022-06-18,0.3650939786,-0.04253172564,0.01453631317,0.1141788921,-0.04766356649,0.3553842242
2022-06-19,0.5379130377,-0.02639396296,0.5379772391,0.3076867583,-0.251122557,0.1313723604
2022-06-20,0.3133897636,-0.001699706379,0.2751444827,-0.1804448193,-0.1989209841,0.3099678762
2022-06-21,-0.663084673,-0.1413219001,-0.006845983788,0.3031920963,-0.6793421993,0.1385403248
2022-06-22,-0.1293405296,-0.341479962,0.2388619856,-0.2642203067,-0.7286144748,-0.164793182
2022-06-23,-0.4217826282,-0.4153559267,-0.2595969169,-0.2609936866,-0.7498149492,2.210170473e-05
2022-06-24,1.321663282,0.01512552534,0.3958290727,0.3273800381,-0.2999759214,0.2577510469
2022-06-25,1.13899832,0.2001665158,0.01976094582,0.4122274432,-0.2328119691,0.5961882777
2022-06-26,0.9126808676,0.07142518906,0.6478357556,0.03917976235,-0.7929993888,0.1869374962
2022-06-27,0.154276933,-0.2079796409,-0.06035069376,0.3222268357,-0.7016519633,-0.1049510101
2022-06-28,0.6511895368,0.0917655158,0.1969000377,-0.2512582164,-0.5487158684,0.3328463205
2022-06-29,0.4753683707,0.2023466905,0.4736289453,0.593154244,-0.8799811067,0.4833756812
2022-06-30,0.2933047664,0.1386173677,0.7495686182,-0.0524116103,-0.5477132566,0.3257455383
2022-07-01,1.24478117,0.003428151757,-0.0009566249904,8.173831374e-05,-0.000924818265,0.03157389805
2022-07-02,-0.01934615743,0.003316939422,-0.0009491980339,7.98700937e-05,-0.0009284752398,0.07097849994
2022-07-03,-0.01924414194,0.003206657532,-0.0009418344014,7.803565133e-05,-0.0009320351047,-0.05654760282
2022-07-04,-0.01914167676,0.00309730302,-0.0009345336454,7.623443501e-05,-0.000935499302,0.2897167875
2022-07-05,-0.01903878811,-0.0002908392482,-0.0009272952894,7.446589849e-05,-0.0002008662243,0.4442406425
2022-07-06,-0.01893550179,0.002881363581,-0.0009201188314,7.272950305e-05,-0.001101120338,0.1596021126
2022-07-07,-0.01883184319,0.00277477229,0.6661499445,7.10247176e-05,-0.0009453325697,-0.1369351149
2022-07-08,-0.01872783727,0.007107010134,-0.0009059495923,6.93510181e-05,-0.0009484288652,0.3902667978
2022-07-09,-0.01862350855,0.002564330397,-0.0008989558451,6.770788701e-05,-0.0009514369552,0.4699404406
2022-07-10,-0.0185188811,0.002460473294,-0.0008920220082,6.609481269e-05,-0.0009543583618,0.6310538642
2022-07-11,-0.01841397852,0.002357521098,-0.0008851475473,6.451128903e-05,-0.0009571946073,0.5770200266
2022-07-12,-0.01830882395,0.002255470583,-0.0008783319182,6.2956815e-05,-0.0009599472119,0.07884721739
2022-07-13,-0.01820344004,0.002154318541,-0.000871574601,6.143089427e-05,-0.0009626175553,1.314410131e-05
2022-07-14,-0.01809784896,0.002054061789,-0.0008648750608,5.993303489e-05,-0.0009652064679,1.275728727e-05
2022-07-15,-0.01799207239,0.001954697178,-0.0008582327385,5.846274903e-05,-0.000967714639,1.237591705e-05
2022-07-16,-0.01788613149,0.001856221595,-0.0008516470543,5.701955269e-05,-0.0009701427518,1.199993862e-05
2022-07-17,-0.01778004694,0.001758631967,-0.0008451174106,5.56029655e-05,-0.0009724914813,1.162929945e-05
2022-07-18,-0.01767383886,0.001661925272,-0.0008386431947,5.421251054e-05,-0.0009747614927,1.126394672e-05
2022-07-19,-0.01756752688,0.001566098534,-0.0008322237774,5.284771416e-05,-0.0009769534391,0.1265015243
2022-07-20,-0.01746112953,0.001471148832,-0.0008258585026,5.150810589e-05,-0.0009790679606,1.054888803e-05
2022-07-21,-0.01735466259,0.001377073302,-0.0008195467055,5.019321828e-05,-0.0009811056816,1.019907619e-05
2022-07-22,-0.01724814078,0.001283869138,-0.0008132877188,4.890258683e-05,-0.0009830672101,9.854339108e-06
2022-07-23,-0.01714157841,0.001191533596,-0.0008070808739,4.763574993e-05,-0.0009849531347,9.514624133e-06
2022-07-24,-0.01703498935,0.001100063996,-0.0008009255032,4.639224878e-05,-0.0009867640226,9.179878689e-06
2022-07-25,-0.01692838701,-0.001528666997,-0.0007948209406,4.51716274e-05,-0.0009885004163,8.850050327e-06
2022-07-26,-0.01682178442,0.0009197127282,-0.000788766523,4.397343257e-05,-0.0009901628313,8.525086748e-06
2022-07-27,-0.01856580578,0.0008308266152,-0.0007827615912,4.279721385e-05,-0.0009917517556,8.204935893e-06
2022-07-28,-0.01660862814,0.0007427972693,-0.0007768054911,4.164252356e-05,-0.0009932676497,7.889545964e-06
2022-07-29,-0.01650209806,0.0006556225246,-0.0007708975742,4.050891679e-05,-0.0009947109475,7.578865449e-06
2022-07-30,-0.01639561513,0.0005693002366,-0.0007650371985,3.939595147e-05,-0.0009960820575,7.272843147e-06
2022-07-31,-0.01628919024,0.0004838282849,-0.0007592237293,3.830318837e-05,-0.000997381365,6.971428237e-06
2022-08-01,-0.01618283393,0.0003992045745,-0.0007534565395,3.723019111e-05,-0.0009986092341,0.08969318717
2022-08-02,-0.01607655641,0.0003154270364,-0.0007477349953,3.617652627e-05,-0.0009997660121,6.3822193e-06
2022-08-03,-0.01597036756,0.001068382616,-0.000742058416,3.51417634e-05,-0.001000852033,6.094326041e-06
2022-08-04,-0.01586427702,0.0001504023175,-0.0007364261261,3.412547508e-05,-0.001001867624,5.81084171e-06
2022-08-05,-0.0157582943,6.915110839e-05,-0.0007308374709,3.3127237e-05,-0.001002813103,5.531717996e-06
2022-08-06,-0.01565242866,-1.12619828e-05,-0.0007252918153,-0.2184313664,-0.001003688787,5.256907114e-06
2022-08-07,-0.015546689,-9.083890894e-05,-0.0007197885441,3.118323e-05,-0.001004494985,4.98636166e-06
2022-08-08,-0.01544108364,-0.0001695815923,-0.0007143270605,3.023662762e-05,-0.001005232001,4.720034836e-06
2022-08-09,-0.01533561937,-0.000247491921,-0.0007089067861,2.930640877e-05,-0.001005900132,4.457880277e-06
2022-08-10,-0.01523030243,-0.0003245717463,-0.0007035271599,2.839216487e-05,-0.001006499668,4.199852305e-06
2022-08-11,-0.01512513888,-0.0004008228783,0.7658176011,2.749349092e-05,-0.001007030888,3.945906053e-06
2022-08-12,-0.0150201345,-0.0004762470827,-0.0006928876928,2.660998554e-05,-0.001007494064,3.695997275e-06
2022-08-13,-0.01491529491,-0.0005508460765,-0.0006876268106,2.574125111e-05,-0.001007889453,3.450082088e-06
2022-08-14,-0.01481062557,-0.0006246215237,-0.0006824044933,2.488689374e-05,-0.0010082173,3.208117143e-06
2022-08-15,-0.01470613179,-0.0006975750325,-0.0006772202575,1.91142866e-05,-0.001008477832,2.970059497e-06
2022-08-16,-0.01460181876,-0.0007697081555,-0.000672073634,2.321975337e-05,-0.001008671264,2.735866737e-06
2022-08-17,-0.01449769157,-0.0008410223917,-0.0006669641676,0.2019191276,-0.001008797795,2.505496903e-06
2022-08-18,-0.01439375542,-0.00091151919,-0.0006618914164,2.160548792e-05,-0.001008857611,2.278908532e-06
2022-08-19,-0.01429001535,-0.0009811999525,-0.0006568549514,2.081723914e-05,-0.001008850889,2.056060679e-06
2022-08-20,-0.01418647631,-0.001050066038,-0.0006518543559,2.004108435e-05,-0.001008777791,0.1997687523
2022-08-21,-0.01408314306,-0.001118118769,-0.0006468892251,1.927665765e-05,-0.001008638475,1.62142527e-06
2022-08-22,-0.01398002025,-0.001185359442,-0.0006419591656,1.852359763e-05,-0.001008433087,1.40955839e-06
2022-08-23,-0.01387711224,-0.001251789323,-0.0006370637952,1.77815475e-05,-0.001008161767,0.5499314084
2022-08-24,-0.01377442263,-0.001317409649,-0.0006322027419,1.705015516e-05,-0.001007824647,9.965326457e-07
2022-08-25,-0.01367195479,-0.00138222167,-0.0006273756443,1.632907328e-05,-0.001007421857,7.953008589e-07
2022-08-26,-0.01356971184,-0.001446226776,-0.0006225821505,1.561795931e-05,-0.001006953519,5.975434973e-07
2022-08-27,-0.01346769624,-0.007748469319,-0.000617821918,1.49164756e-05,-0.001006419753,4.032259397e-07
2022-08-28,-0.01336591025,-0.001571821683,-0.0006130946135,1.422428945e-05,-0.001005820675,2.123136538e-07
2022-08-29,-0.01326435618,-0.001633414096,-0.0006083999119,1.354107317e-05,-0.001005156401,2.477215588e-08
2022-08-30,-0.01316303632,-0.001694204827,-0.0006037374968,1.286650412e-05,-0.001004427042,-1.594328545e-07
2022-08-31,-0.01304762214,-0.001758045694,-0.0005986620239,1.247042387e-05,-0.001004183283,-3.928122307e-07
2022-09-01,-0.0007806970442,-0.001820775012,-0.0005936500314,1.208648204e-05,-0.00100383433,-6.202811909e-07
2022-09-02,-0.01281932202,-0.001882400687,-0.000588700764,1.171364221e-05,-0.001003380822,-8.418843862e-07
2022-09-03,-0.01270645523,-0.001942928244,-0.0005838136675,1.135089968e-05,-0.001002823108,-1.057642566e-06
2022-09-04,-0.01259446148,-0.002002361716,-0.0005789883097,1.099727898e-05,-0.001002161362,-1.267562242e-06
2022-09-05,-0.01248335533,-0.002060704327,-0.0005742243185,1.065183273e-05,-0.001001395683,-1.471643077e-06
2022-09-06,-0.01237315116,-0.002117959018,-0.0005695213353,1.031364151e-05,-0.001000526163,-1.669883613e-06
2022-09-07,-0.01226386242,-0.002174128829,-0.0005648789797,9.981814233e-06,-0.0009995529415,-1.862285448e-06
2022-09-08,-0.01215550099,-0.002229217187,-0.0005602968252,9.65548897e-06,-0.0009984762413,-2.048856287e-06
2022-09-09,-0.01204807683,-0.002283228091,-0.0005557743821,9.333833835e-06,-0.0009972963961,-2.229612024e-06
2022-09-10,-0.01194159767,-0.002336166234,-0.0005513110872,9.016047978e-06,-0.0009960138638,-2.404577985e-06
2022-09-11,-0.01183606888,-0.002388037067,-0.0005469062989,8.701362433e-06,-0.005432766241,-2.573789676e-06
2022-09-12,-0.01173149339,-0.002438846822,-0.0005425592959,8.38904088e-06,-0.000993143239,-2.737292908e-06
2022-09-13,-0.01162787175,-0.002488602501,-0.0005382692788,8.078380167e-06,-0.0009915567507,-2.895143608e-06
2022-09-14,-0.01152520214,-0.002537311839,-0.0005340353745,7.768710706e-06,-0.0009898707728,-3.047407481e-06
2022-09-15,-0.0114234805,-0.002584983254,-0.0005298566417,7.459396577e-06,-0.0009880864225,-3.194159218e-06
2022-09-16,-0.01132270069,-0.002631625782,-0.0005257320773,7.149835501e-06,-0.0009862049212,-3.335481874e-06
2022-09-17,-0.01122285463,-0.002677249009,-0.0005216606243,6.839458567e-06,-0.0009842275833,-3.471465923e-06
2022-09-18,0.004396709698,-0.002721862996,-0.0005176411789,6.527729847e-06,-0.0009821558049,-3.602208422e-06
2022-09-19,-0.01102592279,-0.002765478205,-0.0005136725981,6.214145788e-06,-0.000979991052,-3.727812097e-06
2022-09-20,-0.01092881268,-0.002808105429,-0.0005097537078,5.89823452e-06,-0.0009777348495,-3.848384488e-06
2022-09-21,-0.01083258804,-0.002849755718,-0.000505883309,5.579555042e-06,-0.0009753887701,-3.964036996e-06
2022-09-22,-0.01073723367,-0.002890440317,-0.0005020601856,5.257696325e-06,-0.0009729544245,-4.074884275e-06
2022-09-23,-0.01064273351,-0.002930170605,-0.0004982831099,4.932276295e-06,-0.0009704334514,-4.18104328e-06
2022-09-24,-0.01054907076,-0.002968958038,-0.0004945508488,4.602940831e-06,-0.0009678275096,-4.282632649e-06
2022-09-25,-0.010456228,-0.003006814098,-0.0004908621688,4.269362684e-06,-0.0009651382693,-4.379772138e-06
2022-09-26,-0.01036418738,-0.003043750249,-0.0004872158412,3.931240388e-06,-0.0009623674057,-4.472581884e-06
2022-09-27,-0.01027293068,-0.003079777897,-0.0004836106457,3.588297138e-06,-0.0009595165923,-4.561182101e-06
2022-09-28,-0.01018243946,-0.003114908356,-0.0004800453744,3.240279711e-06,-0.0009565874956,-4.645692382e-06
2022-09-29,-0.01009269516,-0.003149152812,-0.0004765188353,2.886957324e-06,-0.0009535817701,-4.726231504e-06
2022-09-30,-0.01000367916,-0.003182522305,-0.0004730298545,2.528120613e-06,-0.0009505010542,-4.802916947e-06
2022-10-01,-0.009915372893,-0.003215027702,-0.0004695772791,2.163580501e-06,-0.0009473469667,-4.875864631e-06
2022-10-02,-0.009827757881,-0.003246679679,-0.0004661599787,1.793167241e-06,-0.0009441211039,-4.945188657e-06
2022-10-03,-0.009740815829,-0.003277488706,-0.0004627768474,1.416729343e-06,-0.0009408250367,-5.011001094e-06
2022-10-04,-0.009654528663,-0.003307465038,-0.000459426805,1.034132667e-06,-0.0009374603092,-5.073411802e-06
2022-10-05,-0.009568878578,-0.003336618703,-0.0004561087981,6.452594601e-07,-0.0009340284366,-5.132528218e-06
2022-10-06,-0.009483848076,-0.003364959493,-0.0004528218007,2.500074601e-07,-0.000930530904,-5.188455344e-06
2022-10-07,0.009298474086,-0.003392496966,-0.0004495648147,-1.517109398e-07,-0.0009269691659,-5.241295566e-06
2022-10-08,-0.00931557755,-0.003419240436,-0.0004463368706,-5.599695538e-07,-0.0009233446451,-5.291148598e-06
2022-10-09,-0.009232304268,-0.003445198978,-0.0004431370275,-9.748291014e-07,-0.0009196587324,-5.338111515e-06
2022-10-10,-0.009149584103,-0.003470381421,-0.0004399643728,-1.396338059e-06,-0.0009159127867,-5.382278605e-06
2022-10-11,-0.009067401428,-0.003494796357,-0.0004368180226,-1.824533252e-06,-0.0009121081348,-5.423741413e-06
2022-10-12,-0.008985741056,-0.003518452137,-0.0004336971211,-2.259440629e-06,-0.0009082460714,-5.462588801e-06
2022-10-13,-0.008904588247,-0.003541356877,-0.0004306008406,-2.70107582e-06,-0.00090432786,-5.498906809e-06
2022-10-14,-0.008823928707,-0.003563518464,-0.0004275283807,-3.149444789e-06,-0.0009003547327,-5.532778864e-06
2022-10-15,-0.008743748593,-0.003584944554,-0.0004244789681,-3.60454438e-06,-0.0008963278907,-5.564285634e-06
2022-10-16,-0.008664034516,-0.003605642584,-0.000421451856,-4.066362862e-06,-0.0008922485057,-5.593505213e-06
2022-10-17,-0.008584773533,-0.003625619772,-0.0004184463236,-4.534880445e-06,-0.0008881177194,-5.620513075e-06
2022-10-18,-0.008505953142,-0.003644883125,-0.0004154616754,-5.010069768e-06,-0.0008839366452,-5.645382156e-06
2022-10-19,-0.008427561278,-0.003663439444,-0.0004124972404,-5.491896355e-06,-0.0008797063682,-5.668182915e-06
2022-10-20,-0.008349586307,-0.00368129533,-0.0004095523717,-5.980319056e-06,-0.0008754279463,-5.688983369e-06
2022-10-21,-0.008272017016,-0.00369845719,-0.0004066264458,-6.475290425e-06,-0.000871102411,-5.707849182e-06
2022-10-22,0.007255981574,-0.00371493124,-0.0004037188618,-0.2232521011,-0.000866730768,-5.724843718e-06
2022-10-23,-0.008118052678,-0.003730723517,-0.0004008290406,-7.484660481e-06,-0.0008623139981,-5.74002808e-06
2022-10-24,-0.008041637206,-0.003745839877,-0.0003979564247,-7.998936418e-06,-0.0008578530579,-5.753461214e-06
2022-10-25,0.007652455781,-0.003760286007,-0.0003951004768,-8.519516219e-06,-0.0008533488805,-5.765199934e-06
2022-10-26,-0.007889891425,-0.003774067428,-0.0003922606796,-9.046326622e-06,-0.0008488023765,-5.775299046e-06
2022-10-27,-0.007814542894,-0.0037871895,-0.0003894365352,-9.579290154e-06,-0.0008442144346,-5.783811313e-06
2022-10-28,-0.00773953236,-0.003799657427,-0.000386627564,-1.01183254e-05,-0.0008395859221,-5.790787649e-06
2022-10-29,-0.007664851575,-0.003811476264,-0.0003838333045,-1.066334731e-05,-0.000834917686,-5.796277051e-06
2022-10-30,-0.007590492634,-0.003822650921,-0.0003810533122,-1.121426745e-05,-0.0008302105535,-5.800326792e-06
2022-10-31,-0.007516447952,-0.003833186165,-0.0003782871596,-1.177099421e-05,-0.0008254653326,-5.802982325e-06
2022-11-01,-0.007442710265,-0.003843086629,-0.0003755344348,-1.233343311e-05,-0.0008206828127,-5.804287535e-06
2022-11-02,-0.00736927261,-0.003852356813,-0.0003727947417,-1.290148697e-05,-0.0008158637655,-5.804284634e-06
2022-11-03,-0.007296128316,-0.003861001093,-0.000370067699,-1.347505617e-05,-0.0008110089452,-5.803014259e-06
2022-11-04,-0.007223270998,-0.003869023721,-0.0003673529394,-1.405403883e-05,-0.0008061190893,-5.800515627e-06
2022-11-05,-0.007150694536,-0.003876428837,-0.0003646501098,-1.4638331e-05,-0.0008011949193,-5.79682643e-06
2022-11-06,-0.007078393063,-0.003883220466,-0.0003619588699,-1.522782691e-05,-0.0007962371408,-5.791983013e-06
2022-11-07,-0.00700636096,-0.003889402527,-0.0003592788923,-1.582241909e-05,-0.0007912464441,-5.786020393e-06
2022-11-08,-0.006934592852,-0.003894978833,-0.0003566098617,-1.642199859e-05,-0.0007862235052,-5.778972255e-06
2022-11-09,-0.006863083599,-0.003899953096,-0.0003539514742,-1.702645515e-05,-0.0007811689853,-5.770871096e-06
2022-11-10,-0.006791828284,-0.003904328932,-0.000351303437,-1.763567734e-05,-0.0007760835323,-5.761748169e-06
2022-11-11,-0.006720822211,-0.003908109867,-0.0003486654678,-1.824955276e-05,-0.0007709677801,-5.751633602e-06
2022-11-12,-0.006650060891,-0.003911299338,-0.0003460372944,-1.886796818e-05,-0.0007658223501,-5.740556429e-06
2022-11-13,-0.006579540035,-0.003913900701,-0.0003434186539,-1.949080966e-05,-0.0007606478504,-5.728544585e-06
2022-11-14,-0.00650925555,-0.003915917231,-0.000340809292,-2.011796276e-05,-0.0007554448774,-5.715625027e-06
2022-11-15,-0.006439203526,-0.003917352129,-0.0003382089632,-2.074931266e-05,-0.0007502140149,-5.701823703e-06
2022-11-16,-0.005775733072,-0.003918208524,-0.0003356174294,-2.138474424e-05,-0.0007449558353,-5.687165638e-06
2022-11-17,-0.006299782116,-0.003918489476,-0.0003330344603,-2.202414234e-05,-0.0007396708996,-5.671674908e-06
2022-11-18,-0.006230405776,-0.003918197981,-0.0003304598321,-2.266739175e-05,-0.0007343597574,-5.655374762e-06
2022-11-19,-0.006161247976,-0.003917336973,-0.000327893328,-2.331437745e-05,-0.0007290229478,-5.638287563e-06
2022-11-20,-0.006092305632,-0.003915909328,-0.0003253347367,-2.396498468e-05,-0.0007236609988,-5.620434929e-06
2022-11-21,-0.006023575806,-0.003913917871,-0.0003227838533,-2.461909907e-05,-0.0007182744283,-5.601837639e-06
2022-11-22,-0.005955055699,-0.003911365372,-0.0003202404778,-2.527660677e-05,-0.0007128637439,-5.582515787e-06
2022-11-23,-0.005886742652,-0.003908254555,-0.0003177044154,-2.593739454e-05,-0.0007074294433,-5.562488708e-06
2022-11-24,-0.00581863413,-0.003904588091,-0.0003151754761,-2.660134989e-05,-0.0007019720144,-5.541775065e-06
2022-11-25,-0.005750727728,-0.003900368606,-0.0003126534741,-2.726836119e-05,-0.0006964919352,-5.520392865e-06
2022-11-26,-0.005683021159,-0.003895598674,-0.000310138228,-2.793831773e-05,-0.0006909896748,-5.498359461e-06
2022-11-27,-0.00561551225,-0.003890280824,-0.0003076295601,-2.86111099e-05,-0.0006854656924,-5.475691637e-06
2022-11-28,-0.005548198942,-0.003884417539,-0.0003051272963,-2.928662919e-05,-0.0006799204387,-5.452405554e-06
2022-11-29,-0.005481079281,-0.003878011256,-0.000302631266,-2.996476841e-05,-0.0006743543549,-5.428516812e-06
2022-11-30,-0.005414151415,-0.003871064369,-0.0003001413017,-3.064542164e-05,-0.0006687678736,-5.404040487e-06
2022-12-01,-0.005347413592,-0.003863579226,-0.0002976572388,-3.132848444e-05,-0.0006631614187,-5.37899114e-06
2022-12-02,-0.005280864155,-0.003855558135,-0.0002951789155,-3.201385386e-05,-0.0006575354054,-5.353382803e-06
2022-12-03,-0.005214501537,-0.003847003363,-0.0002927061726,-3.270142859e-05,-0.0006518902406,-5.327229037e-06
2022-12-04,-0.005148324261,-0.003837917141,-0.0002902388532,-3.339110894e-05,-0.0006462263224,-5.30054296e-06
2022-12-05,-0.005082330932,-0.003828301662,-0.0002877768028,-3.408279702e-05,-0.0006405440412,-5.27333723e-06
2022-12-06,-0.005016520241,-0.003818159085,-0.0002853198687,-3.477639675e-05,-0.0006348437787,-5.24562408e-06
2022-12-07,-0.004950890954,-0.003807491535,-0.0002828679005,-3.547181394e-05,-0.0006291259089,-5.217415323e-06
2022-12-08,-0.004885441914,-0.003796301107,-0.0002804207494,-3.616895633e-05,-0.0006233907975,-5.188722379e-06
2022-12-09,-0.004820172038,-0.003784589866,-0.0002779782685,-3.686773369e-05,-0.0006176388024,-5.159556303e-06
2022-12-10,-0.004755080315,-0.003772359855,-0.0002755403123,-3.756805784e-05,-0.0006118702736,-5.129927757e-06
2022-12-11,-0.004690165799,-0.003759613093,-0.0002731067368,-3.826984273e-05,-0.0006060855534,-5.099847041e-06
2022-12-12,-0.004625427613,-0.003746351581,-0.0002706773996,-3.897300442e-05,-0.0006002849764,-5.06932416e-06
2022-12-13,-0.004560864945,-0.003732577302,-0.0002682521595,-3.967746119e-05,-0.0005944688693,-5.038368725e-06
2022-12-14,-0.004496477042,-0.003718292224,-0.0002658308766,-4.038313351e-05,-0.0005886375516,-5.006990081e-06
2022-12-15,-0.004432263212,-0.003703498305,-0.000263413412,-4.108994412e-05,-0.000582791335,-4.975197216e-06
2022-12-16,-0.0007080362047,-0.003688197494,-0.0002609996282,-4.179781799e-05,-0.0005769305238,-4.942998861e-06
2022-12-17,-0.0043043553,-0.00367239173,-0.0002585893885,-4.250668237e-05,-0.000571055415,-4.910403421e-06
2022-12-18,-0.004240660117,-0.003656082952,0.02015474503,-4.321646681e-05,-0.0005651662979,-4.877419046e-06
2022-12-19,-0.004177136803,-0.003639273094,-0.0002537790001,-4.392710308e-05,-0.0005592634549,-4.844053591e-06
2022-12-20,-0.00411378494,-0.003621964091,-0.0002513785831,-4.463852527e-05,-0.0005533471609,-4.810314666e-06
2022-12-21,-0.005059252805,-0.00360415788,-0.0002489811736,-4.535066967e-05,-0.0005474176836,-4.776209589e-06
2022-12-22,-0.004907354645,-0.003585856403,-0.0002465866396,-4.606347482e-05,-0.0005414752836,-4.741745452e-06
2022-12-23,-0.003924754619,-0.003567061611,-0.0002441948502,-4.677688141e-05,-0.0005355202144,-4.706929085e-06
2022-12-24,-0.003862085347,-0.003547775461,-0.0002418056749,-4.74908323e-05,-0.0005295527222,-4.671767054e-06
2022-12-25,-0.003799586141,-0.003527999922,-0.0002394189843,-4.82052724e-05,-0.0005235730463,-4.636265598e-06
2022-12-26,-0.003737256858,-0.003507736977,-0.0002370346496,-4.892014865e-05,-0.0005175814191,-4.600430605e-06
2022-12-27,-0.0036750974,-0.003486988624,-0.0002346525429,-4.963540996e-05,-0.0005115780659,-4.564267555e-06
2022-12-28,-0.003613107713,-0.003465756878,-0.0002322725369,-5.035100703e-05,-0.0005055632051,-4.52778145e-06
2022-12-29,-0.003551287786,-0.003444043772,-0.0002298945051,-5.106689241e-05,-0.000499537048,-4.490976764e-06
2022-12-30,-0.003493190267,-0.003408391545,-0.0002274899157,-5.179154321e-05,-0.0004931227795,-4.453843526e-06
2022-12-31,-0.003435429061,-0.003372500086,-0.0002250829988,-5.25155196e-05,-0.0004867169555,-4.416378438e-06
2023-01-01,-0.003377993268,-0.003336379666,-0.0002226736,-5.323882247e-05,-0.0004803194573,-4.378577156e-06
2023-01-02,-0.003320868412,-0.003300043277,-0.000220261688,-5.396145343e-05,-0.0004739300252,-4.340437409e-06
2023-01-03,-0.00326403767,-0.003263505436,-0.0002178473272,-5.468341472e-05,-0.000467548284,-4.301958719e-06
2023-01-04,-0.003207482856,-0.003226781275,-0.0002154306548,-5.540470905e-05,-0.0004611737664,-4.263142004e-06
2023-01-05,-0.003151185196,-0.003189885865,-0.0002130118617,-5.61253395e-05,-0.0004548059347,-4.223989349e-06
2023-01-06,-0.00309512592,-0.003152833732,-0.0002105911759,-5.684530947e-05,-0.0004484442006,-4.184503783e-06
2023-01-07,-0.003039286709,-0.00311563853,-0.0002081688498,-5.756462251e-05,-0.0004420879419,-4.144688979e-06
2023-01-08,-0.002983650009,-0.003078312828,-0.0002057451492,-5.828328233e-05,-0.000435736517,-4.104549165e-06
2023-01-09,-0.002928199255,-0.003040868003,-0.0002033203452,-5.900129268e-05,-0.0004293892769,-4.064088949e-06
2023-01-10,-0.002872919002,-0.003003314187,-0.0002008947076,-5.971865736e-05,-0.0004230455751,-4.02331318e-06
2023-01-11,-0.002817795002,-0.002965660281,-0.0001984684999,-6.043538013e-05,-0.0004167047752,-3.982226841e-06
2023-01-12,-0.002762814224,-0.002927913995,-0.0001960419762,-6.115146469e-05,-0.0004103662569,-3.940834993e-06
2023-01-13,-0.002461450357,-0.00289008192,-0.0001936153782,-6.186691468e-05,-0.0004040294206,-3.899142688e-06
2023-01-14,-0.002653236213,-0.002852169608,-0.0001911889341,-6.258173367e-05,-0.0003976936903,-3.857154916e-06
2023-01-15,-0.002598618784,-0.002814181668,-0.0001887628575,-6.329592508e-05,-0.0008638144661,-3.814876572e-06
2023-01-16,-0.002544104057,-0.00277612186,-0.0001863373471,-6.400949229e-05,-0.0003850233742,-3.77231242e-06
2023-01-17,-0.002489684506,-0.002737993185,-0.0001839125868,-6.472243855e-05,-0.0003786877693,-3.729467076e-06
2023-01-18,-0.002435353496,-0.002699797984,-0.0001814887459,-6.5434767e-05,-0.0003723512331,-3.686344994e-06
2023-01-19,-0.00238110521,-0.002661538015,-0.0001790659797,-6.614648067e-05,-0.0003660133242,-3.642950454e-06
2023-01-20,-0.002326934571,-0.002623214536,-0.0001766444304,-6.685758254e-05,-0.0003596736276,-3.599287558e-06
2023-01-21,-0.002272837171,-0.002584828377,-0.0001742242276,-6.756807543e-05,-0.0003533317535,-4.692443104
2023-01-22,-0.002218809205,-0.002546380005,-0.0001718054896,-6.827796215e-05,-0.0003469873362,-3.511172136e-06
2023-01-23,-0.002164847405,-0.002507869583,-0.0001693883235,-6.898724537e-05,-0.0003406400336,-3.466726919e-06
2023-01-24,-0.002110948982,-0.002469297021,-0.0001669728268,-6.969592771e-05,-0.0003342895255,-3.422027938e-06
2023-01-25,-0.002057111575,-0.002430662022,-0.0001645590878,-7.040401173e-05,-0.0003279355134,-3.377078429e-06
2023-01-26,-0.002003333203,-0.002391964123,-0.0001621471865,-7.111149992e-05,-0.0003215777194,-3.331881429e-06
2023-01-27,-0.001949612218,-0.00235320273,-0.0001597371954,-7.181839473e-05,-0.0003152158856,-3.28643984e-06
2023-01-28,-0.001895947269,-0.002314377145,-0.00015732918,-7.252469854e-05,-0.0003088497731,-3.240756417e-06
2023-01-29,-0.001842337266,-0.002275486596,-0.0001549231997,-7.323041371e-05,-0.0003024791613,-3.19483375e-06
2023-01-30,-0.00178878135,-0.002236530257,-0.0001525193082,-7.393554255e-05,-0.0002961038471,-3.148674299e-06
2023-01-31,-0.001735278863,-0.002197507266,-0.0001501175544,-7.464008733e-05,-0.0002897236442,-3.102280395e-06
2023-02-01,-0.001681829327,-0.002158416743,-0.0001477179821,-7.534405031e-05,-0.0002833383822,-3.055654234e-06
2023-02-02,-0.001628432416,-0.002119257803,-0.0001453206315,-7.604743372e-05,-0.0002769479062,-3.008797901e-06
2023-02-03,-0.001575087939,-0.002080029563,-0.0001429255388,-7.675023975e-05,-0.0002705520754,-2.961713367e-06
2023-02-04,-0.001521795827,-0.002040731155,-0.000140532737,-7.74524706e-05,-0.0002641507621,-2.91440249e-06
2023-02-05,-0.001468556116,-0.00200136173,-0.0001381422559,-7.815412844e-05,-0.0002577438509,-2.866867019e-06
2023-02-06,-0.001415368931,-0.001961920463,-0.0001357541228,-7.885521542e-05,-0.0002513312376,-2.819108608e-06
2023-02-07,-0.001362234477,-0.00192240656,-0.0001333683626,-7.955573371e-05,-0.001198161177,-2.771128827e-06
2023-02-08,-0.001309153027,-0.001882819259,-0.0001309849978,-8.025568543e-05,-0.0002384885394,-2.72292914e-06
2023-02-09,-0.001256124914,-0.001843157832,-0.000128604049,-8.095507274e-05,-0.0002320582951,-2.674510942e-06
2023-02-10,-0.001203150524,-0.001803421589,-0.0001262255352,-8.165389776e-05,-0.0002256220285,-2.625875532e-06
2023-02-11,-0.001150230288,-0.001763609877,-0.0001238494735,-8.235216262e-05,-0.0002191796803,-2.577024139e-06
2023-02-12,-0.001097364676,-0.001723722083,-0.0001214758799,-8.304986945e-05,-0.0002127311983,-2.52795792e-06
2023-02-13,-0.001044554193,-0.00168375763,-0.0001191047687,-8.374702037e-05,-0.000206276537,-2.478677957e-06
2023-02-14,-0.0009917993716,-0.001643715984,-0.0001167361532,-8.444361753e-05,-0.000199815657,-2.429185267e-06
2023-02-15,-0.0009391007713,-0.001603596647,-0.0001143700458,-8.513966304e-05,-0.0001933485247,-2.379480801e-06
2023-02-16,-0.0008864589718,-0.001563399158,-0.0001120064575,-8.583515904e-05,-0.0001868751117,-2.329565448e-06
2023-02-17,-0.0008338745716,-0.001523123092,-0.0001096453987,-8.653010764e-05,-0.0001803953946,-2.279440022e-06
2023-02-18,-0.0007813481848,-0.001482768061,-0.000107286879,-8.722451102e-05,-0.0001739093546,-2.229105323e-06
2023-02-19,-0.0007288804391,-0.001442333708,-0.000104930907,-8.791837128e-05,-0.0001674169769,-2.178562047e-06
2023-02-20,-0.0006764719733,-0.001401819711,-0.0001025774908,-8.861169058e-05,-0.000160918251,-2.127810863e-06
2023-02-21,-0.0006241234358,-0.001361225779,-0.0001002266379,-8.930447106e-05,-0.0001544131699,-2.076852375e-06
2023-02-22,-0.0005718354828,-0.00132055165,-9.787835497e-05,-8.999671488e-05,-0.0001479017301,-2.025687174e-06
2023-02-23,-0.0005196087772,-0.001279797093,-9.553264837e-05,-9.068842418e-05,-0.0001413839313,-1.974315763e-06
2023-02-24,-0.0004674439871,-0.001238961903,-9.318952382e-05,-9.137960111e-05,-0.0001348597762,-1.922738623e-06
2023-02-25,-0.0004153417851,-0.001198045902,-9.084898661e-05,-9.207024785e-05,-0.0001283292702,-1.870956175e-06
2023-02-26,-0.0003633028471,-0.001157048937,-8.851104157e-05,-9.276036654e-05,-0.0001217924215,-1.818968817e-06
2023-02-27,-0.007652421317,-0.001115970879,-8.617569311e-05,-9.344995937e-05,-0.0001152492405,-1.766776897e-06
2023-02-28,-4.091050134e-05,-0.001074811621,-8.384294524e-05,-9.413902848e-05,-0.00010869974,-1.71438073e-06
2023-03-01,-0.000207572414,-0.001033571078,-8.15128016e-05,-9.482757606e-05,-0.000102143935,-1.661780587e-06
2023-03-02,-0.000155793341,-0.0009922491858,-7.918526548e-05,-9.551560427e-05,-9.558184236e-05,-1.608976711e-06
2023-03-03,-0.0001040809469,-0.0009508458988,-7.686033981e-05,-9.620311529e-05,-8.901348081e-05,-1.555969306e-06
2023-03-04,-5.243591827e-05,-0.0009093611899,-7.453802722e-05,-9.68901113e-05,-8.243887084e-05,-1.502758543e-06
2023-03-05,-8.589407594e-07,-0.0008677950493,-7.221833002e-05,-9.757659446e-05,-7.585803456e-05,-1.449344561e-06
2023-03-06,5.06493007e-05,-0.0008261474835,-6.990125023e-05,-9.826256697e-05,-6.927099562e-05,-1.395727477e-06
2023-03-07,-0.006438396243,-0.0007844185143,-6.758678957e-05,-9.894803099e-05,-6.267777906e-05,-1.341907368e-06
2023-03-08,0.0001534568418,-0.0007426081783,-6.52749495e-05,-9.96329887e-05,-5.607841127e-05,-1.287884283e-06
2023-03-09,0.0002047547773,-0.0007007165255,-6.296573121e-05,-0.0001003174423,-4.947291987e-05,-1.23365825e-06
2023-03-10,0.0002559812489,-0.000658743619,-6.065913561e-05,-0.0001010013939,-4.286133367e-05,-1.179229268e-06
2023-03-11,0.001725974022,-0.000616689534,-5.835516339e-05,0.01318329281,-3.624368255e-05,-1.124597316e-06
2023-03-12,0.0003582170912,-0.0005745543574,-5.605381498e-05,0.01170733793,-2.961999741e-05,-1.069762339e-06
2023-03-13,0.0004092251112,-0.0005323381868,-5.375509056e-05,-0.0001030502638,-2.299031013e-05,-1.014724263e-06
2023-03-14,0.0004601589663,-0.0004900411299,-5.145899009e-05,-0.0001037322439,-0.001439327745,-9.594829997e-07
2023-03-15,0.0005110179868,-0.0004476633042,-4.916551331e-05,-0.0001044137497,-9.713061053e-06,-9.040384308e-07
2023-03-16,0.0005618015063,-0.0004052048361,-4.687465972e-05,-0.0001050947901,-3.06556765e-06,-8.483904157e-07
2023-03-17,0.0006125088612,-0.0003626658608,-4.45864286e-05,-0.0001057753739,3.587791211e-06,-7.925387946e-07
2023-03-18,0.002350198151,-0.0003200465212,-4.230081901e-05,-0.0001064555098,1.024697932e-05,-7.364834023e-07
2023-03-19,0.0007136924401,-0.000277346968,-4.001782983e-05,-0.0001071352064,1.691195983e-05,-6.802240424e-07
2023-03-20,0.0007641673527,-0.0002345673589,-3.773745967e-05,-0.0001078144725,2.358269531e-05,-6.237605037e-07
2023-03-21,0.0008145634781,-0.01750950898,-3.5459707e-05,-0.0001084933164,3.025914776e-05,-5.670925569e-07
2023-03-22,0.000864880169,-0.0001487686419,-3.318457003e-05,-0.0001091717469,3.694127867e-05,-5.102199641e-07
2023-03-23,0.0009151167822,-0.000105749906,-3.09120468e-05,-0.0001098497722,4.362904905e-05,-4.531424684e-07
2023-03-24,0.0009652726788,-6.265185749e-05,-2.864213513e-05,-0.0001105274008,5.032241949e-05,-3.958598045e-07
2023-03-25,0.001015347224,-1.947470837e-05,-2.637483265e-05,-0.000111204641,5.702135013e-05,-3.383716765e-07
2023-03-26,0.001065339787,2.378132454e-05,-2.41101368e-05,-0.0001118815011,6.372580075e-05,-2.806777895e-07
2023-03-27,0.001115249743,6.711601979e-05,-2.184804481e-05,-0.0001125579894,7.043573077e-05,-2.227778513e-07
2023-03-28,0.00116507647,0.0001105291515,-1.958855374e-05,-0.0001132341139,7.715109928e-05,-1.646715235e-07
2023-03-29,0.001214819352,0.0001540204898,-1.733166042e-05,-0.0001139098828,8.387186508e-05,-1.063584882e-07
2023-03-30,0.001264477777,0.0001975898008,-1.507736151e-05,-0.0001145853041,9.05979867e-05,-4.783839369e-08
2023-03-31,0.00131405114,0.000241236847,-1.282565348e-05,-0.0001152603858,9.732942238e-05,1.088909674e-08
2023-04-01,0.001363538839,0.0002849613871,-1.057653261e-05,-0.0001159351359,0.0001040661302,6.982434098e-08
2023-04-02,0.001412940279,0.000328763177,-8.329994991e-06,-0.0001166095622,0.0001108080679,1.289677147e-07
2023-04-03,0.00146225487,0.0003726419689,-6.086036518e-06,-0.0001172836725,0.0001175551931,1.883195848e-07
2023-04-04,0.001511482027,0.0004165975123,-3.844652899e-06,-0.0001179574745,0.0001243074634,2.47880334e-07
2023-04-05,0.001560621172,0.0004606295539,-1.605839659e-06,-0.0001186309759,0.0001310648361,3.076503416e-07
2023-04-06,0.001609671731,0.0005047378373,6.304078615e-07,-0.0001193041845,0.0001378272682,3.676300073e-07
2023-04-07,0.0001273973788,0.0005489221039,2.864094525e-06,-0.0001199771076,0.000144594717,4.278197219e-07
2023-04-08,0.001707504835,0.0005931820923,5.095225363e-06,-0.0001206497529,0.0001513671393,4.882198841e-07
2023-04-09,0.001756286262,0.0006375175389,7.323805603e-06,-0.0001213221277,0.000158144492,5.488309087e-07
2023-04-10,0.001804976869,0.0006819281776,9.54984066e-06,-0.0001219942394,0.000164926732,6.096531902e-07
2023-04-11,0.001853576114,0.0007264137402,1.177333613e-05,-0.0001226660954,0.000171713816,6.706871485e-07
2023-04-12,0.0003021769688,0.0007709739563,1.399429782e-05,-0.0001233377028,0.0001785057007,7.319331878e-07
2023-04-13,0.001950498376,0.0008156085536,1.621273169e-05,-0.000124009069,0.0001853023428,7.933917283e-07
2023-04-14,0.001998820341,0.0008603172576,1.842864391e-05,-0.0001246802009,0.000192103699,8.550631856e-07
2023-04-15,0.002047048838,0.0009050997919,2.064204083e-05,-0.0001253511057,0.000198909726,-0.009705132907
2023-04-16,0.00209518336,0.0009499558782,2.2852929e-05,-0.0001260217903,0.0002057203804,9.790465088e-07
2023-04-17,0.002143223407,0.0009948852364,2.506131515e-05,-0.0001266922617,0.0002125356189,1.041359201e-06
2023-04-18,0.002191168485,0.001039887585,2.726720622e-05,-0.0001273625267,0.0002193553984,1.103886481e-06
2023-04-19,0.002239018111,0.001084962639,2.94706093e-05,-0.0001280325921,0.0002261796755,1.166628758e-06
2023-04-20,0.002286771808,0.001130110115,3.167153171e-05,-0.0001287024647,0.0002330084072,1.229586453e-06
2023-04-21,0.002334429109,0.001175329724,3.386998095e-05,-0.000129372151,0.0002398415504,1.292759972e-06
2023-04-22,0.002381989554,0.001220621178,3.606596472e-05,-0.0001300416578,0.000246679062,1.356149729e-06
2023-04-23,-0.002752233885,0.001265984187,3.825949091e-05,-0.0001307109915,0.0002535208991,1.419756126e-06
2023-04-24,0.00247681808,0.001311418458,4.04505676e-05,-0.0001313801586,0.000260367019,1.483579564e-06
2023-04-25,0.002524085285,0.001356923699,4.263920308e-05,-0.0001320491654,0.0002672173789,0.4533218512
2023-04-26,0.002571253883,0.001402499613,4.482540585e-05,-0.0001327180183,0.0002740719362,1.611879147e-06
2023-04-27,0.002618323457,0.001448145904,4.700918456e-05,-0.0001333867236,0.0002809306485,1.676356082e-06
2023-04-28,0.002665293602,0.001493862273,4.919054813e-05,-0.0001340552874,0.0002877934735,1.741051622e-06
2023-04-29,0.002712163921,0.00153964842,5.136950562e-05,-0.0001347237159,0.0002946603689,1.805966164e-06
2023-04-30,0.002758934028,0.001585504045,5.354606634e-05,-0.000135392015,0.0003015312929,1.87110007e-06
2023-05-01,0.002805603545,0.001631428843,5.572023978e-05,-0.0001360601908,0.0003084062035,1.936453717e-06
2023-05-02,0.002852172108,0.00167742251,5.789203566e-05,-0.0001367282492,0.000315285059,2.002027449e-06
2023-05-03,0.002898639359,0.00172348474,6.006146389e-05,-0.0001373961959,0.000322167818,2.067821632e-06
2023-05-04,0.002945004953,0.001769615225,6.222853459e-05,-0.0001380640368,0.0003290544392,2.133836605e-06
2023-05-05,0.002991268555,0.001815813656,6.43932581e-05,-0.0001387317775,0.0003359448815,2.200072697e-06
2023-05-06,0.003037429842,0.001862079721,6.655564499e-05,-0.0001393994237,0.000342839104,2.26653023e-06
2023-05-07,0.003083488501,0.001908413108,6.8715706e-05,-0.0001400669809,0.000349737066,2.33320953e-06
2023-05-08,0.00312944423,0.001954813504,7.087345204e-05,-0.0001407344546,0.000356638727,2.400110892e-06
2023-05-09,0.003175296738,0.002001280591,7.302889423e-05,-0.0001414018501,0.000363544047,2.467234613e-06
2023-05-10,0.003221045747,0.002047814054,7.518204386e-05,-0.0001420691728,0.0003704529858,2.534580967e-06
2023-05-11,0.00326669099,0.002094413572,7.733291246e-05,-0.000142736428,0.0003773655039,2.602150232e-06
2023-05-12,0.003312232212,0.002141078826,7.948151175e-05,-0.0001434036208,0.0003842815616,2.669942655e-06
2023-05-13,0.00335766917,0.002187809493,8.162785355e-05,-0.0001440707563,0.0003912011199,2.737958494e-06
2023-05-14,0.003403001632,0.002234605249,8.377194987e-05,-0.0001447378395,0.0003981241399,2.806197974e-06
2023-05-15,0.003448229381,0.002281465769,8.591381288e-05,-0.0001454048755,0.0004050505828,2.874661318e-06
2023-05-16,0.005310960941,0.002328390725,8.805345493e-05,-0.000146071869,0.0004119804104,2.943348723e-06
2023-05-17,0.003538369929,0.00237537979,9.019088851e-05,-0.0001467388249,0.0004189135846,3.01226039e-06
2023-05-18,0.003583282355,0.002422432631,0.0004226346425,-0.000147405748,0.0004258500676,3.08139649e-06
2023-05-19,0.003628089323,0.002469548916,9.445918101e-05,-0.0001480726428,0.0004327898221,3.150757183e-06
2023-05-20,0.00367279068,0.002516728312,9.659006605e-05,-0.0001487395139,0.0004397328109,3.22034262e-06
2023-05-21,0.003717386287,0.002563970483,9.87187948e-05,-0.0001494063658,0.0004466789973,3.290152929e-06
2023-05-22,0.003761876017,0.002611275091,0.0001008453808,-0.0001500732031,0.0004536283448,3.360188219e-06
2023-05-23,0.003806259759,0.002658641797,0.0001029698377,-0.0001507400299,0.0004605808173,3.430448596e-06
2023-05-24,0.003850537414,0.002706070259,0.0001050921792,-0.0001514068506,0.0004675363791,3.500934138e-06
2023-05-25,0.003894708898,0.002753560134,0.0001072124189,-0.0001520736693,0.0004744949948,3.571644902e-06
2023-05-26,0.002734430081,0.002801111079,0.0001093305708,-0.0001527404902,0.0004814566294,3.642580944e-06
2023-05-27,0.003982733091,0.002848722747,0.0001114466485,-0.0001534073173,0.0004884212482,3.71374228e-06
2023-05-28,0.00402658571,0.002896394792,0.0001135606659,-0.0001540741545,0.000495388817,3.785128922e-06
2023-05-29,0.00407033198,0.002944126863,0.0001156726369,-0.0001547410058,0.000502359302,3.85674087e-06
2023-05-30,0.004113971895,0.002991918609,0.0001177825752,-0.0001554078749,0.0005093326696,3.928578082e-06
2023-05-31,0.004157505467,0.003039769676,0.0001198904947,-0.0001560747656,0.0005163088867,4.000640506e-06
2023-06-01,0.004200932721,0.003087679709,0.001445654493,-0.0001567416814,0.0005232879208,4.072928085e-06
2023-06-02,0.004244253699,0.003135648352,0.0001241003326,-0.000157408626,0.0005302697396,4.145440722e-06
2023-06-03,0.004287468458,0.003183675243,0.0001262022806,-0.0001580756028,0.0005372543112,4.218178306e-06
2023-06-04,0.004330577071,0.003231760023,0.0001283022689,-0.0001587426153,0.0005442416044,4.291140706e-06
2023-06-05,0.004373579625,0.003279902327,0.0001304003133,-0.0001594096667,0.0005512315881,4.364327768e-06
2023-06-06,0.004416476222,0.00332810179,0.0001324964294,-0.0001600767603,0.0005582242319,4.437739317e-06
2023-06-07,0.004459266982,0.003376358045,0.0001345906327,-0.0001607438992,0.0005652195057,4.51137515e-06
2023-06-08,0.004501952042,0.003424670721,0.0001366829386,-0.0001614110866,0.0005722173801,4.585235053e-06
2023-06-09,0.004544531553,0.003473039447,0.0001387733624,-0.0001620783254,0.0005792178259,4.659318778e-06
2023-06-10,0.009111859604,0.003521463849,0.0001408619193,-0.0001627456185,0.0005862208144,4.733626059e-06
2023-06-11,0.004629374627,0.00356994355,0.0001429486241,-0.0001634129689,0.0005932263177,4.808156603e-06
2023-06-12,0.004671638586,0.003618478173,0.0001450334917,-0.0001640803791,0.000600234308,4.882910106e-06
2023-06-13,0.004713797786,0.003667067337,0.0001471165367,-0.0001647478521,0.0006072447582,4.957886218e-06
2023-06-14,0.004755852472,0.003715710659,0.0001491977736,-0.0001654153902,0.0006142576418,5.033084591e-06
2023-06-15,0.004797802905,0.003764407753,0.0001512772166,-0.000166082996,0.0006212729325,5.108504823e-06
2023-06-16,0.004839649365,0.003813158233,0.0001533548796,-0.000166750672,0.0006282906049,5.184146517e-06
2023-06-17,0.004881392147,0.003861961709,0.0001554307765,-0.0001674184205,0.0006353106339,5.260009219e-06
2023-06-18,0.004923031566,0.003910817788,0.0001575049208,-0.0001680862438,0.0006423329951,5.336092468e-06
2023-06-19,0.004964567951,0.003959726077,0.0001595773257,-0.000168754144,0.0006493576644,5.412395773e-06
2023-06-20,0.005006001652,0.004880235021,0.0001616480043,-0.0001694221233,0.0006563846184,5.488918609e-06
2023-06-21,0.005047333038,0.004057697693,0.0001637169692,-0.0001700901837,0.0006634138345,5.56566043e-06
2023-06-22,0.005088562498,0.004106760216,0.0001657842329,-0.0001707583271,0.0006704452902,5.64262066e-06
2023-06-23,0.005129690437,0.004155873341,0.0001678498075,-0.0001714265553,0.000677478964,5.719798695e-06
2023-06-24,0.005170717284,-0.001325586102,0.0001699137048,-0.0001720948702,0.0006845148347,5.797193907e-06
2023-06-25,0.005211643486,0.004254249753,0.0001719759362,-0.0001727632735,0.000691552882,5.87480566e-06
2023-06-26,0.005252469509,0.004303512202,0.0001740365127,-0.0001734317667,0.0006985930858,5.952633282e-06
2023-06-27,0.005293195842,0.004352823577,0.0001760954452,-0.0001741003513,0.000705635427,6.030676063e-06
2023-06-28,0.005333822992,0.004402183446,0.000178152744,-0.0001747690289,0.0007126798869,6.108933248e-06
2023-06-29,0.005374351488,0.004451591375,0.0001802084189,-0.0001754378007,0.0007197264476,6.187404004e-06
2023-06-30,0.005414781879,0.004501046929,0.0001822624796,-0.0001761066681,0.0007267750917,6.26608747e-06
